date,close_usd,ret_1d,prcp_mm,tmax_c,tmin_c,prcp_30d_sum,prcp_90d_sum,frost_flag,frost_7d_count,dryness_zscore,wb_price_usd_kg,wb_price_cents_lb,futures_wb_spread_pct
2018-01-02,130.1999969482422,,7.35,27.18,18.55,,,0,0.0,,3.029588804,137.42000000000002,-5.2539681645741725
2018-01-03,128.60000610351562,-0.012288716453369819,9.06,26.85,19.84,,,0,0.0,,3.029588804,137.42000000000002,-6.41827528488167
2018-01-04,129.5500030517578,0.007387223197155235,8.78,25.48,19.34,,,0,0.0,,3.029588804,137.42000000000002,-5.726966197236358
2018-01-05,128.4499969482422,-0.00849097705598778,28.3,23.72,20.08,,,0,0.0,,3.029588804,137.42000000000002,-6.527436364253986
2018-01-08,125.1500015258789,-0.025690895295956917,8.23,25.64,17.57,,,0,0.0,,3.029588804,137.42000000000002,-8.92883020966461
2018-01-09,125.1500015258789,0.0,1.56,27.3,17.81,,,0,0.0,,3.029588804,137.42000000000002,-8.92883020966461
2018-01-10,123.9499969482422,-0.009588530267724882,0.34,27.4,17.81,,,0,0.0,,3.029588804,137.42000000000002,-9.802068877716353
2018-01-11,122.8000030517578,-0.009277885637743122,2.31,27.57,17.72,,,0,0.0,,3.029588804,137.42000000000002,-10.638914967429933
2018-01-12,122.25,-0.0044788521017053995,1.0,25.68,17.97,,,0,0.0,,3.029588804,137.42000000000002,-11.039150050938739
2018-01-16,120.4499969482422,-0.014723951343622033,4.21,25.09,19.38,,,0,0.0,,3.029588804,137.42000000000002,-12.34900527707598
2018-01-17,123.0999984741211,0.022000843445580287,0.25,28.49,18.66,,,0,0.0,,3.029588804,137.42000000000002,-10.420609464327551
2018-01-18,121.0999984741211,-0.016246953897570138,0.0,28.61,16.63,,,0,0.0,,3.029588804,137.42000000000002,-11.876001692533052
2018-01-19,121.25,0.001238658363079681,0.0,29.32,16.14,,,0,0.0,,3.029588804,137.42000000000002,-11.766846165041489
2018-01-22,122.5500030517578,0.010721674653672464,2.12,30.19,18.07,130.27,,0,0.0,,3.029588804,137.42000000000002,-10.820838995955622
2018-01-23,120.9499969482422,-0.013055945032003358,1.04,29.39,18.99,131.31,,0,0.0,,3.029588804,137.42000000000002,-11.985157220024604
2018-01-24,122.5,0.0128152384528053,2.12,28.34,18.8,133.43,,0,0.0,,3.029588804,137.42000000000002,-10.857226022413052
2018-01-25,123.6500015258789,0.009387767558195259,3.97,24.41,19.47,137.4,,0,0.0,,3.029588804,137.42000000000002,-10.020374380818737
2018-01-26,125.1500015258789,0.012131014811884722,2.23,28.57,18.23,139.63,,0,0.0,,3.029588804,137.42000000000002,-8.92883020966461
2018-01-29,124.9499969482422,-0.0015981188589545559,22.77,26.33,20.45,164.44,,0,0.0,,3.029588804,137.42000000000002,-9.074372763613603
2018-01-30,122.3000030517578,-0.02120843506368475,10.3,27.17,20.06,174.74,,0,0.0,,3.029588804,137.42000000000002,-11.002763024481311
2018-01-31,121.8499984741211,-0.003679514034404918,26.38,27.86,20.65,190.8,,0,0.0,,3.029588804,137.42000000000002,-11.33022960695599
2018-02-01,121.4000015258789,-0.0036930402451975652,6.32,29.34,17.92,189.77,,0,0.0,,3.060233022,138.81,-12.542322940797563
2018-02-02,120.4000015258789,-0.008237232186416699,22.88,26.8,19.99,203.59,,0,0.0,,3.060233022,138.81,-13.262732133218858
2018-02-05,119.8000030517578,-0.004983375967749781,7.4,23.29,16.9,173.23,,0,0.0,,3.060233022,138.81,-13.694976549414454
2018-02-06,122.8499984741211,0.02545905963830064,7.95,25.17,16.84,168.6,,0,0.0,,3.060233022,138.81,-11.497731810301065
2018-02-07,123.3000030517578,0.0036630409705011857,0.06,27.96,16.49,160.43,,0,0.0,,3.060233022,138.81,-11.17354437593992
2018-02-08,122.8499984741211,-0.0036496720721718168,0.13,28.62,17.16,159.0,,0,0.0,,3.060233022,138.81,-11.497731810301065
2018-02-09,121.8499984741211,-0.008140008241112495,11.72,27.6,19.61,170.38,,0,0.0,,3.060233022,138.81,-12.21814100272236
2018-02-12,121.4000015258789,-0.0036930402451975652,4.58,28.88,17.93,175.66,,0,0.0,,3.060233022,138.81,-12.542322940797563
2018-02-13,122.75,0.011120250882643568,0.36,24.52,18.92,163.45999999999998,,0,0.0,,3.060233022,138.81,-11.569771630286004
2018-02-14,122.8000030517578,0.00040735683713077897,0.05,27.75,18.64,157.93,,0,0.0,,3.060233022,138.81,-11.533748972150567
2018-02-15,121.75,-0.008550513238303803,0.0,27.54,16.08,153.72,,0,0.0,,3.060233022,138.81,-12.290180822707299
2018-02-16,117.9499969482422,-0.031211524039078453,0.0,27.39,17.78,153.47,,0,0.0,,3.060233022,138.81,-15.027737952422592
2018-02-20,118.1999969482422,0.0021195422337290104,3.35,27.91,18.46,189.04999999999998,,0,0.0,,3.060233022,138.81,-14.847635654317267
2018-02-21,116.9499969482422,-0.010575296381330368,6.58,26.48,18.74,193.51,,0,0.0,,3.060233022,138.81,-15.748147144843887
2018-02-22,119.5999984741211,0.022659269730906262,9.64,27.28,19.48,202.11,,0,0.0,,3.060233022,138.81,-13.839061685670275
2018-02-23,119.4499969482422,-0.0012541933761925916,5.07,27.71,19.53,205.06,,0,0.0,,3.060233022,138.81,-13.947124163790651
2018-02-26,120.5,0.008790314596766047,16.96,25.84,19.42,235.85999999999999,,0,0.0,,3.060233022,138.81,-13.190692313233917
2018-02-27,119.9499969482422,-0.004564340678487988,3.53,26.76,19.27,238.51999999999998,,0,0.0,,3.060233022,138.81,-13.586919567580003
2018-02-28,121.0500030517578,0.009170538820357343,13.9,26.23,19.49,229.65,,0,0.0,,3.060233022,138.81,-12.794465058887836
2018-03-01,122.4499969482422,0.01156541810152456,2.34,28.06,19.65,221.69,396.43,0,0.0,,3.004456136,136.28,-10.148226483532286
2018-03-02,120.3499984741211,-0.017149845050700496,5.78,26.0,19.38,201.09,402.21,0,0.0,,3.004456136,136.28,-11.689170476870347
2018-03-05,119.1999969482422,-0.009555476032068078,1.09,27.71,20.02,166.55,403.58,0,0.0,,3.004456136,136.28,-12.533022491750659
2018-03-06,119.9499969482422,0.006291946469811238,11.96,29.2,18.87,173.29,415.54,0,0.0,,3.004456136,136.28,-11.982684951392573
2018-03-07,119.3000030517578,-0.0054188738059315344,11.18,29.14,19.73,177.07,426.72,0,0.0,,3.004456136,136.28,-12.4596396743779
2018-03-08,119.0,-0.0025146944181354547,8.12,27.91,19.83,177.24,434.84000000000003,0,0.0,,3.004456136,136.28,-12.67977692985031
2018-03-09,118.8499984741211,-0.001260517024192498,9.89,25.79,19.85,187.07,444.73,0,0.0,,3.004456136,136.28,-12.789845557586519
2018-03-12,118.1500015258789,-0.005889751428096224,0.12,29.46,19.15,188.8,463.77,0,0.0,,3.004456136,136.28,-13.303491689258214
2018-03-13,120.4499969482422,0.019466740521874026,0.0,30.22,19.1,187.14000000000001,463.77,0,0.0,,3.004456136,136.28,-11.615793257820515
2018-03-14,119.9499969482422,-0.0041511001466845165,1.88,29.55,19.14,184.44,465.65,0,0.0,,3.004456136,136.28,-11.982684951392573
2018-03-15,117.6500015258789,-0.01917461843167645,0.72,26.62,19.72,184.8,466.37,0,0.0,,3.004456136,136.28,-13.670383382830273
2018-03-16,116.9499969482422,-0.005949890085489962,3.1,27.69,20.86,187.85,469.47,0,0.0,,3.004456136,136.28,-14.184035112824919
2018-03-19,118.3499984741211,0.011970941106552502,0.33,28.61,18.3,192.88,474.5,0,0.0,,3.004456136,136.28,-13.156737251158576
2018-03-20,118.9499969482422,0.0050696956641897994,1.74,28.78,17.67,180.36,476.24,0,0.0,,3.004456136,136.28,-12.716468338536687
2018-03-21,118.8499984741211,-0.0008406765589461518,2.55,27.9,19.96,164.94,478.79,0,0.0,,3.004456136,136.28,-12.789845557586519
2018-03-22,119.0,0.0012621079327279627,3.38,25.63,20.02,164.97000000000003,482.17,0,0.0,,3.004456136,136.28,-12.67977692985031
2018-03-23,117.1999969482422,-0.015126076065191563,1.04,27.58,18.94,159.43,483.21,0,0.0,,3.004456136,136.28,-14.00058926603889
2018-03-26,118.1500015258789,0.008105841317182394,0.15,26.81,17.84,133.46,484.05,0,0.0,,3.004456136,136.28,-13.303491689258214
2018-03-27,118.9499969482422,0.006771014913512952,0.0,26.58,16.02,124.35,484.05,0,0.0,,3.004456136,136.28,-12.716468338536687
2018-03-28,117.75,-0.010088246986373117,0.0,26.99,16.06,107.38999999999999,484.05,0,0.0,,3.004456136,136.28,-13.597006163780453
2018-03-29,118.1500015258789,0.0033970405594812014,0.16,26.08,16.8,104.02000000000001,484.21,0,0.0,,3.004456136,136.28,-13.303491689258214
2018-04-02,116.4000015258789,-0.014811679876421291,6.59,26.56,19.13,111.33,496.03999999999996,0,0.0,,2.976898386,135.03,-13.796932884633856
2018-04-03,116.5999984741211,0.001718186818045142,21.69,27.84,17.86,132.91,508.66999999999996,0,0.0,,2.976898386,135.03,-13.648819911041182
2018-04-04,116.9000015258789,0.0025729250058643682,6.15,26.46,19.01,137.97,506.04,0,0.0,,2.976898386,135.03,-13.426644800504404
2018-04-05,117.5500030517578,0.005560320935795726,7.25,26.94,18.48,133.26,484.99,0,0.0,,2.976898386,135.03,-12.945269161106571
2018-04-06,117.4499969482422,-0.0008507537296410517,15.19,26.38,18.39,137.27,487.57,0,0.0,,2.976898386,135.03,-13.019331298050654
2018-04-09,118.6500015258789,0.010217152906061955,0.07,26.16,17.03,110.06,471.81,0,0.0,,2.976898386,135.03,-12.130636506051317
2018-04-10,117.5999984741211,-0.008849583128987981,0.01,25.98,16.73,106.96,471.48,0,0.0,,2.976898386,135.03,-12.908243742782277
2018-04-11,118.1500015258789,0.004676896759304272,0.04,25.53,15.68,106.88,469.21,0,0.0,,2.976898386,135.03,-12.50092459018077
2018-04-12,117.9000015258789,-0.002115954268060216,0.94,24.39,16.51,107.82,469.15000000000003,0,0.0,,2.976898386,135.03,-12.686068632245497
2018-04-13,117.3000030517578,-0.005089045516164847,0.1,24.82,15.95,106.04,466.14,0,0.0,,2.976898386,135.03,-13.130413203171297
2018-04-16,114.25,-0.026001730370049603,1.11,23.82,16.74,111.53,455.40000000000003,0,0.0,,2.976898386,135.03,-15.389172776420054
2018-04-17,113.5500030517578,-0.006126887949603477,0.57,21.99,15.34,109.7,455.72,0,0.0,,2.976898386,135.03,-15.907573834142191
2018-04-18,114.9000015258789,0.011889021909631925,0.0,24.43,14.24,109.37,455.72,0,0.0,,2.976898386,135.03,-14.907797137022213
2018-04-19,114.25,-0.0056571063293894275,0.0,25.06,14.95,107.63,455.72,0,0.0,,2.976898386,135.03,-15.389172776420054
2018-04-20,115.75,0.013129102844638973,0.0,26.06,15.38,105.08,455.72,0,0.0,,2.976898386,135.03,-14.278308524031697
2018-04-23,117.0,0.010799136069114423,1.11,25.78,15.15,101.32000000000001,453.67,0,0.0,,2.976898386,135.03,-13.352588313708067
2018-04-24,118.5,0.012820512820512775,0.4,25.75,15.39,101.48,451.95,0,0.0,,2.976898386,135.03,-12.241724061319708
2018-04-25,116.8499984741211,-0.013924063509526685,0.01,25.96,15.64,101.34,447.99,0,0.0,,2.976898386,135.03,-13.463675868976456
2018-04-26,117.5999984741211,0.006418485321299405,0.0,26.24,15.74,101.34,445.76,0,0.0,,2.976898386,135.03,-12.908243742782277
2018-04-27,120.3499984741211,0.023384354044912348,0.05,26.88,14.83,101.39000000000001,444.64,0,0.0,,2.976898386,135.03,-10.871659280070286
2018-04-30,120.6500015258789,0.0024927549278059846,0.0,26.37,13.63,100.97,410.87,0,0.0,,2.976898386,135.03,-10.649484169533508
2018-05-01,122.5999984741211,0.01616242787882527,0.0,26.54,14.43,78.49,384.49,0,0.0,,2.961686508,134.34000000000003,-8.73902153184378
2018-05-02,121.5999984741211,-0.008156606953066858,0.0,26.84,13.08,71.89999999999999,378.17,0,0.0,,2.961686508,134.34000000000003,-9.483401463360828
2018-05-03,122.1999969482422,0.004934198039885596,0.0,27.23,12.76,50.21,355.29,0,0.0,,2.961686508,134.34000000000003,-9.036774640284225
2018-05-04,120.4499969482422,-0.014320785955021065,0.0,28.27,14.52,44.06,348.58000000000004,0,0.0,,2.961686508,134.34000000000003,-10.339439520439054
2018-05-07,118.1999969482422,-0.018679950660080435,2.16,25.95,15.44,18.52,330.37,0,0.0,,2.961686508,134.34000000000003,-12.01429436635241
2018-05-08,116.5500030517578,-0.013959339586166908,0.04,25.46,14.9,17.48,330.34999999999997,0,0.0,,2.961686508,134.34000000000003,-13.242516710021013
2018-05-09,115.5,-0.009009034957223605,0.0,25.21,14.96,17.41,330.21999999999997,0,0.0,,2.961686508,134.34000000000003,-14.024117909781172
2018-05-10,116.3000030517578,0.006926433348552363,0.0,25.67,14.58,17.4,318.5,0,0.0,,2.961686508,134.34000000000003,-13.428611692900274
2018-05-11,115.25,-0.009028400896004318,0.0,26.42,13.89,17.36,313.03999999999996,0,0.0,,2.961686508,134.34000000000003,-14.210212892660435
2018-05-14,113.6500015258789,-0.013882850100833788,0.03,26.43,17.68,16.58,306.78000000000003,0,0.0,,2.961686508,134.34000000000003,-15.401219647254072
2018-05-15,112.9000015258789,-0.006599208006426771,0.0,26.45,15.09,6.16,306.73,0,0.0,,2.961686508,134.34000000000003,-15.959504595891858
2018-05-16,113.25,0.003100075016747139,1.29,27.06,14.08,6.34,308.02,0,0.0,,2.961686508,134.34000000000003,-15.698972755694527
2018-05-17,113.8499984741211,0.005297999771488593,0.07,26.71,15.58,5.840000000000001,308.09,0,0.0,,2.961686508,134.34000000000003,-15.252345932617933
2018-05-18,113.9499969482422,0.0008783353136700978,2.07,25.11,16.81,7.91,310.16,0,0.0,,2.961686508,134.34000000000003,-15.177909075299855
2018-05-21,120.1999969482422,0.05484861928376228,0.01,23.27,4.19,22.77,289.44,0,0.0,,2.961686508,134.34000000000003,-10.525534503318317
2018-05-22,120.8499984741211,0.005407666741944928,0.66,25.33,6.96,23.43,283.52000000000004,0,0.0,,2.961686508,134.34000000000003,-10.041686411998612
2018-05-23,119.3499984741211,-0.012412081248980855,0.0,26.17,9.21,22.32,273.88,0,0.0,,2.961686508,134.34000000000003,-11.158256309274181
2018-05-24,120.5500030517578,0.010054500150638024,0.0,25.84,10.17,21.919999999999998,268.81,0,0.0,,2.961686508,134.34000000000003,-10.264996983952829
2018-05-25,120.4000015258789,-0.0012443095983538655,0.0,24.99,13.82,21.91,256.71000000000004,0,0.0,,2.961686508,134.34000000000003,-10.37665510951401
2018-05-29,120.25,-0.001245859833703289,0.0,22.98,11.91,21.689999999999998,213.21,0,0.0,,2.961686508,134.34000000000003,-10.488313235075204
2018-05-30,120.3000030517578,0.00041582579424370714,0.0,22.8,11.69,21.689999999999998,210.87,0,0.0,,2.961686508,134.34000000000003,-10.45109196683209
2018-05-31,123.6999969482422,0.028262625188975266,0.0,24.39,10.25,21.689999999999998,205.09,0,0.0,,2.961686508,134.34000000000003,-7.920204743008655
2018-06-01,122.75,-0.007679846173639704,0.0,25.71,12.63,21.689999999999998,204.92000000000002,0,0.0,,2.989685182,135.61,-9.483076469286935
2018-06-04,121.5,-0.010183299389002087,0.0,26.03,14.92,21.64,191.76000000000002,0,0.0,,2.989685182,135.61,-10.404837401371589
2018-06-05,119.4499969482422,-0.016872453100887252,0.97,26.29,14.13,22.46,181.55,0,0.0,,2.989685182,135.61,-11.916527580383313
2018-06-06,118.25,-0.01004601907827729,0.01,27.21,14.03,20.31,173.44,0,0.0,,2.989685182,135.61,-12.80141582479169
2018-06-07,115.6999969482422,-0.02156450783727526,0.03,26.76,15.34,20.3,163.58,0,0.0,,2.989685182,135.61,-14.681810376637275
2018-06-08,117.25,0.013396742373737336,0.04,26.67,14.42,20.34,147.81,0,0.0,,2.989685182,135.61,-13.538824570459415
2018-06-11,117.0999984741211,-0.0012793307111207408,0.03,25.88,15.87,20.37,144.60999999999999,0,0.0,,2.989685182,135.61,-13.649437007506023
2018-06-12,117.3499984741211,0.0021349274402873153,0.01,28.01,15.54,20.07,142.74,0,0.0,,2.989685182,135.61,-13.465084821089093
2018-06-13,116.3499984741211,-0.00852151694079939,0.0,28.48,17.5,20.04,142.02,0,0.0,,2.989685182,135.61,-14.202493566756816
2018-06-14,115.6999969482422,-0.005586605366595387,0.57,28.44,14.67,20.61,139.49,0,0.0,,2.989685182,135.61,-14.681810376637275
2018-06-15,115.1999969482422,-0.0043215212894403,0.64,27.76,14.28,19.96,137.82999999999998,0,0.0,,2.989685182,135.61,-15.050514749471139
2018-06-18,114.4499969482422,-0.006510416839133781,0.0,25.47,13.45,3.33,133.42,0,0.0,,2.989685182,135.61,-15.60357130872193
2018-06-19,114.0999984741211,-0.0030580907248026756,0.0,24.89,12.7,3.0300000000000002,130.87,0,0.0,,2.989685182,135.61,-15.861663244509195
2018-06-20,113.6500015258789,-0.0039438821582828965,0.0,24.74,13.3,3.02,127.49000000000001,0,0.0,,2.989685182,135.61,-16.19349492966677
2018-06-21,112.5999984741211,-0.009238918061243662,0.0,25.66,11.74,2.3600000000000003,126.45,0,0.0,,2.989685182,135.61,-16.967776363010778
2018-06-22,113.8499984741211,0.011101243489690438,0.0,25.54,13.45,2.3600000000000003,126.00000000000001,0,0.0,,2.989685182,135.61,-16.046015430926126
2018-06-25,114.1500015258789,0.0026350729536988027,0.0,27.12,12.34,2.3899999999999997,125.64000000000001,0,0.0,,2.989685182,135.61,-15.824790556832907
2018-06-26,114.8000030517578,0.005694275227245971,0.0,27.18,14.1,2.3899999999999997,125.64000000000001,0,0.0,,2.989685182,135.61,-15.345473746952448
2018-06-27,114.3000030517578,-0.004355400581083413,0.0,27.38,12.81,2.3899999999999997,125.48,0,0.0,,2.989685182,135.61,-15.71417811978631
2018-06-28,112.1500015258789,-0.01881016157895743,0.0,26.86,12.26,2.3899999999999997,125.47000000000001,0,0.0,,2.989685182,135.61,-17.299608048168356
2018-06-29,111.5,-0.005795822710969123,0.0,25.68,11.88,2.3899999999999997,125.05000000000001,0,0.0,,2.989685182,135.61,-17.778924858048825
2018-07-02,107.8000030517578,-0.03318382913221707,0.0,27.91,13.33,2.3899999999999997,74.29,0,0.0,,2.954852186,134.03,-19.57024319051123
2018-07-03,108.3499984741211,0.005101998207729386,0.0,28.75,13.46,2.3899999999999997,68.14,0,0.0,,2.954852186,134.03,-19.159890715421106
2018-07-05,106.3000030517578,-0.018920124146129313,0.0,27.0,12.53,1.42,45.7,0,0.0,,2.954852186,134.03,-20.689395619072002
2018-07-06,111.25,0.04656629168516613,0.0,27.13,11.33,1.41,40.24,0,0.0,,2.954852186,134.03,-16.996194881742895
2018-07-09,112.1999969482422,0.008539298411165852,0.0,29.02,13.8,1.3399999999999999,39.08,0,0.0,,2.954852186,134.03,-16.28740062057584
2018-07-10,111.9499969482422,-0.0022281640534742575,0.28,27.46,12.67,1.6199999999999999,39.32,0,0.0,,2.954852186,134.03,-16.47392602533597
2018-07-11,109.1999969482422,-0.02456453840969197,0.44,25.22,11.95,2.03,38.82,0,0.0,,2.954852186,134.03,-18.52570547769738
2018-07-12,108.6999969482422,-0.0045787547067147605,0.0,26.49,10.87,2.02,38.72,0,0.0,,2.954852186,134.03,-18.898756287217637
2018-07-13,107.0500030517578,-0.015179337100350132,0.0,27.95,12.16,2.02,38.64,0,0.0,,2.954852186,134.03,-20.129819404791615
2018-07-16,107.4499969482422,0.003736514573390526,0.0,27.57,12.21,0.75,26.54,0,0.0,,2.954852186,134.03,-19.83138331101828
2018-07-17,105.6999969482422,-0.016286645413707723,0.0,27.19,12.35,0.75,26.54,0,0.0,,2.954852186,134.03,-21.137061144339178
2018-07-18,104.5999984741211,-0.010406797595838513,0.0,26.93,13.27,0.75,26.54,0,0.0,-1.2164554771502514,2.954852186,134.03,-21.95777178682303
2018-07-19,105.25,0.006214163817982454,0.0,27.8,11.34,0.75,26.54,0,0.0,-1.2081531221236124,2.954852186,134.03,-21.472804595985973
2018-07-20,110.6500015258789,0.05130642779932448,0.0,28.46,11.76,0.75,26.54,0,0.0,-1.2000187644477225,2.954852186,134.03,-17.44385471470648
2018-07-23,111.6500015258789,0.00903750552381255,0.0,26.75,12.96,0.74,25.029999999999998,0,0.0,-1.176699359657715,2.954852186,134.03,-16.697753095665966
2018-07-24,110.9499969482422,-0.006269633390685203,0.0,26.68,11.8,0.72,25.02,0,0.0,-1.1694422291714386,2.954852186,134.03,-17.220027644376483
2018-07-25,111.0,0.0004506809655986377,0.0,25.76,12.45,0.72,25.02,0,0.0,-1.162063613949901,2.954852186,134.03,-17.182720286503024
2018-07-26,109.5500030517578,-0.013063035569749526,0.0,26.24,11.3,0.72,24.97,0,0.0,-1.1548231627349501,2.954852186,134.03,-18.26456535719033
2018-07-27,110.4499969482422,0.008215370802492794,0.0,26.93,11.48,0.72,24.82,0,0.0,-1.1477166145599038,2.954852186,134.03,-17.593078453896737
2018-07-30,111.4000015258789,0.008601218686152379,0.0,29.19,12.78,0.72,24.799999999999997,0,0.0,-1.127160446464552,2.954852186,134.03,-16.884278500426095
2018-07-31,109.9000015258789,-0.013464990838905289,0.09,30.48,14.64,0.81,24.889999999999997,0,0.0,-1.1193837912890268,2.954852186,134.03,-18.003430928986862
2018-08-01,108.0500030517578,-0.016833470868382827,0.97,28.95,13.97,1.78,25.86,0,0.0,-1.1003345528390285,2.87923372,130.60000000000002,-17.266460144136463
2018-08-02,106.6999969482422,-0.012494271775901011,0.88,29.17,15.69,2.66,26.74,0,0.0,-1.0827149730016143,2.87923372,130.60000000000002,-18.30015547607796
2018-08-03,107.75,0.009840703671876616,2.51,28.59,15.08,5.17,29.200000000000003,0,0.0,-1.0442131824193908,2.87923372,130.60000000000002,-17.49617151607965
2018-08-06,108.75,0.009280742459396807,0.37,29.14,16.97,10.51,32.19,0,0.0,-0.9598997660619235,2.87923372,130.60000000000002,-16.73047473200614
2018-08-07,109.0500030517578,0.002758648751795878,0.02,29.24,15.83,10.53,32.21,0,0.0,-0.955040351685938,2.87923372,130.60000000000002,-16.500763360062955
2018-08-08,107.8499984741211,-0.011004168216915633,5.3,28.48,16.12,15.83,37.51,0,0.0,-0.8816493862752964,2.87923372,130.60000000000002,-17.41960300603287
2018-08-09,107.6500015258789,-0.001854399175445276,0.13,29.32,14.89,15.680000000000001,37.64,0,0.0,-0.879730579311566,2.87923372,130.60000000000002,-17.572740026126425
2018-08-10,107.0,-0.006038100479939579,0.01,29.09,13.16,15.25,37.65,0,0.0,-0.8814916648005009,2.87923372,130.60000000000002,-18.07044410413478
2018-08-13,106.25,-0.007009345794392496,0.0,29.46,9.26,15.25,37.309999999999995,0,0.0,-0.8701473865633013,2.87923372,130.60000000000002,-18.64471669218991
2018-08-14,105.0500030517578,-0.011294088924632462,0.0,30.29,11.0,15.25,36.019999999999996,0,0.0,-0.8664623391399733,2.87923372,130.60000000000002,-19.56355049635698
2018-08-15,102.4000015258789,-0.02522609661013764,0.0,31.56,11.62,15.25,35.949999999999996,0,0.0,-0.8628237894794293,2.87923372,130.60000000000002,-21.592648142512335
2018-08-16,101.6999969482422,-0.006835982101619398,0.08,26.56,15.13,15.33,33.96,0,0.0,-0.8581854829651101,2.87923372,130.60000000000002,-22.128639396445497
2018-08-17,101.1999969482422,-0.004916420993153703,0.8,24.99,15.3,16.13,20.21,0,0.0,-0.8441840270076083,2.87923372,130.60000000000002,-22.51148778848225
2018-08-20,97.25,-0.039031591574675506,0.0,28.98,13.91,17.0,20.110000000000003,0,0.0,-0.822823516546323,2.87923372,130.60000000000002,-25.53598774885147
2018-08-21,97.9499969482422,0.007197912064187184,0.0,28.57,12.85,17.0,20.110000000000003,0,0.0,-0.8196062384724411,2.87923372,130.60000000000002,-25.000002336721145
2018-08-22,96.4000015258789,-0.015824353962791138,0.0,29.68,14.5,17.0,20.110000000000003,0,0.0,-0.8164264624397428,2.87923372,130.60000000000002,-26.186828846953375
2018-08-23,97.1999969482422,0.008298707569506902,0.0,29.78,15.34,17.0,20.110000000000003,0,0.0,-0.8132834649440046,2.87923372,130.60000000000002,-25.574274924776276
2018-08-24,100.5500030517578,0.034465084451591466,0.03,31.35,16.36,17.03,20.14,0,0.0,-0.8097819129349394,2.87923372,130.60000000000002,-23.009186024687764
2018-08-27,101.8499984741211,0.012928845180582682,0.0,26.14,17.18,17.419999999999998,20.53,0,0.0,-0.7955924534043133,2.87923372,130.60000000000002,-22.01378371047391
2018-08-28,99.25,-0.02552772226876099,0.0,23.4,15.87,17.419999999999998,20.53,0,0.0,-0.79265913616259,2.87923372,130.60000000000002,-24.004594180704455
2018-08-29,98.6500015258789,-0.006045324676283048,0.0,28.89,14.62,17.419999999999998,20.53,0,0.0,-0.7897580722842047,2.87923372,130.60000000000002,-24.464011082787987
2018-08-30,98.9499969482422,0.0030410077822917714,0.0,28.99,14.35,17.33,20.53,0,0.0,-0.7880789541628411,2.87923372,130.60000000000002,-24.23430555264764
2018-08-31,98.0999984741211,-0.008590181913453843,0.0,30.08,13.88,16.36,20.53,0,0.0,-0.7980723449166671,2.87923372,130.60000000000002,-24.885146650749558
2018-09-04,97.75,-0.003567772472630848,0.06,27.29,12.07,8.45,20.0,0,0.0,-0.8904680884212173,2.760404702,125.21000000000002,-21.931155658493743
2018-09-05,100.0999984741211,0.02404090510609813,0.0,28.08,10.41,8.08,19.97,0,0.0,-0.8918974670914273,2.760404702,125.21000000000002,-20.054309979936846
2018-09-06,97.9499969482422,-0.021478537049475888,0.0,30.21,10.96,8.06,19.93,0,0.0,-0.8886886173436297,2.760404702,125.21000000000002,-21.77142644497869
2018-09-07,98.8000030517578,0.00867795946910288,0.0,31.61,14.39,2.76,19.93,0,0.0,-0.9556019647517301,2.760404702,125.21000000000002,-21.09256205434248
2018-09-10,97.5,-0.013157925218653777,0.0,31.89,12.86,2.62,19.89,0,0.0,-0.9457793284742791,2.760404702,125.21000000000002,-22.13082022202701
2018-09-11,96.1999969482422,-0.01333336463341328,0.0,33.28,15.79,2.62,19.89,0,0.0,-0.9419747724539583,2.760404702,125.21000000000002,-23.169078389711537
2018-09-12,97.8499984741211,0.0171517835574011,0.0,32.91,15.95,2.62,19.32,0,0.0,-0.9382158273833079,2.760404702,125.21000000000002,-21.851291051736222
2018-09-13,96.4000015258789,-0.014818568940761723,0.0,32.49,16.75,2.62,18.68,0,0.0,-0.9345015885919148,2.760404702,125.21000000000002,-23.00934308291759
2018-09-14,95.4499969482422,-0.009854819114102131,8.69,30.17,18.93,11.309999999999999,27.310000000000002,0,0.0,-0.8152190786353886,2.760404702,125.21000000000002,-23.768072080311327
2018-09-17,93.4499969482422,-0.02095337940224873,1.25,27.66,18.58,21.880000000000003,39.58,0,0.0,-0.6666796975501261,2.760404702,125.21000000000002,-25.365388588577442
2018-09-18,92.0,-0.015516286737230045,1.77,28.9,17.58,23.6,41.35,0,0.0,-0.6416727729356859,2.760404702,125.21000000000002,-26.52344061975882
2018-09-19,96.6999969482422,0.051086923350458724,6.01,29.56,18.25,29.61,47.36,0,0.0,-0.5592390539305658,2.760404702,125.21000000000002,-22.769749262645007
2018-09-20,99.75,0.03154088053787918,9.15,27.35,18.24,38.76,56.510000000000005,0,0.0,-0.4348054098287015,2.760404702,125.21000000000002,-20.333839150227632
2018-09-21,99.9000015258789,0.0015037746955279818,0.44,29.35,17.48,39.2,56.94,0,0.0,-0.42782903359561825,2.760404702,125.21000000000002,-20.214039193451892
2018-09-24,98.5,-0.014014029074025935,0.06,33.82,19.09,39.04,56.980000000000004,0,0.0,-0.42693521593455014,2.760404702,125.21000000000002,-21.332161967893953
2018-09-25,97.0999984741211,-0.014213213460699592,0.01,33.7,19.79,38.85,56.99,0,0.0,-0.4284993065449319,2.760404702,125.21000000000002,-22.450284742336013
2018-09-26,97.75,0.006694145582835764,0.16,33.02,17.9,39.01,57.15,0,0.0,-0.4253150362659567,2.760404702,125.21000000000002,-21.931155658493743
2018-09-27,99.3000030517578,0.015856808713634818,0.0,33.44,18.36,39.01,57.15,0,0.0,-0.42431685888982573,2.760404702,125.21000000000002,-20.69323292727595
2018-09-28,102.4499969482422,0.03172199194034819,0.0,33.21,20.55,39.01,57.15,0,0.0,-0.4233256813215894,2.760404702,125.21000000000002,-18.177464301379935
2018-10-01,102.1999969482422,-0.002440214811585628,5.71,27.6,19.85,45.4,63.54,0,0.0,-0.33296371239014644,2.671558516,121.18,-15.662653120777195
2018-10-02,107.6500015258789,0.05332685655946534,3.09,31.83,17.55,48.489999999999995,66.63,0,0.0,-0.28984657534903707,2.671558516,121.18,-11.16520752114301
2018-10-03,106.5999984741211,-0.009753860073150045,0.46,32.67,19.62,48.559999999999995,67.09,0,0.0,-0.28827461842261154,2.671558516,121.18,-12.031689656609105
2018-10-04,106.9499969482422,0.003283287796726153,0.37,33.17,20.96,48.870000000000005,67.46,0,0.0,-0.28340192422097626,2.671558516,121.18,-11.74286437676003
2018-10-05,108.9499969482422,0.018700327789330284,15.33,28.08,21.09,64.2,82.78999999999999,0,0.0,-0.07125788968243055,2.671558516,121.18,-10.092427010858065
2018-10-08,111.8499984741211,0.026617729298850534,0.23,30.03,18.2,108.36,126.67,0,0.0,0.5371008609459724,2.671558516,121.18,-7.699291571116448
2018-10-09,113.1500015258789,0.011622736428186897,3.25,29.74,18.94,111.61,129.48,0,0.0,0.5808472018224148,2.671558516,121.18,-6.626504764912609
2018-10-10,111.9000015258789,-0.011047282219559751,3.01,28.27,20.12,114.62,132.49,0,0.0,0.6211524803694162,2.671558516,121.18,-7.6580281186013375
2018-10-11,112.9000015258789,0.008936550369650575,5.64,28.76,19.24,120.26,138.13,0,0.0,0.6978645311676835,2.671558516,121.18,-6.832809435650356
2018-10-12,116.5500030517578,0.03232950820680225,0.33,31.03,19.65,120.59,138.46,0,0.0,0.7005037583132008,2.671558516,121.18,-3.8207599836955013
2018-10-15,119.3499984741211,0.024023984118815234,5.57,31.68,20.27,116.54,145.04,0,0.0,0.6387665798248746,2.671558516,121.18,-1.510151448984084
2018-10-16,117.6500015258789,-0.014243795307720908,3.52,26.53,20.23,110.98,148.56,0,0.0,0.5594393667518828,2.671558516,121.18,-2.9130206916331907
2018-10-17,122.5500030517578,0.04164897120550459,8.43,26.83,20.15,118.16,156.99,0,0.0,0.6585029269916403,2.671558516,121.18,1.1305521140103907
2018-10-18,122.0500030517578,-0.004079967258661221,20.84,27.69,19.97,137.23,177.82999999999998,0,0.0,0.923373518155706,2.671558516,121.18,0.7179427725348997
2018-10-19,122.0999984741211,0.00040963065229981943,14.65,25.81,19.69,145.87,192.48,0,0.0,1.0408468283452355,2.671558516,121.18,0.7591999291311163
2018-10-22,117.6500015258789,-0.036445511907073125,0.59,28.73,16.84,137.76,193.96,0,0.0,0.9176489847641746,2.671558516,121.18,-2.9130206916331907
2018-10-23,121.0999984741211,0.029324240573709748,1.55,28.68,16.85,139.31,195.51,0,0.0,0.9362689403077035,2.671558516,121.18,-0.06601875381986555
2018-10-24,120.25,-0.007018980056409663,23.92,26.59,19.77,163.17000000000002,219.43,0,0.0,1.2660538948858444,2.671558516,121.18,-0.7674533751444189
2018-10-25,121.1500015258789,0.007484420173629047,5.87,27.32,19.21,169.03,225.3,0,0.0,1.3416347315112458,2.671558516,121.18,-0.02475530130475373
2018-10-26,119.6500015258789,-0.012381345283595246,0.94,28.78,18.54,169.81,226.24,0,0.0,1.3457688924590092,2.671558516,121.18,-1.2625833257312267
2018-10-29,114.25,-0.04513164610959863,0.11,28.94,18.04,171.32000000000002,228.03,0,0.0,1.3463189139866472,2.671558516,121.18,-5.718765472850311
2018-10-30,112.4000015258789,-0.0161925468194406,0.02,27.9,20.06,171.03,227.07999999999998,0,0.0,1.3356708885398032,2.671558516,121.18,-7.245418777125846
2018-10-31,112.6999969482422,0.0026689983833694253,10.5,29.15,20.13,175.82,236.7,0,0.0,1.3951316397841802,2.671558516,121.18,-6.997856949791884
2018-11-01,117.8000030517578,0.045252939144779125,9.72,28.68,20.79,182.45,243.91000000000003,0,0.0,1.4790264103367046,3.027825108,137.34,-14.227462464134414
2018-11-02,120.0500030517578,0.019100169284473,0.58,29.71,18.16,182.57,239.96,0,0.0,1.4724859065062372,3.027825108,137.34,-12.589192477240573
2018-11-05,117.0999984741211,-0.024573132050357827,21.68,25.52,18.4,182.24,292.03000000000003,0,0.0,1.4398617146006611,3.027825108,137.34,-14.737149793125754
2018-11-06,113.25,-0.03287786954986116,2.18,24.11,17.39,178.02,288.91,0,0.0,1.3749851017131476,3.027825108,137.34,-17.540410659676716
2018-11-07,115.5999984741211,0.02075053840283525,13.41,26.82,17.83,191.20000000000002,302.19,0,0.0,1.5467389516138133,3.027825108,137.34,-15.829329784388314
2018-11-08,116.6500015258789,0.009083071501881257,28.64,23.32,16.92,216.59,330.82,0,0.0,1.8795126437605976,3.027825108,137.34,-15.064801568458641
2018-11-09,113.8499984741211,-0.024003454908970823,27.19,21.37,15.74,240.77,358.01,0,0.0,2.187127235450054,3.027825108,137.34,-17.103539774194633
2018-11-12,110.1500015258789,-0.03249887569461163,1.45,28.35,18.01,244.01999999999998,367.58,0,0.0,2.1672540210159874,3.027825108,137.34,-19.7975815305964
2018-11-13,109.1999969482422,-0.008624644253077962,0.06,29.26,19.57,243.42,367.64,0,0.0,2.1389462231319416,3.027825108,137.34,-20.489298858131498
2018-11-14,112.6500015258789,0.031593449396082995,6.48,26.57,19.5,244.33,374.04,0,0.0,2.1308943194066554,3.027825108,137.34,-17.9772815451588
2018-11-15,110.0500030517578,-0.023080323470069497,4.54,25.87,20.52,245.35,377.78,0,0.0,2.124442638598123,3.027825108,137.34,-19.870392418990974
2018-11-16,112.5999984741211,0.02317124354066591,1.45,26.84,19.66,238.37,378.40999999999997,0,0.0,2.016172010156162,3.027825108,137.34,-18.013689766913433
2018-11-19,112.3499984741211,-0.002220248697938132,25.61,24.15,19.32,236.96,412.76,0,0.0,1.9582930901255542,3.027825108,137.34,-18.195719765457195
2018-11-20,110.6500015258789,-0.01513125920187497,18.33,26.09,19.63,254.72,431.09,0,0.0,2.1657140596466578,3.027825108,137.34,-19.43352153350888
2018-11-21,110.3000030517578,-0.003163113143195506,21.07,24.1,17.85,275.20000000000005,452.15999999999997,0,0.0,2.3999497185663654,3.027825108,137.34,-19.688362420447213
2018-11-23,107.1500015258789,-0.02855848992498,15.95,24.66,18.69,268.86,471.07,0,0.0,2.2706678218163776,3.027825108,137.34,-21.98194151312152
2018-11-26,107.0,-0.0013999208935399077,9.21,26.7,17.75,324.76000000000005,535.25,0,0.0,2.846567030915747,3.027825108,137.34,-22.091160623270717
2018-11-27,109.5,0.02336448598130847,0.01,26.59,16.13,324.67,535.26,0,0.0,2.804656617083171,3.027825108,137.34,-20.270860637833117
2018-11-28,110.0999984741211,0.005479438119827318,0.01,27.24,15.77,324.57,535.27,0,0.0,2.764393385640118,3.027825108,137.34,-19.833989752351034
2018-11-29,108.5,-0.014532229757452497,0.0,27.57,15.27,324.55,535.27,0,0.0,2.726686346975004,3.027825108,137.34,-20.998980632008156
2018-11-30,103.25,-0.048387096774193505,4.43,27.81,17.95,318.48,539.7,0,0.0,2.6222589468196684,3.027825108,137.34,-24.821610601427118
2018-12-03,103.5,0.002421307506053294,12.45,26.38,19.62,359.86999999999995,603.86,0,0.0,2.9612122651935873,3.022754482,137.10999999999999,-24.513164612355034
2018-12-04,101.9000015258789,-0.015458922455276247,0.37,28.6,17.47,341.93999999999994,604.23,0,0.0,2.7244144854526238,3.022754482,137.10999999999999,-25.680109747006842
2018-12-06,100.6500015258789,-0.01226692817745001,4.93,28.88,19.48,325.63,611.78,0,0.0,2.4872781240263926,3.022754482,137.10999999999999,-26.591786502896277
2018-12-07,98.8000030517578,-0.01838051113834749,21.22,28.03,20.74,333.44,633.0,0,0.0,2.5420552733116244,3.022754482,137.10999999999999,-27.941066988725982
2018-12-10,100.4499969482422,0.01670034256598174,0.02,26.74,16.11,273.76,633.79,0,0.0,1.8542355410558968,3.022754482,137.10999999999999,-26.73765812249857
2018-12-11,97.6500015258789,-0.027874519735486047,0.45,27.5,15.82,270.72999999999996,634.24,0,0.0,1.8100595508800554,3.022754482,137.10999999999999,-28.779810717030912
2018-12-12,97.75,0.0010240498981926027,4.7,27.58,16.81,273.98,638.9399999999999,0,0.0,1.8320909600623092,3.022754482,137.10999999999999,-28.70687768944642
2018-12-13,98.8000030517578,0.010741719199568234,4.49,26.34,18.15,278.41,634.74,0,0.0,1.8658811222514649,3.022754482,137.10999999999999,-27.941066988725982
2018-12-14,96.9499969482422,-0.018724757554374194,0.33,28.2,17.12,272.26,633.13,0,0.0,1.7897475291416411,3.022754482,137.10999999999999,-29.290353038988975
2018-12-17,94.6999969482422,-0.0232078398228438,0.38,28.94,17.99,271.40999999999997,626.9399999999999,0,0.0,1.748163676798929,3.022754482,137.10999999999999,-30.931371199589957
2018-12-18,94.3499984741211,-0.0036958657381203075,0.18,29.72,18.33,263.57,621.1099999999999,0,0.0,1.6574833467401515,3.022754482,137.10999999999999,-31.18663957835234
2018-12-19,100.8499984741211,0.06889242294776365,0.18,29.2,19.89,238.14,612.14,0,0.0,1.3884692468105206,3.022754482,137.10999999999999,-26.445920447727296
2018-12-20,102.5,0.01636094745506922,2.78,29.38,19.52,222.58999999999997,614.48,0,0.0,1.2233605509870618,3.022754482,137.10999999999999,-25.242506017066578
2018-12-21,99.6999969482422,-0.02731710294397849,0.39,30.62,21.63,201.91,614.87,0,0.0,1.0070110025696046,3.022754482,137.10999999999999,-27.284664176032226
2018-12-24,102.1999969482422,0.025075226444568832,9.21,27.18,19.09,166.34,633.83,0,0.0,0.633021264523453,3.022754482,137.10999999999999,-25.46131066425336
2018-12-26,103.9000015258789,0.01663409616829692,2.89,25.69,18.81,146.15,642.39,0,0.0,0.422864543242049,3.022754482,137.10999999999999,-24.22142693758375
2018-12-27,101.75,-0.02069298839561029,19.42,24.08,17.62,165.56,661.8100000000001,0,0.0,0.6224745421744489,3.022754482,137.10999999999999,-25.78951207060024
2018-12-28,100.9499969482422,-0.007862437855113535,14.93,26.82,18.63,180.48,676.37,0,0.0,0.7752068315293905,3.022754482,137.10999999999999,-26.372987420142795
2018-12-31,101.8499984741211,0.008915319990948856,11.73,26.61,19.58,180.52,704.17,0,0.0,0.7685579034818768,3.022754482,137.10999999999999,-25.716579043015752
2019-01-02,99.5,-0.023073132148531128,0.92,28.28,17.98,161.47,716.4599999999999,0,0.0,0.5683026905916743,2.80207202,127.10000000000001,-21.71518489378443
2019-01-03,102.1500015258789,0.026633181164612107,3.81,26.87,18.97,164.91,704.94,0,0.0,0.6028699795992756,2.80207202,127.10000000000001,-19.630211230622425
2019-01-04,101.5999984741211,-0.005384268659246905,3.07,24.73,17.73,165.35999999999999,670.4799999999999,0,0.0,0.6063638031219122,2.80207202,127.10000000000001,-20.062943765443677
2019-01-07,102.75,0.011318912826281391,0.07,28.53,18.64,145.9,668.04,0,0.0,0.40100277603816187,2.80207202,127.10000000000001,-19.158143194335175
2019-01-08,105.0500030517578,0.02238445792465016,1.03,29.09,18.57,146.91,666.06,0,0.0,0.4108730007993315,2.80207202,127.10000000000001,-17.348542052118184
2019-01-09,105.3000030517578,0.002379819064610933,3.87,28.0,17.42,150.76,664.29,0,0.0,0.4503678355174256,2.80207202,127.10000000000001,-17.15184653677593
2019-01-10,104.25,-0.009971538664074853,0.41,26.34,15.55,150.72,664.37,0,0.0,0.4491904148547445,2.80207202,127.10000000000001,-17.977970102281674
2019-01-11,103.8499984741211,-0.0038369450923636528,2.76,26.95,18.0,148.78,666.78,0,0.0,0.42814869988227333,2.80207202,127.10000000000001,-18.292684127363426
2019-01-14,102.75,-0.010592185751405747,1.05,28.02,17.72,146.1,660.14,0,0.0,0.39813916591043874,2.80207202,127.10000000000001,-19.158143194335175
2019-01-15,101.3000030517578,-0.014111892440313412,0.0,29.43,17.39,141.54,651.7099999999999,0,0.0,0.349580953555177,2.80207202,127.10000000000001,-20.298974782251936
2019-01-16,102.4000015258789,0.010858819753036819,4.07,29.13,19.84,145.23,634.94,0,0.0,0.387865939366833,2.80207202,127.10000000000001,-19.433515715280173
2019-01-17,102.4000015258789,0.0,11.96,28.86,19.48,157.01000000000002,632.25,0,0.0,0.5113126782259145,2.80207202,127.10000000000001,-19.433515715280173
2019-01-18,104.9499969482422,0.02490229867544347,2.29,28.04,17.75,159.12,634.22,0,0.0,0.5326658132506593,2.80207202,127.10000000000001,-17.427225060391667
2019-01-22,103.3499984741211,-0.0152453408351233,3.01,29.37,19.63,158.06,619.52,0,0.0,0.5173062364623303,2.80207202,127.10000000000001,-18.686075158047927
2019-01-23,103.4000015258789,0.0004838224721439577,0.5,28.97,19.79,149.35,614.15,0,0.0,0.42459459965975505,2.80207202,127.10000000000001,-18.646733653911173
2019-01-24,105.3000030517578,0.018375256265381834,0.0,29.87,18.35,143.52,613.2099999999999,0,0.0,0.36262288169014073,2.80207202,127.10000000000001,-17.15184653677593
2019-01-25,106.8000030517578,0.014245013832171693,12.86,29.75,17.59,153.48999999999998,624.4,0,0.0,0.4674865740560844,2.80207202,127.10000000000001,-15.97167344472243
2019-01-28,102.6500015258789,-0.03885769107953774,0.03,28.83,16.64,116.73,634.96,0,0.0,0.07982832119544549,2.80207202,127.10000000000001,-19.236820199937924
2019-01-29,102.5999984741211,-0.00048712178289844754,0.0,29.66,18.03,104.75,624.46,0,0.0,-0.045131669627928896,2.80207202,127.10000000000001,-19.276161704074678
2019-01-30,102.0999984741211,-0.004873294419454721,6.91,29.39,18.08,99.92999999999999,621.65,0,0.0,-0.09401211863461982,2.80207202,127.10000000000001,-19.669552734759176
2019-01-31,105.9000015258789,0.03721844376639227,4.69,29.95,17.28,92.42,625.76,0,0.0,-0.17082401563370703,2.80207202,127.10000000000001,-16.67977850048867
2019-02-01,103.6999969482422,-0.020774358318579322,0.78,30.44,17.46,92.28,613.62,0,0.0,-0.1696438022268792,2.832054852,128.46,-19.27448470477799
2019-02-04,105.5999984741211,0.018322098185086677,0.76,27.18,19.98,85.44,578.17,0,0.0,-0.23372915748399842,2.832054852,128.46,-17.795423887497208
2019-02-05,104.8499984741211,-0.007102272829897838,6.65,26.68,19.29,91.39,571.41,0,0.0,-0.16813019861115458,2.832054852,128.46,-18.379263214914303
2019-02-06,105.5,0.0061993470227788006,33.82,26.32,19.4,125.14,576.59,0,0.0,0.19263831814070365,2.832054852,128.46,-17.87326794332867
2019-02-07,104.3000030517578,-0.01137437865632418,24.51,27.66,18.96,148.62,573.91,0,0.0,0.4432289896861289,2.832054852,128.46,-18.807408491547726
2019-02-08,102.5999984741211,-0.016299180516735845,0.17,28.5,18.63,144.92,569.4399999999999,0,0.0,0.40429123710176784,2.832054852,128.46,-20.130781197165586
2019-02-11,100.1999969482422,-0.023391828085497002,11.64,27.73,18.54,157.69,581.05,0,0.0,0.5430291076825713,2.832054852,128.46,-21.99906823272443
2019-02-12,100.4499969482422,0.0024950100560297006,3.59,26.47,19.7,159.88,578.16,0,0.0,0.5670302030049179,2.832054852,128.46,-21.804455123585402
2019-02-13,98.9000015258789,-0.015430517366386232,2.45,27.37,19.07,161.28,576.07,0,0.0,0.5820596471869341,2.832054852,128.46,-23.01105283677495
2019-02-14,97.8499984741211,-0.010616815324143936,12.67,27.67,18.89,173.95,587.29,0,0.0,0.7166232914278654,2.832054852,128.46,-23.82843027080719
2019-02-15,97.9499969482422,0.001021956828620274,9.57,25.09,19.38,179.45,596.0899999999999,0,0.0,0.7741905813220719,2.832054852,128.46,-23.750586214975716
2019-02-19,97.1999969482422,-0.007656968079297721,0.7,27.69,17.42,241.77,607.32,0,0.0,1.4169363228865308,2.832054852,128.46,-24.33442554239281
2019-02-20,97.5500030517578,0.003600885951693611,10.65,26.59,18.9,251.19,614.79,0,0.0,1.511467092116201,2.832054852,128.46,-24.061962438301578
2019-02-21,96.0999984741211,-0.014864218680417318,23.36,26.03,19.24,271.54,622.2,0,0.0,1.7187454730719924,2.832054852,128.46,-25.19072203478041
2019-02-22,96.4499969482422,0.003642023721939669,1.16,28.68,18.46,272.2,587.89,0,0.0,1.718952743078212,2.832054852,128.46,-24.918264869809907
2019-02-25,96.4000015258789,-0.0005183558729413562,3.81,27.76,21.23,255.1,564.3000000000001,0,0.0,1.5264005224564314,2.832054852,128.46,-24.957183928165268
2019-02-26,93.5500030517578,-0.029564299056115795,16.34,25.68,20.04,270.25,580.63,0,0.0,1.6808835870354146,2.832054852,128.46,-27.175772184526082
2019-02-27,95.6999969482422,0.022982296379989275,14.2,26.15,19.01,284.42,594.83,0,0.0,1.823294153221419,2.832054852,128.46,-25.502104197227
2019-02-28,95.1999969482422,-0.005224660563682315,18.4,25.28,19.3,302.82,608.8,0,0.0,2.005539733928769,2.832054852,128.46,-25.891330415505067
2019-03-01,96.9499969482422,0.01838235353044637,19.72,25.49,18.14,315.63,596.08,0,0.0,2.1261499697752657,2.83183439,128.45000000000002,-24.52316313877603
2019-03-04,94.0999984741211,-0.02939658137011192,22.98,24.14,18.37,356.7,610.0899999999999,0,0.0,2.4888907172880406,2.83183439,128.45000000000002,-26.741924115125666
2019-03-05,96.4499969482422,0.0249734167080502,5.88,24.84,17.43,356.64,613.3499999999999,0,0.0,2.463265221490217,2.83183439,128.45000000000002,-24.912419658822742
2019-03-06,95.5,-0.009849631708666595,4.43,25.53,17.21,360.31,612.85,0,0.0,2.4751269818502157,2.83183439,128.45000000000002,-25.65200467107825
2019-03-07,93.6500015258789,-0.019371711770901467,20.47,26.32,17.2,374.13,612.0999999999999,0,0.0,2.584701700540217,2.83183439,128.45000000000002,-27.092252607334455
2019-03-08,95.3000030517578,0.017618809385955503,2.15,28.0,17.73,342.46000000000004,613.5,0,0.0,2.2531459578606072,2.83183439,128.45000000000002,-25.807704903263694
2019-03-11,94.0,-0.013641164849194864,3.74,24.01,18.62,329.41,625.2199999999999,0,0.0,2.08328367428589,2.83183439,128.45000000000002,-26.819774231218386
2019-03-12,92.8000030517578,-0.012765924981300025,18.13,26.64,18.3,343.15999999999997,638.65,0,0.0,2.198794889329719,2.83183439,128.45000000000002,-27.753987503497246
2019-03-13,94.4499969482422,0.017780106058446377,11.65,26.54,17.97,343.16999999999996,645.8100000000001,0,0.0,2.1818266951305554,2.83183439,128.45000000000002,-26.469445739009583
2019-03-14,93.9499969482422,-0.005293806417738689,2.78,27.51,18.36,342.36,648.26,0,0.0,2.1573360322040305,2.83183439,128.45000000000002,-26.858702259056294
2019-03-15,94.5999984741211,0.006918590175548189,1.97,28.38,18.82,341.88,649.26,0,0.0,2.1364402387673898,2.83183439,128.45000000000002,-26.352667595078955
2019-03-18,93.6500015258789,-0.010042251200480412,1.65,27.69,19.33,262.73,656.84,0,0.0,1.3644225357873374,2.83183439,128.45000000000002,-27.092252607334455
2019-03-19,93.4499969482422,-0.002135660164206521,0.78,28.83,18.81,253.59,657.4399999999999,0,0.0,1.2756968918724876,2.83183439,128.45000000000002,-27.247958779103005
2019-03-20,94.75,0.013911215561385415,10.24,27.02,19.91,259.8,664.9,0,0.0,1.3288744774305659,2.83183439,128.45000000000002,-26.235889451148314
2019-03-21,94.8000030517578,0.0005277366940137362,2.15,26.36,19.78,261.25,666.66,0,0.0,1.3369591184611669,2.83183439,128.45000000000002,-26.196961423310405
2019-03-22,93.9000015258789,-0.009493686676228519,6.19,22.67,17.65,256.78999999999996,664.5,0,0.0,1.2906680333593479,2.83183439,128.45000000000002,-26.8976243473111
2019-03-25,94.25,0.0037273532314547886,0.01,27.57,17.92,234.5,650.27,0,0.0,1.0734137215469939,2.83183439,128.45000000000002,-26.625145971195032
2019-03-26,95.3499984741211,0.011671071343459793,0.04,26.52,18.68,233.07,647.4200000000001,0,0.0,1.0561340910097565,2.83183439,128.45000000000002,-25.76878281500889
2019-03-27,93.8499984741211,-0.015731515721073785,0.02,24.65,19.6,229.27999999999997,628.02,0,0.0,1.0171906597929141,2.83183439,128.45000000000002,-26.93655237514902
2019-03-28,94.0,0.0015983114365234474,0.22,22.64,17.13,213.15999999999997,613.31,0,0.0,0.8656240620989281,2.83183439,128.45000000000002,-26.819774231218386
2019-03-29,94.5,0.005319148936170137,2.38,26.0,15.42,201.34,602.49,0,0.0,0.7541780914413578,2.83183439,128.45000000000002,-26.43051771117167
2019-04-01,92.0999984741211,-0.02539684154369215,0.84,26.93,16.79,160.49,569.11,0,0.0,0.3737889995292314,2.731303718,123.89,-25.659860784469213
2019-04-02,91.6500015258789,-0.004885960431026848,0.29,27.93,17.92,142.47,568.48,0,0.0,0.20793393274065924,2.731303718,123.89,-26.02308376311332
2019-04-03,95.3499984741211,0.040370942571096746,0.28,28.34,18.47,119.77,564.9499999999999,0,0.0,0.00034279837692143537,2.731303718,123.89,-23.036565926127135
2019-04-04,95.3000030517578,-0.0005243358485932381,0.66,28.12,18.6,114.55,562.5400000000001,0,0.0,-0.04688473366924206,2.731303718,123.89,-23.07692061364291
2019-04-05,93.1999969482422,-0.02203574014971521,2.86,26.37,20.01,112.97999999999999,558.7299999999999,0,0.0,-0.06075800367953935,2.731303718,123.89,-24.771977602516586
2019-04-08,92.9499969482422,-0.002682403521309551,8.49,23.45,18.81,102.94,571.98,0,0.0,-0.15016016545935096,2.731303718,123.89,-24.973769514696745
2019-04-09,93.6500015258789,0.007530980103490403,1.61,24.58,17.56,98.55,569.72,0,0.0,-0.19007344880025423,2.731303718,123.89,-24.40874846567204
2019-04-10,94.25,0.006406817558409772,0.25,26.41,17.77,95.05999999999999,569.5600000000001,0,0.0,-0.2217286970438087,2.731303718,123.89,-23.92444910807975
2019-04-11,90.25,-0.04244031830238726,4.02,26.9,17.1,80.94999999999999,570.82,0,0.0,-0.35025233532928535,2.731303718,123.89,-27.153119702962307
2019-04-12,90.4000015258789,0.001662066768741255,13.76,26.94,18.62,83.06,583.92,0,0.0,-0.3302648275635576,2.731303718,123.89,-27.032043324014122
2019-04-15,91.4000015258789,0.011061946715938076,9.85,26.5,18.58,98.71,604.85,0,0.0,-0.18576438531930478,2.731303718,123.89,-26.22487567529348
2019-04-16,90.5,-0.00984684366360844,8.26,26.18,18.22,98.89999999999999,609.04,0,0.0,-0.18370100690721358,2.731303718,123.89,-26.95132779078215
2019-04-17,87.05000305175781,-0.03812151324024515,2.77,27.29,18.49,100.02,599.8499999999999,0,0.0,-0.17320068828445223,2.731303718,123.89,-29.736053715588174
2019-04-18,90.1999969482422,0.036186028558913286,0.02,27.19,16.19,99.25999999999999,597.5799999999999,0,0.0,-0.17989761047444855,2.731303718,123.89,-27.193480548678505
2019-04-22,91.0999984741211,0.00997784430519788,4.06,27.2,17.46,82.58999999999999,589.71,0,0.0,-0.3304337326036393,2.731303718,123.89,-26.46702843318985
2019-04-23,91.5,0.004390796186374724,2.31,27.01,16.72,84.78,591.52,0,0.0,-0.3099522948264442,2.731303718,123.89,-26.144160142061505
2019-04-24,90.4499969482422,-0.011475443188609824,0.11,26.5,17.35,84.88,591.63,0,0.0,-0.3085914291672631,2.731303718,123.89,-26.991688636498345
2019-04-25,92.0500030517578,0.017689399198445033,0.0,26.23,16.63,84.83999999999999,578.77,0,0.0,-0.30851397138446146,2.731303718,123.89,-25.70021547198499
2019-04-26,92.6999969482422,0.007061313144323567,0.47,26.43,16.53,85.28999999999999,569.67,0,0.0,-0.30396756967523814,2.731303718,123.89,-25.175561426876907
2019-04-29,91.3499984741211,-0.014563090815147062,0.7,26.64,17.78,83.03,570.26,0,0.0,-0.3232342647927426,2.731303718,123.89,-26.265236521009694
2019-04-30,91.8499984741211,0.005473453840742604,0.02,27.07,16.13,82.83,563.37,0,0.0,-0.32457266890440944,2.731303718,123.89,-25.861652696649372
2019-05-01,89.80000305175781,-0.022318948899502367,0.0,26.75,16.47,81.99,558.6800000000001,0,0.0,-0.3323496220146897,2.670456206,121.13000000000001,-25.864770864560548
2019-05-02,90.25,0.005011101703223941,12.52,26.71,18.18,94.22,570.42,0,0.0,-0.22114098759070447,2.670456206,121.13000000000001,-25.493271691571046
2019-05-03,89.25,-0.011080332409972304,5.06,25.77,18.33,98.99999999999999,575.4699999999999,0,0.0,-0.1787440556262951,2.670456206,121.13000000000001,-26.31883100800793
2019-05-06,88.80000305175781,-0.005041982613357865,0.0,26.41,15.61,93.28999999999999,563.51,0,0.0,-0.23621376259801213,2.670456206,121.13000000000001,-26.690330180997435
2019-05-07,86.6500015258789,-0.024211728062956905,0.81,27.13,17.34,91.11999999999999,530.5,0,0.0,-0.2582142740491544,2.670456206,121.13000000000001,-28.46528397104029
2019-05-08,87.19999694824219,0.006347321554276197,0.15,27.0,16.06,82.78,506.14,0,0.0,-0.336765744445894,2.670456206,121.13000000000001,-28.011230126110643
2019-05-09,89.5,0.026376182709306528,0.07,26.01,17.04,81.24,506.03999999999996,0,0.0,-0.35289084324490033,2.670456206,121.13000000000001,-26.11244117889871
2019-05-10,89.44999694824219,-0.0005586933157297747,1.07,26.24,16.62,82.06,506.53,0,0.0,-0.34734295185770203,2.670456206,121.13000000000001,-26.153721664127648
2019-05-13,88.25,-0.013415282159668807,0.01,27.79,16.51,58.51,487.77,0,0.0,-0.5695933118690278,2.670456206,121.13000000000001,-27.144390324444817
2019-05-14,89.55000305175781,0.014730912767793924,0.55,27.6,17.37,52.15,485.87,0,0.0,-0.629669526263356,2.670456206,121.13000000000001,-26.07116069366977
2019-05-15,89.9000015258789,0.003908413871508198,8.91,25.95,17.01,51.209999999999994,482.10999999999996,0,0.0,-0.6401161773837962,2.670456206,121.13000000000001,-25.78221619262041
2019-05-16,90.0,0.0011123300603315123,6.47,21.46,17.15,49.419999999999995,479.01,0,0.0,-0.658381387844078,2.670456206,121.13000000000001,-25.699661520680266
2019-05-17,87.3499984741211,-0.02944446139865453,4.69,19.71,15.83,51.34,414.09,0,0.0,-0.6423938999785505,2.670456206,121.13000000000001,-27.88739496894156
2019-05-20,88.25,0.010303394866635784,0.03,24.76,12.28,55.79,403.90999999999997,0,0.0,-0.6054367461220899,2.670456206,121.13000000000001,-27.144390324444817
2019-05-21,92.9000015258789,0.05269123542072407,0.0,25.72,12.23,55.79,393.25999999999993,0,0.0,-0.6066652109037787,2.670456206,121.13000000000001,-23.30553824330975
2019-05-22,91.75,-0.012378918266848005,0.0,25.87,12.98,51.730000000000004,369.9,0,0.0,-0.6454822882215026,2.670456206,121.13000000000001,-24.254932716915718
2019-05-23,93.5,0.019073569482288777,0.0,25.87,13.62,49.42,368.73999999999995,0,0.0,-0.66802130720055,2.670456206,121.13000000000001,-22.810203913151167
2019-05-24,93.3000030517578,-0.0021390047940342827,0.0,25.4,16.24,49.31,368.68999999999994,0,0.0,-0.6701169710862726,2.670456206,121.13000000000001,-22.97531325703146
2019-05-28,96.0500030517578,0.029474811468917617,0.0,26.07,13.2,47.769999999999996,332.90999999999997,0,0.0,-0.6887029601992388,2.670456206,121.13000000000001,-20.705025136830024
2019-05-29,99.5,0.03591875938185152,0.0,27.24,18.45,47.07,314.51,0,0.0,-0.6962516662380115,2.670456206,121.13000000000001,-17.85684801452985
2019-05-30,102.3499984741211,0.028643200744935537,0.0,26.82,14.69,47.05,294.78999999999996,0,0.0,-0.6974568264292739,2.670456206,121.13000000000001,-15.504005222388273
2019-05-31,104.5999984741211,0.021983390655046398,0.0,26.78,15.87,47.05,289.53,0,0.0,-0.6984768566544075,2.670456206,121.13000000000001,-13.646496760405281
2019-06-03,103.75,-0.008126180559470897,2.18,25.79,14.19,30.52,244.54,0,0.0,-0.8542787131449295,2.65766941,120.55,-13.936126088759849
2019-06-04,105.6500015258789,0.01831326771931474,0.21,24.35,11.92,30.47,240.32,0,0.0,-0.8551463667222873,2.65766941,120.55,-12.360015324861958
2019-06-05,99.0999984741211,-0.06199718842553348,0.0,22.13,8.72,30.47,219.85,0,0.0,-0.8555088319239332,2.65766941,120.55,-17.793447968377357
2019-06-06,102.0500030517578,0.029767957851251303,0.0,22.22,9.12,29.66,217.7,0,0.0,-0.8635142245596689,2.65766941,120.55,-15.346326792403318
2019-06-07,100.9499969482422,-0.010779089374036488,0.0,21.95,9.5,29.51,215.23,0,0.0,-0.865339952462582,2.65766941,120.55,-16.25881630174848
2019-06-10,98.5999984741211,-0.02327883650482887,0.0,23.26,10.5,27.59,187.36,0,0.0,-0.8844408235533877,2.65766941,120.55,-18.208213625780925
2019-06-11,97.0,-0.016227165303060676,0.0,23.88,11.18,27.53,175.71,0,0.0,-0.8853362044257769,2.65766941,120.55,-19.535462463708004
2019-06-12,99.0500030517578,0.021134052079977206,0.0,24.38,12.04,27.52,172.93,0,0.0,-0.8857773312951064,2.65766941,120.55,-17.83492073682472
2019-06-13,97.3499984741211,-0.017163094651782895,0.0,24.9,14.09,26.97,170.96,0,0.0,-0.8912541883033105,2.65766941,120.55,-19.24512776928984
2019-06-14,96.0,-0.013867472986966445,0.0,24.93,12.81,18.060000000000002,167.98,0,0.0,-0.9746065445741035,2.65766941,120.55,-20.364993778515135
2019-06-17,96.0500030517578,0.0005208651224770655,0.01,24.18,11.25,2.5000000000000004,157.48999999999998,0,0.0,-1.1183517846408888,2.65766941,120.55,-20.32351468124612
2019-06-18,94.3000030517578,-0.018219676672545093,0.0,24.76,10.7,2.4700000000000006,147.25,0,0.0,-1.1185829476302154,2.65766941,120.55,-21.775194482158604
2019-06-19,96.25,0.020678652016288046,0.0,25.47,12.71,2.4400000000000004,145.1,0,0.0,-1.1188296539088554,2.65766941,120.55,-20.157610949813353
2019-06-20,101.0500030517578,0.04987016157670432,0.0,25.45,13.03,2.4400000000000004,138.91,0,0.0,-1.118796160375507,2.65766941,120.55,-16.175858107210452
2019-06-21,99.8000030517578,-0.01237011343146377,0.0,24.46,11.69,2.4400000000000004,136.76,0,0.0,-1.1188007871811732,2.65766941,120.55,-17.212772250719368
2019-06-24,102.0,0.022044056923537836,0.0,24.62,10.99,2.4400000000000004,136.59,0,0.0,-1.11881235403898,2.65766941,120.55,-15.387805889672332
2019-06-25,106.4499969482422,0.04362742106119799,0.0,25.85,12.81,2.4400000000000004,136.57,0,0.0,-1.1188152456567504,2.65766941,120.55,-11.696394070309246
2019-06-26,104.9000015258789,-0.01456078409393402,0.0,26.43,13.8,2.4000000000000004,136.35,0,0.0,-1.1191901860741134,2.65766941,120.55,-12.98216381096731
2019-06-27,105.5500030517578,0.006196391958283476,0.0,26.81,14.86,2.4000000000000004,133.97,0,0.0,-1.1191907645612418,2.65766941,120.55,-12.442967190578349
2019-06-28,108.25,0.025580264047157186,0.0,25.4,14.26,2.4000000000000004,132.5,0,0.0,-1.1191913430488696,2.65766941,120.55,-10.203235172127746
2019-07-01,110.1500015258789,0.01755197714437795,0.0,26.18,13.58,2.4000000000000004,131.15,0,0.0,-1.1191930785147501,2.860053526,129.73000000000002,-15.092884046959924
2019-07-02,108.25,-0.017249219242475577,0.0,26.33,13.76,2.4000000000000004,130.87,0,0.0,-1.1191936570043757,2.860053526,129.73000000000002,-16.55746550528021
2019-07-03,112.25,0.036951501154734334,0.0,25.81,11.96,0.22,130.21,0,0.0,-1.1394689803526692,2.860053526,129.73000000000002,-13.474138595544606
2019-07-05,109.4499969482422,-0.024944347899846786,1.14,25.12,14.31,2.23,125.99,0,0.0,-1.1206299731577178,2.860053526,129.73000000000002,-15.632469784751263
2019-07-08,104.75,-0.04294195595514527,0.0,22.44,6.17,2.3,112.98,0,0.0,-1.1201356034321235,2.860053526,129.73000000000002,-19.255376551298863
2019-07-09,105.9000015258789,0.01097853485325917,0.0,23.43,7.69,2.3,112.73,0,0.0,-1.1201913159186707,2.860053526,129.73000000000002,-18.368918888554003
2019-07-10,104.3499984741211,-0.014636478087103999,0.0,23.27,7.84,2.3,108.71000000000001,0,0.0,-1.1202307560701434,2.860053526,129.73000000000002,-19.563710418468297
2019-07-11,105.5,0.011020618521274894,0.0,24.59,8.08,2.3,94.95,0,0.0,-1.1202464018520082,2.860053526,129.73000000000002,-18.677252755723437
2019-07-12,105.1999969482422,-0.0028436308223488416,0.0,26.27,9.58,2.3,88.33,0,0.0,-1.12026262787069,2.860053526,129.73000000000002,-18.908504626345344
2019-07-15,108.8000030517578,0.034220591330309524,0.0,27.28,14.44,2.3,63.309999999999995,0,0.0,-1.1204147845372339,2.860053526,129.73000000000002,-16.133505702799827
2019-07-16,104.0999984741211,-0.04319857027394425,0.0,26.96,13.37,2.3,60.54,0,0.0,-1.1205049001559009,2.860053526,129.73000000000002,-19.756418350326772
2019-07-17,105.9499969482422,0.017771359281825605,0.0,25.8,12.19,2.29,60.519999999999996,0,0.0,-1.1206880608350203,2.860053526,129.73000000000002,-18.330380830769915
2019-07-18,107.1500015258789,0.01132614074753513,0.0,24.4,10.17,2.29,60.519999999999996,0,0.0,-1.1207776253369224,2.860053526,129.73000000000002,-17.405379229261627
2019-07-19,105.8499984741211,-0.012132552806766284,0.0,22.95,9.55,2.29,60.519999999999996,0,0.0,-1.1208672018325396,2.860053526,129.73000000000002,-18.407462827317445
2019-07-22,105.0999984741211,-0.007085498448857974,0.0,24.59,11.2,2.29,54.15,0,0.0,-1.1211360033126827,2.860053526,129.73000000000002,-18.985586622892868
2019-07-23,102.3000030517578,-0.026641250837436847,0.0,25.12,11.28,2.29,54.04,0,0.0,-1.121226211923805,2.860053526,129.73000000000002,-21.143911931120186
2019-07-24,101.0,-0.012707751837505499,0.0,25.99,11.94,2.29,54.04,0,0.0,-1.1213176011609176,2.860053526,129.73000000000002,-22.14599552917599
2019-07-25,100.6500015258789,-0.003465331426941498,0.0,25.69,11.52,2.29,53.57,0,0.0,-1.1214090028852126,2.860053526,129.73000000000002,-22.415785457581986
2019-07-26,99.75,-0.008941892819022912,0.0,25.13,13.66,2.29,53.309999999999995,0,0.0,-1.1215004170999816,2.860053526,129.73000000000002,-23.10953518846837
2019-07-29,101.1500015258789,0.01403510301632993,0.0,25.1,10.91,2.29,51.739999999999995,0,0.0,-1.1217747347200757,2.860053526,129.73000000000002,-22.030369593865036
2019-07-30,99.5,-0.01631242215509765,0.12,26.82,13.0,2.41,51.86,0,0.0,-1.1207491505404499,2.860053526,129.73000000000002,-23.302243120326843
2019-07-31,99.6500015258789,0.0015075530239085921,0.01,28.18,13.74,2.4200000000000004,39.35,0,0.0,-1.1207491864959922,2.860053526,129.73000000000002,-23.186617185015884
2019-08-01,97.25,-0.024084309976208362,0.0,28.7,12.39,2.4200000000000004,34.29,0,0.0,-1.120786354935279,2.986598714,135.47,-28.212888462390197
2019-08-02,98.1500015258789,0.00925451440492453,0.0,29.58,13.97,2.4200000000000004,33.16,0,0.0,-1.120772445059353,2.986598714,135.47,-27.548533604577464
2019-08-05,95.6500015258789,-0.025471217128211987,4.3,22.72,12.65,5.64,37.6,0,0.0,-1.0896785951686885,2.986598714,135.47,-29.39396063639263
2019-08-06,97.0500030517578,0.014636712007789265,0.0,24.62,13.96,5.64,37.449999999999996,0,0.0,-1.089408093103352,2.986598714,135.47,-28.360520372216875
2019-08-07,96.9000015258789,-0.0015456107280995557,0.0,26.72,14.72,5.64,37.379999999999995,0,0.0,-1.0891366023850564,2.986598714,135.47,-28.47124712048505
2019-08-08,97.4000015258789,0.0051599586390767005,0.0,27.06,14.82,5.64,36.309999999999995,0,0.0,-1.0885782816268619,2.986598714,135.47,-28.102161714122015
2019-08-09,97.3000030517578,-0.001026678362982758,0.0,27.54,14.54,5.64,35.53,0,0.0,-1.088028432241153,2.986598714,135.47,-28.17597766903536
2019-08-12,93.75,-0.036485127856259236,0.0,29.53,15.55,5.64,34.91,0,0.0,-1.0864503923750226,2.986598714,135.47,-30.796486306931424
2019-08-13,96.3499984741211,0.027733317057291762,0.0,30.46,13.21,5.64,26.0,0,0.0,-1.085925195705088,2.986598714,135.47,-28.87724332020293
2019-08-14,94.4499969482422,-0.01971978781493411,0.0,28.41,14.91,5.64,19.53,0,0.0,-1.0854004063100413,2.986598714,135.47,-30.27976899074171
2019-08-15,94.5500030517578,0.001058825905207783,0.0,25.82,12.38,5.64,14.84,0,0.0,-1.0848760235711539,2.986598714,135.47,-30.205947404032035
2019-08-16,92.8499984741211,-0.01797995264691954,0.1,25.88,11.57,5.739999999999999,10.53,0,0.0,-1.0834195023465838,2.986598714,135.47,-31.460841164744153
2019-08-19,91.1500015258789,-0.01830906813332911,0.03,29.73,17.5,5.77,10.5,0,0.0,-1.0813600862430968,2.986598714,135.47,-32.71572929365992
2019-08-20,91.4499969482422,0.0032912278369860992,0.11,30.7,16.44,5.88,10.61,0,0.0,-1.0797330366972306,2.986598714,135.47,-32.494281428919905
2019-08-21,92.8499984741211,0.015308929170016805,0.02,30.63,16.09,5.8999999999999995,10.629999999999999,0,0.0,-1.0789474792110942,2.986598714,135.47,-31.460841164744153
2019-08-22,93.5,0.007000555051813739,0.0,30.27,14.54,5.8999999999999995,10.629999999999999,0,0.0,-1.07834900555891,2.986598714,135.47,-30.981029010112938
2019-08-23,92.5999984741211,-0.009625684768758358,0.0,30.17,13.51,5.8999999999999995,10.629999999999999,0,0.0,-1.0777510598278,2.986598714,135.47,-31.64538386792567
2019-08-26,94.1500015258789,0.016738694139298405,0.0,29.04,13.56,5.8999999999999995,10.59,0,0.0,-1.0759253827183848,2.986598714,135.47,-30.50121685548173
2019-08-27,93.8000030517578,-0.0037174558518185963,0.0,26.58,16.0,5.8999999999999995,10.59,0,0.0,-1.0753076553050571,2.986598714,135.47,-30.759575513576586
2019-08-28,94.1999969482422,0.004264327115892419,0.0,28.11,14.07,5.8999999999999995,10.59,0,0.0,-1.074690490064724,2.986598714,135.47,-30.46431169392323
2019-08-29,91.9000015258789,-0.02441608807723228,0.0,28.65,14.1,5.779999999999999,10.59,0,0.0,-1.0751836306796747,2.986598714,135.47,-32.16210118411537
2019-08-30,93.5999984741211,0.018498334276561224,0.0,30.22,14.63,5.77,10.59,0,0.0,-1.0746577942420341,2.986598714,135.47,-30.907213055199605
2019-09-03,92.3499984741211,-0.01335470107241088,0.05,33.8,17.82,5.75,9.389999999999999,0,0.0,-1.0732623688095946,2.782891826,126.23000000000002,-26.83989663778731
2019-09-04,93.4000015258789,0.011369822080203429,0.0,34.09,16.5,1.4500000000000002,9.389999999999999,0,0.0,-1.112828515712738,2.782891826,126.23000000000002,-26.008079279189662
2019-09-05,92.1999969482422,-0.012848014539959207,0.0,34.34,17.82,1.4500000000000002,9.389999999999999,0,0.0,-1.1124560803318289,2.782891826,126.23000000000002,-26.95872855245014
2019-09-06,93.8499984741211,0.01789589566695038,0.0,30.97,16.88,1.4500000000000002,9.389999999999999,0,0.0,-1.1120849553960572,2.782891826,126.23000000000002,-25.651589579243385
2019-09-09,95.0,0.012253612622018517,0.0,31.84,16.74,1.4500000000000002,9.389999999999999,0,0.0,-1.1118769519425717,2.782891826,126.23000000000002,-24.74055295888459
2019-09-10,98.3499984741211,0.03526314183285373,0.0,34.0,16.55,1.4500000000000002,9.389999999999999,0,0.0,-1.111810464423088,2.782891826,126.23000000000002,-22.086668403611597
2019-09-11,100.1500015258789,0.018302014028311886,0.0,35.45,17.34,1.4500000000000002,9.389999999999999,0,0.0,-1.111743983495237,2.782891826,126.23000000000002,-20.660697515741987
2019-09-12,100.3499984741211,0.0019969739909639905,0.0,35.57,17.69,1.4500000000000002,9.389999999999999,0,0.0,-1.111677509157754,2.782891826,126.23000000000002,-20.502258992219694
2019-09-13,99.5,-0.008470338685060308,0.0,36.69,19.78,1.4500000000000002,9.389999999999999,0,0.0,-1.1116110414093732,2.782891826,126.23000000000002,-21.175631783252804
2019-09-16,100.8000030517578,0.013065357304098413,0.0,34.12,17.18,1.35,9.379999999999999,0,0.0,-1.1102461138798516,2.782891826,126.23000000000002,-20.145763248231177
2019-09-17,96.8499984741211,-0.0391865521631829,0.0,34.05,17.29,1.35,9.379999999999999,0,0.0,-1.1091357758826454,2.782891826,126.23000000000002,-23.274975462155524
2019-09-18,96.8499984741211,0.0,0.0,35.87,18.54,1.3200000000000003,9.379999999999999,0,0.0,-1.1082156857240653,2.782891826,126.23000000000002,-23.274975462155524
2019-09-19,98.3499984741211,0.015487868080873657,0.0,36.46,19.81,1.2100000000000002,9.379999999999999,0,0.0,-1.1077316373078039,2.782891826,126.23000000000002,-22.086668403611597
2019-09-20,98.4000015258789,0.0005084194461981717,0.0,36.76,17.86,1.1900000000000002,9.379999999999999,0,0.0,-1.1059776440450837,2.782891826,126.23000000000002,-22.0470557507099
2019-09-23,99.0,0.006097545374156299,0.14,31.73,18.85,1.5300000000000002,9.72,0,0.0,-1.097025880936509,2.782891826,126.23000000000002,-21.57173413610078
2019-09-24,99.1500015258789,0.0015151669280697444,2.37,32.12,15.63,3.9000000000000004,12.09,0,0.0,-1.0734010431509067,2.782891826,126.23000000000002,-21.452902221437935
2019-09-25,100.9499969482422,0.018154265200827968,11.19,29.78,18.26,15.09,23.28,0,0.0,-0.9691492754491502,2.782891826,126.23000000000002,-20.02693737761056
2019-09-26,100.8499984741211,-0.0009905743154442481,25.09,24.51,18.23,40.18,48.37,0,0.0,-0.7380336057902891,2.782891826,126.23000000000002,-20.10615663937172
2019-09-27,100.9000015258789,0.0004958160883923313,0.1,29.38,17.03,40.28,48.47,0,0.0,-0.7371619208208536,2.782891826,126.23000000000002,-20.066543986470023
2019-09-30,101.1500015258789,0.0024777006562866077,0.0,32.15,13.72,40.38,48.57,0,0.0,-0.7363600763944065,2.782891826,126.23000000000002,-19.868492810046035
2019-10-01,101.3499984741211,0.0019772312923891366,0.0,31.7,17.18,40.29,48.57,0,0.0,-0.73699233416173,2.841534718,128.89000000000001,-21.367058364402915
2019-10-02,100.5999984741211,-0.007400098779394737,0.0,33.03,17.26,39.24,47.49,0,0.0,-0.7463099132683652,2.841534718,128.89000000000001,-21.948949899820715
2019-10-03,102.0500030517578,0.014413564608648732,0.06,33.99,16.49,39.25,46.41,0,0.0,-0.7458592601504846,2.841534718,128.89000000000001,-20.823956046428904
2019-10-04,99.0,-0.02988733915285524,0.0,33.03,16.85,39.25,46.339999999999996,0,0.0,-0.7454892359929939,2.841534718,128.89000000000001,-23.190317324850657
2019-10-07,97.0,-0.02020202020202022,5.36,32.95,20.15,45.7,52.79,0,0.0,-0.6811660400189435,2.841534718,128.89000000000001,-24.742028085964783
2019-10-08,95.6999969482422,-0.013402093317090746,5.15,31.26,20.16,50.85,57.94,0,0.0,-0.6320355095345921,2.841534718,128.89000000000001,-25.750642448411675
2019-10-09,95.4499969482422,-0.0026123302818411576,7.48,28.85,19.88,58.330000000000005,65.42,0,0.0,-0.5617278155433991,2.841534718,128.89000000000001,-25.944606293550944
2019-10-10,93.5,-0.02042951294487294,16.43,25.87,18.57,74.76,81.85,0,0.0,-0.4097364943499083,2.841534718,128.89000000000001,-27.457521917914505
2019-10-11,93.6999969482422,0.0021390047940341717,1.5,28.84,17.89,76.26,83.35,0,0.0,-0.394771891453136,2.841534718,128.89000000000001,-27.302353209525805
2019-10-14,94.8499984741211,0.012273229064394986,0.0,32.78,17.54,76.26,83.35,0,0.0,-0.3913641795137459,2.841534718,128.89000000000001,-26.410118338023832
2019-10-15,94.4499969482422,-0.0042172011841205,0.12,33.5,18.17,76.38000000000001,83.47,0,0.0,-0.3891728976129273,2.841534718,128.89000000000001,-26.720461674108005
2019-10-16,93.5500030517578,-0.009528786930269484,0.15,33.2,16.98,76.53,83.62,0,0.0,-0.3868543113779098,2.841534718,128.89000000000001,-27.418726781163947
2019-10-17,92.9000015258789,-0.006948172150451626,0.0,33.76,18.98,76.53,83.62,0,0.0,-0.38572931044969194,2.841534718,128.89000000000001,-27.92303396238739
2019-10-18,95.6999969482422,0.03013988564449388,0.0,34.55,17.63,76.53,83.62,0,0.0,-0.38414189389291464,2.841534718,128.89000000000001,-25.750642448411675
2019-10-21,96.3499984741211,0.006792074677185678,9.04,27.5,19.5,89.10000000000001,96.19,0,0.0,-0.26445465111801636,2.841534718,128.89000000000001,-25.246335267188236
2019-10-22,98.9000015258789,0.026466041433749643,1.54,30.25,17.87,90.44,97.73,0,0.0,-0.2509758213082031,2.841534718,128.89000000000001,-23.267901679045004
2019-10-23,97.75,-0.0116279222258453,0.05,31.83,18.34,90.35000000000001,97.78,0,0.0,-0.25056305551943914,2.841534718,128.89000000000001,-24.160136550546987
2019-10-24,96.4499969482422,-0.013299263956601526,1.86,29.26,20.02,89.84,99.64,0,0.0,-0.25343374471452484,2.841534718,128.89000000000001,-25.168750912993875
2019-10-25,99.4499969482422,0.031104200051036646,0.49,33.2,18.1,79.14,100.13,0,0.0,-0.3492921012389824,2.841534718,128.89000000000001,-22.841184771322688
2019-10-28,100.5,0.010558100391941272,3.83,30.57,18.58,64.29,110.45,0,0.0,-0.47704562593773336,2.841534718,128.89000000000001,-22.026534254015058
2019-10-29,98.9499969482422,-0.015422915937888582,3.64,28.1,19.05,67.93,114.08000000000001,0,0.0,-0.441122670011059,2.841534718,128.89000000000001,-23.22911246160122
2019-10-30,99.3499984741211,0.004042461225017835,1.69,30.99,18.2,69.62,115.77000000000001,0,0.0,-0.4231284707234457,2.841534718,128.89000000000001,-22.918769125517045
2019-10-31,101.9499969482422,0.02617009073028176,1.34,30.85,18.79,70.96,117.11,0,0.0,-0.40828731972282617,2.841534718,128.89000000000001,-20.901546319930027
2019-11-01,104.0,0.02010792656324001,10.4,31.57,20.16,81.36,127.45,0,0.0,-0.3105100738271727,2.799646938,126.99000000000002,-18.1037876998189
2019-11-04,103.6500015258789,-0.0033653699434720297,1.7,32.96,20.47,87.62,128.32,0,0.0,-0.2455799017181033,2.799646938,126.99000000000002,-18.379398751178133
2019-11-05,105.8000030517578,0.020742899124242653,5.07,30.04,20.03,91.60000000000001,133.39000000000001,0,0.0,-0.2068239723157308,2.799646938,126.99000000000002,-16.6863508530138
2019-11-06,108.0,0.020793921406277782,0.61,31.46,19.23,86.85000000000001,134.0,0,0.0,-0.24829389385132764,2.799646938,126.99000000000002,-14.953933380581164
2019-11-07,109.0999984741211,0.010185171056676712,1.29,32.72,20.82,82.99000000000001,135.29,0,0.0,-0.2812336346290722,2.799646938,126.99000000000002,-14.087724644364851
2019-11-08,109.4499969482422,0.0032080520533108725,2.82,31.05,20.43,78.33,138.11,0,0.0,-0.32098382800512687,2.799646938,126.99000000000002,-13.812113593005607
2019-11-11,106.0,-0.03152121557274845,0.51,33.58,19.79,65.12,142.83,0,0.0,-0.43146240627972526,2.799646938,126.99000000000002,-16.52886054020003
2019-11-12,105.5999984741211,-0.00377359930074439,1.08,33.97,19.55,66.2,143.91,0,0.0,-0.4177160025843733,2.799646938,126.99000000000002,-16.84384717369787
2019-11-13,107.9499969482422,0.02225377375073556,4.11,30.89,19.42,70.31,148.02,0,0.0,-0.3758988679578516,2.799646938,126.99000000000002,-14.993308962719757
2019-11-14,108.0500030517578,0.0009264113602851509,4.9,29.01,20.38,75.09,152.82000000000002,0,0.0,-0.3278155235892119,2.799646938,126.99000000000002,-14.914557798442571
2019-11-15,106.1500015258789,-0.017584465268073668,12.57,28.01,19.07,87.51,165.39000000000001,0,0.0,-0.20857874023189346,2.799646938,126.99000000000002,-16.41073980165455
2019-11-18,105.5500030517578,-0.0056523642533800045,3.16,29.03,19.64,94.10000000000001,171.89,0,0.0,-0.13763874692684883,2.799646938,126.99000000000002,-16.883216747966156
2019-11-19,102.6999969482422,-0.027001478172559268,3.33,27.41,19.81,93.95,175.20000000000002,0,0.0,-0.1356385367856324,2.799646938,126.99000000000002,-19.127492756719285
2019-11-20,109.6999969482422,0.06815969043823622,8.84,27.96,18.85,93.75,184.04000000000002,0,0.0,-0.1337198578178253,2.799646938,126.99000000000002,-13.615247698053249
2019-11-21,115.25,0.050592554294931924,2.01,24.28,18.66,94.22,186.05,0,0.0,-0.12504982186085795,2.799646938,126.99000000000002,-9.244822426962768
2019-11-22,114.5999984741211,-0.005639926471834311,4.4,27.03,17.76,98.57,190.45000000000002,0,0.0,-0.07961151319849834,2.799646938,126.99000000000002,-9.756674955412967
2019-11-25,117.8000030517578,0.027923251485551637,1.14,29.83,17.1,113.73,210.39000000000001,0,0.0,0.07939669802216826,2.799646938,126.99000000000002,-7.236787895300593
2019-11-26,115.6999969482422,-0.01782687647803305,0.43,30.21,18.23,109.98,210.82000000000002,0,0.0,0.049311885805942646,2.799646938,126.99000000000002,-8.890466219196645
2019-11-27,117.3000030517578,0.013828920879153994,4.35,30.6,19.24,110.5,215.17000000000002,0,0.0,0.06039191935326116,2.799646938,126.99000000000002,-7.63051968520531
2019-11-29,118.5500030517578,0.01065643621039336,10.29,28.61,19.73,139.19,249.19,0,0.0,0.35413094349454693,2.799646938,126.99000000000002,-6.646190210443518
2019-12-02,121.5,0.024883988800525447,10.18,26.18,20.07,147.46,272.5,0,0.0,0.46159026247807644,3.108073276,140.98000000000002,-13.817562774861694
2019-12-03,122.8499984741211,0.011111098552436971,12.15,28.7,19.25,159.48,284.65,0,0.0,0.5935421382888376,3.108073276,140.98000000000002,-12.859981221363967
2019-12-04,120.5999984741211,-0.01831501854250306,20.11,25.56,19.86,177.89,304.76,0,0.0,0.7912048288212673,3.108073276,140.98000000000002,-14.455952281088752
2019-12-05,123.9499969482422,0.027777765476837635,16.58,26.28,20.12,189.4,321.34,0,0.0,0.9183897681152808,3.108073276,140.98000000000002,-12.07972978561343
2019-12-06,123.6999969482422,-0.0020169423651086316,11.61,26.77,19.26,200.39999999999998,332.95,0,0.0,1.0415209812815867,3.108073276,140.98000000000002,-12.257059903360629
2019-12-09,127.3000030517578,0.029102717803799916,4.55,25.75,17.77,214.84,353.28,0,0.0,1.215590563312206,3.108073276,140.98000000000002,-9.703501878452418
2019-12-10,132.0500030517578,0.03731343194130754,10.36,25.62,18.95,222.77,363.64,0,0.0,1.303420195249912,3.108073276,140.98000000000002,-6.334229641255643
2019-12-11,133.85000610351562,0.013631223098512946,9.19,26.68,19.8,231.45000000000002,372.83,0,0.0,1.3985475375898895,3.108073276,140.98000000000002,-5.057450628801527
2019-12-12,135.89999389648438,0.015315559951363467,10.61,24.6,19.72,240.98,383.44,0,0.0,1.5024917237403421,3.108073276,140.98000000000002,-3.6033523219716574
2019-12-13,129.4499969482422,-0.04746134832908955,4.21,27.77,19.37,241.08,387.65,0,0.0,1.507413036923502,3.108073276,140.98000000000002,-8.178467195175081
2019-12-16,135.8000030517578,0.04905373698892035,0.0,29.19,17.47,222.19,387.98999999999995,0,0.0,1.3190965559385135,3.108073276,140.98000000000002,-3.67427787504767
2019-12-17,132.1999969482422,-0.026509617250476403,0.0,29.39,16.36,220.47,387.98999999999995,0,0.0,1.3053219424427762,3.108073276,140.98000000000002,-6.227835899955901
2019-12-18,131.6999969482422,-0.003782148347520442,16.86,30.07,18.62,234.17,404.84999999999997,0,0.0,1.4545207299290785,3.108073276,140.98000000000002,-6.582496135450297
2019-12-19,127.1999969482422,-0.03416856571202864,6.45,27.88,18.9,237.29,411.29999999999995,0,0.0,1.4879695490640623,3.108073276,140.98000000000002,-9.774438254899854
2019-12-20,130.6999969482422,0.027515723930592095,9.18,27.28,19.41,237.63,420.47999999999996,0,0.0,1.4902363623275638,3.108073276,140.98000000000002,-7.29181660643909
2019-12-23,125.3000030517578,-0.04131594508470271,7.35,26.49,18.54,252.31,451.87,0,0.0,1.6314852219043434,3.108073276,140.98000000000002,-11.122142820430003
2019-12-24,129.39999389648438,0.03272139461188184,2.96,25.87,17.7,249.48,443.64,0,0.0,1.594542091986762,3.108073276,140.98000000000002,-8.21393538339881
2019-12-26,127.3000030517578,-0.01622867808175088,19.47,27.34,19.9,269.93,440.47,0,0.0,1.7916750369428516,3.108073276,140.98000000000002,-9.703501878452418
2019-12-27,132.5,0.04084836467857733,6.14,27.67,19.12,271.71999999999997,446.51,0,0.0,1.8005422035893581,3.108073276,140.98000000000002,-6.0150375939849745
2019-12-30,132.14999389648438,-0.002641555498231085,1.02,28.62,18.47,228.17,447.7,0,0.0,1.33410852624708,3.108073276,140.98000000000002,-6.2633040881796305
2019-12-31,129.6999969482422,-0.01853951616646554,10.87,28.49,17.87,235.43999999999997,458.57,0,0.0,1.4058314033478065,3.108073276,140.98000000000002,-8.001137077427883
2020-01-02,127.0999984741211,-0.020046249308383945,8.65,26.6,18.95,230.45999999999998,475.85999999999996,0,0.0,1.3451785033664538,3.455080464,156.72000000000003,-18.899949927181552
2020-01-03,126.3499984741211,-0.005900865531109467,11.04,28.13,18.07,221.39,486.9,0,0.0,1.2476482933836501,3.455080464,156.72000000000003,-19.378510417227492
2020-01-06,122.1500015258789,-0.03324097347814714,0.86,28.82,19.43,190.65,484.56,0,0.0,0.923376220107606,3.455080464,156.72000000000003,-22.058447214217146
2020-01-07,122.4000015258789,0.0020466639122147523,3.26,26.57,19.88,189.94,480.34,0,0.0,0.9140196784617516,3.455080464,156.72000000000003,-21.8989270508685
2020-01-08,119.1500015258789,-0.0265522872506897,1.78,27.69,19.43,187.17,465.69,0,0.0,0.883641121823429,3.455080464,156.72000000000003,-23.972689174400916
2020-01-09,117.3499984741211,-0.015107033392415481,5.57,27.82,20.01,182.38,469.76,0,0.0,0.8329012328630234,3.455080464,156.72000000000003,-25.121236297778793
2020-01-10,118.9499969482422,0.013634414102476011,3.84,27.91,19.85,177.02999999999997,473.59999999999997,0,0.0,0.776704493309591,3.455080464,156.72000000000003,-24.10030822598125
2020-01-13,114.5500030517578,-0.036990281709708195,0.15,30.83,19.65,169.51999999999998,481.13,0,0.0,0.6965043862321736,3.455080464,156.72000000000003,-26.907859206382224
2020-01-14,114.9000015258789,0.003055420906125761,0.36,29.91,19.89,169.88,481.34,0,0.0,0.6992638253965558,3.455080464,156.72000000000003,-26.684531951327916
2020-01-15,114.3000030517578,-0.005221918765475175,0.9,28.72,20.87,170.78,482.24,0,0.0,0.707362221406594,3.455080464,156.72000000000003,-27.067379369730872
2020-01-16,112.9499969482422,-0.011811076705783519,2.7,30.79,20.98,173.48,484.94,0,0.0,0.733951110407989,3.455080464,156.72000000000003,-27.928792146348787
2020-01-17,112.1500015258789,-0.007082739654520553,13.3,25.01,20.01,169.92000000000002,498.19,0,0.0,0.6968844752291568,3.455080464,156.72000000000003,-28.43925374816304
2020-01-21,111.0500030517578,-0.009808278726302855,11.4,28.89,19.34,167.86,524.4000000000001,0,0.0,0.6741262142086366,3.455080464,156.72000000000003,-29.141141493263284
2020-01-22,111.0,-0.0004502751047605891,13.41,28.68,19.02,173.92,535.95,0,0.0,0.7356115779597032,3.455080464,156.72000000000003,-29.173047473200626
2020-01-23,112.5999984741211,0.014414400667757565,24.27,24.2,20.01,195.23000000000002,559.73,0,0.0,0.9519129059892817,3.455080464,156.72000000000003,-28.15211940140309
2020-01-24,110.1500015258789,-0.021758410137148188,49.48,27.08,20.08,242.16,606.78,0,0.0,1.4261707737207254,3.455080464,156.72000000000003,-29.715415054952217
2020-01-27,106.5999984741211,-0.03222880619682755,1.65,28.94,18.59,230.72,609.31,0,0.0,1.2935351143489924,3.455080464,156.72000000000003,-31.980603321770623
2020-01-28,105.0500030517578,-0.014540294977017143,9.33,26.07,18.78,239.89,616.95,0,0.0,1.3796036163192218,3.455080464,156.72000000000003,-32.96962541363082
2020-01-29,102.0500030517578,-0.028557828775330085,9.38,23.51,19.23,248.25,624.99,0,0.0,1.455999114309034,3.455080464,156.72000000000003,-34.88386737381459
2020-01-30,101.5,-0.005389544687018244,0.41,27.64,18.86,237.79,615.0,0,0.0,1.343239184769092,3.455080464,156.72000000000003,-35.234813680449214
2020-01-31,102.6500015258789,0.011330064294373443,0.71,28.39,19.9,229.79999999999998,611.22,0,0.0,1.2562714509945923,3.455080464,156.72000000000003,-34.501019955411635
2020-02-03,97.9000015258789,-0.0462737450500913,5.2,27.28,20.85,245.19,645.01,0,0.0,1.386746633815366,3.134749178,142.19,-31.148462250595045
2020-02-04,98.1500015258789,0.002553626109330631,13.21,26.43,20.03,255.60999999999999,657.61,0,0.0,1.4815471089798282,3.134749178,142.19,-30.972641166130593
2020-02-05,97.75,-0.004075410286911052,5.35,26.23,20.0,260.1,661.67,0,0.0,1.516792384470561,3.134749178,142.19,-31.253955974400448
2020-02-06,98.1500015258789,0.004092087221267526,28.88,23.56,19.19,285.72,687.73,0,0.0,1.7587778734949482,3.134749178,142.19,-30.972641166130593
2020-02-07,98.3499984741211,0.002037666277462602,12.36,21.95,16.78,296.29999999999995,698.3100000000001,0,0.0,1.8507838790669457,3.134749178,142.19,-30.831986444812507
2020-02-10,100.3000030517578,0.019827194792990444,5.61,26.36,18.5,290.89,705.66,0,0.0,1.7632969899310962,3.134749178,142.19,-29.460578766609608
2020-02-11,100.5,0.0019939874591927698,17.76,25.38,18.23,308.52,719.3100000000001,0,0.0,1.920990662185156,3.134749178,142.19,-29.31992404529151
2020-02-12,100.6500015258789,0.00149255249630742,17.35,26.02,18.65,325.71999999999997,731.76,0,0.0,2.070922177517453,3.134749178,142.19,-29.214430321486105
2020-02-13,104.4499969482422,0.03775454907853382,13.72,26.57,19.49,339.08000000000004,732.91,0,0.0,2.180757263228803,3.134749178,142.19,-26.54195305700668
2020-02-14,109.0999984741211,0.044518924478122335,5.33,28.48,18.6,343.51,736.48,0,0.0,2.204782981801148,3.134749178,142.19,-23.2716798128412
2020-02-18,106.5500030517578,-0.02337301061436925,11.43,26.31,20.02,342.09,751.4599999999999,0,0.0,2.1393482023341632,3.134749178,142.19,-25.06505165499838
2020-02-19,106.8000030517578,0.0023463162162329354,7.81,27.88,18.4,338.43,757.26,0,0.0,2.094297138742088,3.134749178,142.19,-24.889230570533933
2020-02-20,103.5999984741211,-0.029962588822079916,3.82,28.22,19.15,330.84999999999997,756.68,0,0.0,2.015304185304506,3.134749178,142.19,-27.13974367105908
2020-02-21,108.8499984741211,0.050675676422055504,2.28,25.17,19.44,319.72,745.95,0,0.0,1.907382681551269,3.134749178,142.19,-23.447500897305652
2020-02-24,105.9000015258789,-0.02710148819104985,5.93,25.32,19.96,251.10999999999999,755.9499999999999,0,0.0,1.2744342134153726,3.134749178,142.19,-25.522187547732678
2020-02-25,107.0999984741211,0.011331415778581766,12.34,26.47,19.62,263.14,763.9399999999999,0,0.0,1.384652199936352,3.134749178,142.19,-24.678248488556793
2020-02-26,109.0999984741211,0.018674136587250034,23.48,25.04,19.23,284.97,763.6899999999999,0,0.0,1.5843926363052476,3.134749178,142.19,-23.2716798128412
2020-02-27,108.1999969482422,-0.008249326658720135,45.31,24.3,19.75,320.95,798.71,0,0.0,1.9115007173972838,3.134749178,142.19,-23.904636790039945
2020-02-28,110.0999984741211,0.017560088534824603,35.59,25.3,18.97,347.15999999999997,823.5799999999999,0,0.0,2.1465224111631036,3.134749178,142.19,-22.568395474983404
2020-03-02,114.6500015258789,0.041326095502419946,15.98,23.79,18.06,364.84000000000003,843.9300000000001,0,0.0,2.288595810929689,2.9872601,135.5,-15.387452748428851
2020-03-03,121.0500030517578,0.05582207972700526,4.25,27.56,16.93,361.08000000000004,828.0699999999999,0,0.0,2.253712088775626,2.9872601,135.5,-10.664204389846644
2020-03-04,117.1500015258789,-0.03221810349076448,1.38,28.51,17.27,357.26,812.87,0,0.0,2.218859762732855,2.9872601,135.5,-13.542434298244348
2020-03-05,109.8499984741211,-0.06231329881925107,1.76,27.77,16.99,345.81,803.0200000000001,0,0.0,2.1167077507636542,2.9872601,135.5,-18.92989042500288
2020-03-06,105.5999984741211,-0.03868912206677211,7.69,25.98,18.09,348.15,798.9,0,0.0,2.141809011792533,2.9872601,135.5,-22.066421790316536
2020-03-09,108.9499969482422,0.03172347085726601,1.04,27.53,16.0,309.07000000000005,784.25,0,0.0,1.790767787877761,2.9872601,135.5,-19.59409819317919
2020-03-10,114.25,0.0486461973401946,3.28,27.34,17.63,308.65999999999997,778.34,0,0.0,1.789295322994662,2.9872601,135.5,-15.682656826568268
2020-03-11,111.5500030517578,-0.023632358409122145,0.77,27.38,18.03,303.82000000000005,768.5,0,0.0,1.7493290654024678,2.9872601,135.5,-17.67527450054775
2020-03-12,109.1500015258789,-0.0215150287783078,0.83,27.55,18.66,286.89000000000004,765.12,0,0.0,1.599742014179785,2.9872601,135.5,-19.446493338834756
2020-03-13,107.0500030517578,-0.019239564312999224,2.32,27.82,18.51,271.86,767.1,0,0.0,1.4680415231323594,2.9872601,135.5,-20.99630771087985
2020-03-16,103.9000015258789,-0.029425515516855127,0.32,27.78,16.66,255.79000000000002,774.4599999999999,0,0.0,1.338741079118023,2.9872601,135.5,-23.32103208422221
2020-03-17,102.9000015258789,-0.009624638934686902,2.64,28.69,18.1,251.21,760.24,0,0.0,1.2968988766619824,2.9872601,135.5,-24.05903946429601
2020-03-18,108.0500030517578,0.050048604951513864,2.11,28.6,19.13,244.32000000000002,755.9,0,0.0,1.2333188271042372,2.9872601,135.5,-20.258300330806055
2020-03-19,116.6500015258789,0.0795927647498682,3.38,27.65,19.93,236.27,750.0999999999999,0,0.0,1.1597861733300063,2.9872601,135.5,-13.91143798828125
2020-03-20,119.6999969482422,0.02614655278582778,2.94,26.9,20.0,231.4,732.9,0,0.0,1.1162004786196358,2.9872601,135.5,-11.66051885738583
2020-03-23,121.25,0.012949065090018363,0.69,25.82,17.49,238.44,737.58,0,0.0,1.1822796334602985,2.9872601,135.5,-10.516605166051662
2020-03-24,125.5999984741211,0.03587627607522559,0.02,25.23,15.17,235.49,735.05,0,0.0,1.1546760996217933,2.9872601,135.5,-7.306274188840521
2020-03-25,129.9499969482422,0.03463374623382154,0.03,25.37,15.68,229.59000000000003,715.61,0,0.0,1.0997873120471584,2.9872601,135.5,-4.095943211629382
2020-03-26,124.6500015258789,-0.04078488300753269,0.13,25.96,16.86,217.38000000000002,709.6,0,0.0,0.9863912264327149,2.9872601,135.5,-8.007378947690844
2020-03-27,115.8499984741211,-0.07059769710416586,0.17,25.74,17.95,194.07,709.7600000000001,0,0.0,0.7694705923252201,2.9872601,135.5,-14.50184614456008
2020-03-30,119.3000030517578,0.029779927691646613,7.18,27.8,17.72,108.86,707.38,0,0.0,-0.022335000102050646,2.9872601,135.5,-11.955717304975796
2020-03-31,119.5500030517578,0.0020955573646677106,2.57,27.4,17.18,95.11,701.2500000000001,0,0.0,-0.14941353294344945,2.9872601,135.5,-11.771215459957345
2020-04-01,116.0,-0.02969471318391237,5.31,27.62,18.55,84.44,697.91,0,0.0,-0.24784333377515302,3.270112846,148.33,-21.795995415627324
2020-04-02,119.3499984741211,0.028879297190699038,3.5,28.24,18.77,83.69,690.37,0,0.0,-0.2539205341393294,3.270112846,148.33,-19.53751872573243
2020-04-03,114.9000015258789,-0.037285270256681935,3.38,27.76,17.91,85.69,688.14,0,0.0,-0.2344364239622749,3.270112846,148.33,-22.53758408556671
2020-04-06,116.6500015258789,0.0152306351328102,0.75,28.87,17.88,74.99,682.36,0,0.0,-0.3327078737296723,3.270112846,148.33,-21.357782292267984
2020-04-07,119.9000015258789,0.027861122653127346,1.93,28.45,20.04,76.11,682.5100000000001,0,0.0,-0.3214937596096598,3.270112846,148.33,-19.166721818998926
2020-04-08,119.8000030517578,-0.0008340156200875581,2.85,27.48,19.58,77.92,679.79,0,0.0,-0.3039930130640673,3.270112846,148.33,-19.234138035624763
2020-04-09,118.5999984741211,-0.010016732446311072,0.07,27.99,17.4,74.71000000000001,676.02,0,0.0,-0.3334661808963036,3.270112846,148.33,-20.0431480657176
2020-04-13,119.75,0.009696471675164853,2.59,26.75,16.58,69.33000000000001,671.0699999999999,0,0.0,-0.38224816321865607,3.270112846,148.33,-19.267848715701483
2020-04-14,117.1999969482422,-0.021294388741192494,7.75,23.94,18.3,74.56,677.92,0,0.0,-0.33267195590600385,3.270112846,148.33,-20.986990529062098
2020-04-15,120.1999969482422,0.025597270291097818,0.88,23.87,17.47,75.12,676.0999999999999,0,0.0,-0.32678311437344887,3.270112846,148.33,-18.964473169121423
2020-04-16,118.5999984741211,-0.013311135729978996,1.79,23.33,17.75,74.27,664.59,0,0.0,-0.33402346740519173,3.270112846,148.33,-20.0431480657176
2020-04-17,116.0500030517578,-0.02150080484967054,0.6,25.78,16.99,72.76,652.21,0,0.0,-0.34740783811232245,3.270112846,148.33,-21.762284735550605
2020-04-20,113.6500015258789,-0.020680753664508722,0.08,25.02,17.12,61.7,629.66,0,0.0,-0.4492838946123571,3.270112846,148.33,-23.38029965220866
2020-04-21,109.6500015258789,-0.03519577603427637,0.33,25.33,16.18,50.65,616.5799999999999,0,0.0,-0.5515255490845841,3.270112846,148.33,-26.07698946546289
2020-04-22,110.5999984741211,0.008663902736179896,0.85,25.3,16.82,50.81,593.16,0,0.0,-0.5489748362468986,3.270112846,148.33,-25.436527692226065
2020-04-23,111.0500030517578,0.004068757539287038,0.14,26.16,16.81,50.93,543.8199999999999,0,0.0,-0.5468007935496609,3.270112846,148.33,-25.133147002118395
2020-04-24,105.1999969482422,-0.052679026949589924,0.0,26.12,16.67,50.900000000000006,531.5999999999999,0,0.0,-0.546028430947105,3.270112846,148.33,-29.077059968824788
2020-04-27,104.5999984741211,-0.005703407714130471,0.0,24.59,15.12,48.72,520.31,0,0.0,-0.5631140506452218,3.270112846,148.33,-29.481562412107404
2020-04-28,105.6999969482422,0.010516237955713326,0.0,23.49,13.19,48.11,510.93,0,0.0,-0.5677021434407129,3.270112846,148.33,-28.739973742168008
2020-04-29,103.6500015258789,-0.019394470024129862,0.0,24.03,11.62,40.93,510.52000000000004,0,0.0,-0.6332336589797986,3.270112846,148.33,-30.12202418534423
2020-04-30,104.6500015258789,0.009647853210598578,0.0,24.84,12.59,38.36,509.81,0,0.0,-0.6557231169460456,3.270112846,148.33,-29.447851732030678
2020-05-01,104.4499969482422,-0.001911176060396369,0.0,25.69,14.07,33.050000000000004,482.33000000000004,0,0.0,-0.7031289342678556,3.406578824,154.52,-32.40357432808556
2020-05-04,105.5500030517578,0.010531413457682381,0.0,25.07,12.82,25.84,455.91,0,0.0,-0.7629859460078707,3.406578824,154.52,-31.691688421073135
2020-05-05,108.8499984741211,0.03126475913738336,0.0,25.33,14.15,25.79,450.56,0,0.0,-0.7611452592192164,3.406578824,154.52,-29.556045512476647
2020-05-06,109.3499984741211,0.004593477326679807,0.81,25.96,15.58,25.85,422.49,0,0.0,-0.758354292236211,3.406578824,154.52,-29.23246280473655
2020-05-07,107.4499969482422,-0.01737541428798972,0.53,25.0,15.8,24.45,410.65999999999997,0,0.0,-0.7692752787353693,3.406578824,154.52,-30.462078081644968
2020-05-08,110.0999984741211,0.024662648684442345,0.0,22.99,13.88,21.599999999999998,408.59,0,0.0,-0.7935280455983773,3.406578824,154.52,-28.747088743126398
2020-05-11,108.9499969482422,-0.010445063958372303,0.0,23.4,10.78,21.18,381.53,0,0.0,-0.7915521727141189,3.406578824,154.52,-29.49132995842467
2020-05-12,105.5999984741211,-0.030748036419978586,0.0,24.45,10.85,21.06,364.18,0,0.0,-0.7912474739164833,3.406578824,154.52,-31.659333112787287
2020-05-13,103.5500030517578,-0.019412835719554322,0.01,24.73,12.98,18.48,350.46999999999997,0,0.0,-0.8137429771227995,3.406578824,154.52,-32.98601925203353
2020-05-14,104.9000015258789,0.01303716498633345,0.72,23.5,14.53,11.450000000000001,345.86,0,0.0,-0.8769508343173728,3.406578824,154.52,-32.11234692863131
2020-05-15,104.8000030517578,-0.0009532742866208421,3.4,23.21,15.82,13.969999999999999,344.88,0,0.0,-0.8523068268954593,3.406578824,154.52,-32.17706248268328
2020-05-18,105.6999969482422,0.008587727769816311,0.0,24.24,12.19,9.13,317.69,0,0.0,-0.8916529998144102,3.406578824,154.52,-31.59461755873531
2020-05-19,107.0500030517578,0.012772054328219706,0.0,24.13,14.15,7.33,309.88000000000005,0,0.0,-0.9062139713047864,3.406578824,154.52,-30.720940297852838
2020-05-20,105.6500015258789,-0.013078014815207428,0.0,22.36,14.47,7.25,306.06,0,0.0,-0.9049704967380338,3.406578824,154.52,-31.626972867021163
2020-05-21,104.75,-0.008518708120022644,0.0,24.14,13.92,6.92,303.78000000000003,0,0.0,-0.9061535628602071,3.406578824,154.52,-32.2094227284494
2020-05-22,103.5999984741211,-0.01097853485325928,0.12,25.14,13.83,6.1899999999999995,295.44000000000005,0,0.0,-0.9110512494777295,3.406578824,154.52,-32.95366394374768
2020-05-26,105.0999984741211,0.014478764692015922,0.04,21.09,6.71,18.479999999999997,263.15,0,0.0,-0.7934566475840239,3.406578824,154.52,-31.982915820527385
2020-05-27,102.5,-0.02473833027467931,0.0,21.79,5.48,18.479999999999997,217.84,0,0.0,-0.7923392359931223,3.406578824,154.52,-33.66554491327984
2020-05-28,99.0999984741211,-0.03317074659394059,0.0,23.03,6.84,18.479999999999997,182.25,0,0.0,-0.791248349461444,3.406578824,154.52,-35.86590831340856
2020-05-29,96.3000030517578,-0.02825424284032141,0.06,22.6,7.66,18.54,168.33,0,0.0,-0.7896146712254256,3.406578824,154.52,-37.677968514264954
2020-06-01,98.3000030517578,0.02076843132523143,0.0,23.8,12.23,18.54,131.78,0,0.0,-0.7874728013904331,3.303402608,149.84000000000003,-34.39668776577831
2020-06-02,98.1999969482422,-0.0010173560570790885,0.0,24.89,12.87,18.54,130.4,0,0.0,-0.7870005452297529,3.303402608,149.84000000000003,-34.463429692844244
2020-06-03,99.0999984741211,0.009164985273403259,0.0,25.87,13.67,18.54,128.64000000000001,0,0.0,-0.7865305206791927,3.303402608,149.84000000000003,-33.8627879911098
2020-06-04,98.1500015258789,-0.009586245841267771,0.0,26.25,13.99,18.54,120.95,0,0.0,-0.7860608092263252,3.303402608,149.84000000000003,-34.49679556468307
2020-06-05,98.9000015258789,0.007641365138463696,0.0,25.4,14.67,17.73,118.57000000000001,0,0.0,-0.7929681299238179,3.303402608,149.84000000000003,-33.99626166185339
2020-06-08,98.9000015258789,0.0,0.41,27.09,15.84,17.61,113.85,0,0.0,-0.7926601766750672,3.303402608,149.84000000000003,-33.99626166185339
2020-06-09,97.8000030517578,-0.011122330203738873,1.08,26.38,16.19,18.689999999999998,114.16,0,0.0,-0.7824774672047313,3.303402608,149.84000000000003,-34.73037703433143
2020-06-10,96.75,-0.010736227188071878,0.0,26.72,14.11,18.689999999999998,113.33,0,0.0,-0.7821287383210894,3.303402608,149.84000000000003,-35.431126534970645
2020-06-11,96.0,-0.007751937984496138,0.0,26.63,14.18,18.689999999999998,111.00999999999999,0,0.0,-0.7817805692378041,3.303402608,149.84000000000003,-35.93166043780033
2020-06-12,95.1999969482422,-0.008333365122477066,0.0,26.57,14.9,18.679999999999996,106.49,0,0.0,-0.7815444108038403,3.303402608,149.84000000000003,-36.465565304162986
2020-06-15,94.0,-0.012605010364597047,0.0,24.16,13.44,14.139999999999997,101.00999999999999,0,0.0,-0.8232750990238294,3.303402608,149.84000000000003,-37.26641751201283
2020-06-16,93.6500015258789,-0.0037233880225647775,0.0,24.32,13.93,14.099999999999998,98.89999999999999,0,0.0,-0.8241377617859603,3.303402608,149.84000000000003,-37.49999898166118
2020-06-17,96.25,0.027762930397845498,0.0,23.13,13.55,14.099999999999998,95.52,0,0.0,-0.8246381530159713,3.303402608,149.84000000000003,-35.764815803523774
2020-06-18,94.5999984741211,-0.017142872996144476,0.0,23.09,11.56,14.099999999999998,92.58,0,0.0,-0.8251402482447102,3.303402608,149.84000000000003,-36.865991408087915
2020-06-19,93.75,-0.008985184860797024,0.0,25.12,10.64,14.099999999999998,83.05,0,0.0,-0.8256427249955467,3.303402608,149.84000000000003,-37.43326214628939
2020-06-22,95.9499969482422,0.023466634114583496,0.0,24.77,10.0,9.969999999999999,70.96,0,0.0,-0.8646159971259457,3.303402608,149.84000000000003,-35.965031401333306
2020-06-23,96.25,0.003126660357473776,0.0,24.5,10.57,1.79,70.92999999999999,0,0.0,-0.9391444586863462,3.303402608,149.84000000000003,-35.764815803523774
2020-06-24,96.6500015258789,0.004155860009131596,0.03,25.19,11.74,1.62,70.83,0,0.0,-0.9406553766008365,3.303402608,149.84000000000003,-35.49786337034244
2020-06-25,94.8499984741211,-0.01862393195385359,0.0,25.8,12.37,1.58,70.66,0,0.0,-0.9409813706811047,3.303402608,149.84000000000003,-36.69914677381135
2020-06-26,95.6500015258789,0.008434402368241223,0.02,25.95,14.0,1.6,68.8,0,0.0,-0.9407614479502723,3.303402608,149.84000000000003,-36.16524190744869
2020-06-29,98.6500015258789,0.031364348689407295,0.0,23.78,14.42,1.54,58.44,0,0.0,-0.9411897108042027,3.303402608,149.84000000000003,-34.163106296129946
2020-06-30,100.0500030517578,0.014191601664715892,0.0,23.56,13.13,1.54,53.13,0,0.0,-0.9411492443579825,3.303402608,149.84000000000003,-33.22877532584238
2020-07-01,103.0500030517578,0.029985006581639384,0.0,25.09,12.62,1.54,49.63,0,0.0,-0.9411087803633564,3.119978224,141.52,-27.18343481362508
2020-07-02,102.25,-0.007763251121457926,0.59,25.65,11.89,2.13,46.839999999999996,0,0.0,-0.9358219318099965,3.119978224,141.52,-27.748728094968918
2020-07-06,97.1999969482422,-0.04938878290227677,0.0,26.9,12.42,2.35,43.99999999999999,0,0.0,-0.9338802875876526,3.119978224,141.52,-31.31713047749986
2020-07-07,99.25,0.021090567038282826,0.0,25.3,12.25,2.35,41.15,0,0.0,-0.9338826281749887,3.119978224,141.52,-29.86856981345393
2020-07-08,98.9499969482422,-0.003022700773378295,0.0,26.56,13.94,1.9400000000000002,41.08,0,0.0,-0.9376024429534724,3.119978224,141.52,-30.080556141716936
2020-07-09,97.6999969482422,-0.012632643138471678,0.07,27.7,12.38,0.93,40.94,0,0.0,-0.9467426891594095,3.119978224,141.52,-30.963823524419027
2020-07-10,96.1500015258789,-0.015864846169692526,0.0,27.16,13.67,0.93,40.8,0,0.0,-0.9466779431599007,3.119978224,141.52,-32.05907184434786
2020-07-13,97.4000015258789,0.013000519814485578,0.0,28.49,13.28,0.93,30.34,0,0.0,-0.9464837427916197,3.119978224,141.52,-31.17580446164577
2020-07-14,96.6999969482422,-0.007186905201954419,0.13,29.08,17.13,1.06,29.59,0,0.0,-0.9452406042390814,3.119978224,141.52,-31.6704374305807
2020-07-15,95.9499969482422,-0.007755946470209607,0.08,27.68,16.2,1.1400000000000001,27.88,0,0.0,-0.9444569169707914,3.119978224,141.52,-32.20039786020195
2020-07-16,97.0999984741211,0.011985425351281886,0.09,25.7,14.26,1.23,27.37,0,0.0,-0.9435868813136981,3.119978224,141.52,-31.387790789908788
2020-07-17,101.0500030517578,0.040679759420279016,0.23,25.62,12.37,1.46,24.69,0,0.0,-0.9414521410761199,3.119978224,141.52,-28.596662625948422
2020-07-20,98.5,-0.025235061600658137,0.2,25.56,11.29,1.69,22.709999999999997,0,0.0,-0.9392531066679772,3.119978224,141.52,-30.39853024307519
2020-07-21,100.5,0.020304568527918843,0.2,26.62,13.66,1.8900000000000001,22.060000000000002,0,0.0,-0.9374121407584355,3.119978224,141.52,-28.98530243075184
2020-07-22,108.3499984741211,0.07810943755344368,0.0,27.32,12.15,1.8900000000000001,21.92,0,0.0,-0.9373933756027519,3.119978224,141.52,-23.438384345589963
2020-07-23,107.5,-0.007844932958851025,0.0,26.56,11.62,1.8900000000000001,21.92,0,0.0,-0.9373746109745541,3.119978224,141.52,-24.03900508762013
2020-07-24,108.4000015258789,0.008372107217478275,0.02,26.24,10.91,1.8800000000000001,21.94,0,0.0,-0.9374464839162184,3.119978224,141.52,-23.40305149386737
2020-07-27,110.4000015258789,0.018450184242133405,0.01,26.43,13.76,1.89,21.97,0,0.0,-0.9372981492539848,3.119978224,141.52,-21.989823681544024
2020-07-28,109.6500015258789,-0.006793478166974398,0.0,27.02,11.98,1.89,21.97,0,0.0,-0.9372793873023608,3.119978224,141.52,-22.51978411116528
2020-07-29,111.5999984741211,0.01778382964985159,0.0,27.6,15.44,1.89,21.97,0,0.0,-0.9372550042211203,3.119978224,141.52,-21.141889150564523
2020-07-30,115.3499984741211,0.033602150997068314,0.0,28.98,16.04,1.89,21.97,0,0.0,-0.9372301537170077,3.119978224,141.52,-18.49208700245825
2020-07-31,118.9499969482422,0.03120934999343561,0.0,26.21,15.41,1.89,21.97,0,0.0,-0.9372053041377437,3.119978224,141.52,-15.94827801848347
2020-08-03,117.9000015258789,-0.008827200078199038,0.0,25.02,10.24,1.16,21.990000000000002,0,0.0,-0.943781108584493,3.235941236,146.78,-19.67570409737096
2020-08-04,121.0500030517578,0.026717569848270672,0.0,25.29,9.7,1.0999999999999999,21.18,0,0.0,-0.9441153088387972,3.235941236,146.78,-17.529634111079304
2020-08-05,121.5500030517578,0.004130524472487629,0.0,25.32,10.08,1.0999999999999999,20.650000000000002,0,0.0,-0.9439029979684374,3.235941236,146.78,-17.1889882465201
2020-08-06,117.0,-0.03743317924739453,0.0,25.3,10.03,1.0999999999999999,20.650000000000002,0,0.0,-0.9436907541521441,3.235941236,146.78,-20.288867693146205
2020-08-07,115.4499969482422,-0.013247889331263196,0.66,25.36,9.94,1.76,21.310000000000002,0,0.0,-0.9374997613678411,3.235941236,146.78,-21.344871952417087
2020-08-10,112.5999984741211,-0.024685998696031164,0.0,25.55,11.31,1.8900000000000001,21.51,0,0.0,-0.9357932965448652,3.235941236,146.78,-23.286552340835883
2020-08-11,111.3499984741211,-0.011101243489690549,0.0,27.36,12.59,1.8900000000000001,21.5,0,0.0,-0.9356191568098912,3.235941236,146.78,-24.138167002233892
2020-08-12,112.0500030517578,0.006286525255762676,0.0,26.37,13.11,1.8900000000000001,20.78,0,0.0,-0.9354450622204195,3.235941236,146.78,-23.66125967314498
2020-08-13,116.1999969482422,0.03703698155695223,0.0,28.43,14.74,1.76,17.38,0,0.0,-0.9364480852382404,3.235941236,146.78,-20.83390315557828
2020-08-14,114.6999969482422,-0.012908778308041824,0.03,29.54,14.6,1.71,16.99,0,0.0,-0.9367205694671618,3.235941236,146.78,-21.855840749255893
2020-08-17,115.5500030517578,0.0074106898529313625,0.0,30.39,15.95,1.37,16.96,0,0.0,-0.9392183578447947,3.235941236,146.78,-21.27673862123055
2020-08-18,119.3000030517578,0.03245348248342572,0.0,31.29,16.82,1.37,16.96,0,0.0,-0.9390137750050233,3.235941236,146.78,-18.721894637036517
2020-08-19,118.4499969482422,-0.007124946200938731,0.0,31.47,17.04,1.1700000000000002,16.96,0,0.0,-0.9406139656884048,3.235941236,146.78,-19.30099676506186
2020-08-20,118.5500030517578,0.0008442896250921983,0.0,32.77,17.44,0.9700000000000001,16.84,0,0.0,-0.9422034978422975,3.235941236,146.78,-19.232863433875323
2020-08-21,120.0999984741211,0.013074613095426013,0.12,28.3,16.47,1.09,12.95,0,0.0,-0.9408883392397116,3.235941236,146.78,-18.176864372447817
2020-08-24,120.25,0.001248971921604447,0.0,27.49,11.16,2.46,5.92,0,0.0,-0.9279539485712827,3.235941236,146.78,-18.07466957351138
2020-08-25,123.1999969482422,0.024532199153781242,0.01,27.31,9.57,2.45,5.93,0,0.0,-0.9278859871974199,3.235941236,146.78,-16.06486105174942
2020-08-26,122.8000030517578,-0.003246703785653837,0.0,27.7,8.34,2.4400000000000004,5.93,0,0.0,-0.9278175850911028,3.235941236,146.78,-16.33737358512209
2020-08-27,122.9499969482422,0.0012214486380850431,0.0,28.9,11.2,2.4400000000000004,5.87,0,0.0,-0.9276583114963504,3.235941236,146.78,-16.23518398402902
2020-08-28,127.0999984741211,0.033753571605421806,0.0,29.68,13.15,2.4400000000000004,5.87,0,0.0,-0.927504555478588,3.235941236,146.78,-13.407822268618958
2020-08-31,129.8000030517578,0.021243151928018955,0.0,32.36,15.73,2.6000000000000005,6.050000000000001,0,0.0,-0.9256026270679759,3.235941236,146.78,-11.568331481293221
2020-09-01,131.89999389648438,0.01617866560364556,0.0,30.88,16.76,2.6000000000000005,6.050000000000001,0,0.0,-0.9254078499493552,3.59904215,163.25,-19.203679083317382
2020-09-02,131.5,-0.0030325543214072548,0.0,29.55,15.4,2.6000000000000005,6.050000000000001,0,0.0,-0.9252631586049127,3.59904215,163.25,-19.448698315467077
2020-09-03,131.60000610351562,0.0007605026883317212,0.0,30.13,14.27,2.6000000000000005,6.050000000000001,0,0.0,-0.9253164976430084,3.59904215,163.25,-19.387438833987368
2020-09-04,134.8000030517578,0.02431608510508032,0.0,31.59,13.93,2.6000000000000005,6.050000000000001,0,0.0,-0.9253698409511091,3.59904215,163.25,-17.4272569361361
2020-09-08,132.8000030517578,-0.014836794916333051,1.98,33.08,15.48,3.8,6.62,0,0.0,-0.9146715808194226,3.59904215,163.25,-18.652371790653714
2020-09-09,129.64999389648438,-0.023719947913297457,2.2,33.1,16.12,6.0,8.82,0,0.0,-0.8948871996678222,3.59904215,163.25,-20.581933294649694
2020-09-10,132.5,0.021982308042306054,0.26,32.57,15.31,6.26,9.08,0,0.0,-0.8927422128034735,3.59904215,163.25,-18.83614088820827
2020-09-11,133.35000610351562,0.006415140403891462,0.01,34.15,15.99,6.27,9.09,0,0.0,-0.8928696327796755,3.59904215,163.25,-18.315463336284456
2020-09-14,123.5500030517578,-0.07349083316989413,0.01,31.4,14.8,6.24,9.1,0,0.0,-0.8937996546291862,3.59904215,163.25,-24.318527992797673
2020-09-15,122.1999969482422,-0.010926799434800905,0.01,32.35,16.24,6.25,9.11,0,0.0,-0.8939310314305923,3.59904215,163.25,-25.14548425835087
2020-09-16,120.5500030517578,-0.013502405382082472,0.0,31.78,16.44,6.25,9.11,0,0.0,-0.894153409122549,3.59904215,163.25,-26.156200274574086
2020-09-17,118.0999984741211,-0.020323554671208166,0.0,33.53,17.77,6.25,9.11,0,0.0,-0.8943772385593103,3.59904215,163.25,-27.656968775423525
2020-09-18,113.5999984741211,-0.03810330277850149,0.0,35.76,18.12,6.25,9.11,0,0.0,-0.8946061965976242,3.59904215,163.25,-30.413477198088152
2020-09-21,112.0,-0.01408449379940424,1.08,33.6,20.68,5.92,10.26,0,0.0,-0.8982733964743841,3.59904215,163.25,-31.393568147013784
2020-09-22,110.6500015258789,-0.01205355780465267,10.63,28.71,19.19,16.520000000000003,20.86,0,0.0,-0.8024508513030653,3.59904215,163.25,-32.22051973912471
2020-09-23,110.5,-0.00135563961871088,0.08,26.31,16.34,16.6,20.94,0,0.0,-0.8022584286824316,3.59904215,163.25,-32.31240428790199
2020-09-24,111.1500015258789,0.005882366750035395,0.01,30.76,16.22,16.6,20.930000000000003,0,0.0,-0.8023206188610509,3.59904215,163.25,-31.91424102549531
2020-09-25,113.6500015258789,0.0224921274465113,0.01,32.45,16.34,16.61,20.94,0,0.0,-0.8013134525651331,3.59904215,163.25,-30.382847457348294
2020-09-28,109.5500030517578,-0.036075657009010276,0.0,37.01,18.13,16.61,20.94,0,0.0,-0.7985537992979486,3.59904215,163.25,-32.89433197442095
2020-09-29,109.5500030517578,0.0,0.0,37.76,22.34,16.43,20.94,0,0.0,-0.7992633261699553,3.59904215,163.25,-32.89433197442095
2020-09-30,110.9499969482422,0.012779496645225707,0.0,37.19,20.98,16.43,20.35,0,0.0,-0.7983410097754029,3.59904215,163.25,-32.036755315012435
2020-10-01,107.0500030517578,-0.03515091486035582,0.0,36.55,20.97,16.43,20.2,0,0.0,-0.7974582166112139,3.672015072,166.56000000000003,-35.72886464231642
2020-10-02,108.9499969482422,0.017748658031945697,0.0,37.5,19.53,16.43,20.19,0,0.0,-0.7965761361030791,3.672015072,166.56000000000003,-34.588138239527986
2020-10-05,107.1999969482422,-0.016062414401272096,0.0,37.18,21.44,16.43,20.13,0,0.0,-0.7938967236543754,3.672015072,166.56000000000003,-35.63881066988341
2020-10-06,107.6500015258789,0.004197804015367401,0.02,38.32,21.66,16.37,20.15,0,0.0,-0.7933291711173526,3.672015072,166.56000000000003,-35.36863501087963
2020-10-07,109.5999984741211,0.0181142305675992,0.01,39.59,22.54,16.380000000000003,20.09,0,0.0,-0.7919503865646512,3.672015072,166.56000000000003,-34.19788756356804
2020-10-08,110.25,0.00593067093912758,0.16,39.81,21.7,14.56,20.25,0,0.0,-0.8068104835856234,3.672015072,166.56000000000003,-33.80763688760808
2020-10-09,111.5500030517578,0.01179141090029745,0.07,37.31,24.65,12.43,20.32,0,0.0,-0.823847813196818,3.672015072,166.56000000000003,-33.027135535688174
2020-10-12,109.1500015258789,-0.0215150287783078,0.52,33.35,20.42,14.440000000000001,22.47,0,0.0,-0.7990879933866821,3.672015072,166.56000000000003,-34.468058642003555
2020-10-13,110.0999984741211,0.00870359079213534,0.82,30.63,19.88,15.260000000000002,23.21,0,0.0,-0.7895685921712607,3.672015072,166.56000000000003,-33.89769544060934
2020-10-14,109.5999984741211,-0.004541326130150014,0.59,33.2,20.96,15.840000000000002,23.71,0,0.0,-0.7822473314918919,3.672015072,166.56000000000003,-34.19788756356804
2020-10-15,109.5,-0.0009123948495738388,0.53,32.11,21.17,16.36,24.01,0,0.0,-0.7754956092351125,3.672015072,166.56000000000003,-34.25792507204612
2020-10-16,107.25,-0.020547945205479423,0.76,29.19,20.32,17.12,24.740000000000002,0,0.0,-0.7666277242248758,3.672015072,166.56000000000003,-35.608789625360245
2020-10-19,106.0500030517578,-0.011188782734192992,3.1,24.4,17.69,34.39,41.62,0,0.0,-0.6067093354211726,3.672015072,166.56000000000003,-36.3292488882338
2020-10-20,104.9000015258789,-0.010843955613255685,7.79,25.25,17.36,42.120000000000005,49.41,0,0.0,-0.535948870465056,3.672015072,166.56000000000003,-37.019691687152445
2020-10-21,104.1500015258789,-0.007149666244904429,2.75,26.75,17.61,43.79,52.16,0,0.0,-0.5196277629135029,3.672015072,166.56000000000003,-37.46997987159049
2020-10-22,106.6999969482422,0.024483873115735744,1.68,29.7,17.57,34.839999999999996,53.82000000000001,0,0.0,-0.598273752451476,3.672015072,166.56000000000003,-35.93900279284211
2020-10-23,105.5999984741211,-0.01030926434472812,4.26,23.18,17.8,39.019999999999996,58.080000000000005,0,0.0,-0.5593086400726824,3.672015072,166.56000000000003,-36.59942454723758
2020-10-26,106.6500015258789,0.009943210861079077,1.65,31.91,16.9,62.480000000000004,81.53,0,0.0,-0.3485184045440046,3.672015072,166.56000000000003,-35.96901925679702
2020-10-27,106.9499969482422,0.002812896559504452,1.57,29.62,18.77,64.05,83.1,0,0.0,-0.3344406808445438,3.672015072,166.56000000000003,-35.788906731362765
2020-10-28,105.0,-0.018232791060161402,1.91,29.18,19.16,65.96000000000001,85.00999999999999,0,0.0,-0.31726916262314603,3.672015072,166.56000000000003,-36.95965417867436
2020-10-29,104.5999984741211,-0.003809538341703833,2.29,29.05,20.16,68.25,87.3,0,0.0,-0.2967087690674368,3.672015072,166.56000000000003,-37.19980879315498
2020-10-30,104.4000015258789,-0.0019120167414884426,4.76,27.93,20.11,73.01,92.03999999999999,0,0.0,-0.25410198070363826,3.672015072,166.56000000000003,-37.319883810111136
2020-11-02,102.8000030517578,-0.015325655658390946,0.02,28.16,14.88,77.49,96.52,0,0.0,-0.21340581211857512,3.352345172,152.06000000000003,-32.39510518758531
2020-11-03,103.4499969482422,0.006322897638019853,1.8,28.16,16.83,79.29,98.32,0,0.0,-0.19706403274334175,3.352345172,152.06000000000003,-31.967646357857305
2020-11-04,103.0,-0.004349898129695884,0.02,30.15,15.79,79.31,98.34,0,0.0,-0.19657464508057754,3.352345172,152.06000000000003,-32.26358016572407
2020-11-05,105.9499969482422,0.028640747070312722,0.0,31.06,13.9,79.29,97.68,0,0.0,-0.19656230688348858,3.352345172,152.06000000000003,-30.32355849780207
2020-11-06,106.9499969482422,0.009438414618251567,0.0,33.41,14.34,79.28,97.48,0,0.0,-0.1965576029502566,3.352345172,152.06000000000003,-29.665923353779966
2020-11-09,106.8499984741211,-0.0009350021222488403,0.74,33.19,19.49,81.13,100.77,0,0.0,-0.18088602831576098,3.352345172,152.06000000000003,-29.731685864710595
2020-11-10,107.3000030517578,0.004211554366523318,5.17,28.81,19.42,85.75,105.94,0,0.0,-0.14000264680508653,3.352345172,152.06000000000003,-29.435747039485875
2020-11-11,109.0999984741211,0.01677535294658883,7.03,30.68,18.34,92.25999999999999,112.97,0,0.0,-0.08230077134120008,3.352345172,152.06000000000003,-28.25200679066088
2020-11-12,110.0999984741211,0.009165902969624717,3.29,30.71,19.17,94.73,116.23,0,0.0,-0.060764098768505435,3.352345172,152.06000000000003,-27.594371646638784
2020-11-13,109.25,-0.007720240562227532,7.32,26.74,19.61,101.46,123.54,0,0.0,-0.0010737386761370778,3.352345172,152.06000000000003,-28.153360515585966
2020-11-16,115.6500015258789,0.0585812496647955,2.09,31.73,18.93,111.28,137.6,0,0.0,0.0854079319670713,3.352345172,152.06000000000003,-23.944494590372955
2020-11-17,116.1999969482422,0.0047556888465776215,2.04,31.11,19.52,102.09,139.64000000000001,0,0.0,0.002809838739240413,3.352345172,152.06000000000003,-23.582798271575577
2020-11-18,119.75,0.03055080159200907,16.28,29.37,19.79,115.27000000000001,155.92000000000002,0,0.0,0.12046330539559437,3.352345172,152.06000000000003,-21.248191503353954
2020-11-19,120.6500015258789,0.007515670362245652,5.39,25.83,19.61,112.87,161.19,0,0.0,0.0984736345452402,3.352345172,152.06000000000003,-20.656318870262474
2020-11-20,115.5,-0.04268546589926281,0.1,30.72,17.63,110.22,159.92999999999998,0,0.0,0.0743196750401348,3.352345172,152.06000000000003,-24.043140865447864
2020-11-23,114.4499969482422,-0.00909093551305451,5.55,30.33,18.34,95.03,165.95,0,0.0,-0.06151278925284949,3.352345172,152.06000000000003,-24.733659773614246
2020-11-24,113.1500015258789,-0.011358632215177744,3.08,27.35,18.89,91.59,169.03,0,0.0,-0.09181397194373829,3.352345172,152.06000000000003,-25.5885824504282
2020-11-25,114.5,0.011931051311672602,2.36,27.73,17.58,92.3,171.39,0,0.0,-0.08501319829366472,3.352345172,152.06000000000003,-24.700776009469962
2020-11-27,121.6999969482422,0.0628820694169625,0.0,30.99,16.62,89.00999999999999,171.58,0,0.0,-0.11301845947675437,3.352345172,152.06000000000003,-19.965804979454045
2020-11-30,120.6999969482422,-0.008216927075399116,0.04,31.73,16.42,78.25,171.44,0,0.0,-0.2051131351644432,3.352345172,152.06000000000003,-20.62344012347614
2020-12-01,115.6500015258789,-0.04183923405175227,2.85,32.63,19.46,80.39,174.29,0,0.0,-0.1843014196962712,3.323023726,150.73000000000002,-23.273401760844628
2020-12-02,116.8499984741211,0.010376108364976266,2.72,31.08,20.7,83.09,177.01,0,0.0,-0.15825117928423554,3.323023726,150.73000000000002,-22.477278263039157
2020-12-03,117.6500015258789,0.006846410459602881,4.88,26.27,19.78,86.17,181.89,0,0.0,-0.12843127679089583,3.323023726,150.73000000000002,-21.946525890082338
2020-12-04,115.3499984741211,-0.0195495369479608,1.17,34.29,18.93,87.32,183.06,0,0.0,-0.1156898236186869,3.323023726,150.73000000000002,-23.472435166110873
2020-12-07,116.9499969482422,0.013870814870275527,5.8,26.26,19.32,107.58,201.28,0,0.0,0.07464365469107541,3.323023726,150.73000000000002,-22.410935481826982
2020-12-08,117.0999984741211,0.0012826124821985196,7.36,29.04,18.27,112.41,206.44,0,0.0,0.12094419669607989,3.323023726,150.73000000000002,-22.311418779193872
2020-12-09,114.9000015258789,-0.01878733541340205,10.7,24.9,19.15,122.37,216.88,0,0.0,0.2138042791234927,3.323023726,150.73000000000002,-23.770980212380486
2020-12-10,118.5500030517578,0.03176676655706401,3.19,26.57,18.38,120.39,220.06,0,0.0,0.1990189785144768,3.323023726,150.73000000000002,-21.349430735913366
2020-12-11,119.0999984741211,0.004639353928343359,16.98,23.5,18.01,130.34,237.04,0,0.0,0.29266133079811496,3.323023726,150.73000000000002,-20.98454290843158
2020-12-14,123.5500030517578,0.03736359894751495,0.05,30.12,17.93,132.60000000000002,257.18,0,0.0,0.3222738536043631,3.323023726,150.73000000000002,-18.03224105900764
2020-12-15,123.0999984741211,-0.00364228706209091,0.09,31.31,19.36,128.01000000000002,257.27,0,0.0,0.2831416411312855,3.323023726,150.73000000000002,-18.330791166907
2020-12-16,125.0500030517578,0.015840817236457028,0.0,31.61,18.34,125.92,257.27,0,0.0,0.26681546693864056,3.323023726,150.73000000000002,-17.037084155935922
2020-12-17,125.0500030517578,0.0,0.66,30.36,19.6,124.53999999999999,257.93,0,0.0,0.2574506367335559,3.323023726,150.73000000000002,-17.037084155935922
2020-12-18,123.6999969482422,-0.010795730272448179,8.35,30.53,19.37,116.61,266.27000000000004,0,0.0,0.18801065718611013,3.323023726,150.73000000000002,-17.932729418004254
2020-12-21,124.3000030517578,0.004850494085029355,1.37,30.45,18.2,131.53,274.90999999999997,0,0.0,0.33736720943399096,3.323023726,150.73000000000002,-17.53466260747178
2020-12-22,124.1999969482422,-0.0008045543126330434,9.15,25.55,19.46,140.17000000000002,283.98,0,0.0,0.4216139548972665,3.323023726,150.73000000000002,-17.60101045031368
2020-12-23,124.5500030517578,0.0028180846386127723,6.83,29.11,18.33,141.45,290.8,0,0.0,0.43742846954497994,3.323023726,150.73000000000002,-17.368803123626495
2020-12-24,125.9499969482422,0.011240416396478325,16.21,28.57,20.05,154.57999999999998,307.0,0,0.0,0.5639156991233572,3.323023726,150.73000000000002,-16.43999406339668
2020-12-28,123.3499984741211,-0.020643100731392194,5.19,26.06,18.49,178.93,333.90000000000003,0,0.0,0.8090908500217674,3.323023726,150.73000000000002,-18.164931683061713
2020-12-29,125.4000015258789,0.016619400706258558,0.48,27.27,18.56,179.41,334.38,0,0.0,0.8159750913979096,3.323023726,150.73000000000002,-16.804881890878466
2020-12-30,125.4000015258789,0.0,0.25,29.35,17.26,179.62,334.63,0,0.0,0.8207041606859233,3.323023726,150.73000000000002,-16.804881890878466
2020-12-31,128.25,0.022727260282632056,0.81,29.75,18.3,177.57999999999998,335.44,0,0.0,0.8040833408191532,3.323023726,150.73000000000002,-14.91408478736815
2021-01-04,126.1500015258789,-0.016374257108156653,2.26,27.57,18.46,198.0,369.94,0,0.0,1.0029834405834415,3.479110822,157.81000000000003,-20.0620990267544
2021-01-05,125.0999984741211,-0.008323448585471516,0.06,29.94,17.51,188.91,369.99,0,0.0,0.9164879402131832,3.479110822,157.81000000000003,-20.727458035535726
2021-01-06,120.9000015258789,-0.03357311750176417,0.27,30.37,19.67,183.38000000000002,370.1,0,0.0,0.8641181321362071,3.479110822,157.81000000000003,-23.38888440157222
2021-01-07,121.0999984741211,0.0016542344558976296,8.42,28.51,19.89,184.44,378.45000000000005,0,0.0,0.8743429706042948,3.479110822,157.81000000000003,-23.26215165444454
2021-01-08,123.6999969482422,0.021469847290516153,0.44,30.45,18.41,174.18,377.68,0,0.0,0.7769443261229788,3.479110822,157.81000000000003,-21.614601769062684
2021-01-11,121.4499969482422,-0.018189167789077865,0.17,28.63,19.58,144.98000000000002,379.78000000000003,0,0.0,0.5002607666798279,3.479110822,157.81000000000003,-23.04036692969889
2021-01-12,121.4000015258789,-0.00041165437315404674,2.34,30.07,19.82,140.23000000000002,381.53000000000003,0,0.0,0.45593711308627727,3.479110822,157.81000000000003,-23.072047699208618
2021-01-13,125.25,0.03171333134868526,6.68,28.65,20.02,146.85999999999999,387.68,0,0.0,0.5199904352426217,3.479110822,157.81000000000003,-20.632406057917766
2021-01-14,127.3499984741211,0.016766454883202275,16.47,26.81,19.41,163.24,403.39,0,0.0,0.6766171890757445,3.479110822,157.81000000000003,-19.30169287489952
2021-01-15,128.14999389648438,0.0062818644047792915,3.27,26.44,18.04,166.51,403.71000000000004,0,0.0,0.7081093975303953,3.479110822,157.81000000000003,-18.794757051844403
2021-01-19,127.1500015258789,-0.007803296279617733,0.0,30.47,17.35,142.02,382.40000000000003,0,0.0,0.47649531215656515,3.479110822,157.81000000000003,-19.428425622027195
2021-01-20,125.1999969482422,-0.015336252884273982,0.01,30.01,15.73,140.66,380.73,0,0.0,0.46440679367764837,3.479110822,157.81000000000003,-20.664091661971877
2021-01-21,126.4499969482422,0.0099840258024666,0.0,30.36,16.63,131.51,376.47,0,0.0,0.37827734245101957,3.479110822,157.81000000000003,-19.871999906062875
2021-01-22,124.0500030517578,-0.0189797861162998,0.01,29.92,17.38,124.69,361.17,0,0.0,0.31525775344304235,3.479110822,157.81000000000003,-21.392812209772654
2021-01-25,123.25,-0.006449036937339003,0.01,32.14,18.34,94.52,351.46,0,0.0,0.037077240280176636,3.479110822,157.81000000000003,-21.89975286737217
2021-01-26,124.5,0.010141987829614507,0.17,32.0,17.36,86.97,349.71999999999997,0,0.0,-0.03209428163941201,3.479110822,157.81000000000003,-21.107661111463166
2021-01-27,125.5,0.008032128514056325,0.0,32.81,20.11,81.78,347.43,0,0.0,-0.07836199038113127,3.479110822,157.81000000000003,-20.47398770673596
2021-01-28,124.0,-0.01195219123505975,0.0,33.17,16.95,81.3,342.67,0,0.0,-0.07883786903244762,3.479110822,157.81000000000003,-21.42449781382677
2021-01-29,122.9499969482422,-0.008467766546433886,0.0,33.99,16.39,81.05,338.92,0,0.0,-0.07731259048954926,3.479110822,157.81000000000003,-22.089856822608088
2021-02-01,125.3499984741211,0.019520143029277293,0.74,34.74,20.6,66.32,337.8,0,0.0,-0.209423616392819,3.542383416,160.68,-21.98780279180913
2021-02-02,123.4000015258789,-0.015556417805978384,1.97,32.95,20.08,51.36,339.75,0,0.0,-0.3527642326600354,3.542383416,160.68,-23.201393125542133
2021-02-03,123.9499969482422,0.0044570130920780215,0.66,33.42,19.61,49.760000000000005,340.41,0,0.0,-0.364339409299184,3.542383416,160.68,-22.859100729249317
2021-02-04,124.0500030517578,0.0008068261878002581,0.88,32.37,20.7,50.58,341.29,0,0.0,-0.3518867914953036,3.542383416,160.68,-22.79686143156722
2021-02-05,124.5,0.0036275448381444253,9.41,32.25,20.63,59.720000000000006,350.68,0,0.0,-0.25602882524252,3.542383416,160.68,-22.51680358476475
2021-02-08,124.0999984741211,-0.003212863661677945,9.09,27.28,18.3,99.50999999999999,392.79999999999995,0,0.0,0.16224209854800434,3.542383416,160.68,-22.76574653091792
2021-02-09,122.9499969482422,-0.00926673279628365,2.33,27.58,16.74,99.93,388.1,0,0.0,0.1729280912483135,3.542383416,160.68,-23.48145572053635
2021-02-10,121.0999984741211,-0.015046754941359541,0.33,28.42,17.42,100.09,385.14,0,0.0,0.1817717616095906,3.542383416,160.68,-24.63281150477901
2021-02-11,121.1999969482422,0.0008257512417928492,8.31,27.07,17.57,106.06,386.13,0,0.0,0.2519288103667541,3.542383416,160.68,-24.57057695528865
2021-02-12,121.1500015258789,-0.0004125034952323636,21.23,23.57,18.84,120.61,400.07000000000005,0,0.0,0.41401232887728306,3.542383416,160.68,-24.60169185593795
2021-02-16,124.3499984741211,0.02641351141509185,2.01,27.95,18.06,132.68,410.04,0,0.0,0.5903584054811898,3.542383416,160.68,-22.61015778309616
2021-02-17,125.6999969482422,0.010856441420882268,8.06,28.28,18.07,140.43,412.71000000000004,0,0.0,0.6891096592098506,3.542383416,160.68,-21.769979494497015
2021-02-18,127.5999984741211,0.015115366523526852,9.12,28.69,17.6,149.55,421.73,0,0.0,0.8047564739025261,3.542383416,160.68,-20.587504061413313
2021-02-19,127.5,-0.0007836871106340348,12.49,28.81,18.16,162.03,434.21999999999997,0,0.0,0.9595937401837767,3.542383416,160.68,-20.64973861090366
2021-02-22,133.4499969482422,0.04666664273131138,4.97,29.1,19.46,173.48,436.55,0,0.0,1.1246958980225115,3.542383416,160.68,-16.94672831202254
2021-02-23,136.85000610351562,0.02547777619352143,6.68,28.76,18.28,180.15,440.87,0,0.0,1.2086256011108685,3.542383416,160.68,-14.830715643816516
2021-02-24,135.64999389648438,-0.008768813690249622,0.28,29.53,16.97,180.42,440.96,0,0.0,1.2198714886229791,3.542383416,160.68,-15.57754923046778
2021-02-25,139.1999969482422,0.026170314865379574,5.86,29.41,17.65,186.11,446.82,0,0.0,1.2971834675754175,3.542383416,160.68,-13.368187112122119
2021-02-26,136.85000610351562,-0.016882118507519417,9.52,24.68,17.8,195.63,456.34,0,0.0,1.425496624073375,3.542383416,160.68,-14.830715643816516
2021-03-01,135.14999389648438,-0.012422448894487625,1.05,26.6,18.08,208.78,466.71,0,0.0,1.6597260045963702,3.669149066,166.43,-18.794692124926772
2021-03-02,133.1999969482422,-0.014428390945661063,1.63,26.31,18.33,209.85,465.62,0,0.0,1.7017949755150654,3.669149066,166.43,-19.966354053811102
2021-03-03,131.14999389648438,-0.015390413654096324,0.42,27.59,16.69,209.53,461.15999999999997,0,0.0,1.7269356617790783,3.669149066,166.43,-21.198104971168437
2021-03-04,128.39999389648438,-0.020968357819143746,1.0,28.66,17.54,208.56,460.99,0,0.0,1.7439827097399334,3.669149066,166.43,-22.85045130295958
2021-03-05,128.75,0.0027259043625640356,8.43,26.63,18.67,216.33,464.09,0,0.0,1.8714347156075208,3.669149066,166.43,-22.64014901159647
2021-03-08,129.0500030517578,0.002330120790351886,6.1,24.51,16.45,195.68,461.27,0,0.0,1.6685058774425126,3.669149066,166.43,-22.459891214469863
2021-03-09,128.89999389648438,-0.0011624110943513344,2.19,24.28,16.63,186.25,452.76,0,0.0,1.5631672764838365,3.669149066,166.43,-22.55002469717937
2021-03-10,129.35000610351562,0.0034911732221851732,2.14,26.46,17.58,179.29999999999998,451.71,0,0.0,1.4905583539702323,3.669149066,166.43,-22.279633417343256
2021-03-11,131.8000030517578,0.0189408336500696,0.35,26.68,17.87,177.32,435.08000000000004,0,0.0,1.4847616775914896,3.669149066,166.43,-20.80754488267872
2021-03-12,132.4499969482422,0.004931668296161762,4.46,28.46,17.7,181.45,426.52,0,0.0,1.5605625030233248,3.669149066,166.43,-20.416993962481413
2021-03-15,131.4499969482422,-0.007550019049005874,0.56,27.74,17.32,164.71,435.65000000000003,0,0.0,1.3679213517265376,3.669149066,166.43,-21.01784717404183
2021-03-16,133.8000030517578,0.01787756681684005,0.32,27.11,17.68,142.8,435.97,0,0.0,1.06667547385208,3.669149066,166.43,-19.605838459557887
2021-03-17,132.85000610351562,-0.0071001265065345764,0.07,28.35,16.39,135.60999999999999,435.38,0,0.0,0.9752656105337812,3.669149066,166.43,-20.1766471768818
2021-03-18,126.4000015258789,-0.048551029592056816,0.0,28.73,16.65,133.6,427.03,0,0.0,0.9578477507184825,3.669149066,166.43,-24.052153141934205
2021-03-19,125.4499969482422,-0.007515858909560191,3.57,28.04,16.77,129.10999999999999,415.22999999999996,0,0.0,0.902694870817515,3.669149066,166.43,-24.622966443404316
2021-03-22,130.10000610351562,0.03706663426378487,0.26,28.94,16.57,106.6,402.81,0,0.0,0.5992751830329655,3.669149066,166.43,-21.828993508672944
2021-03-23,127.5999984741211,-0.019216045442806307,0.03,30.35,17.4,102.8,396.01,0,0.0,0.5521023407679829,3.669149066,166.43,-23.33113112172019
2021-03-24,126.5,-0.00862067779996245,0.02,30.42,17.17,97.85,379.82,0,0.0,0.4862993583422835,3.669149066,166.43,-23.992068737607404
2021-03-25,126.5999984741211,0.0007905017717082519,0.01,31.63,18.05,91.18,373.39000000000004,0,0.0,0.3923020011962503,3.669149066,166.43,-23.931984333280607
2021-03-26,128.5,0.015007911127797424,0.2,31.26,17.31,91.10000000000001,366.04,0,0.0,0.3994511687127279,3.669149066,166.43,-22.790362314486572
2021-03-29,127.0500030517578,-0.011284022943519045,3.98,30.33,21.11,69.6,356.64000000000004,0,0.0,0.07175598912710622,3.669149066,166.43,-23.661597637590702
2021-03-30,122.5999984741211,-0.03502561566900442,3.46,30.6,18.28,70.96000000000001,359.85,0,0.0,0.09505168705407542,3.669149066,166.43,-26.335397179522268
2021-03-31,123.5,0.00734095870375473,2.73,30.64,18.24,72.64,361.77000000000004,0,0.0,0.12274757361744465,3.669149066,166.43,-25.794628372288653
2021-04-01,121.5999984741211,-0.015384627739910117,0.26,30.79,16.35,71.27,347.62,0,0.0,0.1015678978463653,3.68281771,167.05,-27.20742384069375
2021-04-05,122.0999984741211,0.004111842156860002,1.97,29.19,18.84,59.769999999999996,332.35999999999996,0,0.0,-0.0783838103773666,3.68281771,167.05,-26.908112257335475
2021-04-06,126.8499984741211,0.03890253938870236,10.67,27.61,17.26,63.61,342.76,0,0.0,-0.016850585825402786,3.68281771,167.05,-24.064652215431856
2021-04-07,126.75,-0.0007883206568701784,13.49,26.02,18.56,71.0,347.83,0,0.0,0.10084626350120465,3.68281771,167.05,-24.12451361867705
2021-04-08,127.8499984741211,0.008678488947700957,4.83,26.37,16.71,73.64,352.21999999999997,0,0.0,0.1430040461936891,3.68281771,167.05,-23.466029048715303
2021-04-09,127.25,-0.004692987730011922,1.73,26.81,14.61,73.23,352.04,0,0.0,0.13655205032660042,3.68281771,167.05,-23.82520203531877
2021-04-12,128.10000610351562,0.006679812208374214,1.52,28.39,14.62,70.01,354.53,0,0.0,0.08528782147071808,3.68281771,167.05,-23.31636868990385
2021-04-13,130.0500030517578,0.015222457887054563,1.74,28.76,13.84,61.27,349.59,0,0.0,-0.05330002404293266,3.68281771,167.05,-22.1490553416595
2021-04-14,132.10000610351562,0.015763191108438157,2.37,27.82,15.95,63.08,335.49,0,0.0,-0.024027389179193136,3.68281771,167.05,-20.921876023037644
2021-04-15,132.6999969482422,0.004541944110558083,1.8,27.49,16.75,64.56,334.02,0,0.0,-3.92007482354448e-05,3.68281771,167.05,-20.56270760356649
2021-04-16,129.14999389648438,-0.026752095956282806,1.65,27.93,14.14,66.14,332.85999999999996,0,0.0,0.025434692806894407,3.68281771,167.05,-22.687821672263176
2021-04-19,129.85000610351562,0.0054201489749377,0.05,27.95,14.64,67.49,337.35999999999996,0,0.0,0.04745544451269883,3.68281771,167.05,-22.268778148149885
2021-04-20,132.4499969482422,0.020023032133351437,0.04,28.04,13.58,66.35000000000001,337.39,0,0.0,0.029127669059938462,3.68281771,167.05,-20.712363395245628
2021-04-21,132.1999969482422,-0.001887504762251524,1.46,27.88,12.61,67.55,338.84999999999997,0,0.0,0.047473796898818046,3.68281771,167.05,-20.862019186924766
2021-04-22,134.3000030517578,0.01588506922838895,1.5,28.48,12.74,69.02,340.34,0,0.0,0.07005824672762885,3.68281771,167.05,-19.604906883114158
2021-04-23,136.85000610351562,0.01898736406413226,1.46,28.92,12.33,70.46000000000001,341.79,0,0.0,0.09211027433344589,3.68281771,167.05,-18.07841598113402
2021-04-26,141.75,0.035805580401494064,1.51,30.16,14.22,75.03999999999999,346.39,0,0.0,0.16198829880865784,3.68281771,167.05,-15.145166117928769
2021-04-27,144.35000610351562,0.01834219473379628,1.45,29.58,16.86,76.48,347.84000000000003,0,0.0,0.18368880633930132,3.68281771,167.05,-13.588742230759884
2021-04-28,144.3000030517578,-0.00034640145232800457,0.0,30.1,14.08,72.5,347.84000000000003,0,0.0,0.11933413887825231,3.68281771,167.05,-13.618675215948636
2021-04-29,141.39999389648438,-0.02009708311810121,0.0,29.42,13.55,69.03999999999999,347.84000000000003,0,0.0,0.06308641668613188,3.68281771,167.05,-15.354687879985415
2021-04-30,139.9499969482422,-0.010254575748452233,0.0,24.75,16.75,66.31,347.73,0,0.0,0.01844054431265867,3.68281771,167.05,-16.222689644871487
2021-05-03,138.75,-0.008574469270520857,0.0,28.31,12.47,65.03,344.46000000000004,0,0.0,-0.00665888528762087,3.71809163,168.65000000000003,-17.72902460717464
2021-05-04,138.89999389648438,0.0010810370917793133,0.0,28.01,12.99,63.11,343.8,0,0.0,-0.038901509949498224,3.71809163,168.65000000000003,-17.640086631198134
2021-05-05,148.5,0.06911451782114586,0.0,28.8,12.92,61.14,342.92,0,0.0,-0.0718930795441739,3.71809163,168.65000000000003,-11.947820930922045
2021-05-06,153.5,0.03367003367003374,0.0,29.31,16.1,50.47,333.51000000000005,0,0.0,-0.24329175048983898,3.71809163,168.65000000000003,-8.983101096946356
2021-05-07,152.3000030517578,-0.007817569695388826,0.0,29.75,13.12,36.98,303.66,0,0.0,-0.45927458833545354,3.71809163,168.65000000000003,-9.69463204757914
2021-05-10,147.60000610351562,-0.03086012379556513,0.0,27.4,13.09,26.549999999999997,280.62,0,0.0,-0.6272945377062562,3.71809163,168.65000000000003,-12.481466881994903
2021-05-11,147.89999389648438,0.0020324375376947756,0.0,28.16,12.55,25.029999999999998,280.29,0,0.0,-0.651820856094746,3.71809163,168.65000000000003,-12.303590930041894
2021-05-12,145.75,-0.01453680855449635,0.0,28.51,12.9,23.509999999999998,271.98,0,0.0,-0.6762641461552952,3.71809163,168.65000000000003,-13.578416839608675
2021-05-13,145.64999389648438,-0.0006861482230917648,0.0,28.38,14.99,21.77,250.75,0,0.0,-0.704284994361112,3.71809163,168.65000000000003,-13.637714855330954
2021-05-14,144.25,-0.00961204225988066,0.0,26.6,15.37,19.4,247.19,0,0.0,-0.7427149302834887,3.71809163,168.65000000000003,-14.46783278980138
2021-05-17,145.0,0.005199306759098743,0.0,29.15,13.82,14.03,215.82,0,0.0,-0.829231108707526,3.71809163,168.65000000000003,-14.02312481470503
2021-05-18,151.8000030517578,0.04689657277074355,0.0,28.3,13.53,10.879999999999999,207.76,0,0.0,-0.8797365378564612,3.71809163,168.65000000000003,-9.991104030976707
2021-05-19,150.9499969482422,-0.00559951308581863,0.0,28.92,12.88,10.83,198.64,0,0.0,-0.8808124921363537,3.71809163,168.65000000000003,-10.495110021795341
2021-05-20,150.9499969482422,0.0,0.0,29.3,12.79,10.79,186.14999999999998,0,0.0,-0.8817321235706213,3.71809163,168.65000000000003,-10.495110021795341
2021-05-21,150.10000610351562,-0.005630943106398445,0.0,29.93,13.99,9.33,183.48,0,0.0,-0.9052798601629305,3.71809163,168.65000000000003,-10.999106965007059
2021-05-24,149.0,-0.007328488066529526,0.09,28.69,15.17,7.9799999999999995,171.12,0,0.0,-0.9263956293479194,3.71809163,168.65000000000003,-11.651348947524477
2021-05-25,150.5,0.010067114093959662,0.0,30.77,13.04,6.209999999999999,170.84,0,0.0,-0.9537294491340556,3.71809163,168.65000000000003,-10.76193299733177
2021-05-26,155.6999969482422,0.034551474739150656,0.0,30.68,14.7,4.699999999999999,164.98,0,0.0,-0.9767524957933619,3.71809163,168.65000000000003,-7.678626179518437
2021-05-27,155.35000610351562,-0.0022478538958669025,0.0,31.43,15.55,3.25,155.45999999999998,0,0.0,-0.998667718544198,3.71809163,168.65000000000003,-7.886151139332586
2021-05-28,162.35000610351562,0.04505954119715727,0.03,30.32,16.36,3.28,145.38,0,0.0,-0.9969411732263787,3.71809163,168.65000000000003,-3.7355433717666218
2021-06-01,161.0500030517578,-0.008007409934613241,0.55,27.98,15.94,7.8,144.7,0,0.0,-0.92090062705292,4.110734452,186.46,-13.627586049684757
2021-06-02,161.14999389648438,0.0006208683193531517,0.5,28.9,14.71,8.3,144.2,0,0.0,-0.9121493616835004,4.110734452,186.46,-13.573960154196948
2021-06-03,157.60000610351562,-0.022029090458725697,0.13,29.5,15.7,8.43,135.9,0,0.0,-0.9093047792425921,4.110734452,186.46,-15.477847203949576
2021-06-04,161.64999389648438,0.025697891092139935,0.01,29.05,15.29,8.44,129.35,0,0.0,-0.9083727918068434,4.110734452,186.46,-13.305806126523454
2021-06-07,160.14999389648438,-0.009279307495430822,0.0,28.37,14.44,8.44,114.23,0,0.0,-0.9063158250492116,4.110734452,186.46,-14.110268209543941
2021-06-08,157.6999969482422,-0.01529813950430614,0.14,29.61,14.49,8.58,112.23,0,0.0,-0.9034006871497342,4.110734452,186.46,-15.424221308461771
2021-06-09,157.1999969482422,-0.0031705771063781363,0.01,28.66,16.2,8.59,111.89,0,0.0,-0.9024747070880337,4.110734452,186.46,-15.692375336135267
2021-06-10,158.6999969482422,0.009541984918065127,1.15,28.97,16.42,9.74,108.58,0,0.0,-0.8835366676526965,4.110734452,186.46,-14.887913253114778
2021-06-11,157.4499969482422,-0.007876496685804368,0.53,27.28,16.6,10.27,103.79,0,0.0,-0.8744942814464457,4.110734452,186.46,-15.55829832229852
2021-06-14,154.10000610351562,-0.021276538009891377,0.0,27.45,12.04,10.260000000000002,92.54,0,0.0,-0.8731486555514668,4.110734452,186.46,-17.354925397664047
2021-06-15,151.1999969482422,-0.01881900740046294,0.0,28.22,13.77,10.25,92.47,0,0.0,-0.8730135563041261,4.110734452,186.46,-18.910223668217217
2021-06-16,153.35000610351562,0.014219637557330245,0.0,28.08,12.04,10.25,92.47,0,0.0,-0.8727229147387667,4.110734452,186.46,-17.75715643917429
2021-06-17,149.5500030517578,-0.024779934140939708,0.0,27.25,10.43,10.25,88.9,0,0.0,-0.8724323971844292,4.110734452,186.46,-19.795128686175158
2021-06-18,149.89999389648438,0.0023402931299536522,0.0,28.1,11.32,10.25,88.57000000000001,0,0.0,-0.8721420035290013,4.110734452,186.46,-19.6074257768506
2021-06-21,152.35000610351562,0.01634431158631755,0.0,29.07,12.53,7.290000000000001,87.12,0,0.0,-0.9179607396336743,4.110734452,186.46,-18.29346449452128
2021-06-22,151.25,-0.007220256379695922,0.0,29.59,15.35,7.24,87.1,0,0.0,-0.9185366235743789,4.110734452,186.46,-18.883406628767567
2021-06-23,153.14999389648438,0.012561943117252117,0.0,28.07,14.5,7.15,87.09,0,0.0,-0.9204020845173889,4.110734452,186.46,-17.86442459697288
2021-06-24,152.39999389648438,-0.004897159842571885,0.0,27.23,13.24,7.15,86.89,0,0.0,-0.9208560399894703,4.110734452,186.46,-18.266655638483122
2021-06-25,157.25,0.031824188305479284,0.0,29.38,14.48,7.15,86.89,0,0.0,-0.9213136673230382,4.110734452,186.46,-15.665558296685619
2021-06-28,162.25,0.031796502384737746,0.0,26.98,12.29,6.24,79.44,0,0.0,-0.9370509708741215,4.110734452,186.46,-12.984018019950664
2021-06-29,159.6999969482422,-0.01571650571191252,0.0,25.76,11.54,5.420000000000001,76.71,0,0.0,-0.9503878444817424,4.110734452,186.46,-14.351605197767789
2021-06-30,159.35000610351562,-0.0021915519813064943,0.0,25.08,6.73,3.15,76.45,0,0.0,-0.9865499622807871,4.110734452,186.46,-14.539308107092342
2021-07-01,156.0,-0.021022943051156373,0.0,25.86,7.02,2.5999999999999996,76.39,0,0.0,-0.9953708583545485,4.243011652,192.46000000000004,-18.9441961966123
2021-07-02,152.5500030517578,-0.022115365052834512,0.0,26.05,11.19,2.0999999999999996,75.42999999999999,0,0.0,-1.0033037271324148,4.243011652,192.46000000000004,-20.73677488737515
2021-07-06,147.89999389648438,-0.0304818686479853,0.0,25.88,10.69,1.96,47.379999999999995,0,0.0,-1.0054015073412752,4.243011652,192.46000000000004,-23.15286610387387
2021-07-07,149.75,0.012508493440577473,0.0,26.45,9.97,1.96,42.55,0,0.0,-1.0053674164310817,4.243011652,192.46000000000004,-22.191624233606998
2021-07-08,152.0500030517578,0.015358951931604858,0.0,26.68,10.08,1.8199999999999998,40.82,0,0.0,-1.0075786510183882,4.243011652,192.46000000000004,-20.996569130334727
2021-07-09,151.3000030517578,-0.004932587865484672,0.0,27.15,10.71,1.8099999999999998,36.949999999999996,0,0.0,-1.0078148448144273,4.243011652,192.46000000000004,-21.386260494774092
2021-07-12,153.85000610351562,0.016853952414564555,0.0,26.95,10.82,0.02,32.169999999999995,0,0.0,-1.036044547541291,4.243011652,192.46000000000004,-20.06130827002203
2021-07-13,152.10000610351562,-0.01137471518085309,0.0,26.75,11.05,0.02,29.8,0,0.0,-1.0359627024064983,4.243011652,192.46000000000004,-20.970588120380548
2021-07-14,156.4499969482422,0.02859954418256927,0.0,26.48,10.49,0.02,28.0,0,0.0,-1.0358692258280664,4.243011652,192.46000000000004,-18.7103829636069
2021-07-15,156.89999389648438,0.0028762988623838304,0.0,28.39,13.58,0.02,26.35,0,0.0,-1.035768605464998,4.243011652,192.46000000000004,-18.476569730601504
2021-07-16,161.1999969482422,0.027406011593568147,0.0,29.41,13.53,0.02,24.3,0,0.0,-1.035659955562995,4.243011652,192.46000000000004,-16.24233765549093
2021-07-19,155.25,-0.03691065174246,0.0,27.99,9.13,0.09000000000000001,21.150000000000002,0,0.0,-1.0341730287752766,4.243011652,192.46000000000004,-19.333887561051665
2021-07-20,165.64999389648438,0.06698868854418283,0.01,27.88,5.46,0.1,19.7,0,0.0,-1.0338721334446654,4.243011652,192.46000000000004,-13.930170478808925
2021-07-21,176.0,0.06248117407105602,0.0,28.67,10.34,0.1,18.2,0,0.0,-1.0337121351109215,4.243011652,192.46000000000004,-8.55242647822926
2021-07-22,193.6499938964844,0.10028405623002512,0.0,29.44,13.28,0.1,16.74,0,0.0,-1.033552175026596,4.243011652,192.46000000000004,0.6183071269273444
2021-07-23,189.0,-0.024012362731960946,0.0,26.66,11.71,0.1,15.23,0,0.0,-1.0333922531735689,4.243011652,192.46000000000004,-1.7977761612802845
2021-07-26,207.8000030517578,0.09947091561776622,0.0,27.41,10.07,0.1,10.5,0,0.0,-1.0329153757967868,4.243011652,192.46000000000004,7.970488959657993
2021-07-27,201.75,-0.029114547463461316,0.0,29.13,12.09,0.1,10.5,0,0.0,-1.032755606054577,4.243011652,192.46000000000004,4.826977034188903
2021-07-28,200.4499969482422,-0.006443633465961884,0.0,29.16,12.03,0.1,10.5,0,0.0,-1.032595874453545,4.243011652,192.46000000000004,4.151510416835784
2021-07-29,196.5,-0.019705647335390597,0.0,22.77,8.14,0.1,10.5,0,0.0,-1.032436180975642,4.243011652,192.46000000000004,2.099137483113355
2021-07-30,179.5500030517578,-0.08625952645415869,0.0,26.87,5.63,0.1,10.5,0,0.0,-1.0322765256028315,4.243011652,192.46000000000004,-6.707885767558048
2021-08-02,172.8000030517578,-0.037593984323432306,0.0,28.51,11.07,0.1,10.5,0,0.0,-1.0319122389778366,4.503818198,204.29000000000002,-15.414360442626759
2021-08-03,174.85000610351562,0.01186344337704548,0.04,29.14,14.27,0.14,10.54,0,0.0,-1.0311872572825083,4.503818198,204.29000000000002,-14.410883497226685
2021-08-04,175.64999389648438,0.004575280326242215,0.0,26.39,13.83,0.14,10.54,0,0.0,-1.0311014769580265,4.503818198,204.29000000000002,-14.01928929635109
2021-08-05,176.89999389648438,0.007116424955509348,0.0,23.91,14.15,0.14,10.54,0,0.0,-1.0310157076526771,4.503818198,204.29000000000002,-13.407414021007217
2021-08-06,176.0,-0.00508758579726698,0.0,21.51,13.79,0.14,10.54,0,0.0,-1.0309299493636561,4.503818198,204.29000000000002,-13.847961231582563
2021-08-09,179.35000610351562,0.01903412558815698,0.0,27.39,12.0,0.14,10.54,0,0.0,-1.0304741194698475,4.503818198,204.29000000000002,-12.208132505988738
2021-08-10,182.0,0.014775543943694514,0.25,29.41,12.75,0.39,10.79,0,0.0,-1.0263810762873211,4.503818198,204.29000000000002,-10.910959909931968
2021-08-11,183.8500061035156,0.010164868700635044,0.0,30.69,16.81,0.39,10.79,0,0.0,-1.0262480349501077,4.503818198,204.29000000000002,-10.005381514750807
2021-08-12,186.5500030517578,0.014685868145807968,0.0,30.44,14.3,0.39,10.79,0,0.0,-1.0261150200841398,4.503818198,204.29000000000002,-8.683732413844146
2021-08-13,182.75,-0.020369890054107942,0.0,30.07,14.54,0.39,10.67,0,0.0,-1.0259934933493529,4.503818198,204.29000000000002,-10.543834744725643
2021-08-16,183.1999969482422,0.0024623636018723527,0.04,31.91,18.43,0.41,10.700000000000001,0,0.0,-1.0253618257143933,4.503818198,204.29000000000002,-10.323561139437972
2021-08-17,178.9499969482422,-0.023198690342777217,0.17,31.15,17.82,0.51,10.870000000000001,0,0.0,-1.0237022451557156,4.503818198,204.29000000000002,-12.403937075607143
2021-08-18,179.6999969482422,0.004191114908020488,0.0,31.45,16.03,0.51,10.870000000000001,0,0.0,-1.023626004524213,4.503818198,204.29000000000002,-12.036811910400818
2021-08-19,178.1999969482422,-0.008347245550772264,0.02,29.7,14.86,0.52,10.89,0,0.0,-1.0234100265291333,4.503818198,204.29000000000002,-12.771062240813466
2021-08-20,178.25,0.00028060074418712055,0.0,29.37,13.53,0.52,7.91,0,0.0,-1.023370081411365,4.503818198,204.29000000000002,-12.746585735963588
2021-08-23,179.9499969482422,0.009537149779759835,0.0,31.1,14.39,0.52,7.7700000000000005,0,0.0,-1.0229781317861297,4.503818198,204.29000000000002,-11.914436855332044
2021-08-24,183.3000030517578,0.01861631653419349,0.0,32.31,15.38,0.52,7.7700000000000005,0,0.0,-1.0228070696345413,4.503818198,204.29000000000002,-10.274608129738217
2021-08-25,184.0500030517578,0.004091652959701486,0.0,31.99,15.88,0.52,7.7700000000000005,0,0.0,-1.0226369258337786,4.503818198,204.29000000000002,-9.907482964531894
2021-08-26,185.6499938964844,0.008693239979336687,0.0,33.13,15.57,0.52,7.74,0,0.0,-1.0224676997667568,4.503818198,204.29000000000002,-9.124287093600087
2021-08-27,189.5,0.02073798130940041,0.0,33.58,17.64,0.52,6.86,0,0.0,-1.022298516483367,4.503818198,204.29000000000002,-7.239708257868725
2021-08-30,197.3999938964844,0.041688622145036325,0.85,27.43,15.91,1.88,4.58,0,0.0,-1.0004253431181853,4.503818198,204.29000000000002,-3.3726595053676713
2021-08-31,193.4499969482422,-0.020010116871196915,0.0,28.02,14.36,1.88,4.08,0,0.0,-1.000362998426544,4.503818198,204.29000000000002,-5.306183881618205
2021-09-01,193.1999969482422,-0.0012923236182158515,0.0,27.34,14.85,1.88,3.9499999999999997,0,0.0,-1.000300659561568,4.767270288,216.24,-10.65482938020617
2021-09-02,191.8999938964844,-0.0067287943700437,0.0,28.31,14.27,1.8399999999999999,3.94,0,0.0,-1.0008675970663543,4.767270288,216.24,-11.256014661263228
2021-09-03,190.5500030517578,-0.007034866532902639,0.0,30.72,15.1,1.8399999999999999,3.94,0,0.0,-1.000801776502588,4.767270288,216.24,-11.880316753719105
2021-09-07,191.5,0.004985551996995463,0.0,35.03,18.13,1.8399999999999999,3.79,0,0.0,-1.0006562709195046,4.767270288,216.24,-11.440991490936
2021-09-08,187.75,-0.019582245430809442,0.0,34.79,19.59,1.8399999999999999,2.6399999999999997,0,0.0,-1.0004873986432572,4.767270288,216.24,-13.17517573066963
2021-09-09,185.0,-0.01464713715046606,0.0,34.92,19.2,1.5899999999999999,2.11,0,0.0,-1.004063711027765,4.767270288,216.24,-14.446910839807625
2021-09-10,185.6000061035156,0.003243276235219472,0.01,34.67,20.33,1.5999999999999999,2.01,0,0.0,-1.0035072863533612,4.767270288,216.24,-14.169438538884762
2021-09-13,184.3500061035156,-0.006734913571623702,0.0,35.16,17.85,1.6099999999999999,2.02,0,0.0,-1.002158406195911,4.767270288,216.24,-14.747499952129306
2021-09-14,183.0,-0.007323059716947022,0.0,36.19,19.66,1.6099999999999999,2.02,0,0.0,-1.0017636179058564,4.767270288,216.24,-15.371809100998894
2021-09-15,187.0,0.021857923497267784,0.0,36.26,20.01,1.5699999999999998,2.02,0,0.0,-1.0019965192438514,4.767270288,216.24,-13.522012578616355
2021-09-16,187.8000030517578,0.004278091185870636,0.0,36.12,21.58,1.4,2.02,0,0.0,-1.0042674644169178,4.767270288,216.24,-13.1520518628571
2021-09-17,187.3000030517578,-0.0026624067724971834,0.0,33.64,20.84,1.4,1.9999999999999998,0,0.0,-1.0038536568327254,4.767270288,216.24,-13.38327642815492
2021-09-20,183.5,-0.020288323490885052,0.0,35.78,22.22,1.38,2.0,0,0.0,-1.00292744914833,4.767270288,216.24,-15.140584535701077
2021-09-21,183.3500061035156,-0.0008174054304327383,0.0,37.99,23.4,1.38,2.0,0,0.0,-1.0025404286744646,4.767270288,216.24,-15.209949082724942
2021-09-22,184.8500061035156,0.008181074175438674,0.0,35.84,21.67,1.38,2.0,0,0.0,-1.001306258711924,4.767270288,216.24,-14.51627538683149
2021-09-23,190.6000061035156,0.031106301380266155,0.0,34.84,18.11,1.38,2.0,0,0.0,-1.000068190676838,4.767270288,216.24,-11.85719288590659
2021-09-24,194.3500061035156,0.01967471080752925,0.26,35.97,19.47,1.6400000000000001,2.2600000000000002,0,0.0,-0.9947602931749716,4.767270288,216.24,-10.123008646172961
2021-09-27,193.6499938964844,-0.0036018121175583895,0.21,31.89,19.04,11.89,12.51,0,0.0,-0.8320817369274595,4.767270288,216.24,-10.446728682720869
2021-09-28,198.6000061035156,0.02556164401263672,0.12,32.78,19.68,11.5,12.629999999999999,0,0.0,-0.8378516376849711,4.767270288,216.24,-8.157599841141515
2021-09-29,193.3999938964844,-0.026183343641594914,0.06,33.29,21.19,10.71,12.69,0,0.0,-0.8498669035770193,4.767270288,216.24,-10.562340965369776
2021-09-30,194.0,0.003102410147110657,0.0,34.2,19.17,10.71,12.69,0,0.0,-0.849451374343461,4.767270288,216.24,-10.284868664446915
2021-10-01,204.0500030517578,0.051804139442050534,8.99,34.79,22.3,19.700000000000003,21.68,0,0.0,-0.708259866460839,4.972299948,225.54000000000002,-9.528241974036627
2021-10-04,200.3500061035156,-0.01813279535851664,3.51,35.44,22.99,24.46,26.439999999999998,0,0.0,-0.6344484751615325,4.972299948,225.54000000000002,-11.168747848046653
2021-10-05,191.8999938964844,-0.042176251308249535,0.33,34.14,20.73,24.79,26.77,0,0.0,-0.6297733427835104,4.972299948,225.54000000000002,-14.915317062833916
2021-10-06,193.4499969482422,0.008077139661577526,0.31,34.35,21.52,25.1,27.08,0,0.0,-0.6254333878531834,4.972299948,225.54000000000002,-14.228076195689383
2021-10-07,197.8999938964844,0.02300334462880782,1.03,31.19,21.67,26.130000000000003,28.11,0,0.0,-0.6098109344445499,4.972299948,225.54000000000002,-12.255035072942988
2021-10-08,201.3500061035156,0.017433109213918385,0.12,30.68,20.65,26.25,28.23,0,0.0,-0.6086408500698375,4.972299948,225.54000000000002,-10.725367516398165
2021-10-11,204.25,0.014402750477163995,7.95,28.35,19.3,63.459999999999994,65.46,0,0.0,-0.02753121349963569,4.972299948,225.54000000000002,-9.43956726079632
2021-10-12,213.1499938964844,0.04357402152501555,0.78,29.23,16.21,64.24,66.24,0,0.0,-0.017380317197448456,4.972299948,225.54000000000002,-5.493485015303545
2021-10-13,208.6499938964844,-0.0211118936376109,0.2,30.38,17.62,64.44,66.44,0,0.0,-0.016362622279676057,4.972299948,225.54000000000002,-7.488696507721741
2021-10-14,209.25,0.002875658380384394,7.65,30.56,17.97,72.09,74.09,0,0.0,0.10234226826757649,4.972299948,225.54000000000002,-7.22266560255388
2021-10-15,203.3999938964844,-0.027957018415845192,11.01,29.5,18.89,83.1,85.08,0,0.0,0.2740223350534015,4.972299948,225.54000000000002,-9.816443248876304
2021-10-18,201.6000061035156,-0.008849497772772108,2.44,30.51,19.35,91.14,93.04,0,0.0,0.39342513427939063,4.972299948,225.54000000000002,-10.614522433486043
2021-10-19,204.25,0.013144810596502188,5.98,25.48,19.86,97.12,99.02000000000001,0,0.0,0.4856281415989008,4.972299948,225.54000000000002,-9.43956726079632
2021-10-20,205.5500030517578,0.006364764023294001,3.66,29.25,17.74,100.78,102.68,0,0.0,0.5410651716591893,4.972299948,225.54000000000002,-8.863171476563894
2021-10-21,203.3000030517578,-0.010946241627802111,0.15,28.76,15.14,100.92999999999999,102.83,0,0.0,0.5408416179790564,4.972299948,225.54000000000002,-9.860777222772992
2021-10-22,199.8500061035156,-0.016969979815317005,0.0,31.12,15.07,100.92999999999999,102.83,0,0.0,0.5379453447307655,4.972299948,225.54000000000002,-11.390438013870897
2021-10-25,202.5500030517578,0.013510116916602533,7.68,30.13,17.7,101.28999999999999,110.58,0,0.0,0.536741249559589,4.972299948,225.54000000000002,-10.193312471509358
2021-10-26,208.1000061035156,0.02740065647068679,11.81,27.74,19.31,110.19,122.39,0,0.0,0.6753350867250575,4.972299948,225.54000000000002,-7.732550277770871
2021-10-27,201.3500061035156,-0.03243632773678218,3.97,27.79,19.64,113.95,126.36,0,0.0,0.7321984999644862,4.972299948,225.54000000000002,-10.725367516398165
2021-10-28,199.9499969482422,-0.006953112057784816,0.21,31.05,18.6,114.04,126.57000000000001,0,0.0,0.7310000760981129,4.972299948,225.54000000000002,-11.34610403997421
2021-10-29,203.9499969482422,0.020005001555641,1.2,29.29,18.38,115.18,127.77000000000001,0,0.0,0.746426491251084,4.972299948,225.54000000000002,-9.572582713380257
2021-11-01,208.6999969482422,0.023290022412726152,5.85,28.27,17.55,130.34,153.11,0,0.0,0.9764911039338812,5.314456972,241.06000000000003,-13.424045072495577
2021-11-02,208.0500030517578,-0.003114489247671548,0.71,30.42,17.92,131.03,153.82000000000002,0,0.0,0.983765356973329,5.314456972,241.06000000000003,-13.693684953224183
2021-11-03,209.3000030517578,0.006008171024583175,1.26,29.37,17.14,128.78,155.08,0,0.0,0.9451007900549119,5.314456972,241.06000000000003,-13.175141851921602
2021-11-04,208.6000061035156,-0.003344466975803706,0.16,29.3,18.41,128.60999999999999,155.24,0,0.0,0.9391994502376763,5.314456972,241.06000000000003,-13.465524722676692
2021-11-05,203.5500030517578,-0.024209026385415222,0.02,32.87,16.89,128.32000000000002,155.26000000000002,0,0.0,0.9314582842857876,5.314456972,241.06000000000003,-15.56044011791347
2021-11-08,199.6499938964844,-0.019159956260387467,6.89,31.23,19.33,124.14,165.83,0,0.0,0.8569261995955654,5.314456972,241.06000000000003,-17.178298391900615
2021-11-09,205.8999938964844,0.031304784327920165,2.8,29.96,19.75,111.51,168.63000000000002,0,0.0,0.6578909984903997,5.314456972,241.06000000000003,-14.585582885387712
2021-11-10,204.0,-0.009227751106392068,7.67,30.26,18.29,111.23,176.3,0,0.0,0.6521038479129714,5.314456972,241.06000000000003,-15.373765867418909
2021-11-11,210.8999938964844,0.033823499492570575,30.99,23.57,19.2,141.44,207.29000000000002,0,0.0,1.11986436294411,5.314456972,241.06000000000003,-12.511410480177393
2021-11-12,219.6999969482422,0.04172595214050623,9.74,28.17,16.24,150.98000000000002,217.03,0,0.0,1.2636388447913656,5.314456972,241.06000000000003,-8.86086578103287
2021-11-15,222.75,0.013882581220409973,0.03,27.54,15.88,129.04999999999998,216.99,0,0.0,0.9163482006530396,5.314456972,241.06000000000003,-7.595619347880207
2021-11-16,222.0500030517578,-0.003142522775498091,0.05,27.57,17.49,126.94,217.04,0,0.0,0.8825049046163727,5.314456972,241.06000000000003,-7.886002218635284
2021-11-17,232.6000061035156,0.04751183475236731,0.57,28.39,17.46,125.07,217.59,0,0.0,0.8519744701289748,5.314456972,241.06000000000003,-3.509497177667151
2021-11-18,228.9499969482422,-0.015692214357247325,11.68,25.59,19.05,130.76999999999998,229.26999999999998,0,0.0,0.9391209376984161,5.314456972,241.06000000000003,-5.023646831393778
2021-11-19,233.3000030517578,0.01899980852368821,23.56,25.98,18.71,150.67,252.82999999999998,0,0.0,1.2437626737082574,5.314456972,241.06000000000003,-3.2191143069120622
2021-11-22,231.3500061035156,-0.008358323715107696,0.34,30.47,18.03,160.76,263.07,0,0.0,1.3846810360909496,5.314456972,241.06000000000003,-4.028040278969731
2021-11-23,242.5500030517578,0.048411483262424726,0.28,32.23,18.61,160.97,263.34999999999997,0,0.0,1.3817517562122335,5.314456972,241.06000000000003,0.6181046427270313
2021-11-24,246.3000030517578,0.015460729551917574,0.2,31.48,17.8,153.48999999999998,263.55,0,0.0,1.261899656078116,5.314456972,241.06000000000003,2.173733946634772
2021-11-26,243.8500061035156,-0.009947206325155333,9.34,28.06,19.25,148.29,274.13,0,0.0,1.1739663671936484,5.314456972,241.06000000000003,1.1573907340560714
2021-11-29,233.8500061035156,-0.04100881586919025,0.06,31.0,19.54,180.13,309.34999999999997,0,0.0,1.6294116709026731,5.314456972,241.06000000000003,-2.9909540763645706
2021-11-30,233.25,-0.0025657733070573174,9.42,26.2,19.49,173.35,318.77,0,0.0,1.518424039681181,5.314456972,241.06000000000003,-3.2398572969385335
2021-12-01,234.1999969482422,0.004072870088926761,6.19,30.24,19.84,173.69,324.96,0,0.0,1.5149115430106532,5.709083952,258.96000000000004,-9.561323390391506
2021-12-02,237.4499969482422,0.013877028361867438,0.21,31.59,18.39,173.19,325.16999999999996,0,0.0,1.4991104142110778,5.709083952,258.96000000000004,-8.306303310070222
2021-12-03,244.0500030517578,0.027795351393305134,1.09,30.24,18.14,173.02,326.26,0,0.0,1.4885345628938884,5.709083952,258.96000000000004,-5.757644790022483
2021-12-06,250.1999969482422,0.02519972882434307,4.3,26.97,18.72,178.91,332.46999999999997,0,0.0,1.5519729614308866,5.709083952,258.96000000000004,-3.382762994963642
2021-12-07,243.8999938964844,-0.02517986861950694,9.4,29.3,17.34,184.52,341.87,0,0.0,1.626254609858861,5.709083952,258.96000000000004,-5.815572329130225
2021-12-08,244.75,0.0034850599622251455,1.94,27.79,16.66,179.57,343.81,0,0.0,1.5463070128840457,5.709083952,258.96000000000004,-5.487333951189386
2021-12-09,240.3500061035156,-0.017977503152132424,0.04,29.63,14.61,176.80999999999997,343.84,0,0.0,1.5000070603085816,5.709083952,258.96000000000004,-7.186435702998316
2021-12-10,232.6999969482422,-0.031828620599155144,0.0,31.0,15.52,169.14,343.83,0,0.0,1.3830440499202272,5.709083952,258.96000000000004,-10.140563427462869
2021-12-13,236.6999969482422,0.017189514621651192,19.99,24.79,20.23,162.53,378.09,0,0.0,1.2833538627505356,5.709083952,258.96000000000004,-8.595923328605902
2021-12-14,237.1499938964844,0.001901127815986392,16.42,25.81,19.29,178.95,394.51,0,0.0,1.5175877180103252,5.709083952,258.96000000000004,-8.422152495951355
2021-12-15,237.3999938964844,0.0010541851420375892,8.73,27.07,18.9,187.64999999999998,403.24,0,0.0,1.6370742405992456,5.709083952,258.96000000000004,-8.325612489772794
2021-12-16,236.9499969482422,-0.0018955221559038282,5.18,27.33,19.33,192.78,408.42,0,0.0,1.7032867811193966,5.709083952,258.96000000000004,-8.499383322427342
2021-12-17,235.8999938964844,-0.00443132755974307,12.31,27.01,19.52,204.51999999999998,420.73,0,0.0,1.8622429843780066,5.709083952,258.96000000000004,-8.904852526844158
2021-12-20,224.3999938964844,-0.048749471375765796,0.13,26.81,18.11,182.51000000000002,437.78,0,0.0,1.5230822296144653,5.709083952,258.96000000000004,-13.345692811057935
2021-12-21,228.25,0.017156890411020198,0.0,28.16,18.08,176.43,437.78,0,0.0,1.4317766577163655,5.709083952,258.96000000000004,-11.85897435897437
2021-12-22,233.5500030517578,0.023220166710877566,1.01,29.24,17.85,177.1,438.79,0,0.0,1.4374327147725185,5.709083952,258.96000000000004,-9.81232504952202
2021-12-23,231.1999969482422,-0.010062111208771096,11.75,29.35,18.91,188.57,450.28000000000003,0,0.0,1.5949354586073072,5.709083952,258.96000000000004,-10.71980346453423
2021-12-27,227.0500030517578,-0.017949800827261386,0.51,29.43,16.55,164.65,457.15,0,0.0,1.2436310414783653,5.709083952,258.96000000000004,-12.32236521016459
2021-12-28,225.6000061035156,-0.00638624500661944,5.96,28.47,18.3,164.47,463.05,0,0.0,1.2425873946610086,5.709083952,258.96000000000004,-12.882296067533378
2021-12-29,228.8999938964844,0.014627605069543304,12.24,28.6,19.31,176.65,475.29,0,0.0,1.4146982342755752,5.709083952,258.96000000000004,-11.607972699843847
2021-12-30,228.8500061035156,-0.0002183826749746487,27.94,22.88,19.01,195.17,494.24,0,0.0,1.6737654559355628,5.709083952,258.96000000000004,-11.627275987212094
2021-12-31,226.1000061035156,-0.012016604442457779,11.09,22.86,18.41,200.07,504.09999999999997,0,0.0,1.73955487310377,5.709083952,258.96000000000004,-12.689216055176258
2022-01-03,223.3000030517578,-0.01238391409187245,9.87,27.7,18.73,242.7,545.7199999999999,0,0.0,2.3124390907627603,5.910145296,268.08,-16.70396782611242
2022-01-04,231.75,0.03784145469215949,19.47,24.36,19.54,261.81,564.88,0,0.0,2.5630771096380585,5.910145296,268.08,-13.551924798567585
2022-01-05,231.75,0.0,14.66,26.48,18.6,272.16999999999996,578.51,0,0.0,2.685522436731247,5.910145296,268.08,-13.551924798567585
2022-01-06,231.6999969482422,-0.00021576289863134424,27.95,25.73,18.96,290.72,606.34,0,0.0,2.9111101349549333,5.910145296,268.08,-13.570577085854147
2022-01-07,238.4499969482422,0.029132499304727277,24.46,25.38,18.81,313.24,616.95,0,0.0,3.1781002337816124,5.910145296,268.08,-11.052671982899806
2022-01-10,234.8999938964844,-0.014887830141295133,20.28,23.01,18.12,373.84999999999997,654.12,0,0.0,3.785343615844342,5.910145296,268.08,-12.376904693940459
2022-01-11,237.0500030517578,0.009152870204930164,16.22,24.21,18.01,376.48,670.14,0,0.0,3.7404981540320636,5.910145296,268.08,-11.574901875649871
2022-01-12,240.8500061035156,0.016030386006483655,2.14,26.57,18.42,358.63,664.63,0,0.0,3.452392528521203,5.910145296,268.08,-10.157413420055352
2022-01-13,237.0,-0.015985077873989728,2.74,26.8,18.15,344.95,656.36,0,0.0,3.2313164192629764,5.910145296,268.08,-11.593554162936432
2022-01-14,239.6499938964844,0.011181408845925667,0.13,28.58,17.83,336.35,653.05,0,0.0,3.083317997463918,5.910145296,268.08,-10.605045547417033
2022-01-18,239.6000061035156,-0.00020858666489431688,6.14,26.93,18.52,321.28,658.15,0,0.0,2.765406950805755,5.910145296,268.08,-10.623692142824675
2022-01-19,244.4499969482422,0.020242031390563575,9.9,26.66,18.14,331.05,667.9,0,0.0,2.842645628296164,5.910145296,268.08,-8.814534113607058
2022-01-20,243.6499938964844,-0.003272665419288834,9.09,26.17,18.35,340.14,676.99,0,0.0,2.908178719131639,5.910145296,268.08,-9.1129536345552
2022-01-21,237.8999938964844,-0.023599425996468137,3.08,28.54,17.96,342.21,680.0699999999999,0,0.0,2.8923962812912802,5.910145296,268.08,-11.257835759294085
2022-01-24,232.9499969482422,-0.020807049496588292,2.75,28.77,17.4,321.81,667.1500000000001,0,0.0,2.5681128499243764,5.910145296,268.08,-13.104298363084824
2022-01-25,237.8999938964844,0.021249182284136303,3.12,27.52,18.83,323.49,666.3000000000001,0,0.0,2.556318811228273,5.910145296,268.08,-11.257835759294085
2022-01-26,238.8999938964844,0.004203446934240462,3.86,25.65,17.5,326.84,669.9499999999999,0,0.0,2.562003248492629,5.910145296,268.08,-10.884812781078626
2022-01-27,232.0500030517578,-0.028673047382724914,0.28,27.23,17.64,321.16,669.0300000000001,0,0.0,2.4729207609035377,5.910145296,268.08,-13.440016766727162
2022-01-28,235.8999938964844,0.016591212213291184,1.25,26.81,17.15,310.17,666.95,0,0.0,2.331652585534091,5.910145296,268.08,-12.003881715725
2022-01-31,235.1000061035156,-0.003391215827330041,16.06,23.9,18.81,278.43,679.27,0,0.0,1.9439445769729529,5.910145296,268.08,-12.302295544794237
2022-02-01,236.6999969482422,0.006805575513350259,16.08,25.44,17.44,286.69,694.09,0,0.0,2.012282950460518,5.976283896,271.08000000000004,-12.68260404742432
2022-02-02,238.8000030517578,0.00887201576084018,17.33,24.32,18.94,294.15000000000003,711.26,0,0.0,2.070586751103276,5.976283896,271.08000000000004,-11.907922734337548
2022-02-03,243.8999938964844,0.021356745308002356,8.45,26.54,18.13,283.13,719.6899999999999,0,0.0,1.9412727197280315,5.976283896,271.08000000000004,-10.026562676521925
2022-02-04,241.8500061035156,-0.008405034211845241,7.02,28.49,17.33,275.49,726.5699999999999,0,0.0,1.848666036659891,5.976283896,271.08000000000004,-10.782792495383076
2022-02-07,241.6499938964844,-0.0008270093114886023,23.97,23.77,18.2,263.52,777.9399999999999,0,0.0,1.6909669019791354,5.976283896,271.08000000000004,-10.856575956734408
2022-02-08,248.9499969482422,0.030208993321493294,16.72,25.28,19.25,263.6,786.99,0,0.0,1.680680850545391,5.976283896,271.08000000000004,-8.163642855156356
2022-02-09,258.3500061035156,0.037758623299873895,14.67,25.56,18.84,257.99,770.67,0,0.0,1.6143815657258924,5.976283896,271.08000000000004,-4.696028440491521
2022-02-10,255.1999969482422,-0.012192796906733139,11.62,23.34,17.85,253.39,772.55,0,0.0,1.559080832093199,5.976283896,271.08000000000004,-5.85805041012168
2022-02-11,251.6499938964844,-0.013910670431856564,25.78,24.68,16.94,277.03,798.1899999999999,0,0.0,1.7815484150401992,5.976283896,271.08000000000004,-7.167628044678927
2022-02-14,247.5500030517578,-0.01629243371415745,7.39,26.31,18.72,318.14,842.18,0,0.0,2.1351484336531867,5.976283896,271.08000000000004,-8.680093311289001
2022-02-15,251.8500061035156,0.017370240350426336,6.17,28.37,17.79,320.24,847.78,0,0.0,2.1372506953131243,5.976283896,271.08000000000004,-7.093844583327594
2022-02-16,252.25,0.0015882226991885684,9.36,27.48,18.46,320.56,845.4599999999999,0,0.0,2.1223870222164303,5.976283896,271.08000000000004,-6.946288918400486
2022-02-17,251.5,-0.0029732408325073845,6.51,26.0,18.75,320.93,828.41,0,0.0,2.108607499547913,5.976283896,271.08000000000004,-7.222960011804647
2022-02-18,246.8500061035156,-0.018489041337910184,4.22,25.68,17.3,315.24999999999994,828.81,0,0.0,2.0388979442567,5.976283896,271.08000000000004,-8.938318539355334
2022-02-22,248.4499969482422,0.00648163178110539,3.35,26.9,17.91,319.47999999999996,842.1999999999999,0,0.0,2.0223903099693357,5.976283896,271.08000000000004,-8.34809025075913
2022-02-23,248.6000061035156,0.0006037800648661662,2.58,27.84,17.94,319.30999999999995,843.54,0,0.0,2.0074885942425706,5.976283896,271.08000000000004,-8.292752654745625
2022-02-24,239.3500061035156,-0.03720836594086141,0.3,28.5,16.14,316.48999999999995,834.5,0,0.0,1.9687440797503446,5.976283896,271.08000000000004,-11.705029473396946
2022-02-25,240.0500030517578,0.0029245745995070127,10.18,27.62,18.6,322.81,814.3,0,0.0,2.0138450029796635,5.976283896,271.08000000000004,-11.446804245330613
2022-02-28,234.25,-0.024161645398968257,0.04,27.67,16.63,313.96999999999997,801.88,0,0.0,1.899308659201935,5.976283896,271.08000000000004,-13.586395160100354
2022-03-01,237.25,0.012806830309498363,0.0,27.26,16.17,305.46,795.6899999999999,0,0.0,1.813812280153589,6.169188146,279.83000000000004,-15.216381374405902
2022-03-02,230.4499969482422,-0.02866176207274107,1.21,27.34,16.18,290.61,796.6899999999999,0,0.0,1.6733700041149548,6.169188146,279.83000000000004,-17.646429279118696
2022-03-03,224.1499938964844,-0.027337830918577666,4.06,27.3,16.27,278.59000000000003,799.6600000000001,0,0.0,1.560113685533123,6.169188146,279.83000000000004,-19.897797271027276
2022-03-04,224.1499938964844,0.0,8.46,26.99,17.69,269.71999999999997,806.5699999999999,0,0.0,1.476239375246259,6.169188146,279.83000000000004,-19.897797271027276
2022-03-07,225.5,0.006022780014613982,0.04,27.24,16.57,237.19,793.95,0,0.0,1.1787763298382108,6.169188146,279.83000000000004,-19.41535932530466
2022-03-08,234.0500030517578,0.03791575632708555,0.14,27.69,16.29,214.95,792.15,0,0.0,0.9790181560043789,6.169188146,279.83000000000004,-16.35993172577716
2022-03-09,230.4499969482422,-0.015381354653174362,0.08,27.42,17.02,191.06,792.1899999999999,0,0.0,0.7652969160785477,6.169188146,279.83000000000004,-17.646429279118696
2022-03-10,225.1999969482422,-0.022781514729979024,1.77,26.89,16.1,176.11,793.96,0,0.0,0.6317910115059381,6.169188146,279.83000000000004,-19.522568363562822
2022-03-11,222.9499969482422,-0.009991119140721483,2.52,27.88,17.17,163.95999999999998,795.8,0,0.0,0.5236219207100588,6.169188146,279.83000000000004,-20.326627971181736
2022-03-14,219.6499938964844,-0.014801538896292876,5.28,25.76,19.23,136.34,778.7599999999999,0,0.0,0.278527046970755,6.169188146,279.83000000000004,-21.5059164862651
2022-03-15,212.3000030517578,-0.033462285677050674,9.13,26.82,18.32,131.97,779.1600000000001,0,0.0,0.2403066681210354,6.169188146,279.83000000000004,-24.132507932759967
2022-03-16,218.6000061035156,0.029675002172382836,2.0,27.45,17.65,126.58,775.98,0,0.0,0.19248634135086337,6.169188146,279.83000000000004,-21.881139940851387
2022-03-17,217.3000030517578,-0.005946948835592325,2.5,26.87,18.14,122.91,766.1700000000001,0,0.0,0.15996007773513699,6.169188146,279.83000000000004,-22.345708804717944
2022-03-18,220.3000030517578,0.013805798241454337,0.82,28.01,17.37,114.37,755.13,0,0.0,0.08399555289778368,6.169188146,279.83000000000004,-21.273629327892728
2022-03-21,225.8500061035156,0.02519293225090813,0.29,26.1,17.99,108.61,760.76,0,0.0,0.032985793413526296,6.169188146,279.83000000000004,-19.29028120519045
2022-03-22,225.0500030517578,-0.003542187425893184,0.0,25.49,15.46,102.94,759.75,0,0.0,-0.01768529843394237,6.169188146,279.83000000000004,-19.576170156252804
2022-03-23,225.3000030517578,0.001110864237324538,0.0,26.19,17.54,97.52,748.0,0,0.0,-0.06607815390216433,6.169188146,279.83000000000004,-19.4868301998507
2022-03-24,221.8500061035156,-0.015312902359125413,0.03,27.13,17.41,94.2,735.34,0,0.0,-0.0957101900653484,6.169188146,279.83000000000004,-20.71972050762407
2022-03-25,221.8500061035156,0.0,0.01,27.42,16.93,91.63,732.75,0,0.0,-0.11872910306052802,6.169188146,279.83000000000004,-20.71972050762407
2022-03-28,214.5500030517578,-0.03290512892008479,4.73,27.67,17.75,83.35,730.11,0,0.0,-0.19296756737399945,6.169188146,279.83000000000004,-23.328448325141057
2022-03-29,215.6999969482422,0.005360027406790424,4.45,27.08,17.87,87.71000000000001,722.32,0,0.0,-0.15439430269056384,6.169188146,279.83000000000004,-22.91748670684267
2022-03-30,221.8500061035156,0.0285118648228313,0.0,27.6,16.41,87.67,694.38,0,0.0,-0.15517700619202274,6.169188146,279.83000000000004,-20.71972050762407
2022-03-31,226.3999938964844,0.020509297578498842,1.44,27.8,18.22,89.11,684.7299999999999,0,0.0,-0.14269914889415808,6.169188146,279.83000000000004,-19.093737663408366
2022-04-01,228.3999938964844,0.008833922499637659,3.59,26.64,17.95,91.49000000000001,660.53,0,0.0,-0.12189464322332537,5.698501776,258.48,-11.637266366262617
2022-04-04,230.6000061035156,0.009632277871374662,0.05,27.13,17.75,80.0,625.7,0,0.0,-0.2259558493550739,5.698501776,258.48,-10.786131962428202
2022-04-05,231.3000030517578,0.003035546095900843,1.12,27.86,16.15,81.02000000000001,612.1600000000001,0,0.0,-0.21737503733956057,5.698501776,258.48,-10.515319153606548
2022-04-06,227.6000061035156,-0.015996527883375244,3.51,27.42,17.82,84.49,587.72,0,0.0,-0.18682270261272446,5.698501776,258.48,-11.946763345900813
2022-04-07,226.1499938964844,-0.006370879473402646,0.71,28.52,18.19,85.06,563.9699999999999,0,0.0,-0.1820753034544275,5.698501776,258.48,-12.507739903867074
2022-04-08,231.6499938964844,0.02432014215537648,0.11,28.34,17.99,85.09,539.67,0,0.0,-0.18209955546865042,5.698501776,258.48,-10.379915700833957
2022-04-11,236.6000061035156,0.021368497031962752,2.97,28.21,17.44,68.16,493.38,0,0.0,-0.3342555039679322,5.698501776,258.48,-8.464869195482985
2022-04-12,233.6000061035156,-0.012679627737150034,13.91,25.4,18.77,73.88,505.15000000000003,0,0.0,-0.28308743161649164,5.698501776,258.48,-9.625500578955593
2022-04-13,225.0500030517578,-0.03660103950497762,6.44,27.44,18.24,75.03999999999999,508.85,0,0.0,-0.27305862313428564,5.698501776,258.48,-12.933301202507815
2022-04-14,223.6000061035156,-0.006442999016128659,1.43,27.0,17.27,67.34,510.15,0,0.0,-0.34220497197107963,5.698501776,258.48,-13.494271857197623
2022-04-18,223.5,-0.00044725447578608524,0.03,25.49,12.93,57.22,491.35999999999996,0,0.0,-0.4324266112604464,5.698501776,258.48,-13.532961931290627
2022-04-19,221.3000030517578,-0.009843386793029874,0.03,25.64,14.67,52.07,481.49,0,0.0,-0.47813639415188264,5.698501776,258.48,-14.384090431848579
2022-04-20,218.8000030517578,-0.011296881904765743,0.0,25.95,14.6,51.78,472.4,0,0.0,-0.4803061473463076,5.698501776,258.48,-15.351283251409084
2022-04-21,228.1499938964844,0.042733047140382396,0.0,26.41,15.4,51.78,469.32,0,0.0,-0.4798427165525457,5.698501776,258.48,-11.733985648218667
2022-04-22,227.3000030517578,-0.0037255790815942103,0.0,26.43,16.18,51.78,465.68,0,0.0,-0.47933769080800037,5.698501776,258.48,-12.06282766490336
2022-04-25,220.8000030517578,-0.02859656802784949,0.37,26.26,16.98,52.040000000000006,459.93,0,0.0,-0.47525203339597555,5.698501776,258.48,-14.57752899576068
2022-04-26,221.3999938964844,0.0027173498026897835,0.14,26.37,15.96,51.709999999999994,456.21,0,0.0,-0.47753188600146484,5.698501776,258.48,-14.345406261032037
2022-04-27,215.9499969482422,-0.024616066388829072,0.02,25.68,15.35,47.0,455.95,0,0.0,-0.5188219547943067,5.698501776,258.48,-16.45388542701866
2022-04-28,217.8999938964844,0.009029854020834227,0.0,26.08,14.36,42.55,454.7,0,0.0,-0.5577337736762501,5.698501776,258.48,-15.69947620841675
2022-04-29,222.5500030517578,0.021340106863345865,0.0,27.08,14.95,42.55,444.19,0,0.0,-0.5569254287605606,5.698501776,258.48,-13.900494022068324
2022-05-02,216.3999938964844,-0.027634280255853905,0.0,26.26,13.31,35.6,403.53999999999996,0,0.0,-0.6164182181797065,5.854147948,265.54,-18.50568882410018
2022-05-03,218.1999969482422,0.008317944096702723,0.02,26.5,13.44,35.260000000000005,386.23,0,0.0,-0.6185075385863681,5.854147948,265.54,-17.827823699539742
2022-05-04,221.1999969482422,0.013748854454437076,0.35,26.04,15.03,35.559999999999995,378.13,0,0.0,-0.6149493954676168,5.854147948,265.54,-16.698050407380368
2022-05-05,218.3999938964844,-0.012658241819112459,0.02,22.98,12.17,34.46,371.12999999999994,0,0.0,-0.623911492195697,5.854147948,265.54,-17.752506629327264
2022-05-06,211.6000061035156,-0.031135476112658766,0.0,27.17,12.28,30.95,352.62999999999994,0,0.0,-0.6545838488492923,5.854147948,265.54,-20.313321494495902
2022-05-09,206.3000030517578,-0.025047272679023513,0.11,25.27,14.41,26.98,289.91999999999996,0,0.0,-0.6895847046133786,5.854147948,265.54,-22.309255459908943
2022-05-10,204.0,-0.011148827037005815,0.02,24.77,13.29,26.63,275.27000000000004,0,0.0,-0.6927099931073716,5.854147948,265.54,-23.175416133162617
2022-05-11,220.1000061035156,0.07892159854664516,0.31,25.66,12.61,23.97,263.96000000000004,0,0.0,-0.7164010499645102,5.854147948,265.54,-17.112297166711013
2022-05-12,215.0,-0.023171312867283578,0.21,25.33,15.65,10.27,238.39,0,0.0,-0.8380827671019856,5.854147948,265.54,-19.032914061911583
2022-05-13,212.8999938964844,-0.009767470248909782,0.01,26.31,13.96,3.84,215.22,0,0.0,-0.8946715893759997,5.854147948,265.54,-19.82375766495278
2022-05-16,225.8000030517578,0.06059187188866533,4.87,24.18,15.15,27.689999999999998,213.96,0,0.0,-0.6823820070742651,5.854147948,265.54,-14.965729060873015
2022-05-17,228.1999969482422,0.010628847936438035,0.03,20.83,8.14,27.72,204.63,0,0.0,-0.682619132965854,5.854147948,265.54,-14.061912725675164
2022-05-18,218.6000061035156,-0.04206832152983753,0.01,15.28,3.83,27.7,198.13,0,0.0,-0.6834220763485954,5.854147948,265.54,-17.677183812790698
2022-05-19,218.6999969482422,0.0004574146474600749,0.0,17.83,3.86,27.669999999999998,193.91,0,0.0,-0.684315797252044,5.854147948,265.54,-17.639528150846512
2022-05-20,215.8500061035156,-0.0130315083881829,0.0,19.43,3.43,27.669999999999998,188.06,0,0.0,-0.6849439745467162,5.854147948,265.54,-18.71280933060346
2022-05-23,215.75,-0.000463312951993311,0.0,23.6,8.96,27.669999999999998,173.62,0,0.0,-0.6869415672094392,5.854147948,265.54,-18.750470738871737
2022-05-24,213.6499938964844,-0.009733516122899633,0.0,23.89,9.99,27.669999999999998,171.04,0,0.0,-0.6876813896171686,5.854147948,265.54,-19.541314341912937
2022-05-25,217.0500030517578,0.015913921143946963,0.0,22.94,10.99,27.299999999999997,170.74,0,0.0,-0.6917872483179559,5.854147948,265.54,-18.26090116300452
2022-05-26,226.6000061035156,0.043999091994854744,0.02,23.32,11.3,27.18,160.58,0,0.0,-0.6937154719561108,5.854147948,265.54,-14.664455033699037
2022-05-27,229.4499969482422,0.012577187855081773,0.0,22.89,12.22,27.16,157.51000000000002,0,0.0,-0.6948077803508438,5.854147948,265.54,-13.591173853942093
2022-05-31,231.25,0.007844859776414914,0.01,27.28,14.48,27.169999999999998,156.18,0,0.0,-0.6981174057167446,5.854147948,265.54,-12.913308729381646
2022-06-01,239.4499969482422,0.03545944626266895,0.0,27.12,14.15,27.169999999999998,152.12,0,0.0,-0.6988551928149177,5.741271404,260.42,-8.052378101435307
2022-06-02,238.25,-0.005011471971334225,0.0,26.53,14.51,27.15,143.66,0,0.0,-0.6997527311335561,5.741271404,260.42,-8.513171031410803
2022-06-03,232.3999938964844,-0.02455406549219563,0.0,27.58,13.91,26.8,142.36,0,0.0,-0.7035956258165579,5.741271404,260.42,-10.759544621578838
2022-06-06,237.5500030517578,0.02216010882327013,0.0,23.95,10.23,26.799999999999997,142.10000000000002,0,0.0,-0.7057044941115115,5.741271404,260.42,-8.781966418954843
2022-06-07,232.1499938964844,-0.022732094657548108,0.0,25.1,11.01,26.549999999999997,142.02,0,0.0,-0.7086472874302057,5.741271404,260.42,-10.855543392794567
2022-06-08,231.8500061035156,-0.0012922153816750104,0.0,26.45,12.79,26.439999999999998,140.25,0,0.0,-0.7103236833700945,5.741271404,260.42,-10.97073723081346
2022-06-09,234.6499938964844,0.012076720807670194,0.06,26.33,14.58,26.48,137.79000000000002,0,0.0,-0.7106531275957741,5.741271404,260.42,-9.895555680637283
2022-06-10,228.8999938964844,-0.024504581928677216,0.01,26.54,13.64,26.18,118.31,0,0.0,-0.713985684833252,5.741271404,260.42,-12.103527418599036
2022-06-13,223.3500061035156,-0.024246343123445757,0.0,24.71,9.41,16.14,95.72,0,0.0,-0.8058364512652753,5.741271404,260.42,-14.23469545214823
2022-06-14,226.9499969482422,0.016118158703152696,0.0,23.24,9.89,5.04,93.72,0,0.0,-0.9055671746782634,5.741271404,260.42,-12.85231666222173
2022-06-15,228.5,0.006829711710070185,0.0,25.73,12.63,0.16999999999999998,91.22,0,0.0,-0.9489571375170586,5.741271404,260.42,-12.257123108824212
2022-06-16,231.9499969482422,0.015098454915720705,0.0,26.87,11.0,0.13999999999999999,90.39999999999999,0,0.0,-0.9487635174816599,5.741271404,260.42,-10.93234123790716
2022-06-17,227.6499938964844,-0.018538491521158718,0.0,25.97,10.59,0.12999999999999998,85.05,0,0.0,-0.9483896529104731,5.741271404,260.42,-12.583521274677679
2022-06-21,233.1000061035156,0.02394031343356584,0.01,26.12,12.45,0.83,80.28,0,0.0,-0.9404861981807598,5.741271404,260.42,-10.49074337473482
2022-06-22,238.6000061035156,0.023595022977209057,0.27,25.81,11.13,1.1,80.52,0,0.0,-0.9377777695793871,5.741271404,260.42,-8.378770407988794
2022-06-23,232.4499969482422,-0.025775393956214976,0.0,26.24,10.66,1.1,80.50999999999999,0,0.0,-0.937501212021013,5.741271404,260.42,-10.740343695475703
2022-06-24,226.6000061035156,-0.02516666346108476,0.0,26.38,10.73,1.1,80.44,0,0.0,-0.9372247678844735,5.741271404,260.42,-12.986711426343758
2022-06-27,226.0,-0.002647864463170002,0.0,24.23,11.5,1.08,70.78999999999999,0,0.0,-0.936574372066893,5.741271404,260.42,-13.217110820981498
2022-06-28,221.8999938964844,-0.018141619927060204,0.04,24.5,10.37,1.12,70.83,0,0.0,-0.9359809819959766,5.741271404,260.42,-14.791493012639432
2022-06-29,232.6499938964844,0.04844524693864938,0.0,26.45,12.34,1.12,69.39,0,0.0,-0.9357841345241592,5.741271404,260.42,-10.66354585036311
2022-06-30,233.6000061035156,0.004083439638747244,0.0,26.75,10.83,1.11,65.8,0,0.0,-0.9357801022218921,5.741271404,260.42,-10.298745832303362
2022-07-01,228.4499969482422,-0.022046271492781044,0.0,26.21,11.07,1.11,63.88,0,0.0,-0.9357114750463081,6.033824478,273.69,-16.52965144936162
2022-07-05,224.6499938964844,-0.01663385030650144,0.0,25.14,9.86,1.09,58.84,0,0.0,-0.9357260043608546,6.033824478,273.69,-17.918084732184443
2022-07-06,222.5,-0.009570416002214976,0.0,25.33,10.27,1.09,58.13,0,0.0,-0.9356858835063946,6.033824478,273.69,-18.703642807555994
2022-07-07,222.1999969482422,-0.0013483283225069753,0.0,25.37,10.29,1.09,58.02,0,0.0,-0.9356457650609338,6.033824478,273.69,-18.813256988475214
2022-07-08,222.8999938964844,0.003150301340486772,0.0,26.23,11.2,1.09,54.51,0,0.0,-0.9356120937234506,6.033824478,273.69,-18.557494283136247
2022-07-11,216.8999938964844,-0.026917901140842693,0.0,24.37,10.5,1.0100000000000002,37.260000000000005,0,0.0,-0.936351939342569,6.033824478,273.69,-20.749755600685297
2022-07-12,209.25,-0.035269682396281476,0.0,25.89,10.8,1.0100000000000002,30.82,0,0.0,-0.9363978145269671,6.033824478,273.69,-23.544886550476814
2022-07-13,211.25,0.009557945041815952,0.0,27.18,11.92,1.0100000000000002,29.39,0,0.0,-0.9364436928714895,6.033824478,273.69,-22.814132777960467
2022-07-14,199.1999969482422,-0.05704143456453403,0.0,25.75,12.62,1.0100000000000002,28.880000000000003,0,0.0,-0.9364895743765813,6.033824478,273.69,-27.216925372413247
2022-07-15,203.6999969482422,0.022590361791869018,0.0,26.05,10.9,1.0100000000000002,28.87,0,0.0,-0.9365354590426874,6.033824478,273.69,-25.57272938425146
2022-07-18,219.1000061035156,0.07560142064796582,0.0,27.89,12.58,0.59,28.810000000000002,0,0.0,-0.9404208765311305,6.033824478,273.69,-19.945921990750264
2022-07-19,220.3999938964844,0.005933307881126337,0.0,26.96,11.75,0.43000000000000005,28.810000000000002,0,0.0,-0.9418737642337924,6.033824478,273.69,-19.470936498781686
2022-07-20,218.1499938964844,-0.010208711716465646,0.0,27.12,11.18,0.32,28.810000000000002,0,0.0,-0.9428720000874298,6.033824478,273.69,-20.29303449286258
2022-07-21,215.8500061035156,-0.010543148555210102,0.0,26.18,12.07,0.31,28.810000000000002,0,0.0,-0.9429715977446953,6.033824478,273.69,-21.133396871089335
2022-07-22,206.6999969482422,-0.04239059020867164,0.0,26.41,12.16,0.04,28.810000000000002,0,0.0,-0.945393891943609,6.033824478,273.69,-24.47659872547693
2022-07-25,210.0500030517578,0.016207093144536833,0.0,27.56,11.69,0.04,28.3,0,0.0,-0.9453854940108515,6.033824478,273.69,-23.252583926428507
2022-07-26,213.1999969482422,0.014996400146246147,0.0,27.34,11.2,0.04,28.28,0,0.0,-0.945382694723435,6.033824478,273.69,-22.10164896479879
2022-07-27,219.1000061035156,0.02767358930453323,0.0,26.74,11.63,0.04,28.28,0,0.0,-0.94537989544777,6.033824478,273.69,-19.945921990750264
2022-07-28,218.3999938964844,-0.0031949438043396006,0.0,26.83,11.1,0.0,28.28,0,0.0,-0.9457344988571629,6.033824478,273.69,-20.201690271298038
2022-07-29,217.1999969482422,-0.005494491674807422,0.0,28.69,10.94,0.0,28.28,0,0.0,-0.9457298321994556,6.033824478,273.69,-20.64014141976609
2022-08-01,213.1999969482422,-0.0184162065202661,0.0,28.35,14.94,0.01,28.27,0,0.0,-0.9456274161293806,5.639197498,255.79000000000002,-16.650378455669816
2022-08-02,209.8999938964844,-0.01547843855062958,0.0,29.12,14.63,0.01,27.919999999999998,0,0.0,-0.9456232165275664,5.639197498,255.79000000000002,-17.940500450961967
2022-08-03,214.6499938964844,0.02262982438361827,0.0,28.9,13.48,0.01,27.9,0,0.0,-0.945617151027622,5.639197498,255.79000000000002,-16.08350838715963
2022-08-04,219.3000030517578,0.02166321587465725,0.0,28.1,14.14,0.01,27.9,0,0.0,-0.9456110855828441,5.639197498,255.79000000000002,-14.2656073139068
2022-08-05,209.4499969482422,-0.04491566788164103,0.0,30.15,14.05,0.01,27.9,0,0.0,-0.9456050201932316,5.639197498,255.79000000000002,-18.11642482182956
2022-08-08,211.8500061035156,0.011458625878454809,0.0,29.98,16.43,0.09,27.6,0,0.0,-0.9448757696655218,5.639197498,255.79000000000002,-17.178151568272575
2022-08-09,212.75,0.0042482599506965535,0.68,29.92,14.76,0.77,27.970000000000002,0,0.0,-0.9387975898015485,5.639197498,255.79000000000002,-16.8263028265374
2022-08-10,220.4499969482422,0.03619270010924658,2.26,23.42,8.69,3.03,30.020000000000003,0,0.0,-0.9186197300410219,5.639197498,255.79000000000002,-13.816022147760986
2022-08-11,223.9499969482422,0.01587661623248615,0.0,25.33,5.91,3.03,30.009999999999998,0,0.0,-0.9187403913520703,5.639197498,255.79000000000002,-12.447712206011897
2022-08-12,226.6000061035156,0.011833039479280938,0.0,26.2,8.68,3.03,20.18,0,0.0,-0.9188610745612502,5.639197498,255.79000000000002,-11.411702528044264
2022-08-15,225.5,-0.004854395736481498,0.38,27.69,10.34,3.59,4.739999999999999,0,0.0,-0.9142334020526548,5.639197498,255.79000000000002,-11.841745181594284
2022-08-16,219.3500061035156,-0.027272700206139255,0.01,29.78,13.19,3.5999999999999996,4.74,0,0.0,-0.9142889281049983,5.639197498,255.79000000000002,-14.246058835953097
2022-08-17,217.4499969482422,-0.00866199727560868,0.02,30.9,15.1,3.6199999999999997,4.76,0,0.0,-0.9142509242338934,5.639197498,255.79000000000002,-14.988859240688779
2022-08-18,214.6999969482422,-0.012646585599422,0.0,30.03,14.28,3.6199999999999997,4.76,0,0.0,-0.9143926655714486,5.639197498,255.79000000000002,-16.06395990920592
2022-08-19,215.9499969482422,0.005822077399942005,0.2,29.48,13.99,3.82,4.96,0,0.0,-0.9127454871774161,5.639197498,255.79000000000002,-15.575277787152675
2022-08-22,224.3000030517578,0.03866638676321399,0.0,26.84,11.88,3.86,5.0,0,0.0,-0.9128404011803205,5.639197498,255.79000000000002,-12.310878825693813
2022-08-23,230.6499938964844,0.028310257504817304,0.0,27.76,11.36,3.86,5.0,0,0.0,-0.9129925473738733,5.639197498,255.79000000000002,-9.82837722487807
2022-08-24,242.9499969482422,0.05332756721111398,0.0,27.62,12.24,3.86,4.98,0,0.0,-0.9131447284125208,5.639197498,255.79000000000002,-5.019743950802546
2022-08-25,243.3999938964844,0.00185222043175437,0.0,27.53,13.64,3.86,4.98,0,0.0,-0.9132969443126965,5.639197498,255.79000000000002,-4.843819579934952
2022-08-26,242.0,-0.00575182387670814,0.0,26.53,13.27,3.86,4.98,0,0.0,-0.9134491950908449,5.639197498,255.79000000000002,-5.3911411704914265
2022-08-29,240.5,-0.006198347107438051,0.0,30.85,14.8,3.85,4.97,0,0.0,-0.913972236121774,5.639197498,255.79000000000002,-5.977559716955323
2022-08-30,239.1499938964844,-0.005613330991748877,0.0,24.46,13.47,3.85,4.97,0,0.0,-0.914061845548872,5.639197498,255.79000000000002,-6.505338794915992
2022-08-31,239.1000061035156,-0.00020902276497836159,0.0,26.82,12.01,3.85,4.97,0,0.0,-0.9141514670339862,5.639197498,255.79000000000002,-6.524881307511795
2022-09-01,236.3500061035156,-0.01150146352907,0.0,27.72,10.62,3.85,4.97,0,0.0,-0.9142411005804607,5.917861466,268.43,-11.950971909430544
2022-09-02,232.6499938964844,-0.01565480055630153,0.16,29.12,10.43,4.01,5.12,0,0.0,-0.9129004398465262,5.917861466,268.43,-13.329361883364601
2022-09-06,233.8999938964844,0.005372877854259439,0.0,28.5,17.9,3.9699999999999998,5.15,0,0.0,-0.913658723094253,5.917861466,268.43,-12.863691131213203
2022-09-07,226.8999938964844,-0.029927320148190995,0.0,29.77,15.37,3.9699999999999998,5.09,0,0.0,-0.9137556526753069,5.917861466,268.43,-15.471447343261039
2022-09-08,225.8500061035156,-0.0046275355716749456,0.1,31.65,15.48,3.3899999999999997,5.18,0,0.0,-0.9190455284543552,5.917861466,268.43,-15.862606227502294
2022-09-09,231.5,0.025016576239961674,0.0,32.83,16.11,1.1300000000000001,5.17,0,0.0,-0.9393612133138018,5.917861466,268.43,-13.757776701560932
2022-09-12,227.75,-0.016198704103671746,0.0,33.62,18.35,0.9500000000000001,5.17,0,0.0,-0.9409061585255369,5.917861466,268.43,-15.154788958015128
2022-09-13,223.9499969482422,-0.01668497498027577,0.0,34.11,18.8,0.95,5.17,0,0.0,-0.9408754897884866,5.917861466,268.43,-16.570429181446862
2022-09-14,217.6000061035156,-0.02835450293037578,0.02,35.9,18.0,0.5900000000000001,5.19,0,0.0,-0.9440673035145567,5.917861466,268.43,-18.936033191701526
2022-09-15,219.1499938964844,0.007123105466419144,0.04,33.78,17.78,0.6200000000000001,5.23,0,0.0,-0.9437531252359068,5.917861466,268.43,-18.358606006599707
2022-09-16,218.0500030517578,-0.005019351473247946,0.02,32.26,17.68,0.6200000000000001,4.83,0,0.0,-0.943716789264865,5.917861466,268.43,-18.768392857818498
2022-09-19,224.0500030517578,0.02751662424226531,0.0,34.4,17.96,0.6,4.7299999999999995,0,0.0,-0.9437947247251741,5.917861466,268.43,-16.533173247491785
2022-09-20,228.1000061035156,0.018076335624160667,5.01,32.99,21.32,5.57,9.469999999999999,0,0.0,-0.8992679798044806,5.917861466,268.43,-15.024398873629776
2022-09-21,221.3000030517578,-0.029811498771603828,1.86,32.88,18.74,7.430000000000001,11.33,0,0.0,-0.8828010787710926,5.917861466,268.43,-17.55764890222486
2022-09-22,223.5500030517578,0.010167193714289091,29.49,26.52,19.74,36.92,40.82,0,0.0,-0.6187148436632257,5.917861466,268.43,-16.719441548352343
2022-09-23,220.4499969482422,-0.013867170929082406,0.11,27.83,14.96,37.03,40.93,0,0.0,-0.6190291030571149,5.917861466,268.43,-17.87430728747078
2022-09-26,223.8000030517578,0.015196217509144017,2.46,28.39,18.27,55.529999999999994,59.38999999999999,0,0.0,-0.45643045100231605,5.917861466,268.43,-16.626307397922062
2022-09-27,224.3500061035156,0.002457564987747407,6.01,23.93,18.54,61.54,65.39999999999999,0,0.0,-0.40369347677935175,5.917861466,268.43,-16.421411130083975
2022-09-28,228.6999969482422,0.019389305666965173,0.67,28.4,16.69,62.209999999999994,66.07,0,0.0,-0.39920910163646794,5.917861466,268.43,-14.800880323271548
2022-09-29,225.6999969482422,-0.01311762151303808,0.34,29.25,16.85,62.55,66.41,0,0.0,-0.39774193704578353,5.917861466,268.43,-15.918490128434906
2022-09-30,221.5500030517578,-0.018387212904730554,1.87,29.04,16.63,64.42,68.28,0,0.0,-0.3824647720589241,5.917861466,268.43,-17.46451475179458
2022-10-03,215.75,-0.026179205469940015,3.64,32.03,17.23,73.32,77.38,0,0.0,-0.30617773446748137,5.897138038,267.49,-19.342779169314746
2022-10-04,219.3000030517578,0.01645424357709291,12.38,28.83,19.62,85.69999999999999,89.75999999999999,0,0.0,-0.1954435677857222,5.897138038,267.49,-18.015625611515272
2022-10-05,224.6499938964844,0.024395762746359573,2.77,29.22,17.69,88.47,92.53,0,0.0,-0.17198746165983064,5.897138038,267.49,-16.015554265025088
2022-10-06,217.6999969482422,-0.03093700038756586,1.51,31.36,18.62,89.97999999999999,94.03999999999999,0,0.0,-0.15999209271351766,5.897138038,267.49,-18.613781095277513
2022-10-07,218.1000061035156,0.0018374329852126614,10.27,28.0,18.88,100.25,104.31,0,0.0,-0.0684448414283922,5.897138038,267.49,-18.464239372120232
2022-10-10,217.4499969482422,-0.0029803261672761705,0.34,31.56,17.91,101.05,105.21,0,0.0,-0.06575684179925177,5.897138038,267.49,-18.707242533088273
2022-10-11,217.8500061035156,0.0018395454628064023,0.21,30.9,18.78,101.26,105.42,0,0.0,-0.06480062745305865,5.897138038,267.49,-18.557700809930992
2022-10-12,209.75,-0.03718157391130261,0.04,32.32,15.84,101.3,105.46,0,0.0,-0.06537616551844497,5.897138038,267.49,-21.585853676772967
2022-10-13,202.1499938964844,-0.03623364054119471,0.76,31.87,16.21,102.06,106.22,0,0.0,-0.0593950685039026,5.897138038,267.49,-24.427083667993422
2022-10-14,196.6999969482422,-0.026960163803086745,0.0,32.53,16.35,102.04,106.22,0,0.0,-0.06033535370571137,5.897138038,267.49,-26.464541871381293
2022-10-17,195.5500030517578,-0.005846435761699409,0.0,29.99,15.07,101.83,106.22,0,0.0,-0.06344947726941065,5.897138038,267.49,-26.8944622035374
2022-10-18,195.1000061035156,-0.0023011860967504516,0.0,32.86,16.78,101.8,106.22,0,0.0,-0.06399189268357208,5.897138038,267.49,-27.062691650710086
2022-10-19,192.3000030517578,-0.014351629749679073,1.04,33.18,19.32,102.83999999999999,107.25999999999999,0,0.0,-0.054641083689271015,5.897138038,267.49,-28.10946089507727
2022-10-20,191.0500030517578,-0.006500259907242789,0.17,32.62,18.38,97.99999999999999,107.42999999999999,0,0.0,-0.09875745434986677,5.897138038,267.49,-28.576768084131064
2022-10-21,190.8999938964844,-0.0007851826897525838,0.53,26.99,19.25,96.66999999999999,107.96,0,0.0,-0.11079190564854303,5.897138038,267.49,-28.632848369477585
2022-10-24,190.3999938964844,-0.002619172425281091,0.47,30.31,19.91,66.21,109.96,0,0.0,-0.38617385785182257,5.897138038,267.49,-28.81977124509911
2022-10-25,185.8000030517578,-0.02415961655559451,1.21,32.75,17.56,54.24,111.17,0,0.0,-0.4940517223803327,5.897138038,267.49,-30.53945827815701
2022-10-26,179.75,-0.03256191040035927,2.35,31.98,18.94,54.13,113.52,0,0.0,-0.49348869775255183,5.897138038,267.49,-32.80122621406408
2022-10-27,178.85000610351562,-0.005006920147340055,1.21,32.89,17.93,49.33,114.73,0,0.0,-0.5354320860054371,5.897138038,267.49,-33.13768510840943
2022-10-28,169.8000030517578,-0.05060107767913524,1.45,32.77,18.82,50.11000000000001,116.16999999999999,0,0.0,-0.5265272322104281,5.897138038,267.49,-36.52099029804561
2022-10-31,177.6999969482422,0.04652528712897808,12.43,30.33,19.29,61.5,133.54,0,0.0,-0.4175125450175721,5.897138038,267.49,-33.567611144999
2022-11-01,174.60000610351562,-0.017445081023999554,6.92,28.98,19.19,66.73,140.45999999999998,0,0.0,-0.3682710693485689,5.292851696,240.08000000000004,-27.274239377076142
2022-11-02,182.1499938964844,0.0432416238776796,1.66,26.36,15.92,64.75,142.12,0,0.0,-0.38458641723700226,5.292851696,240.08000000000004,-24.12945939000151
2022-11-03,172.1999969482422,-0.05462529388772197,0.89,23.31,12.87,53.26,143.01,0,0.0,-0.48713568417661746,5.292851696,240.08000000000004,-28.27390996824302
2022-11-04,175.75,0.020615581386013826,0.24,25.49,12.94,50.73,143.25,0,0.0,-0.5080593333023201,5.292851696,240.08000000000004,-26.795234921692785
2022-11-07,170.5500030517578,-0.029587464854863077,2.14,29.0,15.4,43.13,146.71,0,0.0,-0.5702249449719456,5.292851696,240.08000000000004,-28.961178335655706
2022-11-08,166.4499969482422,-0.024039906362659957,4.65,30.6,17.15,47.26,149.1,0,0.0,-0.5306042435120947,5.292851696,240.08000000000004,-30.66894495658024
2022-11-09,165.14999389648438,-0.007810171676735145,9.97,28.93,18.16,56.89,159.07000000000002,0,0.0,-0.4416696310837406,5.292851696,240.08000000000004,-31.21043239899852
2022-11-10,171.0,0.03542238159077615,8.43,30.25,16.78,65.11,167.49999999999997,0,0.0,-0.3658229627625322,5.292851696,240.08000000000004,-28.773742085971353
2022-11-11,170.10000610351562,-0.005263122201663029,10.61,30.02,18.73,75.67999999999999,177.93,0,0.0,-0.2682476528786255,5.292851696,240.08000000000004,-29.148614585340056
2022-11-14,166.1999969482422,-0.02292774259455377,9.88,27.71,19.56,85.65,188.26999999999998,0,0.0,-0.1730496046590774,5.292851696,240.08000000000004,-30.773076912594906
2022-11-15,156.75,-0.0568591884582591,5.34,25.99,18.92,90.99000000000001,193.59,0,0.0,-0.12361812299610692,5.292851696,240.08000000000004,-34.709263578807075
2022-11-16,155.4499969482422,-0.00829348039398925,0.62,30.8,18.36,91.61,194.21,0,0.0,-0.11711333243091455,5.292851696,240.08000000000004,-35.250751021225355
2022-11-17,152.6999969482422,-0.017690576095126143,1.82,30.29,17.8,93.43,195.82999999999998,0,0.0,-0.09980148520410966,5.292851696,240.08000000000004,-36.396202537386635
2022-11-18,151.3000030517578,-0.009168264076383048,0.27,29.82,17.26,92.66,196.1,0,0.0,-0.10585285592042365,5.292851696,240.08000000000004,-36.979338948784665
2022-11-21,157.5,0.04097816803163745,0.62,29.94,16.1,93.54,198.99,0,0.0,-0.09335477084545561,5.292851696,240.08000000000004,-34.39686771076309
2022-11-22,161.8000030517578,0.027301606677827328,10.75,29.67,19.0,104.11,209.74,0,0.0,0.004139106642262331,5.292851696,240.08000000000004,-32.60579679616887
2022-11-23,160.10000610351562,-0.010506779457219007,13.07,25.09,19.04,116.71,222.81,0,0.0,0.11986082657097068,5.292851696,240.08000000000004,-33.31389282592653
2022-11-25,163.5500030517578,0.021549011972001653,4.12,28.7,16.66,122.97,232.63,0,0.0,0.17817564884786205,5.292851696,240.08000000000004,-31.876873104066235
2022-11-28,160.64999389648438,-0.017731636203979106,3.46,29.45,17.55,125.56,238.41,0,0.0,0.2055122950847625,5.292851696,240.08000000000004,-33.084807607262434
2022-11-29,166.6999969482422,0.03765952867484179,1.82,30.29,17.75,122.97,240.23,0,0.0,0.1834520684996716,5.292851696,240.08000000000004,-30.56481300056558
2022-11-30,167.6999969482422,0.005998800349771294,0.53,30.15,18.23,111.07,240.76,0,0.0,0.07653241725757266,5.292851696,240.08000000000004,-30.148285176506935
2022-12-01,163.35000610351562,-0.02593912298083767,7.49,29.85,18.37,111.64,248.09,0,0.0,0.08333182402240795,4.715461718,213.89000000000004,-23.628965307627475
2022-12-02,160.14999389648438,-0.01958991176898628,5.33,26.68,19.31,115.31,253.38000000000002,0,0.0,0.11835051674545838,4.715461718,213.89000000000004,-25.125067138957245
2022-12-05,160.14999389648438,0.0,17.87,26.69,18.11,145.15,284.37,0,0.0,0.39471934296469935,4.715461718,213.89000000000004,-25.125067138957245
2022-12-06,161.0500030517578,0.00561978888275938,33.61,25.31,19.3,176.7,317.98,0,0.0,0.6834167418491978,4.715461718,213.89000000000004,-24.70428582366741
2022-12-07,157.6999969482422,-0.020801030984389457,8.98,27.36,18.19,183.54,326.86,0,0.0,0.7460290194829001,4.715461718,213.89000000000004,-26.270514307241033
2022-12-08,156.89999389648438,-0.005072942721871976,1.65,28.91,18.38,180.54000000000002,328.51,0,0.0,0.7185469862065794,4.715461718,213.89000000000004,-26.64453976507348
2022-12-09,157.75,0.005417502463871404,0.08,30.3,15.97,170.65,328.59,0,0.0,0.6282890837765911,4.715461718,213.89000000000004,-26.247136378512337
2022-12-12,166.35000610351562,0.054516678944631636,7.54,26.74,19.61,168.72,346.03,0,0.0,0.6091957216767176,4.715461718,213.89000000000004,-22.226375191212497
2022-12-13,167.14999389648438,0.0048090638029247845,8.97,26.67,19.02,177.17,354.98,0,0.0,0.6859435621208114,4.715461718,213.89000000000004,-21.852356867322296
2022-12-14,168.3000030517578,0.0068801028852303325,7.34,28.48,18.94,174.63,362.28,0,0.0,0.6628791704391942,4.715461718,213.89000000000004,-21.31469304233121
2022-12-15,171.5,0.019013647594873007,0.65,28.17,17.64,169.94,362.91,0,0.0,0.6206353949984633,4.715461718,213.89000000000004,-19.818598344943677
2022-12-16,164.14999389648438,-0.04285717844615522,3.68,26.92,17.24,173.0,366.44,0,0.0,0.6493562117748167,4.715461718,213.89000000000004,-23.254946983737277
2022-12-19,164.0500030517578,-0.0006091431522661228,24.0,26.43,18.19,220.36,411.69,0,0.0,1.0826454612260998,4.715461718,213.89000000000004,-23.301695707252428
2022-12-20,167.8000030517578,0.02285888406120229,22.45,24.67,18.67,241.33999999999997,432.28,0,0.0,1.2712256053516802,4.715461718,213.89000000000004,-21.548458061733704
2022-12-21,169.35000610351562,0.009237205146412908,5.69,27.86,17.6,246.41,408.47999999999996,0,0.0,1.3134918459030338,4.715461718,213.89000000000004,-20.82378507479752
2022-12-22,168.89999389648438,-0.0026572907635808996,1.04,26.91,16.03,236.70000000000002,409.41,0,0.0,1.221718254459271,4.715461718,213.89000000000004,-21.03417929941356
2022-12-23,172.0,0.018354092454352378,1.24,27.23,17.87,224.86999999999998,407.79,0,0.0,1.1121272341628372,4.715461718,213.89000000000004,-19.584833325541183
2022-12-27,166.9499969482422,-0.029360482859057013,1.42,26.25,17.96,234.41,407.15000000000003,0,0.0,1.1911722546706796,4.715461718,213.89000000000004,-21.945861448294846
2022-12-28,173.5500030517578,0.039532831531358115,11.12,24.89,18.04,242.07,417.93,0,0.0,1.256496776487027,4.715461718,213.89000000000004,-18.860160338604995
2022-12-29,170.0500030517578,-0.02016709846415965,5.96,24.56,17.94,246.21,422.02,0,0.0,1.2900634550435564,4.715461718,213.89000000000004,-20.49651547442247
2022-12-30,167.3000030517578,-0.016171713911483976,5.96,26.68,18.04,251.64,424.21,0,0.0,1.3357047630651868,4.715461718,213.89000000000004,-21.782223081136202
2023-01-03,166.3000030517578,-0.0059772862029813245,11.19,25.63,18.58,254.67,432.7,0,0.0,1.3561176971944962,4.629481538,209.99,-20.805751201601122
2023-01-04,161.3000030517578,-0.030066144968402875,14.75,25.74,18.59,251.54999999999998,445.94,0,0.0,1.328771883747258,4.629481538,209.99,-23.18681696663755
2023-01-05,160.5500030517578,-0.004649720928767365,8.23,25.43,18.43,226.17000000000002,443.90000000000003,0,0.0,1.1031970930613457,4.629481538,209.99,-23.543976831393014
2023-01-06,158.3000030517578,-0.014014325488830082,30.28,24.01,18.65,247.47,474.14,0,0.0,1.2982655404752859,4.629481538,209.99,-24.61545642565941
2023-01-09,158.0500030517578,-0.0015792798179432577,6.94,25.42,17.03,298.46999999999997,528.7900000000001,0,0.0,1.7733738731677728,4.629481538,209.99,-24.734509713911233
2023-01-10,150.89999389648438,-0.04523890551860332,4.6,26.67,17.71,296.15999999999997,533.35,0,0.0,1.7615318125919552,4.629481538,209.99,-28.139438117774958
2023-01-11,143.89999389648438,-0.04638833852307456,23.01,24.3,18.57,311.63,555.6,0,0.0,1.9110975183325725,4.629481538,209.99,-31.47293018882596
2023-01-12,149.39999389648438,0.038220988417528856,1.24,26.3,18.52,303.9,556.84,0,0.0,1.8470354353470446,4.629481538,209.99,-28.853757847285888
2023-01-13,151.6999969482422,0.015394934040970698,7.44,25.91,19.07,304.0,564.28,0,0.0,1.8528845230226072,4.629481538,209.99,-27.758466142081918
2023-01-17,151.10000610351562,-0.003955114415270966,2.74,28.05,16.83,279.11,568.97,0,0.0,1.637408653111914,4.629481538,209.99,-28.04418967402466
2023-01-18,155.0,0.025810679940095893,6.24,27.21,17.26,261.35,575.04,0,0.0,1.4784638405984127,4.629481538,209.99,-26.186961283870662
2023-01-19,154.60000610351562,-0.0025806057837701735,4.14,27.82,18.51,243.04000000000002,578.65,0,0.0,1.3158234361263041,4.629481538,209.99,-26.37744363849916
2023-01-20,154.8000030517578,0.0012936412700286226,16.01,24.91,18.67,253.36,593.31,0,0.0,1.4199505208207384,4.629481538,209.99,-26.282202461184912
2023-01-23,158.5500030517578,0.024224805723977783,19.56,25.77,17.21,289.96,631.4100000000001,0,0.0,1.781837870532903,4.629481538,209.99,-24.496403137407587
2023-01-24,159.85000610351562,0.008199325302651994,6.08,27.09,18.38,291.86,635.14,0,0.0,1.8032604289578062,4.629481538,209.99,-23.877324585210907
2023-01-25,162.4499969482422,0.01626519077542521,7.18,24.96,19.07,284.04,641.11,0,0.0,1.7337879617221856,4.629481538,209.99,-22.639174747253595
2023-01-26,167.14999389648438,0.028931960828165737,1.94,28.36,18.35,284.56,641.5999999999999,0,0.0,1.7435315179881787,4.629481538,209.99,-20.40097438140656
2023-01-27,169.89999389648438,0.016452288964503792,12.08,27.05,18.56,285.52000000000004,653.15,0,0.0,1.7567075851616245,4.629481538,209.99,-19.091388210636524
2023-01-30,170.39999389648438,0.0029429076984230917,7.11,25.32,18.82,287.06,652.1999999999999,0,0.0,1.77487579984408,4.629481538,209.99,-18.85328163413288
2023-01-31,181.75,0.0666080194252272,2.66,26.31,18.23,283.71999999999997,653.2,0,0.0,1.742525161204206,4.629481538,209.99,-13.448259440925762
2023-02-01,175.89999389648438,-0.032187103733235856,2.73,27.6,18.45,284.02,655.0400000000001,0,0.0,1.745664556648818,4.558272312,206.76000000000002,-14.925520460202959
2023-02-02,177.89999389648438,0.01137009704035008,0.17,25.62,18.4,273.0,654.97,0,0.0,1.6428955526292752,4.558272312,206.76000000000002,-13.958215372178199
2023-02-03,172.8000030517578,-0.028667740414280884,3.49,28.55,18.47,261.74,658.44,0,0.0,1.5375724805866273,4.558272312,206.76000000000002,-16.424838918670055
2023-02-06,175.6999969482422,0.016782371789749062,12.26,26.9,19.04,213.29,669.5,0,0.0,1.0821704068045157,4.558272312,206.76000000000002,-15.022249493015009
2023-02-07,177.0500030517578,0.007683586379989116,0.23,28.17,18.64,194.59,659.76,0,0.0,0.906994782820012,4.558272312,206.76000000000002,-14.369315606617434
2023-02-08,175.60000610351562,-0.008189759521316176,3.61,27.87,18.41,191.26,654.94,0,0.0,0.8789990054112496,4.558272312,206.76000000000002,-15.070610319444958
2023-02-09,173.64999389648438,-0.011104852729229009,6.16,27.86,17.77,192.82,650.49,0,0.0,0.8975876986444528,4.558272312,206.76000000000002,-16.01373868423082
2023-02-10,174.75,0.006334616424872097,15.17,26.63,19.21,184.98000000000002,665.33,0,0.0,0.8255650964308004,4.558272312,206.76000000000002,-15.48171793383634
2023-02-13,177.0500030517578,0.013161676977154757,1.3,27.18,18.85,189.21,663.3199999999999,0,0.0,0.8852291774488641,4.558272312,206.76000000000002,-14.369315606617434
2023-02-14,183.5500030517578,0.03671279236352132,0.63,27.55,18.95,189.1,663.3299999999999,0,0.0,0.8923089568694689,4.558272312,206.76000000000002,-11.225574070536954
2023-02-15,176.85000610351562,-0.036502298212182094,3.82,26.71,19.36,191.49,665.33,0,0.0,0.9242449034432836,4.558272312,206.76000000000002,-14.466044639429478
2023-02-16,180.6999969482422,0.021769808944609448,7.01,26.23,20.17,195.76,672.07,0,0.0,0.9750443914552853,4.558272312,206.76000000000002,-12.6039867729531
2023-02-17,188.6999969482422,0.04427227523579558,1.75,28.19,20.31,191.27,672.98,0,0.0,0.9392339566297366,4.558272312,206.76000000000002,-8.734766420854049
2023-02-21,194.4499969482422,0.03047164861151086,3.21,26.69,18.06,161.15,657.5,0,0.0,0.6693943299826637,4.558272312,206.76000000000002,-5.953764292782855
2023-02-22,199.5,0.025970702653711042,8.79,27.16,17.21,150.38,660.59,0,0.0,0.5678926611245616,4.558272312,206.76000000000002,-3.511317469529899
2023-02-23,193.6499938964844,-0.029323338864739812,3.47,26.43,18.34,147.77,659.94,0,0.0,0.5496824128582579,4.558272312,206.76000000000002,-6.340687803983176
2023-02-24,191.1999969482422,-0.012651675835073206,1.67,26.22,18.1,142.26,660.45,0,0.0,0.5010086282530688,4.558272312,206.76000000000002,-7.525635060823095
2023-02-27,190.6999969482422,-0.002615062803245527,0.01,27.36,19.0,131.84,663.31,0,0.0,0.4178011366041892,4.558272312,206.76000000000002,-7.767461332829286
2023-02-28,190.3999938964844,-0.0015731675750325635,0.0,28.36,18.15,121.84,662.78,0,0.0,0.3189960228915258,4.558272312,206.76000000000002,-7.912558572023416
2023-03-01,185.3000030517578,-0.026785667059943896,4.73,26.81,18.58,119.46000000000001,660.02,0,0.0,0.3010142532029461,5.064673526,229.73000000000005,-19.34009356559536
2023-03-02,183.9499969482422,-0.007285515819114963,0.97,25.63,17.96,117.77,655.66,0,0.0,0.2896514760175506,5.064673526,229.73000000000005,-19.927742589891547
2023-03-03,180.8000030517578,-0.017124185641441914,1.98,27.74,17.04,117.02,650.96,0,0.0,0.287927579503209,5.064673526,229.73000000000005,-21.298914790511567
2023-03-06,182.4499969482422,0.009126072282266584,2.55,28.56,18.69,110.19,596.0,0,0.0,0.2297636344636837,5.064673526,229.73000000000005,-20.58068299819695
2023-03-07,184.5500030517578,0.011510036386086497,11.61,25.42,18.19,120.28,598.63,0,0.0,0.3469525206355521,5.064673526,229.73000000000005,-19.666563769748063
2023-03-08,179.5500030517578,-0.02709292829758303,26.26,25.37,16.86,134.28,623.24,0,0.0,0.5071172642832835,5.064673526,229.73000000000005,-21.843031797432737
2023-03-09,178.0,-0.008632709693193408,2.37,25.24,18.62,136.42000000000002,625.53,0,0.0,0.5335249267675454,5.064673526,229.73000000000005,-22.517738214425645
2023-03-10,182.25,0.023876404494381998,9.0,25.11,18.68,141.81,631.54,0,0.0,0.5955530854170413,5.064673526,229.73000000000005,-20.667740390893673
2023-03-13,183.1999969482422,0.005212603282535921,2.76,25.65,19.28,128.21,622.45,0,0.0,0.446250159522692,5.064673526,229.73000000000005,-20.254212794044246
2023-03-14,180.8999938964844,-0.012554602020040329,2.57,25.1,18.45,124.95,617.6800000000001,0,0.0,0.4099949669916429,5.064673526,229.73000000000005,-21.255389415189846
2023-03-15,178.0500030517578,-0.01575451045265064,5.33,24.98,18.44,128.98,622.36,0,0.0,0.45545163792500837,5.064673526,229.73000000000005,-22.495972205738138
2023-03-16,185.5,0.04184216130609397,1.27,26.41,17.74,129.62,619.9499999999999,0,0.0,0.4625400013130063,5.064673526,229.73000000000005,-19.253036172898636
2023-03-17,183.0,-0.013477088948787075,4.65,25.78,17.69,130.45,619.37,0,0.0,0.4715993605765351,5.064673526,229.73000000000005,-20.341270186740974
2023-03-20,184.8999938964844,0.010382480308657849,0.1,24.28,18.18,119.92999999999999,552.3,0,0.0,0.3524208243707191,5.064673526,229.73000000000005,-19.51421499304211
2023-03-21,186.6999969482422,0.009735008713767312,0.0,26.74,16.84,119.15,546.61,0,0.0,0.34329087459924523,5.064673526,229.73000000000005,-18.730685174664977
2023-03-22,178.0,-0.04659880605490341,0.02,27.94,16.9,114.92999999999999,545.5899999999999,0,0.0,0.2954346480315855,5.064673526,229.73000000000005,-22.517738214425645
2023-03-23,174.3000030517578,-0.020786499709225748,0.04,27.91,17.16,111.76,544.3900000000001,0,0.0,0.25932585689227955,5.064673526,229.73000000000005,-24.128323226501642
2023-03-24,179.25,0.028399293525957603,0.12,27.8,17.0,103.08999999999999,543.43,0,0.0,0.16155258167174325,5.064673526,229.73000000000005,-21.973621207504475
2023-03-27,176.89999389648438,-0.013110215361314514,1.03,29.68,16.75,90.16,523.86,0,0.0,0.015449518672240568,5.064673526,229.73000000000005,-22.996563837337597
2023-03-28,173.75,-0.017806636547017862,7.38,27.91,17.33,97.07000000000001,520.12,0,0.0,0.0927251412416093,5.064673526,229.73000000000005,-24.36773603795762
2023-03-29,169.6999969482422,-0.023309370082059355,1.73,26.48,18.26,98.78999999999999,515.8900000000001,0,0.0,0.11172217444956878,5.064673526,229.73000000000005,-26.130676468792863
2023-03-30,169.8000030517578,0.0005893111686154917,0.07,28.14,17.59,98.86,510.0,0,0.0,0.11216263074480014,5.064673526,229.73000000000005,-26.08714445141785
2023-03-31,170.5,0.004122479008606517,0.51,29.09,16.24,94.63999999999999,501.15999999999997,0,0.0,0.06454240838524834,5.064673526,229.73000000000005,-25.782440255952654
2023-04-03,176.25,0.03372434017595305,8.78,23.98,17.49,102.17,492.15999999999997,0,0.0,0.14834007475815264,4.902193032,222.36,-20.73664328116568
2023-04-04,174.85000610351562,-0.007943227781471607,2.98,26.29,16.46,104.88,480.39,0,0.0,0.1780384856311188,4.902193032,222.36,-21.36625017830742
2023-04-05,180.1499938964844,0.030311624866807607,2.55,26.84,16.05,104.88,474.71,0,0.0,0.17729782721026754,4.902193032,222.36,-18.98273345184188
2023-04-06,183.6000061035156,0.019150776152751847,5.25,27.57,15.84,98.52,449.68,0,0.0,0.10535970322853208,4.902193032,222.36,-17.43118991567027
2023-04-10,182.6000061035156,-0.005446622912616883,0.62,26.9,17.87,67.57000000000001,404.90000000000003,0,0.0,-0.2415719422386636,4.902193032,222.36,-17.88091108854309
2023-04-11,190.5,0.043263930078983215,10.01,26.3,17.23,74.86999999999999,391.90000000000003,0,0.0,-0.15972245660908976,4.902193032,222.36,-14.328116567728014
2023-04-12,190.25,-0.001312335958005284,14.52,23.02,17.7,86.63,405.18,0,0.0,-0.02791124278955206,4.902193032,222.36,-14.440546860946219
2023-04-13,196.1000061035156,0.03074904653621857,0.46,27.25,16.34,84.52,398.2,0,0.0,-0.05192621750634089,4.902193032,222.36,-11.809675254760036
2023-04-14,193.3999938964844,-0.013768547287071109,7.2,26.78,19.04,86.39,404.58000000000004,0,0.0,-0.03149169308796104,4.902193032,222.36,-13.023927911277033
2023-04-17,201.0,0.0392968270080889,0.0,28.09,15.28,80.43,399.84,0,0.0,-0.10021664289128171,4.902193032,222.36,-9.606044252563416
2023-04-18,205.25,0.021144278606965106,10.22,27.34,17.47,90.52,403.82,0,0.0,0.01224240142438833,4.902193032,222.36,-7.694729267853936
2023-04-19,202.5500030517578,-0.01315467453467567,7.51,23.73,18.64,97.92999999999999,407.19,0,0.0,0.09420656088513295,4.902193032,222.36,-8.908975062170445
2023-04-20,195.8999938964844,-0.032831444359811335,0.11,23.46,12.8,98.03999999999999,391.29,0,0.0,0.09404047139961869,4.902193032,222.36,-11.899624979094984
2023-04-21,194.1999969482422,-0.008677881578396107,0.02,25.29,11.85,98.04,379.79,0,0.0,0.09263622520484621,4.902193032,222.36,-12.664149600538687
2023-04-24,196.75,0.013130808917764414,0.02,25.79,13.57,98.32000000000001,345.71,0,0.0,0.0915553446102232,4.902193032,222.36,-11.517359237272897
2023-04-25,192.4499969482422,-0.021855161635363718,0.0,25.79,14.07,98.32000000000001,338.53,0,0.0,0.09014890409377233,4.902193032,222.36,-13.451161653066121
2023-04-26,195.8500061035156,0.01766697432677966,0.9,26.61,15.29,98.19,337.48999999999995,0,0.0,0.08727100965600522,4.902193032,222.36,-11.92210554797824
2023-04-27,192.1000061035156,-0.019147306015492083,4.92,26.51,16.32,95.72999999999999,330.33,0,0.0,0.05805898064190614,4.902193032,222.36,-13.608559946251312
2023-04-28,189.8500061035156,-0.011712649289493338,1.52,26.85,17.02,95.52,326.15,0,0.0,0.054076776263853654,4.902193032,222.36,-14.620432585215154
2023-05-01,189.25,-0.003160421828948712,0.08,26.11,14.17,95.27,307.49999999999994,0,0.0,0.04619478550897418,5.060925672,229.56,-17.559679386652725
2023-05-02,190.6499938964844,0.007397589941793514,0.0,26.17,12.4,94.22,304.77,0,0.0,0.03253980900431344,5.060925672,229.56,-16.949819700085207
2023-05-03,189.1999969482422,-0.007605544162930911,0.0,26.58,12.38,85.44,304.59999999999997,0,0.0,-0.06826644595890187,5.060925672,229.56,-17.58146151409558
2023-05-04,186.3999938964844,-0.014799170702543663,0.01,27.14,12.98,82.47,301.12,0,0.0,-0.1033547737714189,5.060925672,229.56,-18.801187534202647
2023-05-05,191.0,0.024678145140230923,0.0,27.55,14.33,79.92,294.99,0,0.0,-0.1336840276775271,5.060925672,229.56,-16.797351454957308
2023-05-08,186.8999938964844,-0.021466000541966457,0.03,27.03,13.81,61.36,281.13,0,0.0,-0.347716338550293,5.060925672,229.56,-18.583379553718242
2023-05-09,188.0,0.00588553311630835,0.0,26.85,14.26,59.9,277.52,0,0.0,-0.365497983409957,5.060925672,229.56,-18.10419933786374
2023-05-10,187.4499969482422,-0.002925548147647894,0.0,27.52,15.25,59.28,271.36,0,0.0,-0.3737581394487374,5.060925672,229.56,-18.343789445790996
2023-05-11,185.8000030517578,-0.008802314875150263,0.0,26.85,15.19,49.27,256.19,0,0.0,-0.48840306229872205,5.060925672,229.56,-19.062553122600708
2023-05-12,186.0,0.0010764098221596186,0.0,26.58,13.38,34.75,249.59,0,0.0,-0.6544471087945247,5.060925672,229.56,-18.975431259801358
2023-05-15,193.0500030517578,0.03790324221375174,0.0,26.9,10.27,26.94,241.85,0,0.0,-0.7456792163513973,5.060925672,229.56,-15.904337405576838
2023-05-16,190.3500061035156,-0.013985997956800555,0.05,26.51,9.34,26.99,238.07999999999998,0,0.0,-0.7450764566367021,5.060925672,229.56,-17.080499170798223
2023-05-17,189.8500061035156,-0.002626740131167038,0.12,26.45,8.97,27.11,231.19,0,0.0,-0.7436817076968502,5.060925672,229.56,-17.29830715128263
2023-05-18,190.4499969482422,0.0031603414560832377,0.1,26.03,9.15,16.990000000000002,229.54,0,0.0,-0.8582523240835118,5.060925672,229.56,-17.036941562884568
2023-05-19,192.0,0.00813863521446545,0.0,25.88,9.02,9.48,227.33999999999997,0,0.0,-0.9426528251817033,5.060925672,229.56,-16.3617354939885
2023-05-22,189.1999969482422,-0.014583349227905273,0.21,25.03,9.93,9.52,219.34,0,0.0,-0.9391480392019207,5.060925672,229.56,-17.58146151409558
2023-05-23,187.4499969482422,-0.009249471607965853,0.0,24.88,11.91,9.159999999999998,210.55,0,0.0,-0.9422034850986987,5.060925672,229.56,-18.343789445790996
2023-05-24,188.0,0.0029341320923557124,0.0,25.19,12.01,9.139999999999999,207.08,0,0.0,-0.9413993485948503,5.060925672,229.56,-18.10419933786374
2023-05-25,182.6999969482422,-0.02819150559445649,0.0,25.64,13.67,9.139999999999999,205.41,0,0.0,-0.9403892342259654,5.060925672,229.56,-20.412965260392845
2023-05-26,181.6000061035156,-0.00602074911385031,0.0,25.74,12.44,8.239999999999998,196.59,0,0.0,-0.9495312193283022,5.060925672,229.56,-20.89213882927531
2023-05-30,177.10000610351562,-0.024779734849980528,1.08,25.33,14.73,5.02,195.64,0,0.0,-0.9806229215543175,5.060925672,229.56,-22.852410653634944
2023-05-31,178.64999389648438,0.008752048218805708,4.48,24.13,14.59,9.42,199.14999999999998,0,0.0,-0.9299210221795848,5.060925672,229.56,-22.177211231710935
2023-06-01,183.0500030517578,0.024629215256637194,0.1,25.74,13.21,9.52,197.26999999999998,0,0.0,-0.9278240041895516,4.852809544,220.12000000000003,-16.84081271499283
2023-06-02,180.3000030517578,-0.015023217449619097,0.02,25.56,10.51,9.54,197.15,0,0.0,-0.9266344348735532,4.852809544,220.12000000000003,-18.090131268509094
2023-06-05,183.1000061035156,0.015529689430753946,0.04,24.82,8.98,10.01,183.25,0,0.0,-0.918569604451852,4.852809544,220.12000000000003,-16.818096445795216
2023-06-06,182.6000061035156,-0.002730748133985994,0.0,25.38,9.96,9.94,156.99,0,0.0,-0.9184428960752434,4.852809544,220.12000000000003,-17.045245273707266
2023-06-07,185.3999938964844,0.015333996163075181,0.04,25.42,10.0,9.95,154.66,0,0.0,-0.9174292236707975,4.852809544,220.12000000000003,-15.77321738302545
2023-06-08,194.8500061035156,0.05097094130600399,0.06,25.58,10.16,10.01,145.72,0,0.0,-0.9158630320106831,4.852809544,220.12000000000003,-11.48009898986209
2023-06-09,190.6499938964844,-0.021555104313416895,0.0,26.25,10.44,10.01,136.85999999999999,0,0.0,-0.9149716370908755,4.852809544,220.12000000000003,-13.388154689948948
2023-06-12,185.5500030517578,-0.026750542921578524,0.0,27.66,14.0,10.01,128.82,0,0.0,-0.9123715634282022,4.852809544,220.12000000000003,-15.705068575432591
2023-06-13,182.75,-0.015090288362737292,0.01,28.24,13.15,10.0,123.5,0,0.0,-0.9121431016711179,4.852809544,220.12000000000003,-16.97710339814648
2023-06-14,184.3999938964844,0.009028694372007706,0.0,28.04,13.31,10.0,122.22999999999999,0,0.0,-0.912427147422676,4.852809544,220.12000000000003,-16.227515038849546
2023-06-15,187.0,0.014099816646280017,0.02,26.05,14.52,9.969999999999999,117.6,0,0.0,-0.9133335894483811,4.852809544,220.12000000000003,-15.04633836089407
2023-06-16,184.8999938964844,-0.011229979163185022,0.43,25.17,15.08,10.280000000000001,117.82,0,0.0,-0.9104366965806067,4.852809544,220.12000000000003,-16.0003662109375
2023-06-20,177.4499969482422,-0.04029203458174835,0.0,25.3,10.43,10.25,117.66,0,0.0,-0.9130288553626843,4.852809544,220.12000000000003,-19.384882360420608
2023-06-21,172.0,-0.030712860197071867,0.0,25.48,9.9,10.040000000000001,117.62,0,0.0,-0.9159295926938383,4.852809544,220.12000000000003,-21.860803198255507
2023-06-22,171.6999969482422,-0.0017442037892896334,0.0,25.53,9.54,10.040000000000001,117.5,0,0.0,-0.916450410170402,4.852809544,220.12000000000003,-21.997093881409157
2023-06-23,168.0500030517578,-0.021257972984033535,0.0,25.6,9.78,10.040000000000001,117.5,0,0.0,-0.916971641883111,4.852809544,220.12000000000003,-23.655277552354267
2023-06-26,167.9499969482422,-0.0005950973025857786,0.0,26.45,10.78,10.040000000000001,109.09,0,0.0,-0.9185402253249044,4.852809544,220.12000000000003,-23.700710090749517
2023-06-27,169.4499969482422,0.008931229694885134,0.0,26.3,10.45,10.040000000000001,107.36,0,0.0,-0.9190643217014063,4.852809544,220.12000000000003,-23.019263607013375
2023-06-28,165.64999389648438,-0.022425512659752456,0.0,26.25,10.21,6.859999999999999,107.29,0,0.0,-0.9552781849270038,4.852809544,220.12000000000003,-24.74559608555136
2023-06-29,163.60000610351562,-0.01237541725627711,0.0,26.22,10.17,5.779999999999999,106.78,0,0.0,-0.96774509263068,4.852809544,220.12000000000003,-25.67690073436507
2023-06-30,161.0,-0.015892457252541292,0.0,26.24,11.38,1.2999999999999992,105.99,0,0.0,-1.0183052111181494,4.852809544,220.12000000000003,-26.858077412320565
2023-07-03,162.5,0.009316770186335477,0.0,24.86,10.65,1.0499999999999992,93.18,0,0.0,-1.0211323126346428,4.572161418,207.39000000000004,-21.64520950865521
2023-07-05,161.0500030517578,-0.00892305814302885,0.0,24.27,8.58,0.649999999999999,85.38,0,0.0,-1.0255916602878878,4.572161418,207.39000000000004,-22.34437385999432
2023-07-06,162.35000610351562,0.00807204611688217,0.02,23.93,7.99,0.669999999999999,75.32,0,0.0,-1.0253393646091993,4.572161418,207.39000000000004,-21.71753406455683
2023-07-07,162.8000030517578,0.002771770442406174,0.0,25.39,8.76,0.6299999999999991,71.94,0,0.0,-1.0257614891313964,4.572161418,207.39000000000004,-21.500553039318298
2023-07-10,161.75,-0.006449650074170976,0.0,28.82,12.74,0.7399999999999991,60.02,0,0.0,-1.0244620921429088,4.572161418,207.39000000000004,-22.006847003230646
2023-07-11,159.3000030517578,-0.015146812663011988,0.0,29.42,13.99,0.7399999999999991,45.5,0,0.0,-1.0244449765501293,4.572161418,207.39000000000004,-23.18819468067034
2023-07-12,158.75,-0.0034526242386769823,0.0,29.39,13.24,0.7399999999999991,45.04,0,0.0,-1.0244278613970015,4.572161418,207.39000000000004,-23.453396981532396
2023-07-13,159.35000610351562,0.0037795660063977277,1.17,28.9,14.25,1.899999999999999,39.010000000000005,0,0.0,-1.0113965761300645,4.572161418,207.39000000000004,-23.16408404285858
2023-07-14,161.9499969482422,0.016316226828617664,2.47,24.06,11.09,4.369999999999999,41.31,0,0.0,-0.9837357627439087,4.572161418,207.39000000000004,-21.91041180951726
2023-07-17,154.75,-0.04445814809458282,0.01,28.36,16.49,3.839999999999999,31.1,0,0.0,-0.9902767847221479,4.572161418,207.39000000000004,-25.38213028593473
2023-07-18,155.25,0.003231017770597644,0.09,28.64,16.4,3.9299999999999993,23.68,0,0.0,-0.9894675774859746,4.572161418,207.39000000000004,-25.141038622884437
2023-07-19,152.4499969482422,-0.018035446388134035,1.02,27.22,16.44,4.949999999999999,24.59,0,0.0,-0.9782313229189484,4.572161418,207.39000000000004,-26.4911534074728
2023-07-20,158.0500030517578,0.036733395969938076,0.23,26.57,16.05,5.18,24.8,0,0.0,-0.9759326415888293,4.572161418,207.39000000000004,-23.79092383829607
2023-07-21,161.85000610351562,0.024043043203949788,0.0,24.3,14.59,5.18,24.74,0,0.0,-0.976231297079335,4.572161418,207.39000000000004,-21.95862572760712
2023-07-24,163.0,0.007105306475854389,0.0,26.01,13.95,5.18,24.36,0,0.0,-0.9771785435246811,4.572161418,207.39000000000004,-21.404117845604915
2023-07-25,161.85000610351562,-0.007055177279045255,0.0,26.89,13.04,5.18,23.46,0,0.0,-0.9774945950210667,4.572161418,207.39000000000004,-21.95862572760712
2023-07-26,163.14999389648438,0.008032052789280097,0.0,27.37,11.85,5.18,18.54,0,0.0,-0.9778107981005848,4.572161418,207.39000000000004,-21.331793289703292
2023-07-27,161.4499969482422,-0.010419840710020556,0.0,28.45,12.49,5.18,17.02,0,0.0,-0.9781271529090249,4.572161418,207.39000000000004,-22.15150347256755
2023-07-28,157.89999389648438,-0.02198825096847712,0.0,28.23,13.81,5.18,16.73,0,0.0,-0.9784461588699013,4.572161418,207.39000000000004,-23.863255751731355
2023-07-31,164.64999389648438,0.042748576699915164,0.0,28.35,13.91,5.18,15.9,0,0.0,-0.9794028524461529,4.572161418,207.39000000000004,-20.60851830055242
2023-08-01,164.5500030517578,-0.000607293340013304,0.0,29.32,13.41,5.18,15.9,0,0.0,-0.9797218503839703,4.265719238,193.49,-14.956843737786032
2023-08-02,166.9499969482422,0.014585195089479752,0.0,29.35,12.25,5.18,15.89,0,0.0,-0.9800410027559038,4.265719238,193.49,-13.71647271267653
2023-08-03,164.75,-0.013177580044665849,0.0,29.91,12.79,5.18,15.89,0,0.0,-0.980360309711765,4.265719238,193.49,-14.85348080004135
2023-08-04,161.35000610351562,-0.020637292239662375,0.0,30.83,12.54,5.18,15.84,0,0.0,-0.9806797714015665,4.265719238,193.49,-16.61067439996092
2023-08-07,163.9499969482422,0.01611398045475454,0.0,30.18,11.82,4.99,15.74,0,0.0,-0.9837715614424053,4.265719238,193.49,-15.266940437106735
2023-08-08,161.35000610351562,-0.01585843789644814,0.0,31.87,13.87,4.99,15.74,0,0.0,-0.9840753399881907,4.265719238,193.49,-16.61067439996092
2023-08-09,160.75,-0.0037186617962113866,0.0,29.98,14.88,4.99,15.74,0,0.0,-0.9843365758714667,4.265719238,193.49,-16.92077109928162
2023-08-10,159.89999389648438,-0.005287751810361563,0.0,30.68,14.61,4.99,15.74,0,0.0,-0.9844571746913763,4.265719238,193.49,-17.360073442304838
2023-08-11,157.8000030517578,-0.013133151500218654,0.0,32.06,13.9,4.99,15.74,0,0.0,-0.984577795442151,4.265719238,193.49,-18.44539611775399
2023-08-14,151.10000610351562,-0.042458788457973684,0.02,30.32,17.88,1.8899999999999992,16.21,0,0.0,-1.0195777442588643,4.265719238,193.49,-21.90810579176411
2023-08-15,149.25,-0.01224358721897223,0.01,28.81,16.56,1.8999999999999992,16.099999999999998,0,0.0,-1.0193578777627539,4.265719238,193.49,-22.8642307095974
2023-08-16,148.89999389648438,-0.0023450995210426706,0.0,26.79,17.04,1.8899999999999992,16.0,0,0.0,-1.0193633113534282,4.265719238,193.49,-23.045121765215583
2023-08-17,147.0,-0.01276020130534894,0.0,28.65,15.45,1.7999999999999992,16.0,0,0.0,-1.0202678681168769,4.265719238,193.49,-24.02708150292005
2023-08-18,147.4499969482422,0.003061203729538775,0.0,30.54,14.59,0.7799999999999991,15.98,0,0.0,-1.0316396281859659,4.265719238,193.49,-23.79451292147285
2023-08-21,147.5500030517578,0.0006782374064797647,0.12,29.24,14.93,10.389999999999999,25.61,0,0.0,-0.9234134221638914,4.265719238,193.49,-23.74282750955718
2023-08-22,146.60000610351562,-0.006438474609241074,0.0,30.84,15.53,10.389999999999999,25.61,0,0.0,-0.9237964346651664,4.265719238,193.49,-24.233807378409416
2023-08-23,152.9499969482422,0.04331507899285336,0.0,33.15,16.59,10.389999999999999,25.61,0,0.0,-0.924179670110575,4.265719238,193.49,-20.95198876001748
2023-08-24,153.0,0.00032692417623736425,0.03,34.08,19.7,10.42,25.639999999999997,0,0.0,-0.9242248068034937,4.265719238,193.49,-20.926146054059643
2023-08-25,151.75,-0.008169934640522847,0.57,31.85,19.42,10.99,26.209999999999997,0,0.0,-0.918180620353319,4.265719238,193.49,-21.57217427257223
2023-08-28,151.8000030517578,0.00032950940202836065,0.8,29.8,15.09,17.71,28.67,0,0.0,-0.8439521532761031,4.265719238,193.49,-21.546331566614395
2023-08-29,151.35000610351562,-0.0029644067140680574,4.71,30.21,15.25,22.42,28.9,0,0.0,-0.7914861331610967,4.265719238,193.49,-21.7789001480616
2023-08-30,153.35000610351562,0.013214403167133737,2.64,29.73,16.4,25.06,31.439999999999998,0,0.0,-0.7626141137173792,4.265719238,193.49,-20.74525499844146
2023-08-31,152.6999969482422,-0.004238729242923345,1.42,31.18,17.34,26.48,32.839999999999996,0,0.0,-0.7476474789469567,4.265719238,193.49,-21.081194403719998
2023-09-01,150.9499969482422,-0.011460380058770814,0.16,31.2,16.66,26.64,32.87,0,0.0,-0.7470041140281336,4.116686926,186.73000000000002,-19.16135760282645
2023-09-05,151.39999389648438,0.0029810994192764895,1.82,27.06,20.86,29.63,35.42,0,0.0,-0.7178371057384177,4.116686926,186.73000000000002,-18.920369572921135
2023-09-06,151.75,0.002311797342309907,0.02,31.03,19.09,29.65,35.379999999999995,0,0.0,-0.7189116727236732,4.116686926,186.73000000000002,-18.73292989878435
2023-09-07,147.39999389648438,-0.028665608589888758,0.03,29.41,17.27,29.68,35.41,0,0.0,-0.7198757664990414,4.116686926,186.73000000000002,-21.062499921552853
2023-09-08,146.25,-0.007801858508162396,0.01,30.46,15.22,29.69,35.419999999999995,0,0.0,-0.7211026270298264,4.116686926,186.73000000000002,-21.678359128152955
2023-09-11,151.5500030517578,0.03623933710603633,0.0,32.0,15.84,29.69,35.41,0,0.0,-0.72551635683736,4.116686926,186.73000000000002,-18.84003478190018
2023-09-12,150.6999969482422,-0.005608750157697684,0.0,31.84,15.76,29.17,35.41,0,0.0,-0.7329416739187737,4.116686926,186.73000000000002,-19.29524074961593
2023-09-13,151.0500030517578,0.002322535571356532,0.0,34.88,16.91,29.150000000000002,35.39,0,0.0,-0.7346413339908765,4.116686926,186.73000000000002,-19.10780107547914
2023-09-14,153.10000610351562,0.013571684941015016,0.04,33.45,18.37,29.18,34.99999999999999,0,0.0,-0.7357921980013397,4.116686926,186.73000000000002,-18.00995763748963
2023-09-15,158.25,0.03363810379603982,0.14,32.96,17.7,29.32,35.05,0,0.0,-0.7356868195957098,4.116686926,186.73000000000002,-15.251968082257813
2023-09-18,158.6999969482422,0.002843582611325113,0.0,34.94,18.69,28.7,35.13,0,0.0,-0.7473271843993401,4.116686926,186.73000000000002,-15.010980052352501
2023-09-19,167.5,0.055450555897791354,0.0,34.75,17.89,19.68,35.13,0,0.0,-0.8523518441180656,4.116686926,186.73000000000002,-10.298291651046974
2023-09-20,158.1999969482422,-0.05552240627915117,0.01,35.31,19.2,19.57,35.14,0,0.0,-0.8544163058866721,4.116686926,186.73000000000002,-15.278746345931465
2023-09-21,154.85000610351562,-0.021175669464915114,0.0,34.95,19.31,19.57,35.14,0,0.0,-0.8551040878029565,4.116686926,186.73000000000002,-17.072775609963255
2023-09-22,151.14999389648438,-0.023894168945384653,0.0,35.27,20.5,19.57,35.14,0,0.0,-0.8542011958626833,4.116686926,186.73000000000002,-19.054252719710618
2023-09-25,148.8000030517578,-0.015547409458289252,0.13,38.53,24.38,17.88,35.31,0,0.0,-0.8699307803839954,4.116686926,186.73000000000002,-20.312749396584483
2023-09-26,150.85000610351562,0.013776901947003095,0.02,37.37,26.22,13.24,35.33,0,0.0,-0.9211835374431174,4.116686926,186.73000000000002,-19.214905958594972
2023-09-27,149.25,-0.010606602842413437,1.43,35.21,24.65,13.87,36.76,0,0.0,-0.9115570782078236,4.116686926,186.73000000000002,-20.07176136667917
2023-09-28,147.1999969482422,-0.013735363830873148,6.78,35.54,22.65,15.940000000000001,43.54,0,0.0,-0.8855083340644845,4.116686926,186.73000000000002,-21.16960480466868
2023-09-29,146.14999389648438,-0.0071331730538487514,20.45,30.11,21.12,33.75,63.989999999999995,0,0.0,-0.6797945402146053,4.116686926,186.73000000000002,-21.731915655500263
2023-10-02,149.10000610351562,0.020184826070678508,11.39,30.25,19.38,93.13,124.96000000000001,0,0.0,0.001355167297405998,4.045918624,183.52,-18.755445671580418
2023-10-03,148.75,-0.0023474586799991926,1.22,30.51,20.13,93.33,126.18,0,0.0,0.0030211258152242943,4.045918624,183.52,-18.946163905841328
2023-10-04,146.35000610351562,-0.016134412749474802,0.14,31.71,20.05,93.33,126.30000000000001,0,0.0,0.0027812864581503666,4.045918624,183.52,-20.253919952312764
2023-10-05,145.39999389648438,-0.006491371147325342,0.54,32.38,19.84,92.05000000000001,126.84,0,0.0,-0.012018961525552915,4.045918624,183.52,-20.771581355446617
2023-10-06,146.0500030517578,0.004470489563680458,2.07,33.61,21.05,94.1,128.74,0,0.0,0.011374820300187613,4.045918624,183.52,-20.417391536749236
2023-10-09,146.0500030517578,0.0,2.19,31.79,21.43,101.4,136.08,0,0.0,0.09528335614333903,4.045918624,183.52,-20.417391536749236
2023-10-10,147.5,0.009928085709990153,0.04,33.41,19.59,101.44,136.12,0,0.0,0.09572998065464326,4.045918624,183.52,-19.627288578901485
2023-10-11,147.6999969482422,0.001355911513506447,0.02,33.02,20.99,101.46000000000001,134.97,0,0.0,0.09595313312854441,4.045918624,183.52,-19.518310294113896
2023-10-12,149.3000030517578,0.010832810674168858,2.67,34.4,21.47,104.13000000000001,135.17,0,0.0,0.12650080751158457,4.045918624,183.52,-18.64646738679283
2023-10-13,154.89999389648438,0.03750831031654567,22.59,28.66,21.79,126.72,157.76,0,0.0,0.384867248753292,4.045918624,183.52,-15.595033840189426
2023-10-16,154.14999389648438,-0.004841833631712089,0.0,32.8,18.98,127.5,158.66,0,0.0,0.39118297153997084,4.045918624,183.52,-16.00370864402552
2023-10-17,157.0500030517578,0.018812904768720662,0.0,33.56,18.82,127.46,157.64000000000001,0,0.0,0.3898426281309723,4.045918624,183.52,-14.423494413819855
2023-10-18,158.0500030517578,0.006367398793812429,0.0,34.0,19.74,127.46,157.41,0,0.0,0.388960553041873,4.045918624,183.52,-13.878594675371728
2023-10-19,163.9499969482422,0.037329919535352696,4.1,33.16,20.48,131.56,161.51,0,0.0,0.4349434491067888,4.045918624,183.52,-10.663689544331856
2023-10-20,165.25,0.007929265483110681,1.01,32.43,19.42,132.56,162.51999999999998,0,0.0,0.44519695144069277,4.045918624,183.52,-9.955318221447259
2023-10-23,165.85000610351562,0.0036308992648448335,0.0,34.64,18.35,132.59,162.54999999999998,0,0.0,0.44014126711523666,4.045918624,183.52,-9.628375052574317
2023-10-24,168.14999389648438,0.013867878856351767,4.2,35.46,20.58,136.75,166.75,0,0.0,0.4854664496749903,4.045918624,183.52,-8.375112305751763
2023-10-25,162.3000030517578,-0.03479031256062903,7.73,31.61,21.26,144.35,174.48,0,0.0,0.5695461729648704,4.045918624,183.52,-11.562770786967196
2023-10-26,161.1999969482422,-0.006777609875736279,4.81,32.17,20.4,149.14000000000001,179.29,0,0.0,0.62124120519607,4.045918624,183.52,-12.162163825064201
2023-10-27,160.9499969482422,-0.0015508685157126223,12.32,30.61,20.8,160.03,191.60999999999999,0,0.0,0.7420904471976316,4.045918624,183.52,-12.298388759676232
2023-10-30,159.10000610351562,-0.011494196208785779,2.18,30.86,21.41,144.64999999999998,208.65,0,0.0,0.5564716065504665,4.045918624,183.52,-13.306448287099162
2023-10-31,167.3000030517578,0.051539890846433956,1.95,30.06,21.53,102.21,210.6,0,0.0,0.07008237576508557,4.045918624,183.52,-8.838272094726568
2023-11-01,159.8000030517578,-0.044829646522359656,0.91,30.91,20.14,91.73,211.51,0,0.0,-0.05052938106753756,4.04768232,183.60000000000002,-12.962961300785517
2023-11-02,165.35000610351562,0.03473093207614153,6.95,32.5,20.28,97.46,218.45999999999998,0,0.0,0.013971076801975357,4.04768232,183.60000000000002,-9.940083821614595
2023-11-03,170.89999389648438,0.03356508973754879,11.26,27.81,19.9,108.58,229.72,0,0.0,0.13946047717475532,4.04768232,183.60000000000002,-6.917214653330962
2023-11-06,173.6999969482422,0.016383868646910438,0.03,32.5,15.35,105.65,231.35999999999999,0,0.0,0.10036655135992825,4.04768232,183.60000000000002,-5.392158524922568
2023-11-07,170.75,-0.016983287277323345,0.0,32.39,18.11,102.46,231.35999999999999,0,0.0,0.06199468237740994,4.04768232,183.60000000000002,-6.998910675381276
2023-11-08,174.35000610351562,0.021083491089403328,0.0,32.76,16.52,100.27,231.35999999999999,0,0.0,0.035246155827742896,4.04768232,183.60000000000002,-5.03812303730087
2023-11-09,178.8000030517578,0.025523354129394882,0.0,33.86,16.32,100.23,231.35999999999999,0,0.0,0.03343580114374262,4.04768232,183.60000000000002,-2.614377422789875
2023-11-10,174.5,-0.024049233659761637,0.0,34.49,16.56,100.21,231.35999999999999,0,0.0,0.03210943641639413,4.04768232,183.60000000000002,-4.956427015250556
2023-11-13,178.64999389648438,0.02378219997985309,0.0,38.4,20.72,74.26,230.81,0,0.0,-0.26623013291796815,4.04768232,183.60000000000002,-2.6960817557274765
2023-11-14,176.4499969482422,-0.012314564922498383,0.0,39.51,20.78,73.95,230.81,0,0.0,-0.26939874704623756,4.04768232,183.60000000000002,-3.8943371741600403
2023-11-15,180.8000030517578,0.02465291118589019,0.57,39.78,21.46,74.52,231.38,0,0.0,-0.262319373820758,4.04768232,183.60000000000002,-1.5250528040534912
2023-11-16,176.10000610351562,-0.025995557903263466,1.69,38.65,21.68,76.21000000000001,233.07000000000002,0,0.0,-0.24243184235799412,4.04768232,183.60000000000002,-4.084963995906534
2023-11-17,170.9499969482422,-0.02924479827812243,0.16,39.48,24.35,76.37,232.53,0,0.0,-0.24004219414878256,4.04768232,183.60000000000002,-6.8899798756850945
2023-11-20,177.89999389648438,0.04065514520217506,3.99,32.58,20.96,80.58,232.74,0,0.0,-0.19012248999743847,4.04768232,183.60000000000002,-3.10457848775362
2023-11-21,176.5500030517578,-0.007588481680961046,5.7,29.44,21.28,86.28,238.44,0,0.0,-0.12453427955611587,4.04768232,183.60000000000002,-3.8398676188683054
2023-11-22,178.64999389648438,0.011894595346514603,3.74,32.33,20.93,90.02,242.15,0,0.0,-0.08120857442323344,4.04768232,183.60000000000002,-2.6960817557274765
2023-11-23,178.64999389648438,0.0,2.7,32.53,20.06,88.52,244.28,0,0.0,-0.09752761376684387,4.04768232,183.60000000000002,-2.6960817557274765
2023-11-24,178.64999389648438,0.0,1.52,32.79,20.65,82.31,244.54,0,0.0,-0.16752534675913325,4.04768232,183.60000000000002,-2.6960817557274765
2023-11-27,179.6999969482422,0.005877431220995266,1.6,29.76,19.94,61.54,237.49,0,0.0,-0.40059902347889836,4.04768232,183.60000000000002,-2.1241846687134176
2023-11-28,183.6499938964844,0.021981062967852516,5.36,32.79,19.48,58.8,240.20999999999998,0,0.0,-0.42987670337261435,4.04768232,183.60000000000002,0.027229791113497104
2023-11-29,182.1000061035156,-0.00843990114065818,13.16,26.65,20.3,69.78,251.95,0,0.0,-0.3023159845491465,4.04768232,183.60000000000002,-0.8169901396973998
2023-11-30,195.0,0.07084016180181418,0.22,31.89,19.31,68.05,252.01000000000002,0,0.0,-0.3207674048718127,4.04768232,183.60000000000002,6.209150326797372
2023-12-01,193.8999938964844,-0.0056410569411056155,0.98,33.79,19.61,68.12,252.98,0,0.0,-0.31856749096776216,4.347069716,197.18,-1.6634578068341634
2023-12-04,188.8999938964844,-0.025786488692048692,1.53,26.53,20.42,65.66,267.36,0,0.0,-0.34167071206732635,4.347069716,197.18,-4.1992119401134005
2023-12-05,193.8500061035156,0.026204406389466417,12.38,31.78,20.41,78.04,279.71999999999997,0,0.0,-0.1977359433628367,4.347069716,197.18,-1.6888091573609951
2023-12-06,185.25,-0.04436422921195682,0.85,32.29,19.9,78.86,280.54,0,0.0,-0.1854733050885989,4.347069716,197.18,-6.050309362004263
2023-12-07,185.5,0.0013495276653170407,0.0,34.05,19.41,78.86,280.53000000000003,0,0.0,-0.18243220977285318,4.347069716,197.18,-5.923521655340301
2023-12-08,185.1499938964844,-0.0018868253558792514,2.13,34.54,20.41,80.99,282.66,0,0.0,-0.1550130429645968,4.347069716,197.18,-6.101027540072828
2023-12-11,194.0,0.047799116366504135,11.6,31.84,21.27,95.46000000000001,297.13,0,0.0,0.01903910228414475,4.347069716,197.18,-1.6127396287655984
2023-12-12,191.1499938964844,-0.014690753110905175,1.38,32.4,19.46,96.84,298.51000000000005,0,0.0,0.03728006903291914,4.347069716,197.18,-3.0581225801377436
2023-12-13,194.6499938964844,0.018310228154625907,0.41,33.42,19.89,97.25,298.88,0,0.0,0.0446048440316291,4.347069716,197.18,-1.2830946868422777
2023-12-14,200.1000061035156,0.02799903610543919,0.48,34.33,20.68,97.73,299.22,0,0.0,0.05265983100179924,4.347069716,197.18,1.4808835092380515
2023-12-15,201.8000030517578,0.008495736613634897,0.03,35.27,20.09,97.19000000000001,299.21,0,0.0,0.04876636166534622,4.347069716,197.18,2.343038366851509
2023-12-18,209.5500030517578,0.038404360172443974,0.5,35.17,19.5,95.72,299.67999999999995,0,0.0,0.040162693150292826,4.347069716,197.18,6.273457273434327
2023-12-19,202.3999938964844,-0.03412077810138414,1.35,33.14,21.18,91.84,301.02,0,0.0,-0.0009367149232324989,4.347069716,197.18,2.6473242197405398
2023-12-20,190.6000061035156,-0.05830033670358603,2.54,33.37,20.32,90.39,303.56,0,0.0,-0.013102549166197264,4.347069716,197.18,-3.3370493439924993
2023-12-21,193.6000061035156,0.015739768646023444,4.18,31.33,21.28,88.87,307.74,0,0.0,-0.025992501382881773,4.347069716,197.18,-1.8155968640249571
2023-12-22,192.8000030517578,-0.004132247037895387,8.89,29.17,20.3,94.02000000000001,316.63,0,0.0,0.03948449373195372,4.347069716,197.18,-2.221319073051118
2023-12-26,194.3500061035156,0.008039434788502886,0.4,30.83,21.15,120.81,347.53999999999996,0,0.0,0.3753252253020555,4.347069716,197.18,-1.4352337440330714
2023-12-27,197.75,0.017494179519981445,1.46,31.96,20.31,120.67,342.22,0,0.0,0.3788897067329723,4.347069716,197.18,0.28907597119382955
2023-12-28,198.0,0.0012642225031604948,0.74,33.01,20.68,116.05000000000001,322.51000000000005,0,0.0,0.32888957611920494,4.347069716,197.18,0.41586367785779144
2023-12-29,188.3000030517578,-0.04898988357698075,0.89,34.05,21.63,103.78000000000002,318.21000000000004,0,0.0,0.18606465457200708,4.347069716,197.18,-4.503497793002431
2024-01-02,190.1499938964844,0.00982469896305882,7.15,27.77,19.29,117.96000000000001,292.28,0,0.0,0.3852938223697367,4.646457112,210.76000000000005,-9.778898322032473
2024-01-03,186.25,-0.0205100921465583,23.22,25.59,20.43,139.65,314.96000000000004,0,0.0,0.6623901990767294,4.646457112,210.76000000000005,-11.629341431011596
2024-01-04,185.5500030517578,-0.0037583728764680746,7.6,25.76,20.14,134.87,320.49,0,0.0,0.6099158292520432,4.646457112,210.76000000000005,-11.961471317252908
2024-01-05,182.8000030517578,-0.014820802774295316,1.15,29.39,18.66,135.17,319.68,0,0.0,0.6191303871572688,4.646457112,210.76000000000005,-13.266272987399047
2024-01-08,181.3999938964844,-0.007658693281733742,0.6,26.97,20.76,134.02,316.58000000000004,0,0.0,0.632721469548623,4.646457112,210.76000000000005,-13.930539999770183
2024-01-09,184.1000061035156,0.01488430153185094,5.23,26.45,20.01,137.72,321.78999999999996,0,0.0,0.6929218893099823,4.646457112,210.76000000000005,-12.64945620444318
2024-01-10,181.1499938964844,-0.0160239658295962,1.97,27.24,19.44,128.09,321.09,0,0.0,0.5793517299769494,4.646457112,210.76000000000005,-14.04915833341983
2024-01-11,184.0500030517578,0.01600888353841512,0.42,31.35,19.97,127.13,298.92,0,0.0,0.5803149396791545,4.646457112,210.76000000000005,-12.6731813191508
2024-01-12,180.0,-0.022004906191818385,8.73,30.24,19.88,135.45,306.96,0,0.0,0.7051522973116854,4.646457112,210.76000000000005,-14.59479977225282
2024-01-16,185.25,0.029166666666666563,0.0,31.85,19.12,146.51999999999998,318.24,0,0.0,0.9188905123436379,4.646457112,210.76000000000005,-12.103814765610192
2024-01-17,179.1999969482422,-0.03265858597440119,0.21,33.52,19.83,146.23,314.34999999999997,0,0.0,0.9288430368450684,4.646457112,210.76000000000005,-14.9743798879094
2024-01-18,179.9499969482422,0.004185267928417558,5.74,31.44,22.34,150.62,319.08,0,0.0,1.0034376847086344,4.646457112,210.76000000000005,-14.618524886960454
2024-01-19,185.1499938964844,0.028896899341086746,6.02,29.64,21.06,154.1,325.07,0,0.0,1.0631970103590977,4.646457112,210.76000000000005,-12.15126499502545
2024-01-22,192.25,0.038347320213713454,0.32,31.81,18.95,120.73,326.17,0,0.0,0.6118586987725558,4.646457112,210.76000000000005,-8.782501423420024
2024-01-23,192.9499969482422,0.003641076453795522,2.88,31.47,20.11,120.47,321.32,0,0.0,0.6229638104274275,4.646457112,210.76000000000005,-8.450371537178714
2024-01-24,189.4499969482422,-0.018139414642949436,4.52,31.1,19.36,121.6,321.03,0,0.0,0.6558378170314222,4.646457112,210.76000000000005,-10.111028208273797
2024-01-25,186.9499969482422,-0.013196094168758443,0.08,32.06,18.42,121.27999999999999,308.79,0,0.0,0.6663933845664883,4.646457112,210.76000000000005,-11.297211544770287
2024-01-26,193.8500061035156,0.03690831381603976,0.02,32.2,16.04,119.84,302.05,0,0.0,0.6600396291424164,4.646457112,210.76000000000005,-8.023341192106875
2024-01-29,189.25,-0.023729718641634756,1.5,33.65,19.14,121.69,293.93,0,0.0,0.7424562717348622,4.646457112,210.76000000000005,-10.205921427215811
2024-01-30,194.0,0.025099075297225992,0.0,34.54,18.56,108.51,293.02,0,0.0,0.5438758479669986,4.646457112,210.76000000000005,-7.952173087872483
2024-01-31,194.0500030517578,0.0002577476894731756,1.55,32.55,19.02,99.81,287.62,0,0.0,0.4145620887012055,4.646457112,210.76000000000005,-7.928447973164847
2024-02-01,194.1999969482422,0.000772965184877572,13.17,31.42,18.65,105.83,289.53,0,0.0,0.5334093230849453,4.47317398,202.90000000000003,-4.287828019594798
2024-02-02,191.9499969482422,-0.011585994002871525,1.16,26.73,19.47,83.77,289.08,0,0.0,0.16624396906066005,4.47317398,202.90000000000003,-5.396748670161579
2024-02-05,189.5,-0.012763724861651338,5.4,29.42,17.86,88.36,302.66,0,0.0,0.28148272758750836,4.47317398,202.90000000000003,-6.6042385411532925
2024-02-06,188.1999969482422,-0.006860174415608489,0.55,30.53,18.18,87.46,303.21,0,0.0,0.27382872821353194,4.47317398,202.90000000000003,-7.244949754439549
2024-02-07,190.6999969482422,0.013283740916784081,12.54,28.09,18.81,99.4,315.75,0,0.0,0.5009430435537419,4.47317398,202.90000000000003,-6.0128156982542365
2024-02-08,188.8000030517578,-0.009963261284162694,2.39,29.06,18.5,96.56,318.14,0,0.0,0.4562047041047418,4.47317398,202.90000000000003,-6.949234572815288
2024-02-09,196.3000030517578,0.039724575629079606,1.73,29.86,18.61,96.32000000000001,319.87,0,0.0,0.4597280127902114,4.47317398,202.90000000000003,-3.2528324042593497
2024-02-12,195.6000061035156,-0.003565954851552644,0.34,31.94,17.7,85.84,322.68,0,0.0,0.2841164437151599,4.47317398,202.90000000000003,-3.5978284359213584
2024-02-13,193.0,-0.013292464327120834,0.03,33.59,17.86,79.33,322.14,0,0.0,0.16683437989160024,4.47317398,202.90000000000003,-4.879250862493855
2024-02-14,187.0500030517578,-0.030828999731824847,0.29,34.11,18.72,78.71,320.74,0,0.0,0.1618866276026475,4.47317398,202.90000000000003,-7.811728412145007
2024-02-15,189.3000030517578,0.012028869090033645,2.13,31.96,19.58,80.83999999999999,322.71,0,0.0,0.21055371643228754,4.47317398,202.90000000000003,-6.702807761578225
2024-02-16,190.8500061035156,0.008188077267669014,2.49,30.64,19.23,83.12,325.07,0,0.0,0.26318423718562994,4.47317398,202.90000000000003,-5.938883142673452
2024-02-20,191.6000061035156,0.003929787665782003,4.38,25.92,19.06,81.99000000000001,322.02000000000004,0,0.0,0.26968952333004653,4.47317398,202.90000000000003,-5.569242925817859
2024-02-21,198.3500061035156,0.035229643971687485,7.19,28.07,19.77,88.86,326.51,0,0.0,0.414323123421987,4.47317398,202.90000000000003,-2.2424809741175142
2024-02-22,193.8500061035156,-0.022687168447333095,2.57,30.65,19.47,88.55,327.56,0,0.0,0.41294892308613024,4.47317398,202.90000000000003,-4.460322275251078
2024-02-23,191.0,-0.014702120267118812,7.6,27.6,19.69,91.63000000000001,333.95000000000005,0,0.0,0.48037439776072294,4.47317398,202.90000000000003,-5.8649581074421056
2024-02-26,190.1000061035156,-0.004712009929237704,1.0,31.5,20.1,95.03,330.2,0,0.0,0.5628715930132253,4.47317398,202.90000000000003,-6.308523359529046
2024-02-27,194.0500030517578,0.020778520891216123,0.0,32.74,17.06,92.44,317.04,0,0.0,0.5127793797666409,4.47317398,202.90000000000003,-4.361753054826131
2024-02-28,193.3500061035156,-0.0036073019182355504,0.52,34.04,18.3,91.46,317.34,0,0.0,0.49495286975890546,4.47317398,202.90000000000003,-4.70674908648814
2024-02-29,195.8500061035156,0.012929919426335923,0.66,35.42,19.77,92.12,317.02000000000004,0,0.0,0.5107759908732433,4.47317398,202.90000000000003,-3.4746150303028274
2024-03-01,193.8000030517578,-0.010467209537252997,1.63,35.18,22.19,92.2,309.02,0,0.0,0.5144645097241651,4.602805636,208.78000000000003,-7.1750153023480285
2024-03-04,197.3999938964844,0.01857580385984381,5.57,32.28,19.99,78.19,295.63,0,0.0,0.23132031209713355,4.602805636,208.78000000000003,-5.45071659331144
2024-03-05,195.0,-0.012158024167634673,4.57,30.56,19.89,80.94999999999999,299.35,0,0.0,0.29070284614215347,4.602805636,208.78000000000003,-6.600249066002505
2024-03-06,194.4499969482422,-0.0028205284705529188,3.79,30.72,19.9,79.34,303.14,0,0.0,0.2599237722334198,4.602805636,208.78000000000003,-6.863685722654392
2024-03-07,198.3500061035156,0.020056617209983862,6.15,31.38,20.86,84.94000000000001,307.16,0,0.0,0.38052760107476485,4.602805636,208.78000000000003,-4.995686318844924
2024-03-08,191.3999938964844,-0.035039132811541696,5.06,32.03,20.26,77.46000000000001,310.88,0,0.0,0.22812155494349587,4.602805636,208.78000000000003,-8.324555083588287
2024-03-11,194.3500061035156,0.015412812440457335,0.59,32.25,19.67,88.47,311.73999999999995,0,0.0,0.47219172142024934,4.602805636,208.78000000000003,-6.911578645696154
2024-03-12,195.3999938964844,0.0054025611525299055,2.03,31.1,22.48,88.27,313.36,0,0.0,0.4712517164536454,4.602805636,208.78000000000003,-6.408662756737056
2024-03-13,191.6499938964844,-0.01919140285125398,11.8,32.03,21.36,99.72999999999999,324.68,0,0.0,0.7167872513887128,4.602805636,208.78000000000003,-8.204811813160084
2024-03-14,191.3500061035156,-0.0015652898644538116,1.34,31.88,21.33,101.04,325.99,0,0.0,0.7475055896095646,4.602805636,208.78000000000003,-8.348497890834578
2024-03-15,182.8500061035156,-0.044421216247057305,0.39,32.68,20.4,101.14,326.38,0,0.0,0.7526137609577775,4.602805636,208.78000000000003,-12.419769085393442
2024-03-18,181.8500061035156,-0.005468963448838404,8.57,32.84,20.51,103.57,335.79,0,0.0,0.8121938854302454,4.602805636,208.78000000000003,-12.898742167106251
2024-03-19,183.0500030517578,0.006598828198879136,10.48,32.51,21.7,110.25,343.72999999999996,0,0.0,0.9563209830055677,4.602805636,208.78000000000003,-12.32397593076071
2024-03-20,182.3999938964844,-0.0035509923214238626,2.54,30.63,20.25,109.58000000000001,342.09,0,0.0,0.9430877600601958,4.602805636,208.78000000000003,-12.635312819003556
2024-03-21,185.6999969482422,0.018092122599689286,2.92,27.06,21.26,108.11999999999999,336.12,0,0.0,0.9125600500680657,4.602805636,208.78000000000003,-11.05470018764146
2024-03-22,184.8500061035156,-0.004577225948816266,4.37,29.56,19.22,105.3,314.89000000000004,0,0.0,0.8527816963432158,4.602805636,208.78000000000003,-11.461822921967828
2024-03-25,185.6499938964844,0.004327767198021082,14.66,24.67,19.0,122.49000000000001,336.92,0,0.0,1.2163230146562076,4.602805636,208.78000000000003,-11.07865030343693
2024-03-26,188.0500030517578,0.01292760158457984,9.56,24.05,17.85,131.13,345.02,0,0.0,1.3955768990354038,4.602805636,208.78000000000003,-9.929110522196673
2024-03-27,190.6499938964844,0.013826061167417247,13.0,26.05,16.97,143.13,357.28,0,0.0,1.6439360021307088,4.602805636,208.78000000000003,-8.683784894872893
2024-03-28,188.8500061035156,-0.009441321010197012,25.74,24.33,18.49,168.87,382.13,0,0.0,2.1748379012283636,4.602805636,208.78000000000003,-9.545930595116596
2024-04-01,191.8000030517578,0.015620846454329484,1.09,29.21,17.61,180.75,366.4,0,0.0,2.3393917073204933,4.605010256,208.88000000000002,-8.176942238721855
2024-04-02,197.75,0.031021881405479235,5.11,28.41,18.65,185.5,348.28999999999996,0,0.0,2.4145134636604566,4.605010256,208.88000000000002,-5.328418230563013
2024-04-03,203.6000061035156,0.02958283743876411,0.3,28.62,18.8,180.23,340.99,0,0.0,2.287913401893264,4.605010256,208.88000000000002,-2.527764217007098
2024-04-04,206.75,0.015471482328359487,0.38,29.06,18.66,176.04,340.21999999999997,0,0.0,2.18618493800589,4.605010256,208.88000000000002,-1.0197242435848446
2024-04-05,212.5,0.027811366384522307,2.62,29.17,18.53,174.86999999999998,342.57,0,0.0,2.145788014478265,4.605010256,208.88000000000002,1.733052470317874
2024-04-08,211.1000061035156,-0.006588206571691346,0.0,28.68,16.72,153.41,336.48,0,0.0,1.6777128033362567,4.605010256,208.88000000000002,1.0628141054747091
2024-04-09,213.5500030517578,0.011605859201353264,0.04,29.34,17.24,150.11,334.55,0,0.0,1.6023344811743538,4.605010256,208.88000000000002,2.235734896475387
2024-04-10,214.6499938964844,0.0051509755514260736,0.11,30.25,16.69,149.63,334.23999999999995,0,0.0,1.5833847354662325,4.605010256,208.88000000000002,2.76234866740922
2024-04-11,220.3500061035156,0.026554914368085436,5.65,29.88,19.98,153.25,331.16,0,0.0,1.6449502572457513,4.605010256,208.88000000000002,5.491194036535605
2024-04-12,224.6499938964844,0.01951435295603643,2.4,28.65,19.74,143.85,329.41999999999996,0,0.0,1.4538955022418736,4.605010256,208.88000000000002,7.549786430718298
2024-04-15,231.5500030517578,0.03071448627972284,0.0,29.99,18.07,140.83,322.06,0,0.0,1.374982175416025,4.605010256,208.88000000000002,10.853122870431726
2024-04-16,236.75,0.022457339147950117,0.0,30.82,18.62,139.51000000000002,321.85,0,0.0,1.343041074429612,4.605010256,208.88000000000002,13.342589046342384
2024-04-17,247.9499969482422,0.0473072732766302,0.0,31.63,18.06,130.94,316.11,0,0.0,1.1735191896627215,4.605010256,208.88000000000002,18.70451788023849
2024-04-18,239.8500061035156,-0.032667840066226805,6.23,30.44,18.89,126.69,316.32,0,0.0,1.0887623173052552,4.605010256,208.88000000000002,14.826697674988305
2024-04-19,241.3999938964844,0.006462321257143744,0.83,30.43,18.63,124.97999999999999,312.88,0,0.0,1.0532404316745465,4.605010256,208.88000000000002,15.568744684260999
2024-04-22,231.6499938964844,-0.0403893962158961,0.0,29.9,14.47,110.56,309.04,0,0.0,0.771439033790369,4.605010256,208.88000000000002,10.90099286503465
2024-04-23,224.5,-0.030865504359475437,0.0,30.8,15.56,103.46000000000001,304.52000000000004,0,0.0,0.6348792392309067,4.605010256,208.88000000000002,7.477977786288766
2024-04-24,228.4499969482422,0.017594641194842664,0.0,31.15,17.47,88.80000000000001,304.44,0,0.0,0.3543018049274542,4.605010256,208.88000000000002,9.369014241785791
2024-04-25,231.9499969482422,0.015320639294177596,0.0,31.91,17.54,79.24000000000001,304.42,0,0.0,0.17197098813424733,4.605010256,208.88000000000002,11.044617458943968
2024-04-26,230.6000061035156,-0.005820180480656911,0.0,31.5,17.48,66.24000000000001,304.40000000000003,0,0.0,-0.07596714693582182,4.605010256,208.88000000000002,10.398317743927409
2024-04-29,233.5500030517578,0.012792701084829883,0.0,31.97,16.81,26.540000000000003,300.32,0,0.0,-0.8274523872825118,4.605010256,208.88000000000002,11.81061042309354
2024-04-30,220.6499938964844,-0.055234463655367994,0.0,32.38,16.44,26.12,298.77,0,0.0,-0.8313567458908536,4.605010256,208.88000000000002,5.634811325394666
2024-05-01,219.0500030517578,-0.007251261676794796,0.0,32.57,16.7,25.03,285.6,0,0.0,-0.8480343577780859,5.274332888,239.24000000000004,-8.43922293439317
2024-05-02,208.6499938964844,-0.04747778594103036,0.01,33.01,16.73,19.930000000000003,284.45,0,0.0,-0.9412424912715557,5.274332888,239.24000000000004,-12.786325908508456
2024-05-03,205.8999938964844,-0.013179966836540324,0.05,32.81,17.96,19.680000000000003,278.1,0,0.0,-0.9416664652300698,5.274332888,239.24000000000004,-13.935799240727148
2024-05-06,200.6999969482422,-0.025254964071812935,0.0,31.56,16.31,15.680000000000001,270.34000000000003,0,0.0,-1.00540248350656,5.274332888,239.24000000000004,-16.10934753877188
2024-05-07,199.0,-0.008470338685060308,0.04,30.89,17.14,15.530000000000001,257.84000000000003,0,0.0,-1.004494276164317,5.274332888,239.24000000000004,-16.819929777629174
2024-05-08,200.25,0.00628140703517599,0.0,31.1,15.37,15.530000000000001,255.45,0,0.0,-1.000835649155012,5.274332888,239.24000000000004,-16.297441899347948
2024-05-09,203.6999969482422,0.017228449179736316,0.0,31.07,14.89,15.490000000000002,253.72,0,0.0,-0.9979855385293854,5.274332888,239.24000000000004,-14.855376630896941
2024-05-10,204.3999938964844,0.0034364111866926894,0.02,31.21,15.47,15.400000000000002,253.5,0,0.0,-0.9967415870989461,5.274332888,239.24000000000004,-14.562784694664616
2024-05-13,200.3999938964844,-0.01956947220862315,0.01,32.37,17.05,7.54,251.18,0,0.0,-1.138118261300964,5.274332888,239.24000000000004,-16.234745905164534
2024-05-14,202.8500061035156,0.012225610187876157,0.0,32.3,14.78,7.54,250.89000000000001,0,0.0,-1.1360249536494864,5.274332888,239.24000000000004,-15.210664561312672
2024-05-15,201.25,-0.007887631527598304,0.0,31.57,15.43,7.54,248.76000000000002,0,0.0,-1.1339330023987932,5.274332888,239.24000000000004,-15.879451596722967
2024-05-16,199.5500030517578,-0.008447189804930089,0.0,32.03,16.64,7.54,246.27,0,0.0,-1.1318356765300606,5.274332888,239.24000000000004,-16.59003383558026
2024-05-17,208.1499938964844,0.04309692163971546,0.0,30.84,15.29,7.54,242.05,0,0.0,-1.1307725875736347,5.274332888,239.24000000000004,-12.995321059820943
2024-05-20,209.3000030517578,0.005524906024476417,0.0,31.87,16.08,0.42000000000000004,230.66,0,0.0,-1.2613553239385311,5.274332888,239.24000000000004,-12.514628384986718
2024-05-21,217.1999969482422,0.03774483411990581,0.0,30.75,16.08,0.41000000000000003,223.47,0,0.0,-1.260378110447255,5.274332888,239.24000000000004,-9.212507545459726
2024-05-22,220.4499969482422,0.014963167797716226,0.01,29.86,15.47,0.42000000000000004,220.91,0,0.0,-1.2590728013471404,5.274332888,239.24000000000004,-7.854039061928543
2024-05-23,215.6499938964844,-0.02177365896214889,0.07,30.12,15.03,0.49000000000000005,213.38,0,0.0,-1.2566562888404873,5.274332888,239.24000000000004,-9.860393790133601
2024-05-24,218.25,0.012056601795053412,0.05,31.22,15.32,0.54,211.83,0,0.0,-1.2546243029776012,5.274332888,239.24000000000004,-8.773616452098326
2024-05-28,230.9499969482422,0.05819013492894465,0.07,30.25,15.24,2.23,211.09,0,0.0,-1.221577015523845,5.274332888,239.24000000000004,-3.4651408843662637
2024-05-29,229.4499969482422,-0.006494912404507058,0.0,29.31,12.89,2.23,210.42999999999998,0,0.0,-1.221224350071707,5.274332888,239.24000000000004,-4.092126338303732
2024-05-30,233.0,0.015471793850398763,0.0,29.0,11.75,2.23,208.79999999999998,0,0.0,-1.2203349226369729,5.274332888,239.24000000000004,-2.608259488379885
2024-05-31,222.3500061035156,-0.045708128311091833,0.0,28.37,11.09,2.23,208.01,0,0.0,-1.2194347220424662,5.274332888,239.24000000000004,-7.0598536601255795
2024-06-03,226.5500030517578,0.01888912450169622,0.05,27.37,13.94,2.4499999999999997,197.79,0,0.0,-1.2126009993226845,5.083192334,230.57000000000002,-1.7435039026075416
2024-06-04,233.8999938964844,0.032443128429565204,0.0,28.59,13.28,2.4499999999999997,194.0,0,0.0,-1.2116773155251925,5.083192334,230.57000000000002,1.4442442193192442
2024-06-05,231.9499969482422,-0.008336883279720042,0.0,27.99,13.77,2.4499999999999997,187.85,0,0.0,-1.2107630996028242,5.083192334,230.57000000000002,0.5985153958633672
2024-06-06,234.1999969482422,0.009700366585915887,0.0,27.91,12.95,2.4099999999999997,182.79,0,0.0,-1.2105902074812473,5.083192334,230.57000000000002,1.5743578732021362
2024-06-07,224.8000030517578,-0.04013660981627487,0.0,28.65,13.51,2.4099999999999997,171.35,0,0.0,-1.2096648382757558,5.083192334,230.57000000000002,-2.5024924960932506
2024-06-10,221.3999938964844,-0.015124595681124564,0.01,28.94,12.25,2.13,165.4,0,0.0,-1.2120734459400262,5.083192334,230.57000000000002,-3.9771028770072507
2024-06-11,220.5500030517578,-0.003839163812822899,0.0,29.64,13.15,2.13,153.60000000000002,0,0.0,-1.211115528365354,5.083192334,230.57000000000002,-4.34575050884426
2024-06-12,224.3500061035156,0.0172296667385039,0.2,28.81,12.59,2.3200000000000003,152.46,0,0.0,-1.2066484517149827,5.083192334,230.57000000000002,-2.6976596679899485
2024-06-13,226.0500030517578,0.007577432146169905,0.01,28.29,11.47,2.33,152.07999999999998,0,0.0,-1.20553500545051,5.083192334,230.57000000000002,-1.9603577864606017
2024-06-14,224.1499938964844,-0.008405260471677,0.0,27.98,12.63,2.33,150.7,0,0.0,-1.2046123762087069,5.083192334,230.57000000000002,-2.7844065158154216
2024-06-17,227.1499938964844,0.013383895077799801,0.0,27.7,12.24,2.33,130.32999999999998,0,0.0,-1.2017466223732685,5.083192334,230.57000000000002,-1.483283212697063
2024-06-18,226.3000030517578,-0.0037419804867524498,0.0,28.11,12.03,2.33,127.79,0,0.0,-1.2007967052189552,5.083192334,230.57000000000002,-1.8519308445340714
2024-06-20,230.25,0.017454692421452478,0.0,28.33,13.24,2.3400000000000003,120.50999999999999,0,0.0,-1.1987420465796772,5.083192334,230.57000000000002,-0.13878648566596763
2024-06-21,226.5500030517578,-0.016069476431019303,0.0,27.89,12.22,2.33,113.31,0,0.0,-1.1980055701348025,5.083192334,230.57000000000002,-1.7435039026075416
2024-06-24,238.0,0.05054070533658872,0.0,29.21,14.8,1.79,81.99,0,0.0,-1.2051511170094926,5.083192334,230.57000000000002,3.2224487140564593
2024-06-25,231.1999969482422,-0.02857144139394041,0.0,30.13,15.13,0.99,68.99,0,0.0,-1.2188612571250046,5.083192334,230.57000000000002,0.2732345700837775
2024-06-26,226.3500061035156,-0.02097746932848077,0.0,29.72,14.41,0.5800000000000001,43.25,0,0.0,-1.2252953616961502,5.083192334,230.57000000000002,-1.8302441325777095
2024-06-27,228.25,0.008394052773365024,0.0,29.84,15.42,0.51,37.51,0,0.0,-1.2258062946406536,5.083192334,230.57000000000002,-1.0062020210782068
2024-06-28,228.9499969482422,0.003066799335124548,0.0,30.36,15.85,0.51,29.280000000000005,0,0.0,-1.225153702501589,5.083192334,230.57000000000002,-0.7026079072549916
2024-07-01,226.6999969482422,-0.009827473378427931,0.0,28.83,16.05,0.51,22.660000000000004,0,0.0,-1.2248820267825924,5.476055618,248.39000000000004,-8.73223682586169
2024-07-02,229.1000061035156,0.010586718957130703,0.0,28.25,14.2,0.28,22.360000000000003,0,0.0,-1.2290330351583398,5.476055618,248.39000000000004,-7.766010667291131
2024-07-03,225.9499969482422,-0.013749493982335936,0.0,28.34,13.44,0.22999999999999998,21.980000000000004,0,0.0,-1.2298981455183662,5.476055618,248.39000000000004,-9.034181348588048
2024-07-05,230.3000030517578,0.019252074185741597,0.0,28.42,12.12,0.22999999999999998,18.360000000000003,0,0.0,-1.2297888341599656,5.476055618,248.39000000000004,-7.2829006595443575
2024-07-08,236.1999969482422,0.02561873129961878,0.0,30.53,15.51,0.22999999999999998,18.130000000000003,0,0.0,-1.229608421624211,5.476055618,248.39000000000004,-4.9076062046611595
2024-07-09,252.0,0.06689247779804175,0.0,30.9,14.97,0.22999999999999998,18.020000000000003,0,0.0,-1.2295436463415863,5.476055618,248.39000000000004,1.4533596360561845
2024-07-10,245.6999969482422,-0.025000012110150016,0.0,31.27,15.77,0.22,12.37,0,0.0,-1.2296622767200542,5.476055618,248.39000000000004,-1.0829755834606285
2024-07-11,246.75,0.0042735167472509605,0.0,31.75,15.78,0.22,9.97,0,0.0,-1.2295962351208447,5.476055618,248.39000000000004,-0.6602520230283195
2024-07-12,250.4499969482422,0.014994921776057435,0.01,30.44,14.64,0.03,9.89,0,0.0,-1.2328680945134782,5.476055618,248.39000000000004,0.8293397271396368
2024-07-15,244.1499938964844,-0.025154733992908573,0.0,27.87,11.98,0.019999999999999997,9.89,0,0.0,-1.2314784474997091,5.476055618,248.39000000000004,-1.7069954923771644
2024-07-16,245.3999938964844,0.0051198035275397125,0.0,28.29,12.72,0.019999999999999997,9.89,0,0.0,-1.2310002741385153,5.476055618,248.39000000000004,-1.2037546211665684
2024-07-17,247.3500061035156,0.00794626020998912,0.0,28.62,12.65,0.019999999999999997,3.66,0,0.0,-1.23051138233796,5.476055618,248.39000000000004,-0.4186939476164284
2024-07-18,243.3999938964844,-0.015969323264856228,0.0,28.92,13.29,0.019999999999999997,2.83,0,0.0,-1.2298983375560153,5.476055618,248.39000000000004,-2.0089400151035224
2024-07-19,238.1999969482422,-0.021363997858002137,0.0,29.47,13.06,0.01,2.77,0,0.0,-1.2294409949129426,5.476055618,248.39000000000004,-4.1024208107242055
2024-07-22,243.0500030517578,0.020361067026249735,0.0,28.92,11.79,0.01,2.7600000000000002,0,0.0,-1.2275194629256934,5.476055618,248.39000000000004,-2.149843773196276
2024-07-23,239.1000061035156,-0.016251787280994412,0.0,29.22,11.95,0.01,2.7600000000000002,0,0.0,-1.2268801444311104,5.476055618,248.39000000000004,-3.740083697606363
2024-07-24,231.1499938964844,-0.033249736529029295,0.0,28.69,12.04,0.01,2.7600000000000002,0,0.0,-1.2262414202695515,5.476055618,248.39000000000004,-6.940700552967365
2024-07-25,234.6999969482422,0.015358006253496148,0.0,28.09,11.53,0.01,2.7600000000000002,0,0.0,-1.2256032893943667,5.476055618,248.39000000000004,-5.5114952501138745
2024-07-26,230.25,-0.018960362190475588,0.0,28.39,11.82,0.01,2.75,0,0.0,-1.2249657507614844,5.476055618,248.39000000000004,-7.303031523008189
2024-07-29,230.3999938964844,0.0006514392898344656,0.0,30.15,15.12,0.21000000000000002,2.9499999999999997,0,0.0,-1.2194571924143793,5.476055618,248.39000000000004,-7.242645075693723
2024-07-30,230.8000030517578,0.0017361508935331837,0.0,31.25,15.98,0.21000000000000002,2.9499999999999997,0,0.0,-1.2188481506667344,5.476055618,248.39000000000004,-7.081604311060118
2024-07-31,229.1999969482422,-0.0069324353655091375,0.03,28.51,15.67,0.24000000000000002,2.97,0,0.0,-1.2176924879736248,5.476055618,248.39000000000004,-7.725755083440498
2024-08-01,227.25,-0.008507840201597117,0.0,27.49,14.32,0.24000000000000002,2.9200000000000004,0,0.0,-1.2170884351061584,5.66807802,257.1,-11.610268378063019
2024-08-02,230.5,0.014301430143014215,0.0,26.85,13.94,0.24000000000000002,2.9200000000000004,0,0.0,-1.2164849138568778,5.66807802,257.1,-10.346168805912104
2024-08-05,225.6999969482422,-0.02082430825057624,0.0,28.49,14.44,0.43000000000000005,3.0700000000000003,0,0.0,-1.2112529071108349,5.66807802,257.1,-12.213147822542913
2024-08-06,235.9499969482422,0.04541426733980214,0.0,29.05,15.99,0.43000000000000005,3.0700000000000003,0,0.0,-1.2106986337223102,5.66807802,257.1,-8.226372248836187
2024-08-07,246.3000030517578,0.043865252118591824,0.0,28.18,12.59,0.43000000000000005,3.0700000000000003,0,0.0,-1.2101448087406792,5.66807802,257.1,-4.200698929693586
2024-08-08,245.3000030517578,-0.0040600892716589065,0.0,30.66,14.87,0.43000000000000005,3.0500000000000003,0,0.0,-1.2095914314767844,5.66807802,257.1,-4.589652644201559
2024-08-09,234.0500030517578,-0.04586220896877147,0.0,31.37,16.23,0.43000000000000005,2.7800000000000002,0,0.0,-1.2090385012429479,5.66807802,257.1,-8.96538193241626
2024-08-12,240.8500061035156,0.029053633681235258,0.0,28.11,7.55,0.48,2.83,0,0.0,-1.2070009642591402,5.66807802,257.1,-6.320495486769516
2024-08-13,232.6999969482422,-0.03383852584072844,0.01,29.98,8.75,0.49,2.84,0,0.0,-1.2066462188468947,5.66807802,257.1,-9.4904718209871
2024-08-14,237.0,0.018478741332834003,0.0,30.21,11.97,0.49,2.84,0,0.0,-1.2064733789209936,5.66807802,257.1,-7.817969661610276
2024-08-15,239.8999938964844,0.012236261166600926,0.0,31.48,15.64,0.49,2.84,0,0.0,-1.2063018005144748,5.66807802,257.1,-6.690006263522216
2024-08-16,245.4499969482422,0.023134652742644812,0.0,33.02,16.02,0.49,2.84,0,0.0,-1.206141225938023,5.66807802,257.1,-4.531311961010438
2024-08-19,245.8999938964844,0.0018333548740565586,0.0,32.19,14.79,0.49,2.84,0,0.0,-1.2048606475394315,5.66807802,257.1,-4.3562839764743755
2024-08-20,249.4499969482422,0.014436775680654268,0.0,32.92,16.09,0.49,2.83,0,0.0,-1.2036976190595654,5.66807802,257.1,-2.9754971029785433
2024-08-21,249.4499969482422,0.0,0.0,32.76,14.2,0.49,2.76,0,0.0,-1.2025365424027037,5.66807802,257.1,-2.9754971029785433
2024-08-22,246.8000030517578,-0.010623347079191214,0.0,32.07,14.42,0.49,2.71,0,0.0,-1.2013774113096736,5.66807802,257.1,-4.006222072439599
2024-08-23,251.1999969482422,0.01782817602138209,0.0,33.23,15.63,0.49,2.29,0,0.0,-1.2002168794322876,5.66807802,257.1,-2.2948281025895896
2024-08-26,253.6499938964844,0.009753172683147016,0.0,29.78,12.91,0.29,1.0100000000000002,0,0.0,-1.199405927031318,5.66807802,257.1,-1.3418926890375804
2024-08-27,259.3999938964844,0.022669032676368106,0.0,31.87,13.34,0.29,1.0100000000000002,0,0.0,-1.1974514474936833,5.66807802,257.1,0.8945911693832563
2024-08-28,260.45001220703125,0.004047873304753757,0.0,31.51,14.87,0.29,1.0100000000000002,0,0.0,-1.1950328460391602,5.66807802,257.1,1.3029996915718502
2024-08-29,251.8000030517578,-0.033211782491288866,0.0,31.01,14.88,0.29,1.0100000000000002,0,0.0,-1.1923707372346353,5.66807802,257.1,-2.0614534998997316
2024-08-30,248.1999969482422,-0.014297085225911,0.21,32.21,13.62,0.47000000000000003,1.2200000000000002,0,0.0,-1.186344674950418,5.66807802,257.1,-3.46168924611351
2024-09-03,246.75,-0.005842050628810269,0.0,35.98,17.94,0.28,0.94,0,0.0,-1.1785579923336802,5.763758528,261.44000000000005,-5.618880048959627
2024-09-04,245.5500030517578,-0.004863209516685618,0.0,36.01,16.76,0.28,0.94,0,0.0,-1.175546923499859,5.763758528,261.44000000000005,-6.077875209700979
2024-09-05,246.6000061035156,0.004276127219336567,0.0,35.67,17.32,0.28,0.94,0,0.0,-1.1725466105781306,5.763758528,261.44000000000005,-5.676252255387261
2024-09-06,240.0500030517578,-0.02656124448353936,0.03,35.35,19.95,0.31000000000000005,0.97,0,0.0,-1.169020522762997,5.763758528,261.44000000000005,-8.181608379835618
2024-09-09,249.4499969482422,0.03915848272019229,0.0,33.26,16.68,0.24999999999999997,0.96,0,0.0,-1.16119947057413,5.763758528,261.44000000000005,-4.586139478181558
2024-09-10,248.0,-0.005812775971061779,0.0,33.14,15.5,0.25,0.76,0,0.0,-1.158252646632874,5.763758528,261.44000000000005,-5.140758873929029
2024-09-11,249.4499969482422,0.005846761888073315,0.0,33.05,15.47,0.25,0.75,0,0.0,-1.1553619169539953,5.763758528,261.44000000000005,-4.586139478181558
2024-09-12,252.0,0.010222501835856601,0.0,33.28,15.48,0.24,0.75,0,0.0,-1.1526615847023527,5.763758528,261.44000000000005,-3.610771113831109
2024-09-13,262.04998779296875,0.039880903940352264,0.0,33.43,16.86,0.24,0.75,0,0.0,-1.1497916228508733,5.763758528,261.44000000000005,0.23331846426281186
2024-09-16,259.04998779296875,-0.01144819744227632,0.0,34.3,17.7,0.24,0.75,0,0.0,-1.1412045395404053,5.763758528,261.44000000000005,-0.9141723558106274
2024-09-17,265.0,0.022968587096736215,0.0,34.95,17.44,0.24,0.74,0,0.0,-1.1384197452329208,5.763758528,261.44000000000005,1.3616891064871268
2024-09-18,263.1499938964844,-0.006981155107606107,3.02,33.85,19.3,3.26,3.76,0,0.0,-1.0832979368389046,5.763758528,261.44000000000005,0.6540674328657895
2024-09-19,261.6499938964844,-0.005700171137340226,0.04,33.46,18.94,3.3000000000000003,3.8000000000000003,0,0.0,-1.0809981432401448,5.763758528,261.44000000000005,0.08032202282906992
2024-09-20,250.75,-0.04165868202082479,0.0,33.9,18.99,3.3000000000000003,3.8000000000000003,0,0.0,-1.0794102090893798,5.763758528,261.44000000000005,-4.088892288861709
2024-09-23,263.6499938964844,0.051445638669927796,0.0,35.76,22.07,3.5300000000000002,4.03,0,0.0,-1.0707330963302975,5.763758528,261.44000000000005,0.8453159028780294
2024-09-24,267.79998779296875,0.015740542357508103,0.0,35.57,21.44,3.5300000000000002,4.03,0,0.0,-1.069337823781987,5.763758528,261.44000000000005,2.4326758694035706
2024-09-25,269.1000061035156,0.004854437527278321,0.0,34.87,19.89,3.5300000000000002,4.03,0,0.0,-1.0683747624185393,5.763758528,261.44000000000005,2.9299288951635436
2024-09-26,273.8999938964844,0.017837189461535452,0.0,35.26,19.37,3.5300000000000002,4.03,0,0.0,-1.0673536661733631,5.763758528,261.44000000000005,4.7659095381289465
2024-09-27,269.1499938964844,-0.017342096041795374,0.0,37.08,19.67,3.5300000000000002,4.03,0,0.0,-1.0661418143708234,5.763758528,261.44000000000005,2.949049073012668
2024-09-30,270.25,0.00408696313750867,0.0,34.12,19.64,3.85,4.5600000000000005,0,0.0,-1.0497363321241597,5.763758528,261.44000000000005,3.369798041615645
2024-10-01,264.1499938964844,-0.022571715461667474,0.0,34.28,19.82,3.85,4.5600000000000005,0,0.0,-1.0442582559410325,6.124654822,277.81,-4.917031821574323
2024-10-02,256.5,-0.028960795280132623,0.0,36.91,19.39,3.85,4.5600000000000005,0,0.0,-1.0388086975184492,6.124654822,277.81,-7.670710197617077
2024-10-03,252.0500030517578,-0.017348915977552393,0.0,38.29,19.55,3.85,4.5600000000000005,0,0.0,-1.0333915299709011,6.124654822,277.81,-9.272523288665703
2024-10-04,257.3500061035156,0.021027585747219746,0.02,37.9,22.47,3.87,4.58,0,0.0,-1.027687257965977,6.124654822,277.81,-7.3647434924892465
2024-10-07,244.6499938964844,-0.049349181681864085,0.0,38.97,21.31,3.84,4.58,0,0.0,-1.0120599445530158,6.124654822,277.81,-11.936217596024475
2024-10-08,248.1999969482422,0.014510538076121238,1.04,39.23,20.59,4.88,5.62,0,0.0,-0.9886585671632538,6.124654822,277.81,-10.658364728324328
2024-10-09,250.0500030517578,0.007453691080831826,0.47,37.68,21.45,5.35,6.09,0,0.0,-0.9752641307244841,6.124654822,277.81,-9.9924397783529
2024-10-10,254.75,0.0187962283178591,2.42,34.33,22.55,7.77,8.5,0,0.0,-0.9282419520653598,6.124654822,277.81,-8.300637126093374
2024-10-11,252.0500030517578,-0.01059861412460128,7.15,34.94,20.76,14.92,15.65,0,0.0,-0.7996542124053101,6.124654822,277.81,-9.272523288665703
2024-10-14,262.04998779296875,0.03967460670554912,2.28,31.8,21.29,18.83,19.56,0,0.0,-0.7183310539385871,6.124654822,277.81,-5.672946332756651
2024-10-15,256.70001220703125,-0.02041585893972342,0.22,28.59,20.52,19.05,19.78,0,0.0,-0.7101778384699481,6.124654822,277.81,-7.598714154626814
2024-10-16,258.0,0.0050642295720668695,0.81,32.41,19.43,19.86,20.59,0,0.0,-0.6917727330636876,6.124654822,277.81,-7.130772830351679
2024-10-17,255.1499938964844,-0.011046535284944148,7.32,33.5,19.05,27.18,27.91,0,0.0,-0.5599036556444524,6.124654822,277.81,-8.156656025166695
2024-10-18,257.29998779296875,0.008426392114109227,2.24,32.64,20.12,26.4,30.15,0,0.0,-0.5695189396584864,6.124654822,277.81,-7.382747995763742
2024-10-21,251.6999969482422,-0.02176444271436373,6.99,24.83,20.01,76.35000000000001,80.35,0,0.0,0.31878120767523976,6.124654822,277.81,-9.398510871371734
2024-10-22,249.8500061035156,-0.007349983580281938,0.78,27.25,19.72,77.11,81.13,0,0.0,0.3356195363678338,6.124654822,277.81,-10.064430328816243
2024-10-23,252.3500061035156,0.010006003357727389,0.24,26.78,18.7,77.35000000000001,81.37,0,0.0,0.3436031517018388,6.124654822,277.81,-9.164534716707248
2024-10-24,245.4499969482422,-0.027343011644085258,6.3,29.41,19.43,83.65,87.67,0,0.0,0.4596115956748222,6.124654822,277.81,-11.648249901644222
2024-10-25,248.3999938964844,0.012018728803913081,3.57,30.86,20.0,87.22,91.03999999999999,0,0.0,0.5278349961605108,6.124654822,277.81,-10.586374177860984
2024-10-28,252.3500061035156,0.015901820869920202,10.03,27.47,19.33,122.14000000000001,126.45,0,0.0,1.1684934498103952,6.124654822,277.81,-9.164534716707248
2024-10-29,248.1000061035156,-0.016841687724218346,2.99,25.2,19.93,125.09,129.41,0,0.0,1.224234437663666,6.124654822,277.81,-10.69435725729254
2024-10-30,249.6000061035156,0.0060459490652899905,0.02,29.25,18.58,125.11,129.43,0,0.0,1.2220540165255704,6.124654822,277.81,-10.154419890027143
2024-10-31,245.8999938964844,-0.014823766492604529,0.0,28.35,17.96,125.11,129.43,0,0.0,1.2185555474922891,6.124654822,277.81,-11.48626978996998
2024-11-01,242.9499969482422,-0.011996734532185749,1.18,28.03,17.64,126.29,130.54999999999998,0,0.0,1.236630071195711,6.101726774,276.77000000000004,-12.219533566411766
2024-11-04,245.9499969482422,0.012348219953421502,14.85,26.19,18.5,155.54000000000002,159.69,0,0.0,1.7455096231658744,6.101726774,276.77000000000004,-11.135601059275878
2024-11-05,250.1499938964844,0.017076629397666077,18.04,22.68,18.8,173.58,177.73,0,0.0,2.0541129655423624,6.101726774,276.77000000000004,-9.618096651918789
2024-11-06,248.75,-0.005596617751922661,2.57,26.28,17.5,176.15,180.29999999999998,0,0.0,2.085368104239278,6.101726774,276.77000000000004,-10.123929616649216
2024-11-07,260.3999938964844,0.04683414631752503,16.24,24.81,18.49,191.35,196.54,0,0.0,2.3335670264690287,6.101726774,276.77000000000004,-5.914660585871179
2024-11-08,253.3500061035156,-0.027073686475474035,15.76,27.31,19.2,206.64,212.23999999999998,0,0.0,2.574818923056712,6.101726774,276.77000000000004,-8.461897567107865
2024-11-11,256.20001220703125,0.011249283737341464,0.59,30.04,17.86,204.53,221.26,0,0.0,2.458269735131285,6.101726774,276.77000000000004,-7.432159480062429
2024-11-12,263.54998779296875,0.02868842793027704,14.83,29.59,19.58,219.3,236.09,0,0.0,2.6755077986871516,6.101726774,276.77000000000004,-4.776533658644826
2024-11-13,271.6499938964844,0.03073423061540259,32.62,23.97,18.72,249.64000000000001,268.71,0,0.0,3.1339498769970606,6.101726774,276.77000000000004,-1.8499136841115953
2024-11-14,278.95001220703125,0.026872882291794298,1.12,27.4,18.05,250.54000000000002,269.83,0,0.0,3.0992679847528444,6.101726774,276.77000000000004,0.7876620323847278
2024-11-15,281.79998779296875,0.010216796777991588,16.49,24.77,19.34,266.22,286.32,0,0.0,3.296886312138035,6.101726774,276.77000000000004,1.817389093098497
2024-11-18,280.75,-0.0037260036850681466,3.59,28.86,17.94,283.81,320.87,0,0.0,3.3822151983690145,6.101726774,276.77000000000004,1.4380171261335986
2024-11-19,279.75,-0.003561887800534236,2.09,29.2,19.11,250.09,322.96,0,0.0,2.8268034036961427,6.101726774,276.77000000000004,1.0767062904216356
2024-11-20,295.29998779296875,0.05558530042169352,2.95,29.43,19.75,246.04999999999998,325.91,0,0.0,2.730867717692952,6.101726774,276.77000000000004,6.695085375209997
2024-11-21,298.6499938964844,0.011344416667786295,3.26,28.72,20.07,248.52999999999997,329.17,0,0.0,2.7335689624306623,6.101726774,276.77000000000004,7.905478880111404
2024-11-22,305.25,0.022099468402478006,9.53,27.23,20.62,257.82,338.7,0,0.0,2.8333311175240508,6.101726774,276.77000000000004,10.29013260107669
2024-11-25,308.3500061035156,0.010155630150747275,0.0,27.29,15.86,276.44,370.97,0,0.0,2.964520973515123,6.101726774,276.77000000000004,11.410198397050108
2024-11-26,312.1499938964844,0.012323618348472065,0.15,28.7,14.95,254.99,371.12,0,0.0,2.628549135954167,6.101726774,276.77000000000004,12.783175162222904
2024-11-27,326.1499938964844,0.044850233137094575,0.01,29.53,15.42,244.97,371.13,0,0.0,2.4604352316178026,6.101726774,276.77000000000004,17.841526862190385
2024-11-29,321.6499938964844,-0.013797332773914595,3.66,27.16,21.02,246.64,375.6,0,0.0,2.4304264476746087,6.101726774,276.77000000000004,16.21562810148655
2024-12-02,299.20001220703125,-0.06979630690332961,1.85,27.73,20.61,244.81,382.91,0,0.0,2.328925889286294,6.723650076,304.98,-1.8952022404645446
2024-12-03,297.70001220703125,-0.005013368779417271,8.6,26.91,19.77,246.95,391.51,0,0.0,2.3331550809169634,6.723650076,304.98,-2.387037770663246
2024-12-04,305.95001220703125,0.027712461073943873,8.25,28.18,19.47,240.35,399.76,0,0.0,2.224639939375407,6.723650076,304.98,0.31805764542961235
2024-12-05,315.75,0.03203133649930123,5.08,26.34,20.15,227.39000000000001,404.81,0,0.0,2.037243958252969,6.723650076,304.98,3.531379106826671
2024-12-06,332.5,0.053048297703879754,0.07,30.47,18.76,224.89000000000001,404.88,0,0.0,1.9884536764224605,6.723650076,304.98,9.023542527378838
2024-12-09,332.29998779296875,-0.0006015404722744533,0.53,32.04,20.09,185.4,405.42,0,0.0,1.447894955669659,6.723650076,304.98,8.957960454117886
2024-12-10,335.6499938964844,0.010081270618651939,1.66,30.01,20.6,186.65,407.08,0,0.0,1.4566527747855158,6.723650076,304.98,10.056395139512215
2024-12-11,321.70001220703125,-0.041561096210701365,14.69,28.9,19.24,200.75,421.77,0,0.0,1.6280659024428004,6.723650076,304.98,5.482330712515979
2024-12-12,322.6000061035156,0.0027976184716622665,3.22,27.63,18.76,189.14,424.99,0,0.0,1.472250997792929,6.723650076,304.98,5.7774300293513035
2024-12-13,320.8500061035156,-0.005424674416895314,9.01,25.86,19.21,165.53,434.0,0,0.0,1.1669763810785658,6.723650076,304.98,5.203621910786152
2024-12-16,328.75,0.024622078062032537,5.33,28.9,18.64,153.16,456.59999999999997,0,0.0,0.9976011674353507,6.723650076,304.98,7.793953701882083
2024-12-17,325.45001220703125,-0.010037985682034178,3.24,28.24,18.68,142.8,456.82,0,0.0,0.8640342452685201,6.723650076,304.98,6.711919538012732
2024-12-18,333.1499938964844,0.02365949116804722,0.75,29.26,19.13,139.95999999999998,457.53,0,0.0,0.8257314887796896,6.723650076,304.98,9.236669255847712
2024-12-19,323.75,-0.0282155007314967,0.77,29.8,18.87,138.64,458.3,0,0.0,0.8067036307927584,6.723650076,304.98,6.154501934553079
2024-12-20,325.0,0.0038610038610038533,5.1,28.84,19.65,140.79,463.19,0,0.0,0.8312937183569686,6.723650076,304.98,6.56436487638533
2024-12-23,327.25,0.006923076923077032,4.72,28.14,18.35,126.42,492.15999999999997,0,0.0,0.6449826476624904,6.723650076,304.98,7.302118171683383
2024-12-24,328.6000061035156,0.004125305129153878,1.25,29.14,19.42,125.97,493.40999999999997,0,0.0,0.6390689975520398,6.723650076,304.98,7.744772150146109
2024-12-26,324.6499938964844,-0.012020730778035671,29.61,26.22,20.34,156.89,524.48,0,0.0,1.0254463020916667,6.723650076,304.98,6.449601251388404
2024-12-27,322.6499938964844,-0.006160480633299215,14.46,26.55,19.56,171.34,538.4499999999999,0,0.0,1.20316945668592,6.723650076,304.98,5.7938205444568025
2024-12-30,321.0,-0.0051138816912971174,7.84,27.12,19.56,202.06,575.14,0,0.0,1.5668663661272089,6.723650076,304.98,5.2528034625221265
2024-12-31,319.75,-0.003894080996884708,6.97,26.37,18.86,204.89999999999998,582.11,0,0.0,1.5941705699582596,6.723650076,304.98,4.842940520689875
2025-01-02,326.8500061035156,0.022204866625537445,6.48,27.7,18.39,204.84,592.48,0,0.0,1.5789504915083419,7.569342308,343.34000000000003,-4.80281758504235
2025-01-03,318.6499938964844,-0.02508799771732073,5.07,27.93,19.02,201.66,597.5500000000001,0,0.0,1.5335712187387338,7.569342308,343.34000000000003,-7.191124280164169
2025-01-06,318.6000061035156,-0.00015687366680128267,14.4,27.89,18.98,225.31,625.3199999999999,0,0.0,1.7989698801442642,7.569342308,343.34000000000003,-7.205683548810043
2025-01-07,320.5,0.005963571437807902,6.76,26.48,19.11,232.07,631.61,0,0.0,1.8701996124754852,7.569342308,343.34000000000003,-6.652298013630811
2025-01-08,316.45001220703125,-0.012636467372757365,1.82,27.36,18.95,233.36,631.01,0,0.0,1.8748931003331004,7.569342308,343.34000000000003,-7.831883204103448
2025-01-09,318.5,0.0064780777812945,1.29,28.46,18.05,232.99,625.15,0,0.0,1.8589739561844218,7.569342308,343.34000000000003,-7.234810974544192
2025-01-10,323.8500061035156,0.016797507389374022,1.08,28.83,19.34,219.38,624.6600000000001,0,0.0,1.686356528634105,7.569342308,343.34000000000003,-5.67658702641242
2025-01-13,325.95001220703125,0.006484502281727256,3.15,28.74,19.11,207.44,629.29,0,0.0,1.5236290191352648,7.569342308,343.34000000000003,-5.064946639764892
2025-01-14,321.95001220703125,-0.012271820371828501,15.17,28.71,19.69,212.24,643.65,0,0.0,1.5745520151046928,7.569342308,343.34000000000003,-6.229972561591652
2025-01-15,330.45001220703125,0.026401614156591702,18.85,28.2,19.12,225.76,655.18,0,0.0,1.7267108509954028,7.569342308,343.34000000000003,-3.7542924777097864
2025-01-16,327.1499938964844,-0.009986437248122648,6.17,24.67,20.13,228.69,659.11,0,0.0,1.7527158869497534,7.569342308,343.34000000000003,-4.715444196282302
2025-01-17,328.3500061035156,0.0036680795641736985,3.2,26.88,19.33,231.14,654.91,0,0.0,1.7729588271447894,7.569342308,343.34000000000003,-4.365932864357315
2025-01-21,327.79998779296875,-0.0016750976102417603,0.26,29.38,18.27,205.42000000000002,615.51,0,0.0,1.4445850432775245,7.569342308,343.34000000000003,-4.526129261673932
2025-01-22,341.8500061035156,0.04286155837022343,0.88,29.68,20.44,201.58,610.09,0,0.0,1.3940847641966985,7.569342308,343.34000000000003,-0.43397037819199824
2025-01-23,343.95001220703125,0.006143062939948374,3.04,29.59,20.15,203.37,609.56,0,0.0,1.4087794556692002,7.569342308,343.34000000000003,0.1776700084555304
2025-01-24,347.54998779296875,0.010466566239778485,0.99,28.27,18.93,202.9,606.77,0,0.0,1.3974014861476773,7.569342308,343.34000000000003,1.2261862273456974
2025-01-27,349.20001220703125,0.00474758875562209,5.67,28.36,19.05,156.76999999999998,582.0799999999999,0,0.0,0.8589816571827986,7.569342308,343.34000000000003,1.7067665308531537
2025-01-28,357.5,0.023768578186784017,0.91,29.77,18.93,140.78000000000003,582.97,0,0.0,0.6744076151750552,7.569342308,343.34000000000003,4.124191763266722
2025-01-29,366.5499877929688,0.025314651169143554,2.71,28.76,20.44,135.65,585.68,0,0.0,0.6143824143016124,7.569342308,343.34000000000003,6.760059356022826
2025-01-30,373.3999938964844,0.018687781562236827,6.77,26.26,19.89,135.45000000000002,591.27,0,0.0,0.6106853430712383,7.569342308,343.34000000000003,8.755168024839618
2025-01-31,377.8500061035156,0.011917547615881707,3.09,27.24,19.6,134.63,586.4,0,0.0,0.6001308857405976,7.569342308,343.34000000000003,10.051262918248845
2025-02-03,380.8999938964844,0.008071953800983023,7.06,27.23,18.77,136.60999999999999,572.4399999999999,0,0.0,0.6166489250416861,7.814716514,354.47,7.4562004955241195
2025-02-04,383.3500061035156,0.006432166569414699,1.15,27.56,18.23,135.21,571.0200000000001,0,0.0,0.598850783155481,7.814716514,354.47,8.147376676027758
2025-02-05,397.75,0.03756356767239999,0.51,29.25,17.39,121.32000000000001,555.2900000000001,0,0.0,0.43865848371666866,7.814716514,354.47,12.209777978390264
2025-02-06,403.9500122070313,0.015587711394170478,0.14,29.09,17.11,114.7,539.6700000000001,0,0.0,0.3623634354644648,7.814716514,354.47,13.958871613121357
2025-02-07,404.3500061035156,0.0009902064225693064,0.0,29.17,16.21,112.88000000000001,531.64,0,0.0,0.3409808545447311,7.814716514,354.47,14.071714419701411
2025-02-10,429.0499877929688,0.06108564688170137,0.06,26.37,17.64,109.93,516.0,0,0.0,0.30555024545990345,7.814716514,354.47,21.039858885933583
2025-02-11,413.4500122070313,-0.036359342803349515,0.15,28.7,17.92,106.81,483.53000000000003,0,0.0,0.26917894463715697,7.814716514,354.47,16.638929163830866
2025-02-12,431.7999877929688,0.04438257357397024,0.89,28.27,17.22,104.55,483.3,0,0.0,0.24252161800371283,7.814716514,354.47,21.815665019033705
2025-02-13,438.8999938964844,0.016442812191369782,0.37,29.19,17.82,89.75,467.18,0,0.0,0.07291800243866393,7.814716514,354.47,23.818657120908497
2025-02-14,419.75,-0.04363179349006996,1.0,30.04,18.47,71.9,450.82,0,0.0,-0.13093645444661753,7.814716514,354.47,18.41622704319123
2025-02-18,419.0,-0.0017867778439547566,0.04,33.35,19.29,59.589999999999996,428.81,0,0.0,-0.26936818997268475,7.814716514,354.47,18.204643552345747
2025-02-19,417.8999938964844,-0.002625312896218701,0.08,33.48,18.57,58.669999999999995,425.63,0,0.0,-0.2791258059763602,7.814716514,354.47,17.89431937723484
2025-02-20,395.75,-0.05300309696097061,0.0,33.71,17.35,58.41,416.1,0,0.0,-0.2811153762044763,7.814716514,354.47,11.645555336135631
2025-02-21,400.0,0.01073910296904601,0.44,33.61,18.54,57.97,385.97,0,0.0,-0.28515664623304576,7.814716514,354.47,12.844528450926726
2025-02-24,393.7999877929688,-0.015500030517577978,2.81,30.54,18.06,56.9,387.28,0,0.0,-0.29376608655301567,7.814716514,354.47,11.095434816195667
2025-02-25,380.5,-0.03377345912961527,0.27,31.51,18.38,53.11,387.54,0,0.0,-0.33571180753502533,7.814716514,354.47,7.3433576889440495
2025-02-26,379.4500122070313,-0.0027594948566851407,0.0,32.5,17.6,47.44,386.52000000000004,0,0.0,-0.39899439960077376,7.814716514,354.47,7.047144245502096
2025-02-27,378.75,-0.0018448074436993034,0.0,32.47,16.93,46.53,382.86,0,0.0,-0.40789435095764665,7.814716514,354.47,6.849662876971245
2025-02-28,379.0499877929688,0.0007920469781355077,0.0,30.5,17.22,43.82,381.53000000000003,0,0.0,-0.4372206845016281,7.814716514,354.47,6.934292829567743
2025-03-03,392.7000122070313,0.03601114590067711,0.0,32.03,18.09,26.12,366.95000000000005,0,0.0,-0.6336414757568454,9.049303714,410.47,-4.329180644862894
2025-03-04,403.75,0.02813849617896924,0.0,31.37,17.28,15.629999999999999,358.70000000000005,0,0.0,-0.7507028358125659,9.049303714,410.47,-1.6371476599995192
2025-03-05,415.5,0.029102167182662564,0.0,30.0,19.55,8.57,353.62,0,0.0,-0.8280897490765775,9.049303714,410.47,1.2254245133627237
2025-03-06,393.0,-0.054151624548736454,0.0,31.64,16.81,7.42,353.55,0,0.0,-0.8381243074977652,9.049303714,410.47,-4.256096669671359
2025-03-07,390.2000122070313,-0.007124650872693872,0.0,31.75,15.92,6.91,353.54,0,0.0,-0.8406750752272192,9.049303714,410.47,-4.938238554088903
2025-03-10,389.3500061035156,-0.0021783856405024338,1.24,33.44,20.3,7.9399999999999995,352.59000000000003,0,0.0,-0.819465570389891,9.049303714,410.47,-5.145319730183546
2025-03-11,399.4500122070313,0.0259406856175326,0.06,34.99,19.51,7.94,337.96000000000004,0,0.0,-0.8162260757413359,9.049303714,410.47,-2.684724289952669
2025-03-12,392.2000122070313,-0.018149955635105575,2.2,34.96,19.23,10.08,336.94,0,0.0,-0.7889157574505646,9.049303714,410.47,-4.450992226708095
2025-03-13,390.6000061035156,-0.004079566684641267,7.37,33.15,20.04,17.299999999999997,335.3,0,0.0,-0.7042904825492435,9.049303714,410.47,-4.840790775570541
2025-03-14,382.1000061035156,-0.02176139238909114,5.77,33.14,18.91,22.18,334.17,0,0.0,-0.6463828637631985,9.049303714,410.47,-6.911587666938973
2025-03-17,389.3500061035156,0.018974090249126885,11.23,30.34,20.51,47.21,341.8,0,0.0,-0.357494273099915,9.049303714,410.47,-5.145319730183546
2025-03-18,387.1499938964844,-0.005650474309858766,17.01,28.96,19.96,64.21000000000001,358.06,0,0.0,-0.16442176054463037,9.049303714,410.47,-5.681293664218006
2025-03-19,394.6000061035156,0.019243219228936015,11.21,28.13,18.79,75.42,368.5,0,0.0,-0.03682291576992184,9.049303714,410.47,-3.866298120808927
2025-03-20,392.1499938964844,-0.006208849896440549,1.91,28.9,17.7,77.28999999999999,365.31,0,0.0,-0.014716225810176951,9.049303714,410.47,-4.463177845765988
2025-03-21,391.3999938964844,-0.0019125334991028087,2.0,28.54,18.39,79.21000000000001,351.26,0,0.0,0.007857816484615228,9.049303714,410.47,-4.645895218533791
2025-03-24,393.3999938964844,0.005109862113408692,2.85,27.25,19.18,83.85000000000001,342.5,0,0.0,0.06275480976511302,9.049303714,410.47,-4.158648891152984
2025-03-25,398.5499877929688,0.013090986213486255,1.5,29.71,19.8,85.35000000000001,342.54,0,0.0,0.08087824357575066,9.049303714,410.47,-2.903991085105177
2025-03-26,392.0,-0.016434545210352036,6.22,29.75,19.79,88.76,319.15000000000003,0,0.0,0.12078588777768372,9.049303714,410.47,-4.4997198333617625
2025-03-27,378.7999877929688,-0.033673500528140776,4.74,29.1,18.38,93.23000000000002,309.43000000000006,0,0.0,0.1729957672192546,9.049303714,410.47,-7.715548567990648
2025-03-28,379.9500122070313,0.0030359674000068892,0.15,29.65,18.08,93.38000000000001,297.59000000000003,0,0.0,0.17728420524214494,9.049303714,410.47,-7.4353759819155405
2025-03-31,379.75,-0.0005264171617458402,0.88,30.29,19.39,95.29,267.78999999999996,0,0.0,0.20787464332032274,9.049303714,410.47,-7.484103588569208
2025-04-01,389.0499877929688,0.024489763773453133,1.83,31.1,18.38,97.12,265.71000000000004,0,0.0,0.23175971533211556,8.919451596,404.58000000000004,-3.8385516355309783
2025-04-02,388.8500061035156,-0.0005140256926562392,21.43,28.91,19.16,118.55000000000001,280.66,0,0.0,0.4792879730737576,8.919451596,404.58000000000004,-3.8879810906333514
2025-04-03,385.25,-0.009258084215015505,2.57,28.98,18.29,121.12,278.16,0,0.0,0.5113278570862346,8.919451596,404.58000000000004,-4.777794255771426
2025-04-04,365.7000122070313,-0.050746236970716896,0.04,29.42,18.55,121.16000000000001,266.34,0,0.0,0.5142422979851069,8.919451596,404.58000000000004,-9.609962873342411
2025-04-07,344.79998779296875,-0.057150734800168856,0.0,26.77,16.25,121.47000000000001,242.94000000000003,0,0.0,0.524272638209395,8.919451596,404.58000000000004,-14.775819913745437
2025-04-08,342.8999938964844,-0.005510423328742076,0.0,28.36,15.05,121.47000000000001,241.12,0,0.0,0.5256561213277939,8.919451596,404.58000000000004,-15.245441223865653
2025-04-09,341.70001220703125,-0.0034995092178840004,3.96,29.62,17.1,124.19,243.79,0,0.0,0.5581263158154479,8.919451596,404.58000000000004,-15.542040583560429
2025-04-10,342.8500061035156,0.003365507332167228,4.75,28.9,19.01,128.88,247.46,0,0.0,0.6131267178962267,8.919451596,404.58000000000004,-15.257796701884525
2025-04-11,357.70001220703125,0.04331341939376254,0.0,30.75,17.03,126.68,246.69,0,0.0,0.5889673693942417,8.919451596,404.58000000000004,-11.587322110081761
2025-04-14,360.3999938964844,0.007548173322092122,0.47,29.73,19.66,110.74000000000001,226.91,0,0.0,0.4083747903786378,8.919451596,404.58000000000004,-10.919967893498358
2025-04-15,369.3999938964844,0.024972253475079143,0.71,30.75,18.19,100.72000000000001,208.77,0,0.0,0.29404851633832735,8.919451596,404.58000000000004,-8.695438752166607
2025-04-16,376.0499877929688,0.01800214944872991,9.75,28.92,18.38,99.24000000000001,212.35,0,0.0,0.27839161628742415,8.919451596,404.58000000000004,-7.051760395232397
2025-04-17,375.5,-0.001462539052844214,0.31,29.45,18.96,82.53999999999999,209.46,0,0.0,0.08673146054779768,8.919451596,404.58000000000004,-7.187700825547491
2025-04-21,366.7999877929688,-0.023169140364929897,0.0,30.83,16.82,71.24,209.26999999999998,0,0.0,-0.03778093101796409,8.919451596,404.58000000000004,-9.338082012712253
2025-04-22,377.6499938964844,0.029580170296078512,0.16,30.52,17.36,69.22999999999999,208.54999999999998,0,0.0,-0.05979340893124999,8.919451596,404.58000000000004,-6.65628703927917
2025-04-23,392.3999938964844,0.03905732884519275,6.22,28.2,18.27,72.6,211.73000000000002,0,0.0,-0.019721804400735673,8.919451596,404.58000000000004,-3.0105309465410213
2025-04-24,408.0,0.03975536785464606,4.97,28.69,17.69,76.07000000000001,215.71,0,0.0,0.020943876943340798,8.919451596,404.58000000000004,0.8453210737060555
2025-04-25,408.25,0.0006127450980393245,4.25,27.74,18.97,74.10000000000001,219.76000000000002,0,0.0,-0.0017502848180665292,8.919451596,404.58000000000004,0.9071135498541596
2025-04-28,421.5499877929688,0.03257804725773128,4.03,29.06,18.83,77.42,217.69,0,0.0,0.03416902578925239,8.919451596,404.58000000000004,4.194470263722567
2025-04-29,412.6499938964844,-0.021112546920189712,0.9,28.64,17.92,77.65,215.88000000000002,0,0.0,0.0352284705097741,8.919451596,404.58000000000004,1.9946596214554186
2025-04-30,413.6000061035156,0.002302222757985861,0.04,29.45,16.03,76.81,209.15,0,0.0,0.023870458166913744,8.919451596,404.58000000000004,2.229474048028964
2025-05-01,395.7000122070313,-0.043278514584944916,0.0,28.96,16.33,74.98,206.06,0,0.0,0.0010184675854430904,8.635937464,391.72,1.0160349757559684
2025-05-02,395.3999938964844,-0.0007581963641435374,0.0,28.25,14.53,53.55,198.22,0,0.0,-0.24927686337099125,8.635937464,391.72,0.9394449853171518
2025-05-05,398.9500122070313,0.0089782963210574,0.01,27.1,13.13,50.660000000000004,179.53,0,0.0,-0.2863921642343574,8.635937464,391.72,1.8457092328784026
2025-05-06,401.1000061035156,0.005389131045742568,0.01,28.91,13.79,50.65,179.03000000000003,0,0.0,-0.2877825320450023,8.635937464,391.72,2.394569106380986
2025-05-07,396.2000122070313,-0.012216389483723278,0.01,29.41,15.45,50.66,178.9,0,0.0,-0.2889477942652032,8.635937464,391.72,1.1436771691594199
2025-05-08,397.7999877929688,0.004038302717420006,0.0,29.5,15.41,50.66,178.9,0,0.0,-0.2902314667299888,8.635937464,391.72,1.5521259555214895
2025-05-09,397.1499938964844,-0.0016339716350688427,0.04,30.06,14.6,46.739999999999995,178.87,0,0.0,-0.33713633393333836,8.635937464,391.72,1.386192662229232
2025-05-12,382.4500122070313,-0.037013677238742604,0.0,28.75,17.43,42.07,178.68,0,0.0,-0.39530316939304055,8.635937464,391.72,-2.3664831494354948
2025-05-13,384.8500061035156,0.006275313949225758,0.0,27.59,15.18,40.730000000000004,177.79000000000002,0,0.0,-0.4123002212518609,8.635937464,391.72,-1.753802179231186
2025-05-14,373.9500122070313,-0.028322706830235744,0.0,26.54,14.94,40.260000000000005,177.42000000000002,0,0.0,-0.41911678689327947,8.635937464,391.72,-4.536400437294169
2025-05-15,384.9500122070313,0.02941569632550256,0.0,26.78,13.74,39.550000000000004,176.42000000000002,0,0.0,-0.42872737103171055,8.635937464,391.72,-1.7282721824182377
2025-05-16,376.25,-0.022600368700215312,0.0,27.35,13.16,29.8,176.25000000000003,0,0.0,-0.5439230112473135,8.635937464,391.72,-3.9492494639027944
2025-05-19,376.1499938964844,-0.00026579695286543803,0.0,27.95,12.42,25.279999999999998,176.20000000000002,0,0.0,-0.6002327485891696,8.635937464,391.72,-3.9747794607157285
2025-05-20,369.2999877929688,-0.01821083667331036,0.0,27.9,12.16,25.259999999999998,176.12,0,0.0,-0.6016265262622482,8.635937464,391.72,-5.723479068475243
2025-05-21,370.2999877929688,0.002707825705536182,0.01,28.42,11.99,25.27,176.13,0,0.0,-0.6026708882205716,8.635937464,391.72,-5.46819468166834
2025-05-22,360.75,-0.025789867965937185,0.04,28.45,12.05,25.15,175.73,0,0.0,-0.6052402896585685,8.635937464,391.72,-7.906157459409789
2025-05-23,361.0,0.0006930006930006005,0.04,29.12,13.5,18.97,175.42000000000002,0,0.0,-0.6788390407116242,8.635937464,391.72,-7.842336362708063
2025-05-27,361.7000122070313,0.0019390919862363187,0.0,28.11,13.75,5.24,172.37000000000003,0,0.0,-0.8420428667801899,8.635937464,391.72,-7.663634175678729
2025-05-28,351.95001220703125,-0.02695604000814722,0.0,29.12,15.03,1.21,172.37000000000003,0,0.0,-0.8894423156080995,8.635937464,391.72,-10.152656947046047
2025-05-29,348.3999938964844,-0.010086711713078733,0.09,27.2,14.63,0.4,172.46,0,0.0,-0.8988744953208369,8.635937464,391.72,-11.058921194607283
2025-05-30,342.45001220703125,-0.01707801892562877,0.03,26.53,13.18,0.39,172.49,0,0.0,-0.898885369969762,8.635937464,391.72,-12.577858621711623
2025-06-02,344.45001220703125,0.005840268444174734,0.07,27.89,14.78,0.9,173.00000000000003,0,0.0,-0.8926067124819312,8.770860208,397.84000000000003,-13.419964757935043
2025-06-03,340.8500061035156,-0.010451461680749952,1.88,27.59,16.72,2.78,174.88000000000002,0,0.0,-0.870492091763456,8.770860208,397.84000000000003,-14.324852678585462
2025-06-04,346.1499938964844,0.015549325797457048,0.15,29.57,15.07,2.9199999999999995,175.03000000000003,0,0.0,-0.8688705192965694,8.770860208,397.84000000000003,-12.992661900139668
2025-06-05,359.75,0.03928934376229587,0.02,29.85,15.13,2.9299999999999997,175.05,0,0.0,-0.868780024764761,8.770860208,397.84000000000003,-9.574200683691943
2025-06-06,358.04998779296875,-0.004725537754082687,0.0,30.32,15.52,2.92,175.05,0,0.0,-0.8689267080775727,8.770860208,397.84000000000003,-10.001511212304262
2025-06-09,361.5499877929688,0.009775171398759719,0.39,28.04,14.72,3.59,174.47,0,0.0,-0.8611806831275678,8.770860208,397.84000000000003,-9.121760558775192
2025-06-10,355.04998779296875,-0.01797815024051974,0.6,27.2,14.44,4.12,172.87,0,0.0,-0.8550520989319916,8.770860208,397.84000000000003,-10.755583201043455
2025-06-11,350.6499938964844,-0.012392603993131357,0.0,27.13,12.2,4.12,165.5,0,0.0,-0.8551640175682939,8.770860208,397.84000000000003,-11.86155391703088
2025-06-12,347.79998779296875,-0.00812778027412997,0.0,25.16,9.1,4.12,159.73000000000002,0,0.0,-0.8552652108837349,8.770860208,397.84000000000003,-12.5779238404965
2025-06-13,349.70001220703125,0.005462980105662041,0.0,24.73,9.52,4.12,155.12,0,0.0,-0.855365854242895,8.770860208,397.84000000000003,-12.10033877764146
2025-06-16,343.95001220703125,-0.016442664567583254,0.0,26.92,11.01,4.12,116.15,0,0.0,-0.8556678749827091,8.770860208,397.84000000000003,-13.54564342272491
2025-06-17,335.8500061035156,-0.02354995149306771,0.0,25.66,10.79,4.12,104.94,0,0.0,-0.855768578799423,8.770860208,397.84000000000003,-15.581639326484115
2025-06-18,324.8999938964844,-0.032603876754601746,0.22,25.46,12.12,4.34,103.25,0,0.0,-0.853290000447645,8.770860208,397.84000000000003,-18.33400515370894
2025-06-20,319.04998779296875,-0.01800555929028269,0.0,27.01,12.22,4.34,100.85000000000001,0,0.0,-0.8535152476163055,8.770860208,397.84000000000003,-19.804447065913752
2025-06-23,330.29998779296875,0.035260932237678455,0.2,29.81,13.79,4.47,94.54,0,0.0,-0.8523346934574482,8.770860208,397.84000000000003,-16.976677108141786
2025-06-24,315.3500061035156,-0.04526182937319312,3.71,20.37,8.63,8.16,92.03,0,0.0,-0.8092008181303165,8.770860208,397.84000000000003,-20.73446458286859
2025-06-25,308.6499938964844,-0.021246272641047392,0.0,27.57,7.43,8.15,87.29,0,0.0,-0.8097097363733273,8.770860208,397.84000000000003,-22.418561759379564
2025-06-26,309.5,0.0027539482271972116,0.05,27.46,13.82,8.2,87.19,0,0.0,-0.8095370866542871,8.770860208,397.84000000000003,-22.204906495073402
2025-06-27,309.8999938964844,0.0012923873876715675,0.0,28.73,12.71,8.2,86.83,0,0.0,-0.8099580028956392,8.770860208,397.84000000000003,-22.104365097404898
2025-06-30,306.75,-0.010164549720954708,0.0,28.52,14.35,8.13,83.5,0,0.0,-0.8120387099772256,8.770860208,397.84000000000003,-22.89613915141766
2025-07-01,298.8500061035156,-0.02575385133328245,0.0,28.87,12.67,7.69,62.07,0,0.0,-0.8176265926487224,8.006297992,363.16,-17.70844638629926
2025-07-02,297.95001220703125,-0.003011523768122748,0.0,27.29,11.56,7.62,59.5,0,0.0,-0.8188581121086482,8.006297992,363.16,-17.95626935592267
2025-07-03,292.6499938964844,-0.01778828022622847,0.0,25.95,12.68,5.74,59.46,0,0.0,-0.8413612144023388,8.006297992,363.16,-19.41568622742473
2025-07-04,292.6499938964844,0.0,0.0,25.43,11.72,5.59,59.17,0,0.0,-0.8434339338980001,8.006297992,363.16,-19.41568622742473
2025-07-07,280.04998779296875,-0.04305486542389092,0.0,27.03,10.55,5.5600000000000005,59.15,0,0.0,-0.8446903399354028,8.006297992,363.16,-22.885233012179555
2025-07-08,287.3999938964844,0.026245336275283915,0.0,26.87,10.58,5.24,55.19,0,0.0,-0.8487542102755202,8.006297992,363.16,-20.861330020794043
2025-07-09,285.8500061035156,-0.005393137877125476,0.0,26.29,10.99,4.8500000000000005,50.44,0,0.0,-0.8536246752784116,8.006297992,363.16,-21.28813577940423
2025-07-10,289.8999938964844,0.014168227064868866,0.0,25.6,10.9,4.25,50.44,0,0.0,-0.8609451971790678,8.006297992,363.16,-20.172928214427703
2025-07-11,288.6000061035156,-0.004484262919415394,0.0,24.65,13.27,4.25,50.44,0,0.0,-0.86117540057343,8.006297992,363.16,-20.530893792401255
2025-07-14,305.70001220703125,0.05925157914716794,0.0,25.38,10.78,4.25,47.92,0,0.0,-0.8619006452389051,8.006297992,363.16,-15.822223756187018
2025-07-15,301.6000061035156,-0.013411861104993816,0.0,26.75,11.11,4.25,38.17,0,0.0,-0.862142762313841,8.006297992,363.16,-16.951204399296287
2025-07-16,314.54998779296875,0.04293760420219761,0.0,27.04,10.76,4.25,37.86,0,0.0,-0.8623849674894651,8.006297992,363.16,-13.385288084324065
2025-07-17,312.5,-0.006517208305593769,0.0,27.51,11.05,4.25,35.4,0,0.0,-0.8626272608331431,8.006297992,363.16,-13.949774204207518
2025-07-18,308.8999938964844,-0.011520019531250036,0.0,27.77,12.99,4.03,33.65,0,0.0,-0.86545979801085,8.006297992,363.16,-14.94107448604352
2025-07-21,297.25,-0.03771445168881549,0.0,28.54,13.73,4.01,33.47,0,0.0,-0.8663870952847637,8.006297992,363.16,-18.14902522304219
2025-07-22,296.3500061035156,-0.0030277338822014555,0.0,29.95,14.12,4.01,27.25,0,0.0,-0.866617107573897,8.006297992,363.16,-18.3968481926656
2025-07-23,301.3500061035156,0.016871941613031405,0.0,30.17,13.9,3.81,22.28,0,0.0,-0.8692031930827004,8.006297992,363.16,-17.02004457993292
2025-07-24,304.8500061035156,0.011614401623067261,0.0,30.55,13.77,0.1,18.03,0,0.0,-0.9131233298621314,8.006297992,363.16,-16.056282051020045
2025-07-25,297.54998779296875,-0.023946262635363258,0.0,30.12,14.46,0.1,14.63,0,0.0,-0.9131286902647471,8.006297992,363.16,-18.066420367615173
2025-07-28,301.70001220703125,0.013947318381172469,0.2,29.99,15.93,0.2,8.76,0,0.0,-0.9119372641102608,8.006297992,363.16,-16.92366664637316
2025-07-29,296.5,-0.017235704330906376,0.4,27.29,12.11,0.6000000000000001,9.12,0,0.0,-0.9072256226567172,8.006297992,363.16,-18.355545764952094
2025-07-30,293.3999938964844,-0.0104553325582315,0.0,28.27,7.6,0.6000000000000001,9.12,0,0.0,-0.9072487358465645,8.006297992,363.16,-19.209165685514826
2025-07-31,295.79998779296875,0.008179938467657744,0.0,28.77,9.3,0.6000000000000001,9.12,0,0.0,-0.9072700699223988,8.006297992,363.16,-18.548301632071613
2025-08-01,284.20001220703125,-0.03921560535714541,0.0,28.76,11.96,0.6000000000000001,9.12,0,0.0,-0.9072914046793549,7.1760381,325.50000000000006,-12.68816829277075
2025-08-04,288.54998779296875,0.01530603588703805,0.01,27.7,10.83,0.61,9.11,0,0.0,-0.9072228019596291,7.1760381,325.50000000000006,-11.351770263296865
2025-08-05,298.70001220703125,0.035175965494564476,1.37,26.07,14.3,1.98,10.47,0,0.0,-0.8910958540438799,7.1760381,325.50000000000006,-8.233483192924364
2025-08-06,293.3999938964844,-0.0177436159824238,0.39,27.29,12.18,2.37,10.86,0,0.0,-0.8865920950459166,7.1760381,325.50000000000006,-9.861753027193757
2025-08-07,297.79998779296875,0.014996571192965824,0.01,29.69,12.94,2.38,10.83,0,0.0,-0.8865874534279373,7.1760381,325.50000000000006,-8.509988389256929
2025-08-08,309.3500061035156,0.038784482149060606,0.0,30.09,17.44,2.38,10.82,0,0.0,-0.8867012203212444,7.1760381,325.50000000000006,-4.961595667122713
2025-08-11,320.70001220703125,0.03668985252813495,0.0,26.13,7.62,2.38,10.75,0,0.0,-0.8870361804045984,7.1760381,325.50000000000006,-1.474650627640186
2025-08-12,315.1499938964844,-0.017305949795112574,0.0,27.63,7.48,2.38,10.75,0,0.0,-0.887147088297548,7.1760381,325.50000000000006,-3.1797253774241723
2025-08-13,319.6000061035156,0.014120299201062059,0.0,29.85,9.63,2.38,10.75,0,0.0,-0.8872574275253741,7.1760381,325.50000000000006,-1.8125941310244027
2025-08-14,326.5,0.021589467348913427,0.0,31.43,12.77,2.38,10.75,0,0.0,-0.8873677850014013,7.1760381,325.50000000000006,0.3072196620583542
2025-08-15,341.6499938964844,0.04640120642108547,0.0,30.3,13.24,2.38,10.75,0,0.0,-0.8874781607319189,7.1760381,325.50000000000006,4.961595667122678
2025-08-18,343.6000061035156,0.005707631324068041,0.0,31.57,15.91,2.38,10.75,0,0.0,-0.887809397513343,7.1760381,325.50000000000006,5.560677758376518
2025-08-19,356.20001220703125,0.03667056425988435,0.0,30.23,15.45,2.38,10.74,0,0.0,-0.8879198463247675,7.1760381,325.50000000000006,9.431647375432009
2025-08-20,360.25,0.011369982184657568,0.0,30.65,14.92,2.38,10.700000000000001,0,0.0,-0.8880303134221704,7.1760381,325.50000000000006,10.6758832565284
2025-08-21,375.25,0.04163775156141569,0.0,32.75,16.13,2.38,10.66,0,0.0,-0.8881407988118588,7.1760381,325.50000000000006,15.284178187403974
2025-08-22,390.6499938964844,0.04103929086338276,0.0,31.7,15.48,2.38,10.66,0,0.0,-0.8882513025001422,7.1760381,325.50000000000006,20.015359107982892
2025-08-25,389.9500122070313,-0.0017918384753349281,0.0,32.04,15.36,2.38,10.63,0,0.0,-0.8885829234197027,7.1760381,325.50000000000006,19.80031096990207
2025-08-26,384.0499877929688,-0.015130207024920073,0.0,31.82,15.48,2.38,10.63,0,0.0,-0.8887052743818005,7.1760381,325.50000000000006,17.987707463277648
2025-08-27,393.7999877929688,0.025387320166394556,0.0,31.65,14.79,2.1799999999999997,10.540000000000001,0,0.0,-0.8911865626412168,7.1760381,325.50000000000006,20.98309916834677
2025-08-28,387.75,-0.0153630979697984,0.17,31.56,17.39,1.95,10.680000000000001,0,0.0,-0.8940102900848438,7.1760381,325.50000000000006,19.12442396313362
2025-08-29,396.8500061035156,0.02346874559256129,1.43,28.59,17.62,3.38,12.110000000000001,0,0.0,-0.8772393395668403,7.1760381,325.50000000000006,21.92012476298481
2025-09-02,382.2000122070313,-0.036915695278238125,0.0,28.97,15.73,3.4099999999999997,9.6,0,0.0,-0.8775698543139224,8.075963984,366.32000000000005,4.3350109759312225
2025-09-03,385.25,0.007980082929240018,0.0,28.14,15.0,3.4,9.58,0,0.0,-0.8778697814932168,8.075963984,366.32000000000005,5.167613015942331
2025-09-04,385.75,0.0012978585334197934,0.0,28.8,13.38,2.0299999999999994,9.58,0,0.0,-0.8942204398034597,8.075963984,366.32000000000005,5.304105699934469
2025-09-05,385.6000061035156,-0.0003888370615278136,0.0,30.4,14.81,1.64,9.57,0,0.0,-0.8989262488148948,8.075963984,366.32000000000005,5.263159560907287
2025-09-08,397.7999877929688,0.03163895616271861,0.0,32.23,16.96,1.63,8.26,0,0.0,-0.899278781417322,8.075963984,366.32000000000005,8.593576051804092
2025-09-09,393.0,-0.012066334691460345,0.0,33.57,16.69,1.63,8.26,0,0.0,-0.8993603345868973,8.075963984,366.32000000000005,7.28324961782047
2025-09-10,401.0,0.020356234096692072,0.0,34.37,16.07,1.63,8.26,0,0.0,-0.8994418977264761,8.075963984,366.32000000000005,9.467132561694678
2025-09-11,400.0499877929688,-0.002369107748207422,0.0,35.4,13.42,1.63,8.26,0,0.0,-0.8995234708385865,8.075963984,366.32000000000005,9.207793129768714
2025-09-12,410.6499938964844,0.02649670397940662,0.0,35.0,15.24,1.63,8.26,0,0.0,-0.8996056475616474,8.075963984,366.32000000000005,12.101439696572482
2025-09-15,432.3500061035156,0.05284308420689121,0.21,32.04,20.59,1.92,8.55,0,0.0,-0.8964365126737242,8.075963984,366.32000000000005,18.02522551417219
2025-09-16,422.25,-0.023360716921321023,0.09,33.51,19.62,2.01,8.42,0,0.0,-0.8954729510312051,8.075963984,366.32000000000005,15.268071631360543
2025-09-17,388.5499877929688,-0.07981056768983108,0.44,33.66,21.17,2.4499999999999997,8.85,0,0.0,-0.8903815929832202,8.075963984,366.32000000000005,6.06846139794954
2025-09-18,385.8500061035156,-0.006948865716840058,0.0,34.42,18.16,2.4499999999999997,8.85,0,0.0,-0.8903344372984219,8.075963984,366.32000000000005,5.331405902903356
2025-09-19,366.5,-0.05014903666562187,3.38,33.04,20.44,5.83,12.219999999999999,0,0.0,-0.8503677180662219,8.075963984,366.32000000000005,0.04913736623715603
2025-09-22,367.3500061035156,0.002319252669892524,1.73,31.83,22.44,8.73,11.209999999999999,0,0.0,-0.8166355179550842,8.075963984,366.32000000000005,0.28117659519424953
2025-09-23,350.1499938964844,-0.04682186449231873,3.85,32.7,17.74,12.58,15.059999999999999,0,0.0,-0.7714116400347112,8.075963984,366.32000000000005,-4.414175066476216
2025-09-24,367.75,0.05026419080480915,5.73,30.33,20.25,18.310000000000002,20.740000000000002,0,0.0,-0.7041197789383477,8.075963984,366.32000000000005,0.390369076217501
2025-09-25,371.3500061035156,0.009789275604393355,1.14,29.79,17.2,19.45,21.880000000000003,0,0.0,-0.691377874397554,8.075963984,366.32000000000005,1.3731180671313534
2025-09-26,378.0499877929688,0.018042228569630225,0.0,28.07,13.42,19.45,21.830000000000002,0,0.0,-0.692179130264135,8.075963984,366.32000000000005,3.2021150341146414
2025-09-29,372.2000122070313,-0.01547407955251967,0.0,33.76,15.25,17.82,21.830000000000002,0,0.0,-0.7137815067972123,8.075963984,366.32000000000005,1.6051572960884626
2025-09-30,374.8500061035156,0.007119811417443778,0.0,34.47,18.03,17.82,21.830000000000002,0,0.0,-0.714497274589499,8.075963984,366.32000000000005,2.3285668550763194
2025-10-01,383.8999938964844,0.024142957571326784,0.04,34.72,18.05,17.860000000000003,21.87,0,0.0,-0.7147393447383654,8.831487258,400.59000000000003,-4.166356150556842
2025-10-02,378.1000061035156,-0.015108069510760824,0.0,33.98,17.19,17.860000000000003,21.87,0,0.0,-0.715458450256038,8.831487258,400.59000000000003,-5.6142175033037285
2025-10-03,390.75,0.03345674078889349,0.0,32.89,16.99,17.860000000000003,21.87,0,0.0,-0.7161783291199808,8.831487258,400.59000000000003,-2.4563768441548794
2025-10-06,381.3500061035156,-0.024056286363363766,0.0,35.35,17.85,17.860000000000003,21.87,0,0.0,-0.7183410182318882,8.831487258,400.59000000000003,-4.802914175711926
2025-10-07,375.3999938964844,-0.015602496687560419,0.44,37.25,20.27,18.3,22.31,0,0.0,-0.7138339333556488,8.831487258,400.59000000000003,-6.288226391950786
2025-10-08,385.1000061035156,0.025839137892223807,1.49,35.82,22.54,19.790000000000003,23.8,0,0.0,-0.6968025248713319,8.831487258,400.59000000000003,-3.866794951567539
2025-10-09,377.25,-0.02038433128823558,2.81,31.0,20.37,22.6,26.61,0,0.0,-0.6640982102417856,8.831487258,400.59000000000003,-5.826406051074672
2025-10-10,373.0499877929688,-0.011133233153164168,5.94,31.59,19.38,28.540000000000003,32.55,0,0.0,-0.594102833499714,8.831487258,400.59000000000003,-6.874862629379471
2025-10-13,385.2000122070313,0.0325694271857353,4.72,33.03,20.6,36.46,40.53,0,0.0,-0.5016408012597489,8.831487258,400.59000000000003,-3.8418302486254587
2025-10-14,399.6499938964844,0.03751293154603208,0.34,32.33,20.06,36.78,40.87,0,0.0,-0.4985783659451842,8.831487258,400.59000000000003,-0.23465540915041735
2025-10-15,394.8999938964844,-0.011885399906274796,0.0,34.28,19.32,36.57,40.87,0,0.0,-0.5018419617922835,8.831487258,400.59000000000003,-1.420406426399974
2025-10-16,393.7999877929688,-0.002785530819238047,0.93,33.74,20.77,37.41,41.8,0,0.0,-0.4925291535614625,8.831487258,400.59000000000003,-1.6950029224471963
2025-10-17,397.4500122070313,0.009268726580005326,1.05,34.48,20.92,38.02,42.85,0,0.0,-0.4856734241371717,8.831487258,400.59000000000003,-0.7838407830871277
2025-10-20,406.0499877929688,0.021637879788157566,0.0,28.12,13.92,48.7,58.07,0,0.0,-0.3586041719716057,8.831487258,400.59000000000003,1.3629865430911343
2025-10-21,413.5499877929688,0.0184706322508843,0.0,27.29,13.25,48.690000000000005,58.07,0,0.0,-0.35775296877287666,8.831487258,400.59000000000003,3.2352249913799085
2025-10-22,420.8500061035156,0.017652082036093253,0.0,27.6,13.34,46.96,58.07,0,0.0,-0.3774221281615294,8.831487258,400.59000000000003,5.057541651942283
2025-10-23,410.1499938964844,-0.025424764290960633,0.0,27.89,12.64,43.11,58.07,0,0.0,-0.4223253595876069,8.831487258,400.59000000000003,2.386478418453866
2025-10-24,403.0,-0.01743263197094891,0.0,28.37,13.76,37.38,58.07,0,0.0,-0.4892884371139745,8.831487258,400.59000000000003,0.6016126213834514
2025-10-27,390.1000061035156,-0.03200991041311263,0.18,32.96,19.67,36.42,57.65,0,0.0,-0.4944498327215774,8.831487258,400.59000000000003,-2.61863598604169
2025-10-28,387.8999938964844,-0.005639610798794714,0.11,33.53,20.87,36.53,57.76,0,0.0,-0.49035512249810426,8.831487258,400.59000000000003,-3.1678289781361633
2025-10-29,390.7000122070313,0.0072184025640746885,0.41,32.91,21.71,36.94,58.169999999999995,0,0.0,-0.48261926791445625,8.831487258,400.59000000000003,-2.468855386547024
2025-10-30,392.0,0.003327329798699541,2.41,30.39,19.59,39.35,60.58,0,0.0,-0.4510402856346705,8.831487258,400.59000000000003,-2.144337102773417
2025-10-31,392.0499877929688,0.0001275198800225752,1.01,32.74,18.19,40.32,61.589999999999996,0,0.0,-0.43673258100948437,8.831487258,400.59000000000003,-2.131858560381244
2025-11-03,406.6499938964844,0.03724016466804603,9.16,30.15,19.94,58.52,78.41,0,0.0,-0.21090296389952135,8.902035098,403.7900000000001,0.7082874505273279
2025-11-04,405.25,-0.0034427490901198787,0.8,31.49,19.58,59.32,78.82,0,0.0,-0.19838627749603313,8.902035098,403.7900000000001,0.3615740855394939
2025-11-05,413.6000061035156,0.020604580144393925,2.7,34.7,19.8,62.02,81.51,0,0.0,-0.16260467484753097,8.902035098,403.7900000000001,2.4294821822025177
2025-11-06,396.75,-0.040739859416971114,0.0,34.74,18.13,61.58,81.51,0,0.0,-0.16444744425221183,8.902035098,403.7900000000001,-1.7434805220535616
2025-11-07,407.7999877929688,0.027851260977867165,1.04,34.89,18.38,61.13,82.55,0,0.0,-0.16601326632201,8.902035098,403.7900000000001,0.9930874447036154
2025-11-10,414.75,0.017042698418518798,0.03,32.36,17.17,67.0,99.24000000000001,0,0.0,-0.08209383238554478,8.902035098,403.7900000000001,2.7142821763787914
2025-11-11,422.7000122070313,0.0191682030308169,0.0,32.86,17.65,65.81,99.24000000000001,0,0.0,-0.09231246759422669,8.902035098,403.7900000000001,4.683130391300237
2025-11-12,403.6499938964844,-0.0450674657213318,0.0,33.25,16.99,61.089999999999996,99.24000000000001,0,0.0,-0.14550120052512228,8.902035098,403.7900000000001,-0.034672999211397576
2025-11-13,401.7000122070313,-0.004830872585007695,0.0,33.14,17.18,60.75,99.24000000000001,0,0.0,-0.14425546262413788,8.902035098,403.7900000000001,-0.5175927568708413
2025-11-14,399.7999877929688,-0.004729958566900061,0.0,34.79,18.86,60.75,99.24000000000001,0,0.0,-0.13874207223057017,8.902035098,403.7900000000001,-0.9881404212663191
2025-11-17,402.5499877929688,0.00687843942962818,9.6,27.96,19.74,60.57,115.91,0,0.0,-0.12235313991863936,8.902035098,403.7900000000001,-0.3070933423391541
2025-11-18,415.3500061035156,0.03179733871245283,1.25,32.11,17.82,61.47,117.16,0,0.0,-0.10407114534299511,8.902035098,403.7900000000001,2.8628757778834406
2025-11-19,404.5,-0.02612256156031334,0.04,31.07,15.58,61.51,117.2,0,0.0,-0.09759219571944865,8.902035098,403.7900000000001,0.17583397310481255
2025-11-20,406.5,0.0049443757725586845,0.0,32.04,14.8,61.51,117.2,0,0.0,-0.09166399462328863,8.902035098,403.7900000000001,0.6711409395972961
2025-11-21,400.0,-0.01599015990159902,0.05,33.28,16.5,61.56,117.25,0,0.0,-0.08492244762619502,8.902035098,403.7900000000001,-0.9386067015032756
2025-11-24,407.4500122070313,0.018625030517578356,1.03,31.0,18.57,68.16,123.85000000000001,0,0.0,0.026056800799051958,8.902035098,403.7900000000001,0.906414771795049
2025-11-25,414.2000122070313,0.016566449374825876,0.51,32.62,17.65,68.67,124.36,0,0.0,0.04131115045175704,8.902035098,403.7900000000001,2.578075783707181
2025-11-26,411.5,-0.006518619332347431,0.0,33.76,15.45,68.49000000000001,124.19,0,0.0,0.04633726031014885,8.902035098,403.7900000000001,1.909408355828505
2025-11-28,413.0,0.0036452004860267895,3.54,32.03,18.31,71.50999999999999,126.27,0,0.0,0.10372366359174635,8.902035098,403.7900000000001,2.280888580697868
2025-12-01,411.5,-0.003631961259079941,0.8,35.58,21.73,67.24,127.16999999999999,0,0.0,0.06594691456928878,9.045776322,410.31000000000006,0.29002461553458136
2025-12-02,405.5499877929688,-0.014459324925956696,26.11,31.45,20.8,86.06,153.28,0,0.0,0.35163523815955217,9.045776322,410.31000000000006,-1.1601014372136316
2025-12-03,403.75,-0.0044383869982698165,38.81,28.46,19.54,115.71000000000001,192.09,0,0.0,0.8034893875926602,9.045776322,410.31000000000006,-1.5987911579050127
2025-12-04,411.9500122070313,0.02030962775735312,2.85,27.99,19.31,117.75999999999999,194.94,0,0.0,0.8466484573569921,9.045776322,410.31000000000006,0.399700764551497
2025-12-05,406.25,-0.01383665988136129,17.04,29.1,19.03,132.10000000000002,211.98,0,0.0,1.0744029747630994,9.045776322,410.31000000000006,-0.9894957471180469
2025-12-08,396.0499877929688,-0.02510772235576908,15.0,24.11,19.44,143.61,235.48,0,0.0,1.2766534619566452,9.045776322,410.31000000000006,-3.4754239982041017
2025-12-09,394.2000122070313,-0.004671065882987824,14.38,25.37,18.81,152.28,249.85999999999999,0,0.0,1.4150175908604705,9.045776322,410.31000000000006,-3.9262966520359606
2025-12-10,400.7999877929688,0.016742707715775573,3.37,27.74,19.01,155.62,253.23,0,0.0,1.471252336473344,9.045776322,410.31000000000006,-2.3177627177088667
2025-12-11,405.4500122070313,0.01160185767386901,0.61,29.48,19.91,156.23,253.84,0,0.0,1.4877438720728644,9.045776322,410.31000000000006,-1.184467303494614
2025-12-12,397.2000122070313,-0.020347761133590492,7.96,28.15,19.85,164.19,261.74,0,0.0,1.615620028325364,9.045776322,410.31000000000006,-3.195142159091602
2025-12-15,387.7000122070313,-0.02391742121862861,36.81,25.34,19.14,215.59,313.07,0,0.0,2.4004303820488997,9.045776322,410.31000000000006,-5.510464720082072
2025-12-16,379.2999877929688,-0.0216662990703671,2.41,26.66,19.61,211.18,315.04,0,0.0,2.3189197449350627,9.045776322,410.31000000000006,-7.557703250476773
2025-12-17,351.8999938964844,-0.07223832000606345,1.37,26.44,19.54,202.95000000000002,316.41,0,0.0,2.1799307188054913,9.045776322,410.31000000000006,-14.235579465164308
2025-12-18,345.45001220703125,-0.018329019043263894,11.0,25.7,19.66,212.70000000000002,324.03000000000003,0,0.0,2.3139982266726062,9.045776322,410.31000000000006,-15.807557162381809
2025-12-19,340.6499938964844,-0.013894972183906562,3.19,28.01,19.33,215.85000000000002,326.06,0,0.0,2.3454447779029146,9.045776322,410.31000000000006,-16.977408813705654
2025-12-22,347.3500061035156,0.01966831741399422,0.1,28.28,17.11,217.21000000000004,322.93,0,0.0,2.3208850791526925,9.045776322,410.31000000000006,-15.34449413772134
2025-12-23,346.95001220703125,-0.001151558628057603,0.01,29.1,16.45,212.70000000000002,317.21,0,0.0,2.2372557970823044,9.045776322,410.31000000000006,-15.441979915909629
2025-12-24,345.1499938964844,-0.005188120038089994,0.0,31.16,17.36,211.67000000000002,316.07,0,0.0,2.2062727002135305,9.045776322,410.31000000000006,-15.880677074289117
2025-12-26,350.25,0.014776202212668066,0.86,34.09,20.73,212.02,316.93,0,0.0,2.185390500503595,9.045776322,410.31000000000006,-14.637712948746081
2025-12-29,352.1499938964844,0.005424679219084627,1.89,33.11,20.11,224.05,332.6,0,0.0,2.3364835412744607,9.045776322,410.31000000000006,-14.17464992408561
2025-12-30,350.20001220703125,-0.005537361133751251,1.97,33.72,19.95,226.02,334.53,0,0.0,2.3591890626389436,9.045776322,410.31000000000006,-14.649895881886573
2025-12-31,348.75,-0.004140525860901523,2.37,31.48,20.04,227.59000000000003,336.9,0,0.0,2.3762748216179768,9.045776322,410.31000000000006,-15.003290195218261
2026-01-02,357.29998779296875,0.024516094030017976,7.84,31.15,19.74,174.54000000000002,348.77,0,0.0,1.6145131595956475,8.404672826,381.2300000000001,-6.277053801387961
2026-01-05,359.3500061035156,0.005737526953778493,28.53,27.62,18.58,185.22,387.4,0,0.0,1.7846961659330534,8.404672826,381.2300000000001,-5.7393158713858945
2026-01-06,373.8500061035156,0.04035063240216852,7.96,23.28,18.19,193.18,393.87,0,0.0,1.907323995269768,8.404672826,381.2300000000001,-1.9358376561352593
2026-01-07,375.4500122070313,0.004279807616407227,4.52,25.24,17.74,182.70000000000002,395.58,0,0.0,1.7634520382955772,8.404672826,381.2300000000001,-1.5161419072394007
2026-01-08,372.3500061035156,-0.008256774544479928,1.08,25.75,17.46,169.4,390.71999999999997,0,0.0,1.5790255783381353,8.404672826,381.2300000000001,-2.3293009197818764
2026-01-09,357.6499938964844,-0.03947901696272449,0.02,28.02,18.85,166.04999999999998,388.67,0,0.0,1.5407677919167255,8.404672826,381.2300000000001,-6.185244105530964
2026-01-12,356.04998779296875,-0.004473664562619106,5.98,29.4,18.99,156.59,388.40999999999997,0,0.0,1.425507741227792,8.404672826,381.2300000000001,-6.604939854426808
2026-01-13,360.25,0.011796130742949051,3.92,28.21,19.38,152.54999999999998,392.33,0,0.0,1.3725561486284008,8.404672826,381.2300000000001,-5.503239514204043
2026-01-14,356.0,-0.01179736294240108,8.76,27.23,18.34,124.5,400.15999999999997,0,0.0,0.9582474383113715,8.404672826,381.2300000000001,-6.618052094536125
2026-01-15,358.1000061035156,0.005898893549201256,2.32,27.19,18.34,124.41,401.43,0,0.0,0.9682037071154774,8.404672826,381.2300000000001,-6.067201924424742
2026-01-16,355.29998779296875,-0.007819095958734756,0.88,29.75,16.31,123.92,387.44,0,0.0,0.972687260005337,8.404672826,381.2300000000001,-6.801671486250117
2026-01-20,346.5,-0.024767768351561137,8.91,28.89,18.33,132.14,411.86,0,0.0,1.1526311560680118,8.404672826,381.2300000000001,-9.109986097631369
2026-01-21,347.5,0.0028860028860029363,8.89,24.92,17.56,140.93,420.75,0,0.0,1.3020236992306216,8.404672826,381.2300000000001,-8.84767725520029
2026-01-22,347.70001220703125,0.000575574696492831,31.03,26.0,17.94,171.95000000000002,451.78,0,0.0,1.804452151158562,8.404672826,381.2300000000001,-8.795212284701838
2026-01-23,350.8999938964844,0.009203283224355374,11.23,27.14,16.95,183.18,463.01,0,0.0,1.9893088347048082,8.404672826,381.2300000000001,-7.955828791940743
2026-01-26,356.25,0.01524652663600179,0.87,27.58,17.81,194.28,475.18000000000006,0,0.0,2.159317180146224,8.404672826,381.2300000000001,-6.5524748839283555
2026-01-27,367.25,0.03087719298245606,3.97,27.05,18.26,184.97,478.74,0,0.0,2.004463081981493,8.404672826,381.2300000000001,-3.6670776171864943
2026-01-28,351.0,-0.04424778761061943,8.91,28.01,18.55,191.99,485.24,0,0.0,2.1063909880410594,8.404672826,381.2300000000001,-7.929596306691517
2026-01-29,345.5,-0.015669515669515688,13.87,27.52,18.88,203.89000000000001,498.1,0,0.0,2.2810557987550837,8.404672826,381.2300000000001,-9.372294940062448
2026-01-30,332.25,-0.03835021707670039,8.72,23.93,18.75,210.24,505.07,0,0.0,2.3647028459559185,8.404672826,381.2300000000001,-12.847887102274235
2026-02-02,333.25,0.0030097817908201208,6.89,24.76,19.64,207.74,506.2,0,0.0,2.2787425295412684,8.404672826,381.2300000000001,-12.585578259843155
2026-02-03,317.1000061035156,-0.048462097213756605,9.56,25.3,19.37,215.77,513.0600000000001,0,0.0,2.3855096022094266,8.404672826,381.2300000000001,-16.821864464098955
2026-02-04,308.6499938964844,-0.026647783173718298,12.17,26.45,19.35,199.41,525.23,0,0.0,2.1213192370771594,8.404672826,381.2300000000001,-19.038377384653803
2026-02-05,308.3999938964844,-0.0008099789565647608,13.8,26.18,18.51,205.25,537.99,0,0.0,2.1952514469031987,8.404672826,381.2300000000001,-19.10395459526157
2026-02-06,296.54998779296875,-0.03842414506497405,1.28,27.71,19.17,202.01,528.32,0,0.0,2.130684271354619,8.404672826,381.2300000000001,-22.212315979075967
2026-02-09,299.8500061035156,0.011128033877549015,33.37,23.24,18.34,244.32,565.99,0,0.0,2.7005169660401105,8.404672826,381.2300000000001,-21.34669199603505
2026-02-10,294.20001220703125,-0.01884273397191083,6.15,25.04,18.57,250.46,572.14,0,0.0,2.758517947573692,8.404672826,381.2300000000001,-22.828735354764525
2026-02-11,294.79998779296875,0.0020393458906973194,19.71,24.68,18.63,264.19,591.85,0,0.0,2.9208357208844062,8.404672826,381.2300000000001,-22.671356453330354
2026-02-12,299.6499938964844,0.01645185313549491,2.75,26.9,17.63,263.02,594.6,0,0.0,2.8659636200301306,8.404672826,381.2300000000001,-21.399156966533507
2026-02-13,300.04998779296875,0.001334870364197549,0.3,28.1,18.17,254.56,594.65,0,0.0,2.710482320531735,8.404672826,381.2300000000001,-21.294235030567194
2026-02-17,284.6000061035156,-0.051491359166838,0.06,29.27,16.7,239.76,577.03,0,0.0,2.384804119618062,8.404672826,381.2300000000001,-25.346901843109
2026-02-18,287.54998779296875,0.010365360597990092,2.89,28.77,18.56,238.48,579.92,0,0.0,2.3426011138630916,8.404672826,381.2300000000001,-24.57309556095567
2026-02-19,287.3999938964844,-0.0005216272051883353,0.95,27.52,19.01,230.52,580.82,0,0.0,2.2126143033041474,8.404672826,381.2300000000001,-24.612440286314214
2026-02-20,288.29998779296875,0.0031315028378480214,8.24,28.26,18.43,229.87,588.01,0,0.0,2.1830200878236043,8.404672826,381.2300000000001,-24.376363929132363
2026-02-23,281.1499938964844,-0.02480053485683409,6.35,25.15,20.03,199.79,600.29,0,0.0,1.7392760014384498,8.404672826,381.2300000000001,-26.251870551508453
2026-02-24,288.25,0.02525344569678256,8.45,26.51,19.91,202.81,608.74,0,0.0,1.7664888306299584,8.404672826,381.2300000000001,-24.389476169241682
2026-02-25,288.29998779296875,0.0001734181889636588,8.8,26.99,19.18,210.73999999999998,617.54,0,0.0,1.8568639521387844,8.404672826,381.2300000000001,-24.376363929132363
2026-02-26,286.0,-0.007977758898208509,11.09,26.34,19.64,217.85999999999999,625.09,0,0.0,1.9345958377112966,8.404672826,381.2300000000001,-24.979671064711606
2026-02-27,284.6000061035156,-0.004895083554141144,4.58,28.49,18.18,213.53,629.57,0,0.0,1.8631829675856282,8.404672826,381.2300000000001,-25.346901843109
2026-03-02,288.3500061035156,0.013176387630280173,0.51,28.19,18.15,188.92,603.71,0,0.0,1.5112090839634211,8.404672826,381.2300000000001,-24.36324368399245
2026-03-03,286.95001220703125,-0.004855189411654748,3.11,28.32,18.79,183.60999999999999,568.01,0,0.0,1.4337139761035416,8.404672826,381.2300000000001,-24.730474462389846
2026-03-04,290.70001220703125,0.013068478273123185,2.46,28.43,18.09,179.18,567.62,0,0.0,1.3683611806023905,8.404672826,381.2300000000001,-23.746816303273302
2026-03-05,293.0,0.007911894380419726,4.35,28.34,19.3,173.97,554.93,0,0.0,1.2937926241452098,8.404672826,381.2300000000001,-23.143509167694056
2026-03-06,297.6000061035156,0.015699679534183053,1.12,28.65,18.24,162.92000000000002,547.55,0,0.0,1.1455406769986425,8.404672826,381.2300000000001,-21.93688689150498
2026-03-09,301.75,0.013944871677996185,22.95,27.46,18.88,191.81,569.04,0,0.0,1.490709781497438,8.404672826,381.2300000000001,-20.848306796422122
2026-03-10,300.54998779296875,-0.003976842442522832,1.87,25.92,19.09,190.54,567.54,0,0.0,1.4652448437483367,8.404672826,381.2300000000001,-21.163080609351653
2026-03-11,292.0,-0.02844780615615372,4.73,27.0,18.54,161.9,571.66,0,0.0,1.0942962767638067,8.404672826,381.2300000000001,-23.405818010125138
2026-03-12,296.5,0.015410958904109595,7.43,24.23,19.35,163.17999999999998,571.13,0,0.0,1.104465197933276,8.404672826,381.2300000000001,-22.225428219185282
2026-03-13,290.3500061035156,-0.020741969296743212,8.62,25.2,19.09,152.08999999999997,572.87,0,0.0,0.9581978268001454,8.404672826,381.2300000000001,-23.838625999130297
2026-03-16,297.75,0.025486460275279343,1.29,28.21,19.16,156.97,533.65,0,0.0,1.0045790839092568,8.404672826,381.2300000000001,-21.897542166146437
2026-03-17,302.04998779296875,0.014441604678316455,9.94,25.31,19.51,166.91,542.22,0,0.0,1.12479100151573,8.404672826,381.2300000000001,-20.769617345705036
2026-03-18,299.70001220703125,-0.007780088332757118,2.54,27.15,19.41,169.45,533.76,0,0.0,1.1512547637010997,8.404672826,381.2300000000001,-21.386036721393598
2026-03-19,306.20001220703125,0.0216883541383035,21.63,26.69,19.2,191.01999999999998,552.2,0,0.0,1.416065574639572,8.404672826,381.2300000000001,-19.68102924559159
2026-03-20,309.75,0.011593689260105178,16.26,27.38,19.11,204.39000000000001,566.31,0,0.0,1.5748563387444878,8.404672826,381.2300000000001,-18.749836056973496
2026-03-23,307.0,-0.0088781275221953,0.46,28.58,15.37,188.94,567.6,0,0.0,1.356586672247777,8.404672826,381.2300000000001,-19.47118537365896
2026-03-24,317.8500061035156,0.035342039425132254,2.17,26.84,19.06,186.99,569.77,0,0.0,1.325563297278163,8.404672826,381.2300000000001,-16.625132832275643
2026-03-25,316.1000061035156,-0.005505741596336655,8.97,25.24,17.94,189.61,578.74,0,0.0,1.351165043349724,8.404672826,381.2300000000001,-17.084173306530033
2026-03-26,307.6499938964844,-0.026732084922086563,1.54,25.28,17.14,182.7,579.42,0,0.0,1.2595884659494343,8.404672826,381.2300000000001,-19.300686227084878
2026-03-27,301.70001220703125,-0.019340100138130145,0.23,26.76,16.2,174.13,579.15,0,0.0,1.1488043901383065,8.404672826,381.2300000000001,-20.86141903653144
2026-03-30,292.54998779296875,-0.03032822023150472,0.13,26.77,15.33,158.14,562.22,0,0.0,0.9411513970317549,8.404672826,381.2300000000001,-23.261551348800282
2026-03-31,298.3500061035156,0.019825734242215898,3.47,26.47,16.36,161.6,563.32,0,0.0,0.9802086222427544,8.404672826,381.2300000000001,-21.74015525968167
2026-04-01,297.79998779296875,-0.0018435337666996565,1.27,27.13,16.06,162.36,560.5600000000001,0,0.0,0.9860729827072886,8.404672826,381.2300000000001,-21.884429926037118
2026-04-02,295.3999938964844,-0.008059079902155153,3.55,27.24,17.77,162.79999999999998,556.27,0,0.0,0.9889230407331624,8.404672826,381.2300000000001,-22.51396954686559
2026-04-06,298.04998779296875,0.008970866456459614,0.78,27.6,17.95,140.04,521.1600000000001,0,0.0,0.702587390364396,8.404672826,381.2300000000001,-21.818852715429347
2026-04-07,286.1000061035156,-0.040093884176750305,4.26,26.76,18.22,143.13,520.9000000000001,0,0.0,0.7392661353135801,8.404672826,381.2300000000001,-24.953438579462382
2026-04-08,294.04998779296875,0.02778742229937836,13.79,27.2,18.52,133.97,533.61,0,0.0,0.6269068318061202,8.404672826,381.2300000000001,-22.868088085153662
2026-04-09,293.70001220703125,-0.0011901907854656724,0.88,28.04,18.23,132.98,534.47,0,0.0,0.6144313825589339,8.404672826,381.2300000000001,-22.959889775980066
2026-04-10,300.1000061035156,0.021790921452100598,0.0,28.62,17.24,128.25,534.47,0,0.0,0.5567528789363232,8.404672826,381.2300000000001,-21.28111478542728
2026-04-13,300.8500061035156,0.0024991668935232525,0.01,26.22,15.93,109.00999999999999,524.5799999999999,0,0.0,0.32273615949529255,8.404672826,381.2300000000001,-21.084383153603977
2026-04-14,302.6499938964844,0.005983007334058099,0.02,26.12,14.68,105.57000000000001,515.8399999999999,0,0.0,0.28094448260692884,8.404672826,381.2300000000001,-20.61223043924027
2026-04-15,304.25,0.005286655000108498,0.01,25.74,14.66,104.28999999999999,513.53,0,0.0,0.2651961728517983,8.404672826,381.2300000000001,-20.192534690344427
2026-04-16,296.45001220703125,-0.025636771710661477,0.02,26.15,14.01,94.37,512.6700000000001,0,0.0,0.14430220741836214,8.404672826,381.2300000000001,-22.2385404592946
2026-04-17,289.29998779296875,-0.024118819766042576,0.0,27.57,14.76,91.83,507.28999999999996,0,0.0,0.11299127557213075,8.404672826,381.2300000000001,-24.114055086701285
2026-04-20,292.20001220703125,0.010024281149081382,0.55,29.05,15.57,54.15,489.23999999999995,0,0.0,-0.3454099323040453,8.404672826,381.2300000000001,-23.353353039626683
2026-04-21,289.0,-0.010951444467305338,0.29,28.37,14.8,54.42,480.64,0,0.0,-0.3415076048652614,8.404672826,381.2300000000001,-24.19274453741837
2026-04-22,302.3999938964844,0.046366760887489145,0.7,28.05,16.21,54.66,450.31,0,0.0,-0.3380518309213222,8.404672826,381.2300000000001,-20.67780764984804
2026-04-23,316.3500061035156,0.04613099367920803,0.06,27.11,15.85,52.55,439.14,0,0.0,-0.36305886022597506,8.404672826,381.2300000000001,-17.018596095922263
2026-04-24,309.79998779296875,-0.020704972922945264,0.06,26.74,14.74,43.64,433.03999999999996,0,0.0,-0.4704940304193112,8.404672826,381.2300000000001,-18.736723816864178
2026-04-27,304.1000061035156,-0.01839890869609162,0.0,30.45,17.28,41.85,422.77,0,0.0,-0.4886901519466326,8.404672826,381.2300000000001,-20.231879415702974
2026-04-28,306.3999938964844,0.007563261252240272,0.0,29.91,16.53,41.79,413.85999999999996,0,0.0,-0.4880738256738329,8.404672826,381.2300000000001,-19.628572280123727
2026-04-29,305.25,-0.0037532438622466247,0.0,28.79,16.21,41.660000000000004,399.98999999999995,0,0.0,-0.4882974556379497,8.404672826,381.2300000000001,-19.93022584791335
2026-04-30,300.8999938964844,-0.014250634245751459,0.01,28.44,13.84,38.199999999999996,391.28,0,0.0,-0.5289241162706697,8.404672826,381.2300000000001,-21.071270913494658
2026-05-01,302.0,0.003655719926315637,0.0,28.2,15.06,36.93,388.21,0,0.0,-0.542892827922956,8.404672826,381.2300000000001,-20.78272958581435
2026-05-04,302.20001220703125,0.0006622920762624496,0.05,27.48,16.45,26.049999999999997,363.4,0,0.0,-0.6723299344286803,8.404672826,381.2300000000001,-20.730264615315903
2026-05-05,305.8500061035156,0.01207807329267685,0.01,27.89,14.95,22.31,351.23999999999995,0,0.0,-0.7164562557648827,8.404672826,381.2300000000001,-19.772838941448583
2026-05-06,299.45001220703125,-0.020925269801427726,0.0,28.49,14.48,21.529999999999998,337.43999999999994,0,0.0,-0.7245731603047163,8.404672826,381.2300000000001,-21.45161393200137
2026-05-07,291.04998779296875,-0.028051508003462566,0.0,28.34,14.89,17.27,336.15999999999997,0,0.0,-0.7746717695464129,8.404672826,381.2300000000001,-23.655014612446898
2026-05-08,289.70001220703125,-0.004638294597345105,0.0,29.0,15.33,3.48,329.25999999999993,0,0.0,-0.939397614579043,8.404672826,381.2300000000001,-24.00912514570438
2026-05-11,298.6000061035156,0.03072141360534042,0.0,23.57,13.9,2.59,286.59999999999997,0,0.0,-0.9434014454892857,8.404672826,381.2300000000001,-21.6745780490739
2026-05-12,294.79998779296875,-0.01272611598416884,0.1,28.93,12.33,2.69,266.99,0,0.0,-0.9400254963252039,8.404672826,381.2300000000001,-22.671356453330354
2026-05-13,296.25,0.004918630485322595,0.35,28.28,14.13,3.0300000000000002,264.59000000000003,0,0.0,-0.9338486120117846,8.404672826,381.2300000000001,-22.291005429793053
2026-05-14,294.45001220703125,-0.00607590816191983,0.11,29.12,16.47,3.12,264.4,0,0.0,-0.930725257435799,8.404672826,381.2300000000001,-22.76315814415676
2026-05-15,284.6000061035156,-0.033452218356812224,0.34,29.97,16.62,3.4499999999999997,264.71,0,0.0,-0.9247741843239143,8.404672826,381.2300000000001,-25.346901843109
2026-05-18,276.20001220703125,-0.029515086845883998,4.85,28.25,17.6,8.59,269.80999999999995,0,0.0,-0.8590496236123847,8.404672826,381.2300000000001,-27.550294518523938
2026-05-19,270.1499938964844,-0.021904482415489368,0.63,27.49,16.62,8.43,267.55,0,0.0,-0.8600544393627293,8.404672826,381.2300000000001,-29.13726781825032
2026-05-20,268.29998779296875,-0.006848070128865125,0.56,26.72,17.35,8.44,267.15999999999997,0,0.0,-0.8590190239001707,8.404672826,381.2300000000001,-29.62254077775393
2026-05-21,273.3999938964844,0.019008596107171538,0.0,28.83,15.47,8.15,258.91999999999996,0,0.0,-0.8615687255822565,8.404672826,381.2300000000001,-28.284764080349312
2026-05-22,272.3500061035156,-0.003840482137561052,0.02,26.32,16.24,7.47,251.07,0,0.0,-0.8687628985599783,8.404672826,381.2300000000001,-28.560185162889706
2026-05-26,274.0,0.006058358213721693,0.06,26.4,16.1,7.42,223.42,0,0.0,-0.8682643729394272,8.404672826,381.2300000000001,-28.127377173884543
2026-05-27,269.8500061035156,-0.015145963125855366,0.22,28.37,15.19,7.64,212.54999999999998,0,0.0,-0.865765334628826,8.404672826,381.2300000000001,-29.2159572689674
2026-05-28,274.25,0.01630533183977967,0.14,29.25,14.43,7.779999999999999,208.10999999999999,0,0.0,-0.8644713653234493,8.404672826,381.2300000000001,-28.06179996327678
2026-05-29,265.6000061035156,-0.031540542922459,0.05,28.28,14.87,7.83,207.63,0,0.0,-0.864308081248709,8.404672826,381.2300000000001,-30.330769849299482
2026-06-01,260.6000061035156,-0.018825300772211895,0.26,27.25,13.98,8.12,204.3,0,0.0,-0.862130834801119,8.404672826,381.2300000000001,-31.64231406145488
2026-06-02,259.20001220703125,-0.005372194411723319,0.0,27.9,10.78,8.11,201.84,0,0.0,-0.8626738407469539,8.404672826,381.2300000000001,-32.00954483985227
2026-06-03,253.1000061035156,-0.023533973056464874,0.16,25.7,11.16,8.219999999999999,197.65,0,0.0,-0.8616702082340322,8.404672826,381.2300000000001,-33.60963037968797
2026-06-04,247.1499938964844,-0.02350854232930244,1.49,25.57,13.12,9.7,198.01999999999998,0,0.0,-0.8442858481412248,8.404672826,381.2300000000001,-35.17037119416511
2026-06-05,246.5,-0.002629957161789931,0.07,24.06,12.14,9.77,171.34,0,0.0,-0.843838616957523,8.404672826,381.2300000000001,-35.3408703407392
2026-06-08,245.8999938964844,-0.0024341018398198466,0.0,26.6,10.1,9.98,145.55999999999997,0,0.0,-0.8425041580145849,8.404672826,381.2300000000001,-35.49825724720396
2026-06-09,244.3999938964844,-0.006100040818347696,0.36,27.13,13.07,10.34,141.19,0,0.0,-0.8385629220820793,8.404672826,381.2300000000001,-35.891720510850575
2026-06-10,248.3999938964844,0.016366612520024137,0.11,27.92,13.53,10.45,133.86999999999998,0,0.0,-0.8376021233319448,8.404672826,381.2300000000001,-34.84248514112626
2026-06-11,253.9499969482422,0.022343008003738563,1.24,26.45,16.2,11.59,126.49,0,0.0,-0.8243149311362088,8.404672826,381.2300000000001,-33.386670265130725
2026-06-12,257.20001220703125,0.012797855081098763,13.52,24.53,14.63,24.759999999999998,136.8,0,0.0,-0.6669328211900278,8.404672826,381.2300000000001,-32.534162524714425
2026-06-15,262.95001220703125,0.022356142018265412,0.28,27.52,15.31,36.85,134.85,0,0.0,-0.5257225685475347,8.404672826,381.2300000000001,-31.025886680735727
2026-06-16,277.25,0.05438291359237435,0.11,25.82,15.21,36.85,132.42,0,0.0,-0.5272182565691662,8.404672826,381.2300000000001,-27.274873435983544
2026-06-17,277.8500061035156,0.0021641338269273724,0.0,26.09,11.32,32.0,110.79,0,0.0,-0.5871009428645487,8.404672826,381.2300000000001,-27.117486529518775
2026-06-18,275.1000061035156,-0.009897426451649816,0.01,25.48,8.88,31.38,94.53999999999999,0,0.0,-0.5958916774710712,8.404672826,381.2300000000001,-27.83883584620424
2026-06-22,277.0,0.006906557085896381,0.0,26.01,13.14,30.89,90.85,0,0.0,-0.6069725530745383,8.404672826,381.2300000000001,-27.340450646591314
2026-06-23,287.95001220703125,0.03953072998928242,1.33,27.2,13.86,32.21,83.21,0,0.0,-0.5923088795008776,8.404672826,381.2300000000001,-24.468165619958768
2026-06-24,291.54998779296875,0.01250208519994489,6.27,27.18,13.69,38.48,87.94,0,0.0,-0.5176265088667474,8.404672826,381.2300000000001,-23.523860191231357
2026-06-25,288.79998779296875,-0.00943234476124477,3.8,25.46,12.3,42.220000000000006,91.51,0,0.0,-0.47372625375728894,8.404672826,381.2300000000001,-24.245209507916822
2026-06-26,286.75,-0.007098295982056357,1.21,26.03,15.4,43.209999999999994,92.69999999999999,0,0.0,-0.4632302038683687,8.404672826,381.2300000000001,-24.7829394328883
2026-06-29,291.1000061035156,0.015170030003541779,0.0,26.68,11.64,43.05,89.07,0,0.0,-0.4697791730507548,8.404672826,381.2300000000001,-23.64189436730699
2026-06-30,311.20001220703125,0.06904845648257396,0.01,26.7,11.5,43.02,87.81,0,0.0,-0.47168635273202464,8.404672826,381.2300000000001,-18.3694850334362
2026-07-01,324.29998779296875,0.042095035578670004,0.03,27.11,12.32,42.79,84.29,0,0.0,-0.47605040588863423,8.404672826,381.2300000000001,-14.933245601613542
2026-07-02,315.6499938964844,-0.026672815979279285,0.0,27.14,11.54,42.79,81.84,0,0.0,-0.4776161289022107,8.404672826,381.2300000000001,-17.202215487636252
2026-07-06,363.9500122070313,0.15301764373354199,0.0,27.93,12.86,41.06999999999999,68.11,0,0.0,-0.5051710297065959,8.404672826,381.2300000000001,-4.532693595196801
2026-07-07,331.6000061035156,-0.08888584975541514,0.0,27.28,11.78,40.86,54.32,0,0.0,-0.5093699395261135,8.404672826,381.2300000000001,-13.018386248848318
2026-07-08,324.25,-0.02216527734689233,0.0,27.17,12.09,40.86,53.44,0,0.0,-0.5110144300282794,8.404672826,381.2300000000001,-14.94635784172286
2026-07-09,356.95001220703125,0.10084814867241709,0.02,26.79,12.96,40.52,53.46,0,0.0,-0.5168469088063313,8.404672826,381.2300000000001,-6.368855492214365
2026-07-10,343.0,-0.03908113665770163,0.0,28.14,13.32,40.41,53.45,0,0.0,-0.5198871311843003,8.404672826,381.2300000000001,-10.028067046140144
2026-07-13,341.3999938964844,-0.004664740826576197,0.48,26.88,12.33,17.830000000000002,53.9,0,0.0,-0.8015418131030008,8.404672826,381.2300000000001,-10.447762795035986
2026-07-14,337.20001220703125,-0.012302231296250743,0.0,25.53,8.01,13.67,53.88999999999999,0,0.0,-0.8533813834594726,8.404672826,381.2300000000001,-11.54945513022816
2026-07-15,334.45001220703125,-0.008155397095037986,0.0,26.24,8.99,13.39,53.87,0,0.0,-0.8573846722221345,8.404672826,381.2300000000001,-12.270804446913626
2026-07-16,321.29998779296875,-0.03931835531201111,0.0,25.88,10.15,13.28,53.87,0,0.0,-0.8592868046753432,8.404672826,381.2300000000001,-15.720172128906778
2026-07-17,328.45001220703125,0.022253422613478735,0.0,24.75,8.92,13.28,53.87,0,0.0,-0.8598328241530278,8.404672826,381.2300000000001,-13.844657501500096
2026-07-20,334.3999938964844,0.018115334048770526,0.01,26.36,10.67,13.239999999999998,52.269999999999996,0,0.0,-0.8620076236025485,8.404672826,381.2300000000001,-12.283924692053533
2026-07-21,331.95001220703125,-0.00732650040122762,0.03,27.18,11.26,13.24,51.6,0,0.0,-0.8625682469009645,8.404672826,381.2300000000001,-12.926576552991323
2026-07-22,316.6499938964844,-0.04609133227265716,0.01,28.75,12.65,13.25,51.55,0,0.0,-0.8630063696931487,8.404672826,381.2300000000001,-16.939906645205173
2026-07-23,309.3999938964844,-0.02289594233300407,0.0,29.76,16.02,11.92,51.489999999999995,0,0.0,-0.87994114372191,8.404672826,381.2300000000001,-18.841645752830495
2026-07-24,313.79998779296875,0.01422105359819903,8.66,29.97,14.75,14.31,60.15,0,0.0,-0.8512668708663017,8.404672826,381.2300000000001,-17.687488447139867
2026-07-27,324.54998779296875,0.03425749017903845,0.0,29.02,12.48,10.360000000000001,61.22,0,0.0,-0.9021467035282235,8.404672826,381.2300000000001,-14.867668391005775
2026-07-28,339.3999938964844,0.04575568221246851,0.0,29.51,12.94,10.340000000000002,61.22,0,0.0,-0.9030388321611941,8.404672826,381.2300000000001,-10.972380479898144
2026-07-29,325.79998779296875,-0.04007073172683551,0.0,30.64,14.2,10.340000000000002,61.21,0,0.0,-0.903657815310895,8.404672826,381.2300000000001,-14.539782337966928
2026-07-30,323.04998779296875,-0.008440761519449502,0.0,30.92,16.37,10.330000000000002,61.21,0,0.0,-0.9044006765665776,8.404672826,381.2300000000001,-15.26113165465239
2026-07-31,332.1000061035156,0.02801429702064162,0.01,28.08,14.54,10.31,61.22,0,0.0,-0.9052669154067746,8.404672826,381.2300000000001,-12.887231827632778
2026-08-03,319.5,-0.03794039708505215,0.0,26.55,12.95,10.31,61.15,0,0.0,-0.9071256983939026,8.404672826,381.2300000000001,-16.192324843270484
2026-08-04,324.1000061035156,0.014397515190972321,0.0,26.79,13.66,10.31,61.15,0,0.0,-0.9077458116987259,8.404672826,381.2300000000001,-14.985702567081404
2026-08-05,326.8999938964844,0.008639271028197504,0.0,29.07,13.3,10.31,61.15,0,0.0,-0.9082766179994781,8.404672826,381.2300000000001,-14.251241010286622
2026-08-06,321.6499938964844,-0.016059957473301356,0.0,30.19,14.85,10.31,61.15,0,0.0,-0.9087823771379321,8.404672826,381.2300000000001,-15.628362433049784
2026-08-07,335.54998779296875,0.04321465617984055,0.0,31.53,16.63,10.31,61.15,0,0.0,-0.9092878735714379,8.404672826,381.2300000000001,-11.982271124263914
2026-08-10,332.29998779296875,-0.009685591173393848,0.0,34.6,18.58,10.3,61.06,0,0.0,-0.9109291351488571,8.404672826,381.2300000000001,-12.834774862164918
2026-08-11,335.75,0.010382221889158494,0.0,31.66,19.31,10.3,60.71,0,0.0,-0.9114356013613892,8.404672826,381.2300000000001,-11.929806153765462
2026-08-12,340.1000061035156,0.012956086682101686,0.0,31.47,17.46,9.82,60.6,0,0.0,-0.9178819327960032,8.404672826,381.2300000000001,-10.78876108818415
2026-08-13,333.1000061035156,-0.020582181341888717,0.0,32.0,17.52,9.82,60.260000000000005,0,0.0,-0.9183605636182597,8.404672826,381.2300000000001,-12.6249229852017
2026-08-14,338.1000061035156,0.015010507080105429,0.0,33.09,16.04,9.82,60.06,0,0.0,-0.9188395437625476,8.404672826,381.2300000000001,-11.313378773046308
2026-08-17,345.1000061035156,0.02070393337365628,0.0,30.96,16.0,9.8,54.470000000000006,0,0.0,-0.9205263586055825,8.404672826,381.2300000000001,-9.47721687602876
2026-08-18,363.3999938964844,0.05302807148452948,0.0,31.06,14.58,9.8,53.910000000000004,0,0.0,-0.9210055387740373,8.404672826,381.2300000000001,-4.676968261552264
2026-08-19,359.5,-0.010731959168924221,0.0,32.28,14.63,9.790000000000001,53.910000000000004,0,0.0,-0.9216090158178855,8.404672826,381.2300000000001,-5.699971146027351
2026-08-20,363.6000061035156,0.011404745767776392,0.0,33.08,15.21,9.76,53.89,0,0.0,-0.9224602243937058,8.404672826,381.2300000000001,-4.624503291053812
2026-08-21,358.75,-0.01333885044582439,0.0,32.32,15.21,9.75,53.89,0,0.0,-0.9230620510861479,8.404672826,381.2300000000001,-5.89670277785066
2026-08-24,377.75,0.052961672473867516,0.02,31.89,15.11,0.04,53.84,0,0.0,-1.04433686677748,8.404672826,381.2300000000001,-0.9128347716601721
2026-08-25,371.3999938964844,-0.0168100757207561,0.0,32.14,16.34,0.04,53.62,0,0.0,-1.0441707944568093,8.404672826,381.2300000000001,-2.5784975221036377
2026-08-26,357.6000061035156,-0.037156672104887156,13.78,30.83,18.35,13.819999999999999,67.25999999999999,0,0.0,-0.8731251036845653,8.404672826,381.2300000000001,-6.198356345640281
2026-08-27,341.8999938964844,-0.04390383651863394,1.75,30.43,15.88,15.569999999999999,68.96,0,0.0,-0.852127311971264,8.404672826,381.2300000000001,-10.316608373820447
2026-08-28,345.8500061035156,0.011553121607329464,0.11,32.59,16.21,15.679999999999998,69.07,0,0.0,-0.8515997657453591,8.404672826,381.2300000000001,-9.280485244205451
2026-08-31,343.8999938964844,-0.005638317688644423,0.05,34.26,19.47,15.839999999999998,68.94,0,0.0,-0.8518785780725943,8.404672826,381.2300000000001,-9.791990688958291
2026-09-01,342.25,-0.004797888705345588,2.01,33.46,20.67,17.849999999999998,70.79,0,0.0,-0.8276350623475737,8.404672826,381.2300000000001,-10.224798677963452
2026-09-02,328.3999938964844,-0.04046751235504931,3.07,29.87,17.8,20.919999999999998,72.36999999999999,0,0.0,-0.79028614019118,8.404672826,381.2300000000001,-13.857777746640004
2026-09-03,324.3500061035156,-0.012332484373447805,0.0,30.71,14.73,20.919999999999998,72.3,0,0.0,-0.7913153925649842,8.404672826,381.2300000000001,-14.920125356473635
2026-09-04,324.25,-0.00030832773742484054,0.01,32.05,16.87,20.93,72.31,0,0.0,-0.792306726142235,8.404672826,381.2300000000001,-14.94635784172286
2026-09-08,318.45001220703125,-0.01788739488964919,12.52,26.28,15.57,38.83,89.53999999999999,0,0.0,-0.5735446637646451,8.404672826,381.2300000000001,-16.467745925810878
2026-09-09,319.20001220703125,0.0023551577052929318,6.23,27.57,18.22,45.059999999999995,94.53,0,0.0,-0.49736220189487185,8.404672826,381.2300000000001,-16.27101429398757
2026-09-10,315.29998779296875,-0.012218121130687654,1.26,30.58,17.5,46.32,82.27000000000001,0,0.0,-0.48362789813616347,8.404672826,381.2300000000001,-17.294025183493247
2026-09-11,313.6499938964844,-0.005233092167348241,0.27,31.54,18.14,46.589999999999996,74.24,0,0.0,-0.482352878447644,8.404672826,381.2300000000001,-17.72683317249841
2026-09-14,307.3500061035156,-0.020086044685363458,3.35,29.09,18.36,51.879999999999995,74.97999999999999,0,0.0,-0.4221451657934685,8.404672826,381.2300000000001,-19.379375677801967
2026-09-15,299.6499938964844,-0.025052910538865825,4.44,28.88,16.74,56.32,79.42,0,0.0,-0.36835387492972554,8.404672826,381.2300000000001,-21.399156966533507
2026-09-16,295.8500061035156,-0.012681421225997025,0.17,31.24,16.26,56.489999999999995,79.58000000000001,0,0.0,-0.3685892382199318,8.404672826,381.2300000000001,-22.395927365759366
2026-09-17,290.54998779296875,-0.01791454521279423,1.09,31.08,17.44,57.58,80.64999999999999,0,0.0,-0.3571623388404757,8.404672826,381.2300000000001,-23.786169033662436
2026-09-18,294.54998779296875,0.013766994211165562,0.13,30.94,18.41,57.71,80.74000000000001,0,0.0,-0.3579227912086585,8.404672826,381.2300000000001,-22.736933663938125
2026-09-21,276.3999938964844,-0.06161940128560295,0.02,30.85,18.21,57.93,79.60000000000001,0,0.0,-0.36182321546134055,8.404672826,381.2300000000001,-27.497837553056076
2026-09-22,272.29998779296875,-0.014833596939409222,3.32,32.87,19.65,61.25,76.64999999999999,0,0.0,-0.32166155085958825,8.404672826,381.2300000000001,-28.573305408029615
2026-09-23,275.8999938964844,0.01322073545685476,3.01,31.03,18.37,64.24,75.86,0,0.0,-0.2855688376813891,8.404672826,381.2300000000001,-27.628991974271617
2026-09-24,275.3500061035156,-0.0019934316967585852,4.68,31.27,17.77,68.92,79.33,0,0.0,-0.22767618893229746,8.404672826,381.2300000000001,-27.77325863559647
2026-09-25,278.6000061035156,0.011803159353402037,2.09,32.03,17.96,57.23,81.41,0,0.0,-0.3790587534651504,8.404672826,381.2300000000001,-26.920754897695463
2026-09-28,288.75,0.03643213809806256,0.43,34.66,20.37,57.53,83.53999999999999,0,0.0,-0.38016781313553866,8.404672826,381.2300000000001,-24.25832174802614
2026-09-29,289.45001220703125,0.002424284699675372,0.36,34.58,20.44,57.77,83.86999999999999,0,0.0,-0.37882915454821,8.404672826,381.2300000000001,-24.07470235631215
2026-09-30,290.70001220703125,0.004318534970749743,0.44,35.44,20.14,58.16,84.31,0,0.0,-0.3755735072591102,8.404672826,381.2300000000001,-23.746816303273302
2026-10-01,288.25,-0.008427974214484713,3.72,35.55,20.46,59.87,88.03,0,0.0,-0.3553679261536809,8.404672826,381.2300000000001,-24.389476169241682
2026-10-02,288.75,0.0017346053772766545,2.37,25.39,19.04,59.17,90.39999999999999,0,0.0,-0.366186257082445,8.404672826,381.2300000000001,-24.25832174802614
2026-10-05,293.0,0.014718614718614687,,,,58.870000000000005,90.39999999999999,0,0.0,-0.37547185470581945,8.404672826,381.2300000000001,-23.143509167694056
