date,price,expected_value,rolling_std,z_score,daily_anomaly_flag,cumulative_return,cumulative_expected_value,cumulative_rolling_std,cumulative_z_score,cumulative_anomaly_flag,anomaly_flag,anomaly_type,contract_switch
2018-01-02,130.1999969482422,,,,False,,,,,False,False,,False
2018-01-03,128.60000610351562,,,,False,,,,,False,False,,False
2018-01-04,129.5500030517578,,,,False,,,,,False,False,,False
2018-01-05,128.4499969482422,,,,False,,,,,False,False,,False
2018-01-08,125.1500015258789,,,,False,,,,,False,False,,False
2018-01-09,125.1500015258789,,,,False,,,,,False,False,,False
2018-01-10,123.9499969482422,,,,False,,,,,False,False,,False
2018-01-11,122.8000030517578,,,,False,,,,,False,False,,False
2018-01-12,122.25,,,,False,,,,,False,False,,False
2018-01-16,120.4499969482422,,,,False,,,,,False,False,,False
2018-01-17,123.0999984741211,,,,False,-0.05453147957402438,,,,False,False,,False
2018-01-18,121.0999984741211,,,,False,-0.05832042980898022,,,,False,False,,False
2018-01-19,121.25,,,,False,-0.06406794948852135,,,,False,False,,False
2018-01-22,122.5500030517578,,,,False,-0.04593222294011989,,,,False,False,,False
2018-01-23,120.9499969482422,,,,False,-0.03355976449403564,,,,False,False,,False
2018-01-24,122.5,,,,False,-0.021174602425641287,,,,False,False,,False
2018-01-25,123.6500015258789,,,,False,-0.002420293906812754,,,,False,False,,False
2018-01-26,125.1500015258789,,,,False,0.019136794916288613,,,,False,False,,False
2018-01-29,124.9499969482422,,,,False,0.02208586460729811,,,,False,False,,False
2018-01-30,122.3000030517578,,,,False,0.015359121215342109,,,,False,False,,False
2018-01-31,121.8499984741211,,,,False,-0.010154346185981322,,,,False,False,,False
2018-02-01,121.4000015258789,,,,False,0.002477316726159362,,,,False,False,,False
2018-02-02,120.4000015258789,,,,False,-0.007010296693781948,,,,False,False,,False
2018-02-05,119.8000030517578,,,,False,-0.022439819922636328,,,,False,False,,False
2018-02-06,122.8499984741211,,,,False,0.01570898366117346,,,,False,False,,False
2018-02-07,123.3000030517578,,,,False,0.006530637157206476,,,,False,False,,False
2018-02-08,122.8499984741211,,,,False,-0.006469899246951183,,,,False,False,,False
2018-02-09,121.8499984741211,,,,False,-0.026368382033742366,,,,False,False,,False
2018-02-12,121.4000015258789,,,,False,-0.028411328603983765,,,,False,False,,False
2018-02-13,122.75,,,,False,0.0036794516517855147,,,,False,False,,False
2018-02-14,122.8000030517578,,,,False,0.007796508736423791,,,,False,False,,False
2018-02-15,121.75,,,,False,0.002883018696226758,,,,False,False,,False
2018-02-16,117.9499969482422,,,,False,-0.020348874971651054,,,,False,False,,False
2018-02-20,118.1999969482422,,,,False,-0.013355643261748207,,,,False,False,,False
2018-02-21,116.9499969482422,,,,False,-0.048026061043230484,,,,False,False,,False
2018-02-22,119.5999984741211,,,,False,-0.03000814668336671,,,,False,False,,False
2018-02-23,119.4499969482422,,,,False,-0.027676040440449134,,,,False,False,,False
2018-02-26,120.5,,,,False,-0.011079183348597255,,,,False,False,,False
2018-02-27,119.9499969482422,,,,False,-0.01194402437736064,,,,False,False,,False
2018-02-28,121.0500030517578,,,,False,-0.013849262307471966,,,,False,False,,False
2018-03-01,122.4499969482422,,,,False,-0.0028502124985133603,,,,False,False,,False
2018-03-02,120.3499984741211,,,,False,-0.011498985838841236,,,,False,False,,False
2018-03-05,119.1999969482422,,,,False,0.01059771116864483,,,,False,False,,False
2018-03-06,119.9499969482422,,,,False,0.014805414933862338,,,,False,False,,False
2018-03-07,119.3000030517578,,,,False,0.020094110002889742,,,,False,False,,False
2018-03-08,119.0,,,,False,-0.005016709713845713,,,,False,False,,False
2018-03-09,118.8499984741211,,,,False,-0.005023009539138701,,,,False,False,,False
2018-03-12,118.1500015258789,,,,False,-0.0195020620259011,,,,False,False,,False
2018-03-13,120.4499969482422,,,,False,0.004168403607510918,,,,False,False,,False
2018-03-14,119.9499969482422,,,,False,-0.009087204260914139,,,,False,False,,False
2018-03-15,117.6500015258789,,,,False,-0.039199636929286075,,,,False,False,,False
2018-03-16,116.9499969482422,,,,False,-0.028250947810439353,,,,False,False,,False
2018-03-19,118.3499984741211,,,,False,-0.0071308598647885635,,,,False,False,,False
2018-03-20,118.9499969482422,,,,False,-0.008336807215022168,,,,False,False,,False
2018-03-21,118.8499984741211,,,,False,-0.0037720416272032375,,,,False,False,,False
2018-03-22,119.0,,,,False,0.0,,,,False,False,,False
2018-03-23,117.1999969482422,,,,False,-0.01388305887305652,,,,False,False,,False
2018-03-26,118.1500015258789,,,,False,0.0,,,,False,False,,False
2018-03-27,118.9499969482422,,,,False,-0.012453300440053328,,,,False,False,,False
2018-03-28,117.75,,,,False,-0.018340950431132486,,,,False,False,,False
2018-03-29,118.1500015258789,,,,False,0.004249893697536811,,,,False,False,,False
2018-04-02,116.4000015258789,,,,False,-0.004702825452887249,,,,False,False,,False
2018-04-03,116.5999984741211,,,,False,-0.014786649958281717,,,,False,False,,False
2018-04-04,116.9000015258789,,,,False,-0.017234093946679963,,,,False,False,,False
2018-04-05,117.5500030517578,,,,False,-0.010938118965532428,,,,False,False,,False
2018-04-06,117.4499969482422,,,,False,-0.01302523572905745,,,,False,False,,False
2018-04-09,118.6500015258789,,,,False,0.012372053032365438,,,,False,False,,False
2018-04-10,117.5999984741211,,,,False,-0.004655125219252043,,,,False,False,,False
2018-04-11,118.1500015258789,,,,False,-0.006725476611078696,,,,False,False,,False
2018-04-12,117.9000015258789,,,,False,0.0012738983089504163,,,,False,False,,False
2018-04-13,117.3000030517578,,,,False,-0.007194231596645118,,,,False,False,,False
2018-04-16,114.25,,,,False,-0.018470803244799883,,,,False,False,,False
2018-04-17,113.5500030517578,,,,False,-0.02615776554268312,,,,False,False,,False
2018-04-18,114.9000015258789,,,,False,-0.017108639639814127,,,,False,False,,False
2018-04-19,114.25,,,,False,-0.02807318558983618,,,,False,False,,False
2018-04-20,115.75,,,,False,-0.014474218751928447,,,,False,False,,False
2018-04-23,117.0,-0.0015035649460915371,0.01135366043444723,1.0835889523240736,False,-0.01390646021626063,,,,False,False,,False
2018-04-24,118.5,-0.0011957269124584125,0.011370269690285744,1.2327095235872938,False,0.007653074298950013,,,,False,False,,False
2018-04-25,116.8499984741211,-0.0011232830508136453,0.01144277109499039,-1.1186783649213319,False,-0.011002988023433025,,,,False,False,,False
2018-04-26,117.5999984741211,-0.0011957242035275002,0.011507061434207638,0.6616988679831146,False,-0.0025445551134443134,,,,False,False,,False
2018-04-27,120.3499984741211,-0.000767599128630739,0.011175950409917644,2.1610648121800673,True,0.026001665328324597,,,,False,True,shock,False
2018-04-30,120.6500015258789,-0.00045580774136524987,0.011518595302691713,0.25598283399041255,False,0.05601751882607364,,,,False,False,,False
2018-05-01,122.5999984741211,-0.0002947239387581672,0.011473539531981106,1.4343570065463334,False,0.07970052997918597,,,,False,False,,False
2018-05-02,121.5999984741211,4.448024146274617e-05,0.011579937967292297,-0.708215123232374,False,0.058311547948353804,,,,False,False,,False
2018-05-03,122.1999969482422,-4.5564898887355084e-06,0.011607106535151204,0.42549402943940073,False,0.06958421836535833,,,,False,False,,False
2018-05-04,120.4499969482422,0.0002575521685580299,0.01149160820552103,-1.2686073056837315,False,0.040604725254792084,-0.0065600863408390294,0.025044589717676098,1.8832335497332142,False,False,,False
2018-05-07,118.1999969482422,-0.00022673622344998812,0.01132707200807411,-1.629124845633221,False,0.010256384173010336,-0.005291603609788143,0.024991272892041796,0.6221366894740911,False,False,,False
2018-05-08,116.5500030517578,-0.0002591761802834573,0.011376946986826942,-1.2042038537884203,False,-0.016455670449301185,-0.004377246090028269,0.02426895891013578,-0.49769025544101264,False,False,,False
2018-05-09,115.5,-0.000461816152940077,0.011484746364363906,-0.7442235581975617,False,-0.011553260519896913,-0.003742415702838667,0.023289418101742742,-0.33538170781835736,False,False,,False
2018-05-10,116.3000030517578,-0.0007248922810853623,0.011451041103356168,0.6681772915298495,False,-0.011054382986658062,-0.003284029537235694,0.022780577398654907,-0.341095544394813,False,False,,False
2018-05-11,115.25,-0.0004584605693446194,0.01139257304101746,-0.7522392260119604,False,-0.04237639001896376,-0.002983957783803993,0.022523157250074113,-1.7489747018051898,False,False,,False
2018-05-14,113.6500015258789,-0.0007497090939954143,0.011327677286522633,-1.1593851656123664,False,-0.058019062672772126,-0.0032666482850482927,0.02288470631371525,-2.392532971022208,True,True,trend,False
2018-05-15,112.9000015258789,-0.0010599839961158,0.011364890727039044,-0.4873979119862717,False,-0.07911906255275936,-0.004007965201927751,0.023741404761745823,-3.1637174844791414,True,True,trend,False
2018-05-16,113.25,-0.0013097203003599503,0.01127655891304711,0.39105859784983943,False,-0.0686677514712154,-0.0053180433015150574,0.025118016679593094,-2.5220824150964214,True,True,trend,False
2018-05-17,113.8499984741211,-0.0012470777153505916,0.011287978897708413,0.5798272255955323,False,-0.06833059478436587,-0.006528091515895237,0.02595216167823868,-2.381400980570072,True,True,trend,False
2018-05-18,113.9499969482422,-0.0008936585842149499,0.011067349699215736,0.16011004857022057,False,-0.053964301906898715,-0.007643954395891344,0.0267842230105962,-1.729389256230521,False,False,,False
2018-05-21,120.1999969482422,-0.0008328872595739453,0.011064358995265578,1.7925021474863652,False,-0.017639171842757317,-0.00822808713883691,0.027312229283912148,-0.3445740223579576,False,False,,True
2018-05-22,120.8499984741211,-0.0005303133896379849,0.011293013613528191,0.5258100569780287,False,0.0016555582218484854,-0.008496306986422465,0.027304452034695958,0.37180256155190017,False,False,,False
2018-05-23,119.3499984741211,-0.00034838140392649803,0.011277075614260078,-1.0697542747518218,False,-0.0017841101033594375,-0.00838076225421406,0.02732914994436625,0.24137787542910696,False,False,,False
2018-05-24,120.5500030517578,-0.00044743080767624714,0.011350719715743272,0.9252215913453028,False,0.0013168969643728712,-0.008105352789957034,0.02728960554852009,0.3452688144420934,False,False,,False
2018-05-25,120.4000015258789,-0.0006528249341784094,0.011009856957991723,-0.05372319244766529,False,0.009182250674709458,-0.008297247279247709,0.027170225322415517,0.6433328302042651,False,False,,False
2018-05-29,120.25,-0.0007182562750964738,0.010998437467950676,-0.04797077404353736,False,0.02211481784570024,-0.008261892432347668,0.02719149748013775,1.117140028798959,False,False,,False
2018-05-30,120.3000030517578,-0.0006862054452502313,0.010993280811021383,0.10024589187145225,False,0.029332619616287525,-0.007880762871112315,0.027416353477630773,1.3573425261591605,False,False,,False
2018-05-31,123.6999969482422,-0.0005721276581121427,0.010959226501222481,2.6310937951570508,True,0.05515320754174735,-0.0071380828491119175,0.027662114829328215,2.251862909802404,True,True,shock+trend,False
2018-06-01,122.75,-0.00014605211898984413,0.011446604073518385,-0.6581684844048398,False,0.041531758201255764,-0.006023889033835502,0.028464961617074003,1.670673155117349,False,False,,False
2018-06-04,121.5,-0.00039672007974028776,0.011402315438113545,-0.8582975416158736,False,0.030020824820083725,-0.0055191916131758995,0.028970413554352682,1.2267693854829314,False,False,,False
2018-06-05,119.4499969482422,-0.0005379288294220563,0.011457667151762168,-1.425641367924804,False,-0.006239600823974567,-0.0052228673987271,0.029221030708884276,-0.034794577760679145,False,False,,False
2018-06-06,118.25,-0.0006488880275898356,0.011575996766359961,-0.8117772698413043,False,-0.02151426153867808,-0.005344502325663118,0.029205816194479216,-0.5536485988044921,False,False,,False
2018-06-07,115.6999969482422,-0.00036668129477915795,0.011067686217813991,-1.9152898017994977,False,-0.030582334080802798,-0.005360040813223478,0.02921421571202934,-0.863356850521019,False,False,,False
2018-06-08,117.25,-0.0006824686290592133,0.011330549238636564,1.2425885723868508,False,-0.027374558010927363,-0.005589730024144206,0.029345354439116244,-0.7423603634429036,False,False,,False
2018-06-11,117.0999984741211,-0.00036284144565831215,0.011385691372339263,-0.08049482771760913,False,-0.027408662873218526,-0.005314376650380165,0.029037053981092156,-0.7608997192768018,False,False,,False
2018-06-12,117.3499984741211,-0.0006820227848853374,0.011062534305297364,0.2546387787311553,False,-0.02411643680564568,-0.005279716866244856,0.029008717794122885,-0.6493468643835444,False,False,,False
2018-06-13,116.3499984741211,-0.0006368345073322764,0.011067086526558502,-0.7124442747009939,False,-0.03283461743502425,-0.005232255484447476,0.028974471559926766,-0.9526441886433679,False,False,,False
2018-06-14,115.6999969482422,-0.0008676589278331488,0.01104832810707176,-0.42711860048232414,False,-0.06467259658338798,-0.0055223279389331695,0.02914221265615294,-2.029710967467191,True,True,trend,False
2018-06-15,115.1999969482422,-0.0008812891236745779,0.01105357962015281,-0.31123240470386854,False,-0.06150715317114297,-0.006225375568346867,0.029924752189497236,-1.847359578877264,False,False,,False
2018-06-18,114.4499969482422,-0.0010611832584718813,0.010997425293804567,-0.4955008499791076,False,-0.058024716475372884,-0.006860814113195814,0.030587487803971917,-1.6727069149998393,False,False,,False
2018-06-19,114.0999984741211,-0.0013021943910139896,0.010914728133030618,-0.16087403299353992,False,-0.04478860285311914,-0.007596474166220607,0.03114808931990878,-1.1940420584040965,False,False,,False
2018-06-20,113.6500015258789,-0.0011143043333353476,0.010758405209416644,-0.2630108989082097,False,-0.03890062134563299,-0.008040335726410979,0.03144027059369597,-0.9815527995299682,False,False,,False
2018-06-21,112.5999984741211,-0.0010394830816848845,0.010718345084948417,-0.7649907625266898,False,-0.0267934188062936,-0.008700313493268018,0.03156302535507944,-0.5732373595205397,False,False,,False
2018-06-22,113.8499984741211,-0.0012465612754322816,0.01072481396045023,1.1513304389854961,False,-0.02899788081773047,-0.00925496460980343,0.03150984112666261,-0.6265634957842179,False,False,,False
2018-06-25,114.1500015258789,-0.0010262930448239856,0.01080729369931647,0.33878657325229694,False,-0.025192117734264108,-0.009909524487411699,0.031401641248960964,-0.486681352916803,False,False,,False
2018-06-26,114.8000030517578,-0.0009576294798662015,0.01081406669423431,0.6151159314246247,False,-0.021729829190629713,-0.010178529927683944,0.03144554669990309,-0.36734293008750163,False,False,,False
2018-06-27,114.3000030517578,-0.0008648989165136885,0.010841218902840245,-0.3219657951611815,False,-0.017619213143515777,-0.010401287523037157,0.03146769894501044,-0.2293757046898119,False,False,,False
2018-06-28,112.1500015258789,-0.0008444409052201814,0.010833053205345415,-1.6584170993337817,False,-0.03068276159031702,-0.010376182871272021,0.03146109067875947,-0.645450563885082,False,False,,False
2018-06-29,111.5,-0.001354799599897931,0.010764657617519076,-0.4125559092416913,False,-0.03211802991543966,-0.010840865073909725,0.031500715179099754,-0.6754502150366101,False,False,,False
2018-07-02,107.8000030517578,-0.0013767292340883927,0.010772103918454908,-2.952728653465386,True,-0.058103923755382314,-0.0111479427493034,0.031595501811187324,-1.4861603175883966,False,True,shock,False
2018-07-03,108.3499984741211,-0.0015635187100955994,0.011197935656962692,0.5952451525009859,False,-0.05039439155912129,-0.011399999906984683,0.03189628590022234,-1.2225370619676064,False,False,,False
2018-07-05,106.3000030517578,-0.001416160199519343,0.011212142749422865,-1.5611613531687305,False,-0.06467222503685988,-0.011695245823633776,0.03215580238225548,-1.6475091675044113,False,False,,False
2018-07-06,111.25,-0.0018280410695550974,0.011280903240448554,4.289934212111613,True,-0.01198932941754316,-0.01246246402592806,0.032726808646835165,0.014457095816785488,False,True,shock,False
2018-07-09,112.1999969482422,-0.0012747531226087493,0.012567989513483192,0.7808768079609003,False,-0.01449276721996584,-0.012511164321961673,0.032723303797349716,-0.06055632127721345,False,False,,False
2018-07-10,111.9499969482422,-0.0011496867896739183,0.012618935116114128,-0.08546499794765924,False,-0.019272926397096213,-0.012654107329865175,0.032708025148895495,-0.2023607061906196,False,False,,False
2018-07-11,109.1999969482422,-0.0011962237494899507,0.012616356109242345,-1.852223768722185,False,-0.04878053967464435,-0.012911079681826457,0.032682963782854346,-1.0974971618588398,False,False,,False
2018-07-12,108.6999969482422,-0.0013220699140832851,0.01280287669289721,-0.25437133159599457,False,-0.048993927856500474,-0.013376379425847629,0.032944356984792186,-1.0811426201790693,False,False,,False
2018-07-13,107.0500030517578,-0.001491197861068585,0.012760361653654063,-1.0727077813944095,False,-0.04547479629720963,-0.014029631797267636,0.03316057278271929,-0.9482696425656666,False,False,,False
2018-07-16,107.4499969482422,-0.0017838692212534231,0.012819886442708898,0.43061097454444125,False,-0.036322897325182124,-0.014469918408696386,0.033357992697957944,-0.6551047334998517,False,False,,False
2018-07-17,105.6999969482422,-0.0015995390671232398,0.012798239832860901,-1.1475879916606655,False,-0.019480575547918377,-0.014709677700617046,0.03345068507069048,-0.14262481731597168,False,False,,False
2018-07-18,104.5999984741211,-0.0018619882134324269,0.012895843184723576,-0.6626018368871198,False,-0.034610060478179494,-0.015026083957223116,0.033381084665594266,-0.586678854721024,False,False,,False
2018-07-19,105.25,-0.0018032564496913233,0.012846003497585474,0.6241178642976959,False,-0.009877733034932556,-0.01542484709089368,0.033434688404225116,0.16590895027632854,False,False,,False
2018-07-20,110.6500015258789,-0.0017433100896921561,0.012873120215039337,4.120969664140926,True,-0.00539324471120084,-0.015359394865249024,0.03344075896310659,0.2980240420094325,False,True,shock,False
2018-07-23,111.6500015258789,-0.0010935300524460242,0.014250203094179181,0.7109397325289383,False,-0.004901920118741243,-0.015201516875442635,0.033459734349943045,0.30782063745580585,False,False,,False
2018-07-24,110.9499969482422,-0.0010471675912724636,0.014277773440388379,-0.3657759258624768,False,-0.008932559421706232,-0.015121034224152086,0.03347738288699322,0.18485539396361317,False,False,,False
2018-07-25,111.0,-0.001119419320086384,0.014290471364150912,0.10987043363900344,False,0.016483544890673718,-0.015066465206720737,0.03348418015392097,0.9422363024080187,False,False,,False
2018-07-26,109.5500030517578,-0.0012496389459592282,0.014230143051007397,-0.8301671024279604,False,0.007819743582148764,-0.015011645315276627,0.0335330392109256,0.6808624996324987,False,False,,False
2018-07-27,110.4499969482422,-0.0013058183118360518,0.014268817045883125,0.6672724924366243,False,0.03176080149050087,-0.01484531373125795,0.033615940763191784,1.3864290025400923,False,False,,False
2018-07-30,111.4000015258789,-0.0012586386579268715,0.014294692631771622,0.6897565129987172,False,0.03676132796485221,-0.01433216335657022,0.03403273027232328,1.5013045063555661,False,False,,False
2018-07-31,109.9000015258789,-0.001115743018537369,0.014339503143524765,-0.8612047221415975,False,0.03973514379279797,-0.013858997627824866,0.03449617727813892,1.5536255217063362,False,False,,False
2018-08-01,108.0500030517578,-0.001227422289507237,0.014403341062930534,-1.083501981289635,False,0.0329828358314006,-0.013233272622632289,0.03504004085449349,1.318951329022386,False,False,,False
2018-08-02,106.6999969482422,-0.0011051788294850163,0.014228076046538547,-0.800466128320045,False,0.013776693094937675,-0.012547224101616284,0.03543755976760031,0.7428253347348501,False,False,,False
2018-08-03,107.75,-0.0011900772805023168,0.014277356976620569,0.7726066505475795,False,-0.026208779809195448,-0.012014764653114672,0.03553018621962969,-0.3994917186287889,False,False,,False
2018-08-06,108.75,-0.0012173881903390512,0.014253939994413229,0.7365072852734441,False,-0.025974039285675432,-0.012136099855373091,0.035563339794642046,-0.38910685864175104,False,False,,False
2018-08-07,109.0500030517578,-0.0010182168731552332,0.014295368771854994,0.26420204229967675,False,-0.017124776464579328,-0.012108111237984281,0.03555145172799044,-0.14110999643497865,False,False,,False
2018-08-08,107.8499984741211,-0.0011564895943931412,0.014206557376203957,-0.693178393733685,False,-0.028378392125035123,-0.012143452007486292,0.03555515283104507,-0.45661286268957485,False,False,,False
2018-08-09,107.6500015258789,-0.0014472003182068752,0.014181661883061651,-0.02871305638197901,False,-0.01734369213099185,-0.012336411099603286,0.03560408621058518,-0.14063781897876337,False,False,,False
2018-08-10,107.0,-0.0016428658114863175,0.014083041506495433,-0.3120941358034111,False,-0.031235826560130242,-0.012669701318669176,0.03553135897420581,-0.5225278677052361,False,False,,False
2018-08-13,106.25,-0.0015377196377584909,0.014019404211762256,-0.3902894926193391,False,-0.04622981557753869,-0.012939472499158474,0.03559528469712291,-0.9352458720767305,False,False,,False
2018-08-14,105.0500030517578,-0.0017167573859677237,0.01400215562376922,-0.6839897938576488,False,-0.04413101371048711,-0.01352194263867973,0.03577983444823432,-0.8554838652507486,False,False,,False
2018-08-15,102.4000015258789,-0.002179136625561644,0.013732035777773675,-1.6783352707163217,False,-0.05229061884591024,-0.014457045025863889,0.03564914678902943,-1.0612757170303204,False,False,,False
2018-08-16,101.6999969482422,-0.0025487213127342316,0.01397545291018832,-0.30677079422303205,False,-0.046860357478973436,-0.015901153528157005,0.034942437181499184,-0.8860058555734704,False,False,,False
2018-08-17,101.1999969482422,-0.002855366779140159,0.013810691198512689,-0.1492361377420056,False,-0.06078889143162691,-0.01758863202759913,0.0332795878192294,-1.2981007949583463,False,False,,False
2018-08-20,97.25,-0.002812164299674656,0.013798946774925148,-2.6247965055432596,True,-0.10574712643678186,-0.019176637885998875,0.032439878765069305,-2.668644022307524,True,True,shock+trend,False
2018-08-21,97.9499969482422,-0.0033983748278687996,0.014386779098371447,0.7365294774878042,False,-0.10178822368530593,-0.02151438915002741,0.03227409285474361,-2.487253008057203,True,True,trend,False
2018-08-22,96.4000015258789,-0.0031114588542793566,0.014380582216698488,-0.8840320174067627,False,-0.10616594446211014,-0.02341296180256205,0.03275511594618138,-2.5264139744007075,True,True,trend,False
2018-08-23,97.1999969482422,-0.003073384231648837,0.014342535378940927,0.7928927139237563,False,-0.09707389158860846,-0.02496525951769699,0.03387738883445708,-2.1285180042438503,True,True,trend,False
2018-08-24,100.5500030517578,-0.0027766102695731816,0.014344520848792914,2.5962313494980576,True,-0.06028034531067472,-0.026040169132887755,0.03486823023624893,-0.9819877850350706,False,True,shock,False
2018-08-27,101.8499984741211,-0.0021969553441223157,0.014954675360857785,1.0114429206731639,False,-0.04141177906709548,-0.02668986359676479,0.0350481481432545,-0.42004831211500465,False,False,,False
2018-08-28,99.25,-0.0021169231863619083,0.01502007870355128,-1.558633582716443,False,-0.05521183134949703,-0.027094628877837288,0.03504043183071511,-0.8024216883940702,False,False,,False
2018-08-29,98.6500015258789,-0.002336914137998664,0.01524186617087333,-0.24330423169382875,False,-0.03662109320430318,-0.027265768095577732,0.03514725894837217,-0.26617509839010456,False,False,,False
2018-08-30,98.9499969482422,-0.002232413799004654,0.015188409739559405,0.3472003765846274,False,-0.027040315462344977,-0.026980461835998146,0.034980700868984436,-0.0017110470876785585,False,False,,False
2018-08-31,98.0999984741211,-0.002103877588488404,0.01519174627328445,-0.42696239183325313,False,-0.030632396913080506,-0.026286078541459288,0.03444452362012659,-0.12618314654471174,False,False,,False
2018-09-04,97.75,-0.0022597476808910865,0.015197602192276847,-0.08606783985994176,False,0.005141388174807249,-0.025778940480684156,0.034090273729011925,0.9070132114890356,False,False,,False
2018-09-05,100.0999984741211,-0.0023779579774793488,0.015172481167660554,1.7412355165671962,False,0.021949990738794778,-0.02479931404122852,0.03390613210884885,1.3787861331379236,False,False,,False
2018-09-06,97.9499969482422,-0.002069123713580308,0.015472429341295394,-1.2544515736835524,False,0.016078790433910806,-0.023787123472619274,0.03415591635828597,1.1671744797694148,False,False,,False
2018-09-07,98.8000030517578,-0.002608837540906649,0.01543350150546145,0.7313179712339222,False,0.016460968659984365,-0.023337550642263696,0.034458495432111345,1.1549697339704632,False,False,,False
2018-09-10,97.5,-0.0025652336378778734,0.015461051559248684,-0.685121030751595,False,-0.030333197008336477,-0.023140145169755214,0.034645511610127376,-0.20761857753829882,False,False,,False
2018-09-11,96.1999969482422,-0.002575178224140182,0.015467709094796568,-0.6955255198646131,False,-0.05547375169882285,-0.023520799661821575,0.03456444070894746,-0.9244457998341004,False,False,,False
2018-09-12,97.8499984741211,-0.002887016421260868,0.015445386957971942,1.2973970825845171,False,-0.014105808824976362,-0.02427800831066419,0.03463495327768248,0.29369750852940885,False,False,,False
2018-09-13,96.4000015258789,-0.0026417351791841377,0.015616943845366485,-0.7797193792939544,False,-0.022807906388219945,-0.024588515770659996,0.03443473512416842,0.05170968721029335,False,False,,False
2018-09-14,95.4499969482422,-0.0028227046339449153,0.015679066678752466,-0.4485033850698897,False,-0.0353714007877205,-0.025187485427112265,0.03399933119324153,-0.29953281441702645,False,False,,False
2018-09-17,93.4499969482422,-0.002959646566056193,0.01569524279562623,-1.1464450133391262,False,-0.04740062791240085,-0.026050205699165704,0.03341307467944622,-0.6389840629174028,False,False,,False
2018-09-18,92.0,-0.0036158599606058435,0.01539825183171993,-0.7728427166069531,False,-0.05882352941176472,-0.027417590171887683,0.032118383026603095,-0.9778181925865959,False,False,,False
2018-09-19,96.6999969482422,-0.003720345834787051,0.015452692049725561,3.546778063581444,True,-0.033966049727342074,-0.028755660673394624,0.03128675935695868,-0.1665365528753164,False,True,shock,False
2018-09-20,99.75,-0.0029034095315942404,0.01667744645323143,2.065321580618805,True,0.018376754546597374,-0.029608819000693634,0.030525492003190862,1.5719836241222591,False,True,shock,False
2018-09-21,99.9000015258789,-0.0022578984164106863,0.017061960966633323,0.22047132327256178,False,0.011133587450851135,-0.02928060092908601,0.030910077594075307,1.307476121887301,False,False,,False
2018-09-24,98.5,-0.002103901166093286,0.017042829440363765,-0.698835128850438,False,0.010256410256410442,-0.028845296275892284,0.03124895959409929,1.251296268426366,False,False,,False
2018-09-25,97.0999984741211,-0.0020032281159166293,0.016948359730772595,-0.720422833757411,False,0.009355525513821794,-0.028300779684729445,0.031572418253219076,1.1926962609115905,False,False,,False
2018-09-26,97.75,-0.0023713608603757887,0.016909149507091097,0.5361302435353135,False,-0.001021956828620274,-0.027811045237732788,0.03187044157756677,0.8405621975432257,False,False,,False
2018-09-27,99.3000030517578,-0.0022650478431230337,0.016941143797673742,1.0696949847770159,False,0.030083002904314204,-0.027459222490471474,0.032020235015395394,1.7970581842113045,False,False,,False
2018-09-28,102.4499969482422,-0.002082089426145064,0.01706296190493654,1.9811379498370263,False,0.07333682790787055,-0.02673656329433868,0.03270106806594486,3.0602483992388745,True,True,trend,False
2018-10-01,102.1999969482422,-0.001545509307729763,0.017485268443203018,-0.05116910310882586,False,0.09363296185923087,-0.02532094402310008,0.03467217673275909,3.4308173611130823,True,True,trend,False
2018-10-02,107.6500015258789,-0.0015035574336629675,0.01747921521325914,3.136892207353543,True,0.1701087122378142,-0.02321020324386516,0.03698560079243784,5.226869682787627,True,True,shock+trend,False
2018-10-03,106.5999984741211,-0.0007349123956775605,0.018586111354067757,-0.48525199842292976,False,0.10237850918628011,-0.020121991705079067,0.04293575231755365,2.8531117839823352,True,True,trend,False
2018-10-04,106.9499969482422,-0.000778158305464444,0.01860349658708072,0.2183162763612452,False,0.07218042053375617,-0.01798328202959036,0.04496907848228816,2.0050155708407287,True,True,trend,False
2018-10-05,108.9499969482422,-0.0006936065918440596,0.018607404580998858,1.0422697210001366,False,0.09059054338471562,-0.01642369505109869,0.04604238325307962,2.3242549771499177,True,True,trend,False
2018-10-08,111.8499984741211,-0.000391683792542552,0.018737212210111813,1.4414851466973746,False,0.13553297943270137,-0.014697146188027374,0.047590020005510374,3.156756933561571,True,True,trend,False
2018-10-09,113.1500015258789,8.64048389253691e-05,0.01896449141762947,0.6083122049103584,False,0.16529354586998735,-0.01253279421150744,0.05062679822326975,3.51249429792619,True,True,trend,False
2018-10-10,111.9000015258789,9.335807810532189e-05,0.018968679668800968,-0.5873176463614933,False,0.14475704885809626,-0.009942241855671203,0.05458877789260946,2.8339028035780873,True,True,trend,False
2018-10-11,112.9000015258789,-8.907332420479216e-05,0.019009655185618795,0.47479155227832137,False,0.1369586914013734,-0.007676252967773065,0.05740201694166451,2.5196840124299724,True,True,trend,False
2018-10-12,116.5500030517578,-4.584298897272484e-05,0.019026664035046496,1.7015779085677032,False,0.13762817494898427,-0.005560406026546357,0.059753477579560434,2.3963221351406405,True,True,trend,False
2018-10-15,119.3499984741211,0.0004432891281990766,0.019382591516997408,1.2165914434061749,False,0.1678082391192659,-0.0034904408519796895,0.06197771791592526,2.7638752398663287,True,True,trend,False
2018-10-16,117.6500015258789,0.0010144110708360484,0.0194385968383673,-0.7849438159261007,False,0.09289363546916451,-0.0008438941758519173,0.06496673536463703,1.4428542410034666,False,False,,False
2018-10-17,122.5500030517578,0.0009017714362126883,0.019502962866550788,2.0892825386637526,True,0.1496248105623459,0.0008229280292761384,0.06575243873489765,2.263062563093864,True,True,shock+trend,False
2018-10-18,122.0500030517578,0.001899542107382312,0.019649252661666967,-0.3043123048495926,False,0.14118753187831445,0.003592644486845848,0.06758624454838295,2.035841587454509,True,True,trend,False
2018-10-19,122.0999984741211,0.0017771159011637661,0.019657632561389422,-0.0695651037627834,False,0.1206975850777301,0.006147070132678324,0.06912122182198294,1.657240886743422,False,False,,False
2018-10-22,117.6500015258789,0.002034845965142824,0.019508757124916974,-1.9724658842089013,False,0.051855191156750635,0.008618667600872857,0.06986485922243477,0.6188593813410822,False,False,,False
2018-10-23,121.0999984741211,0.0009280219172463023,0.019301865041152923,1.471164501250035,False,0.07026068794549567,0.009469927875196774,0.06999919421665714,0.8684494264625837,False,False,,False
2018-10-24,120.25,0.0012051544794135483,0.019560108702232078,-0.42045443923757453,False,0.07462018195048903,0.010599973944069595,0.07029063051028603,0.9107929113973589,False,False,,False
2018-10-25,121.1500015258789,0.0011412769327077458,0.019579285719770426,0.3239721474883138,False,0.07307351539857065,0.011851882055370732,0.07058690578860921,0.8673228080933875,False,False,,False
2018-10-26,119.6500015258789,0.0015685963804853594,0.01935917100512078,-0.7205856934881423,False,0.026598012809527338,0.013476602789680265,0.07057482639268506,0.1859219595785939,False,False,,False
2018-10-29,114.25,0.0014645618394602891,0.01941354165041594,-2.400191000082691,True,-0.04273144984770927,0.01448449533189397,0.07020944232282839,-0.8149323408170649,False,True,shock,False
2018-10-30,112.4000015258789,0.0010651977193369773,0.020057942991695644,-0.8603945352682885,False,-0.04462388382413385,0.014521073284553971,0.07017849019224313,-0.8427789903525902,False,False,,False
2018-10-31,112.6999969482422,0.0007994769007658927,0.020153853480576585,0.09276248258952159,False,-0.08037540479991301,0.01441039346456795,0.07026625173094066,-1.3489519638450203,False,False,,False
2018-11-01,117.8000030517578,0.0010522188180602562,0.020055304143622377,2.2039416610281015,True,-0.03482179347588943,0.01359846240787469,0.07101103084850154,-0.6818694969668346,False,True,shock,False
2018-11-02,120.0500030517578,0.0017943486412684913,0.02064664571518405,0.8381904199807703,False,-0.016789479508452332,0.013595639301238555,0.0710129775029351,-0.42788121098618925,False,False,,False
2018-11-05,117.0999984741211,0.0019661620474883622,0.020737339719916557,-1.2797829642708267,False,-0.004674909006582628,0.013503482681591628,0.07104832760804919,-0.2558595297057322,False,False,,False
2018-11-06,113.25,0.0009544345828259375,0.020140003225001316,-1.6798559441484453,False,-0.06482244899283474,0.013513060490986535,0.07104579414627862,-1.1026058674568913,False,False,,False
2018-11-07,115.5999984741211,0.00039556291517694873,0.020491172609775943,0.9933533758798926,False,-0.03866945135866007,0.012714120105998622,0.07159050477576422,-0.7177428295219082,False,False,,False
2018-11-08,116.6500015258789,0.000755831872423891,0.02060959141724236,0.40404680815218136,False,-0.03714403585078563,0.012317628213505905,0.0717940682941761,-0.6889380312259563,False,False,,False
2018-11-09,113.8499984741211,0.0008709304129076594,0.020631956762134158,-1.2056241494035285,False,-0.04847474281480324,0.01160259380361978,0.07201871807268481,-0.834190585811178,False,False,,False
2018-11-12,110.1500015258789,0.0007250581550513754,0.020770017723457598,-1.5996102792026021,False,-0.03588620108639917,0.01085200065166042,0.07235126475603233,-0.6459901135890339,False,False,,False
2018-11-13,109.1999969482422,0.00018220153508998602,0.021101028564617555,-0.4173657109272563,False,-0.028469791229495,0.009950040617301753,0.07250857121090179,-0.5298660724543455,False,False,,False
2018-11-14,112.6500015258789,-4.74766374330852e-05,0.02110190088725271,1.4994348709423524,False,-0.0004436151172768632,0.009080292361377123,0.07257381873122189,-0.13123062345562805,False,False,,False
2018-11-15,110.0500030517578,0.0005533025657000905,0.02135463893434286,-1.1067209381733791,False,-0.06578947197985119,0.00854457557590946,0.07249272458267038,-1.0254001071651049,False,False,,False
2018-11-16,112.5999984741211,0.00047001119767760003,0.021435400366786126,1.0590533395477582,False,-0.062057512605182996,0.007227611471759435,0.07293857848891934,-0.9499105344844095,False,False,,False
2018-11-19,112.3499984741211,0.0009455514018984879,0.02153926825900832,-0.14697807101745874,False,-0.040563621365458546,0.006216488729091159,0.07337091453933384,-0.6375838489715306,False,False,,False
2018-11-20,110.6500015258789,0.0007847387036342912,0.021516971525937546,-0.7396950768059243,False,-0.02295804392159906,0.006025090841674318,0.07347529228024216,-0.3944609659084959,False,False,,False
2018-11-21,110.3000030517578,0.00045924534815066753,0.021571288373584088,-0.16792499495680765,False,-0.04584771187129211,0.0060653041131953364,0.07345836576722067,-0.7066998488503345,False,False,,False
2018-11-23,107.1500015258789,0.0003802885228841187,0.021573595703455666,-1.341398014760646,False,-0.0814402046783721,0.005682331641105833,0.07365550862740253,-1.1828380245149128,False,False,,False
2018-11-26,107.0,0.00014623090010992563,0.02179288895197849,-0.07094753692623502,False,-0.06016687365769413,0.00497484080706134,0.07423962072064871,-0.8774521452617984,False,False,,False
2018-11-27,109.5,0.00015229061053533203,0.021792388321317392,1.0651515120105897,False,-0.005901057801857679,0.004403865053371976,0.07457749915390398,-0.1381773721583719,False,False,,False
2018-11-28,110.0999984741211,0.000544325096685306,0.0219434667404144,0.22490124653152388,False,0.00824177244533697,0.004741661970148943,0.07447118941683616,0.04699952428041569,False,False,,False
2018-11-29,108.5,0.0007108422155415747,0.0219327541102814,-0.6949912398757391,False,-0.036839782242928276,0.005467949810453952,0.0742326049449565,-0.5699346275771061,False,False,,False
2018-11-30,103.25,0.0006676670044373045,0.02195987590297247,-2.233836110703654,True,-0.0617901214283445,0.005565166230021404,0.07417152066128649,-0.9081017492677848,False,True,shock,False
2018-12-03,103.5,0.00035885366891655817,0.02248549247169597,0.0917237565391502,False,-0.08081703905362436,0.005438506195588946,0.07427968612259131,-1.1612265715131997,False,False,,False
2018-12-04,101.9000015258789,0.0004822841970188592,0.02247086730405218,-0.7094166164837091,False,-0.09301288019731702,0.004985750441260268,0.07470504025078087,-1.3118074805876694,False,False,,False
2018-12-06,100.6500015258789,0.0003417175108572253,0.022537969480542548,-0.5594401793467914,False,-0.09037505523812561,0.004556097257717733,0.07517960187611708,-1.2627248632185282,False,False,,False
2018-12-07,98.8000030517578,0.0006985796894869,0.022114020939486747,-0.8627599150802419,False,-0.10426110318966786,0.00476105820703315,0.07489523671508999,-1.4556621512718322,False,False,,False
2018-12-10,100.4499969482422,0.00035753404678643926,0.02220946389827564,0.7358488522752857,False,-0.06252920655366023,0.004728086480308324,0.07494330653466613,-0.8974422953016853,False,False,,False
2018-12-11,97.6500015258789,0.0007911966671700806,0.022206764965618568,-1.2908551266714254,False,-0.08738316330954266,0.0053099096524209894,0.07423680234734506,-1.248613491301308,False,False,,False
2018-12-12,97.75,0.00030888696977017163,0.022433175311217312,0.03187970131293025,False,-0.10730593607305938,0.005439119362808533,0.0740644277389921,-1.5222564850320437,False,False,,False
2018-12-13,98.8000030517578,-0.00013699349094181617,0.022074584616686786,0.492816190175862,False,-0.10263392896430745,0.004812111485976738,0.07482347097425211,-1.435993800491533,False,False,,False
2018-12-14,96.9499969482422,-0.0001661551706886725,0.022058529524295052,-0.8413345215620626,False,-0.10645164103002569,0.003995816154013911,0.07566380673157566,-1.4597131965070453,False,False,,False
2018-12-17,94.6999969482422,-7.544897449684711e-05,0.021966627390326943,-1.0530697515510947,False,-0.08280874626399803,0.0033126186916068627,0.07643306119258614,-1.1267554067814636,False,False,,False
2018-12-18,94.3499984741211,-0.0003042825097843238,0.022118526516845885,-0.15333676163974533,False,-0.08840581184424057,0.002696783317477598,0.07694352918435038,-1.1840189308634885,False,False,,False
2018-12-19,100.8499984741211,-0.00039410749005648783,0.02211843692872535,3.1325238153622554,True,-0.010304249617613004,0.0018785766990523235,0.0775876028612137,-0.15702026957138485,False,True,shock,False
2018-12-20,102.5,0.0006389939080930788,0.023497000653137656,0.6691046988959726,False,0.01838051113834749,0.00214961866299189,0.0775079612985227,0.20940935877338007,False,False,,False
2018-12-21,99.6999969482422,0.0009047101737957494,0.023561379442774873,-1.1977996953157428,False,0.00910924968304827,0.00232614030250576,0.07752993972499908,0.08749019288035556,False,False,,False
2018-12-24,102.1999969482422,0.00021993673312805957,0.02362610646974663,1.052026483638696,False,0.01742160331673981,0.0021549304217624732,0.07750019107069428,0.1969888420152584,False,False,,False
2018-12-26,103.9000015258789,0.0008406535797153255,0.023659847406734744,0.6675208980462829,False,0.06400409526203266,0.0021728345935335264,0.07750360627749514,0.7977855952549808,False,False,,False
2018-12-27,101.75,0.000946735402371243,0.023713237702454648,-0.9125588023663945,False,0.04092071611253201,0.002806742948227504,0.0778158499279645,0.4897970426280414,False,False,,False
2018-12-28,100.9499969482422,0.0008462678933451561,0.023789642505079388,-0.36607131639743107,False,0.021761071154604128,0.003756795123172417,0.07784074224978058,0.23129630462230674,False,False,,False
2018-12-31,101.8499984741211,0.0009192135837224846,0.023753937140270433,0.3366223611693593,False,0.05054153357523883,0.0047865927612181095,0.07755693335414919,0.5899529395404195,False,False,,False
2019-01-02,99.5,0.0008093940695031243,0.02369684722456041,-1.0078355990446488,False,0.050686411894830474,0.0056485573265543125,0.0777032325225019,0.579613654492865,False,False,,False
2019-01-03,102.1500015258789,0.0006993332267328656,0.023789401281603333,1.0901429435273027,False,0.08267093988239149,0.006628481570328318,0.07780287396915894,0.9773733852326124,False,False,,False
2019-01-04,101.5999984741211,0.0011858398971157191,0.023943248799817185,-0.27440338657854013,False,0.0074367874204031015,0.008202379445929811,0.07813501234441173,-0.009798322193283247,False,False,,False
2019-01-07,102.75,0.0013934280403557465,0.023815860999558645,0.4167594354917331,False,0.0024390243902439046,0.00893354498370053,0.0778637694497297,-0.08340876173031425,False,False,,False
2019-01-08,105.0500030517578,0.0017512307012025686,0.02375989765018287,0.8684055599578218,False,0.0536610458101916,0.009750379034393979,0.0774636657811921,0.5668550065759859,False,False,,False
2019-01-09,105.3000030517578,0.0013685311621917846,0.023178554150590062,0.04363032723476334,False,0.03033274164465527,0.01091874030822776,0.0774562199455984,0.25064483330148296,False,False,,False
2019-01-10,104.25,0.0009797170092148719,0.02290859374004397,-0.47804137598140956,False,0.0033686089411066877,0.0110781534695352,0.07748407509804131,-0.09949843911376052,False,False,,False
2019-01-11,103.8499984741211,0.0008267128310868369,0.022943341188589515,-0.20326847276148996,False,0.020638805642467783,0.010974620422738607,0.07748918758168476,0.12471656396631768,False,False,,False
2019-01-14,102.75,0.0009624072841756689,0.022884401648932136,-0.5049113021541725,False,0.017830639981897933,0.011113052361219372,0.07749716068104409,0.08668172564832678,False,False,,False
2019-01-15,101.3000030517578,0.001010687653632923,0.02285575402271406,-0.661653082148045,False,-0.0054000533196182365,0.011226053887460386,0.07750074219261842,-0.21452836110596862,False,False,,False
2019-01-16,102.4000015258789,0.0007332738133242645,0.022912036626540514,0.4419312916069298,False,0.029145743978682415,0.011167679267580414,0.07751174026983665,0.23193989257003023,False,False,,False
2019-01-17,102.4000015258789,0.0006666339605162882,0.02287469319341342,-0.02914285909234577,False,0.002447381265448856,0.011155182481905324,0.07750872494256895,-0.1123460774630033,False,False,,False
2019-01-18,104.9499969482422,0.00024367406797831225,0.022584139847003366,1.0918558233572506,False,0.03297242642158493,0.010209989860006367,0.07717169741983167,0.2949583503100328,False,False,,False
2019-01-22,103.3499984741211,0.0006082409144720321,0.022760232598869428,-0.6965474399581852,False,0.005839401207991202,0.009401182720837755,0.0766013300730975,-0.046497645790845823,False,False,,False
2019-01-23,103.4000015258789,-0.0003060550507891469,0.021977714217275988,0.03593993056438894,False,-0.01570682035169424,0.007210925240440115,0.074256722605888,-0.3086285630160191,False,False,,False
2019-01-24,105.3000030517578,-0.00016955261685189645,0.021950016826373608,0.8448653606475308,False,0.0,0.00563645417993379,0.07345921235949503,-0.07672903096687295,False,False,,False
2019-01-25,106.8000030517578,3.1673629396843e-05,0.022051043546910114,0.6445654226086042,False,0.024460460928132477,0.004674048572817041,0.07304729479345526,0.270871254182136,False,False,,False
2019-01-28,102.6500015258789,-2.7730556698604875e-05,0.022006026913665846,-1.7645148156537762,False,-0.01155509837143831,0.0037923141400625997,0.07239238866721077,-0.21200312345063327,False,False,,False
2019-01-29,102.5999984741211,-0.0009007361617437789,0.022232266304690322,0.018604238235395754,False,-0.0014598688650016012,0.0018311397693407372,0.07074890526748466,-0.046516742865487785,False,False,,False
2019-01-30,102.0999984741211,-0.0010622009378915879,0.022184006172196503,-0.17179464574526382,False,0.007897289222731141,-0.00039223909379244875,0.06811360528622214,0.12170150561976457,False,False,,False
2019-01-31,105.9000015258789,-0.0009798811005568527,0.02215789285047392,1.7239150457455321,False,0.03417968699068319,-0.0022170358889306505,0.06597203931605992,0.5516992237460453,False,False,,False
2019-02-01,103.6999969482422,-0.0006027891886002967,0.02256583625889795,-0.8938985862766402,False,0.012695267607342409,-0.00358742261440652,0.06408239304490344,0.25408992155363824,False,False,,False
2019-02-04,105.5999984741211,-0.001310840742272048,0.02235064882150263,0.8784057717586564,False,0.006193440159883323,-0.005253194712295078,0.061950296176817944,0.18477126952722753,False,False,,False
2019-02-05,104.8499984741211,-0.0013868658880550955,0.02227287061936386,-0.2566084560682403,False,0.014513788312978004,-0.007408058698420179,0.05856765644101021,0.37429954250394215,False,False,,False
2019-02-06,105.5,-0.0012916455883507849,0.02223239111311744,0.33694048350515876,False,0.020309462699529268,-0.008453123327169333,0.05744219582293341,0.5007222585181073,False,False,,False
2019-02-07,104.3000030517578,-0.001764307244120465,0.021677028756481694,-0.4433297349079812,False,-0.009496675888114314,-0.01017732796534022,0.054498514827352566,0.012489369286156956,False,False,,False
2019-02-08,102.5999984741211,-0.0018615660627559667,0.021703906220814157,-0.6652081107931785,False,-0.039325884434678327,-0.012186450735559271,0.05154018639116621,-0.5265684041796684,False,False,,False
2019-02-11,100.1999969482422,-0.002084350211676448,0.021765944843930487,-0.9789365004185374,False,-0.023867555199392987,-0.014320096995724719,0.049225057971455426,-0.1939552455012778,False,False,,False
2019-02-12,100.4499969482422,-0.0019103010940554274,0.021538468873397474,0.20453223374322488,False,-0.020955180875769308,-0.01532973361380663,0.04862228959002429,-0.11569688119164252,False,False,,False
2019-02-13,98.9000015258789,-0.0022680241676244946,0.02123333375140547,-0.6198976266687509,False,-0.031341792321899486,-0.016545945198090165,0.04758213225373814,-0.3109538480728117,False,False,,False
2019-02-14,97.8499984741211,-0.002380177998424185,0.02128092867242829,-0.3870431339019196,False,-0.07601513631508894,-0.01795877152172201,0.046396985196266304,-1.2512960604612493,False,False,,False
2019-02-15,97.9499969482422,-0.00262152780506116,0.02127018266658264,0.17129540873221802,False,-0.05544841050352112,-0.019946620211237474,0.045631549653919426,-0.7780097446073541,False,False,,False
2019-02-19,97.1999969482422,-0.002442817110231624,0.021243363115937587,-0.2454484697460229,False,-0.07954547014446633,-0.021040572522078117,0.04548386339028924,-1.286278105278079,False,False,,False
2019-02-20,97.5500030517578,-0.0019431547364942784,0.02065838021881,0.2683676372235561,False,-0.06962322869432458,-0.02153142612603488,0.04591768691956444,-1.0473481090746954,False,False,,False
2019-02-21,96.0999984741211,-0.0016792422995458194,0.020600232647907172,-0.6400401687798788,False,-0.08909954052965785,-0.02186475072430409,0.046177586248170595,-1.4560048557760505,False,False,,False
2019-02-22,96.4499969482422,-0.0019130185270629758,0.02064964722450149,0.26901390559405797,False,-0.07526371882865723,-0.021981072534034023,0.04633767750990627,-1.1498773602374053,False,False,,False
2019-02-25,96.4000015258789,-0.002467830732700835,0.019911062911700226,0.09790913063781286,False,-0.060428821057010196,-0.022520298205404257,0.04672283072002191,-0.8113490186150297,False,False,,False
2019-02-26,93.5500030517578,-0.0027294110681330254,0.01975211981485522,-1.3585826857834633,False,-0.06636720657705653,-0.023102156092718366,0.04692180345246804,-0.9220670839765529,False,False,,False
2019-02-27,95.6999969482422,-0.0027959599615431344,0.019834944750768392,1.2996384242781305,False,-0.047287209002579766,-0.023924720060324683,0.04713466512834774,-0.49565407707128084,False,False,,False
2019-02-28,95.1999969482422,-0.0020511577491451258,0.019738645351136272,-0.16077612004687453,False,-0.037411572503045276,-0.023690916860454617,0.04697226819334961,-0.292101194392253,False,False,,False
2019-03-01,96.9499969482422,-0.00239749373536536,0.019560233558753973,1.0623516944925195,False,-0.009197767398196777,-0.023674145142379754,0.046967072028037585,0.3082239773333352,False,False,,False
2019-03-04,94.0999984741211,-0.002273503308317825,0.019663193830948784,-1.3793831406525614,False,-0.03930575389558688,-0.02330152822967857,0.0469696203665921,-0.3407356827880937,False,False,,False
2019-03-05,96.4499969482422,-0.0023454116611330428,0.019753388671661393,1.3829945242952355,False,-0.007716049624974297,-0.023179275044089016,0.04691511471058798,0.3296000769582456,False,False,,False
2019-03-06,95.5,-0.0015791144290975515,0.019682471646549637,-0.420197088459613,False,-0.021014894798825345,-0.022803673024603347,0.046924772420923466,0.03812012575644153,False,False,,False
2019-03-07,93.6500015258789,-0.0015954475951720666,0.019688904484891218,-0.9028569461226483,False,-0.025494245443739016,-0.022704274405527757,0.046920503436955294,-0.059461660337042255,False,False,,False
2019-03-08,95.3000030517578,-0.0022749830773985263,0.019405411294450198,1.025167267083037,False,-0.011923213404574251,-0.023038282809880583,0.04684900550314662,0.2372530491508467,False,False,,False
2019-03-11,94.0,-0.0017323279726515275,0.01938479282526967,-0.6143391360375582,False,-0.024896280994711528,-0.02232006602887689,0.04659697275466208,-0.055287174542403825,False,False,,False
2019-03-12,92.8000030517578,-0.0022231600845163337,0.019210975917673793,-0.5487886165681096,False,-0.008017102891862304,-0.02182458294073727,0.04636572036302036,0.2977950076213486,False,False,,False
2019-03-13,94.4499969482422,-0.0023637691016278224,0.01924950864536633,1.0464617840997805,False,-0.013061651409205566,-0.021390629361089323,0.046340265180783304,0.17973522420276686,False,False,,False
2019-03-14,93.9499969482422,-0.0019249508981568713,0.019329486628346618,-0.1742858247793103,False,-0.013130252521747487,-0.021258677460924077,0.046349830510404005,0.1753711901352482,False,False,,False
2019-03-15,94.5999984741211,-0.001953360141817453,0.01933289646918344,0.45890435152889364,False,-0.024239283631702246,-0.020822444669596814,0.0462691714228371,-0.07384698833009533,False,False,,False
2019-03-18,93.6500015258789,-0.0014803324071437393,0.019105822829896202,-0.44813138222654075,False,-0.00478211429903419,-0.020059765722307884,0.0457247074687049,0.3341224530245511,False,False,,False
2019-03-19,93.4499969482422,-0.0015955634779029474,0.0191313760284779,-0.028230937779892402,False,-0.031104200051036757,-0.019321302264192416,0.04551497281329766,-0.2588795962853316,False,False,,False
2019-03-20,94.75,-0.0019355654265098155,0.018907071515286762,0.8381404267224978,False,-0.007853403141361182,-0.019657344160848137,0.045507588901066966,0.25938401274452494,False,False,,False
2019-03-21,94.8000030517578,-0.0018231417272890438,0.018976697802298954,0.12388237647005054,False,0.012279781176096405,-0.019871946502004113,0.04541209598586455,0.7079992010962983,False,False,,False
2019-03-22,93.9000015258789,-0.0016223421746028258,0.018919993742417235,-0.4160331450839076,False,-0.014690466747608877,-0.019217018989750447,0.04551815535687552,0.09944498424094934,False,False,,False
2019-03-25,94.25,-0.0011037633732966245,0.018137739724526734,0.2663571469282108,False,0.0026595744680852906,-0.01858902359400731,0.045246953730898584,0.46961389242834695,False,False,,False
2019-03-26,95.3499984741211,-0.0010863494302912713,0.018141796370582518,0.703206039421644,False,0.027478398044244345,-0.017476002080384512,0.044719167328852574,1.005260223072725,False,False,,False
2019-03-27,93.8499984741211,-0.0007246161796414545,0.018121810250327778,-0.8281126076331697,False,-0.006352551545871554,-0.015869451703830362,0.04412926243004138,0.21565962433761626,False,False,,False
2019-03-28,94.0,-0.0007708106802231063,0.018156014014466045,0.13048690725061815,False,0.0005322304777224396,-0.014749151654600308,0.043270417678516825,0.35316003293191567,False,False,,False
2019-03-29,94.5,-0.0005044263792248286,0.01804034954521837,0.3228083414236692,False,-0.001057066339683499,-0.013351907205701768,0.042014646525643656,0.2926322576226866,False,False,,False
2019-04-01,92.0999984741211,-0.0006561756276223167,0.017941268498280805,-1.3789808629440314,False,-0.01655102003740483,-0.012532278669515414,0.04164025967322969,-0.09651095837120925,False,False,,False
2019-04-02,91.6500015258789,-0.000623139918398398,0.01789268874405018,-0.23824370800872266,False,-0.019261588883306535,-0.011587850092553576,0.04071257693798331,-0.18848570559515843,False,False,,False
2019-04-03,95.3499984741211,-0.0007019400561213211,0.017898349490254286,2.294786044354683,True,0.0063324377215947525,-0.010413925463356871,0.039154856625438404,0.4276956839645718,False,True,shock,False
2019-04-04,95.3000030517578,-0.0003068837445009409,0.018472143676949757,-0.011771893284046684,False,0.005274261433588778,-0.008961040574211508,0.03768059272701215,0.37778869644997387,False,False,,False
2019-04-05,93.1999969482422,-6.421145509053409e-05,0.018346035465888155,-1.1976172582614588,False,-0.00745478771311614,-0.0074713618746966495,0.03594270854149154,0.00046112722866660456,False,False,,False
2019-04-08,92.9499969482422,-4.858345944881511e-05,0.018326543112987405,-0.14371614142518493,False,-0.013793135827669056,-0.006466642427351558,0.034844745076803275,-0.21026107047615816,False,False,,False
2019-04-09,93.6500015258789,-3.507062989133983e-05,0.018324190977420902,0.4128995786337779,False,-0.01782901914469981,-0.005471806747130604,0.033513407133423656,-0.3687244435748548,False,False,,False
2019-04-10,94.25,-0.0008532232011483136,0.01648236767909668,0.44047317114307644,False,0.004262136732897215,-0.005572137007491761,0.03353932325002625,0.29321622464106456,False,False,,False
2019-04-11,90.25,-0.0009859449331037758,0.016381649369962864,-2.530537214725983,True,-0.03989361702127647,-0.005760381999564431,0.03344254956308717,-1.0206528948195752,False,True,shock,False
2019-04-12,90.4000015258789,-0.0011875878045492247,0.01679792859278959,0.16964321270621885,False,-0.043386227239376574,-0.006413753555622095,0.03362629675628461,-1.0995107178088077,False,False,,False
2019-04-15,91.4000015258789,-0.0014997632668935952,0.01651849335269434,0.760463422094287,False,-0.007600401301188664,-0.007224524629703646,0.0337765707268862,-0.011128325445597092,False,False,,False
2019-04-16,90.5,-0.0015740585929250464,0.016448211843417604,-0.5029595404921758,False,-0.012547752392062628,-0.008179251250546598,0.032731846691036307,-0.13346332648907203,False,False,,False
2019-04-17,87.05000305175781,-0.0014294433298316855,0.01632506312580467,-2.247591303485709,True,-0.08704767231449939,-0.008892164163941193,0.0322263571293116,-2.425204556535854,True,True,shock+trend,False
2019-04-18,90.1999969482422,-0.0018328976683001116,0.01685161199645775,2.2561002612216012,True,-0.05351527744176199,-0.010342947410195907,0.03326036186030946,-1.2980114351397016,False,True,shock,False
2019-04-22,91.0999984741211,-0.0014692882207272525,0.01737281344219465,0.6589106919275866,False,-0.022532173206908035,-0.011730371557089251,0.03285413766838593,-0.3287805560093235,False,False,,False
2019-04-23,91.5,-0.001028608534677528,0.017236051841088097,0.3144226282803932,False,-0.015599752510477294,-0.012706619358445763,0.03205243325981349,-0.09026251232098706,False,False,,False
2019-04-24,90.4499969482422,-0.001325173667720696,0.0169425215780921,-0.599100285875624,False,-0.03416982942336022,-0.014016895257017352,0.030046643257148273,-0.6707216507969943,False,False,,False
2019-04-25,92.0500030517578,-0.0014063893281122015,0.016976806829692406,1.124816269521235,False,-0.02334214268691981,-0.014571650148267523,0.030029277568809264,-0.29206471979072846,False,False,,False
2019-04-26,92.6999969482422,-0.0013214495098166864,0.017057082426289207,0.4914534880373274,False,0.027146780589941244,-0.014915399042629706,0.029979441622546763,1.4030341245894677,False,False,,False
2019-04-29,91.3499984741211,-0.0015257581068877106,0.016859927911184867,-0.7732733364542016,False,0.010508815621758982,-0.015268922578899714,0.029308673384172007,0.8795259295011225,False,False,,False
2019-04-30,91.8499984741211,-0.001751663571951146,0.01692029068730449,0.42700905949060475,False,0.004923380095511076,-0.015533241592538329,0.02897940018501875,0.7059021773205886,False,False,,False
2019-05-01,89.80000305175781,-0.0015457303385535829,0.01691288365123836,-1.2282481798677645,False,-0.007734772908753573,-0.015512511310479603,0.02899365685116351,0.2682565514813255,False,False,,False
2019-05-02,90.25,-0.0017921570559821006,0.017080532365756813,0.39830484281890827,False,0.03676044613507434,-0.01589082569116256,0.02869919001282831,1.8345908648537537,False,False,,False
2019-05-03,89.25,-0.0015841132232537046,0.017066917981005184,-0.5564108995711775,False,-0.01053211729915371,-0.01563842827578687,0.02908047103848069,0.175592443804512,False,False,,False
2019-05-06,88.80000305175781,-0.0015436924228491567,0.017040415948662697,-0.20529370885358275,False,-0.02524693151357904,-0.01570685579551401,0.029062086336797154,-0.32826534225747583,False,False,,False
2019-05-07,86.6500015258789,-0.0017557031210677495,0.016982841892757877,-1.322277218600585,False,-0.053005447804602146,-0.016432091468744164,0.02860272374950202,-1.278666907954692,False,False,,False
2019-05-08,87.19999694824219,-0.002078526161907178,0.017178013306963006,0.49050187385569244,False,-0.03593145505421924,-0.017171462523011508,0.02882396368877181,-0.6508470775834195,False,False,,False
2019-05-09,89.5,-0.0023259258568560748,0.01691579541396371,1.6967637562268993,False,-0.02770236792196512,-0.0180901809426889,0.02829739978941932,-0.33968446043831607,False,False,,False
2019-05-10,89.44999694824219,-0.0017709722095970075,0.0171670912742293,0.07061644133546123,False,-0.035059332330017345,-0.01853740453108832,0.02817890200433933,-0.5863226252174332,False,False,,False
2019-05-13,88.25,-0.001784872420101989,0.017165662896632884,-0.6775392135801689,False,-0.03393539710894822,-0.018795438024132624,0.02824116858841898,-0.536095347379645,False,False,,False
2019-05-14,89.55000305175781,-0.0022087462657693294,0.01705325489368247,0.9933387578601738,False,-0.025040778013853737,-0.019247909985585267,0.028207795954837564,-0.20536407869452872,False,False,,False
2019-05-15,89.9000015258789,-0.0022022676132943636,0.017059681352788153,0.35819435067020533,False,0.0011135687162890928,-0.01990792650481175,0.027746625237022544,0.7576234962460117,False,False,,False
2019-05-16,90.0,-0.001632052880613751,0.01652424768584691,0.1660821716740582,False,-0.0027700831024930483,-0.019739010943642055,0.02783657890980522,0.609590995220028,False,False,,False
2019-05-17,87.3499984741211,-0.001610726856037347,0.0165267772146986,-1.6841598444167696,False,-0.021288532502845126,-0.019756480466808606,0.027825361236542768,-0.05505955602921307,False,False,,False
2019-05-20,88.25,-0.0019383424157600126,0.016833029609836535,0.7272450394337943,False,-0.006193727847478292,-0.020145624756482957,0.02763683709398446,0.504829726410389,False,False,,False
2019-05-21,92.9000015258789,-0.0022972097344234354,0.01626425065310623,3.3809393576116293,True,0.07212925435590867,-0.02068393695432511,0.026949024704474276,3.4440278387820187,True,True,shock+trend,False
2019-05-22,91.75,-0.001317668484566057,0.017314762624119063,-0.6388334638139297,False,0.052178935905909274,-0.019891483797677557,0.02875702347588779,2.5061849590941314,True,True,trend,False
2019-05-23,93.5,-0.0017270153705918527,0.017206746711217233,1.2088621516884865,False,0.04469273743016777,-0.019278343854397213,0.029792308125382083,2.1472348169648425,True,True,trend,False
2019-05-24,93.3000030517578,-0.0013780041397626964,0.0173610207504969,-0.04383386583130006,False,0.043040874621195435,-0.01887595786616801,0.030451398492809943,2.03330012912159,True,True,trend,False
2019-05-28,96.0500030517578,-0.0014891821639868722,0.01733852486821193,1.7858493654020817,False,0.08838530370263808,-0.018572872373879133,0.03095563411837023,3.4552086921406095,True,True,trend,False
2019-05-29,99.5,-0.000944526295650315,0.01766237868560797,2.087107650315501,True,0.11111107324576297,-0.017267779312669103,0.03331676876431053,3.8532804146347353,True,True,shock+trend,False
2019-05-30,102.3499984741211,-0.0002482870970024805,0.018073346131865668,1.598568833415886,False,0.13848717171220826,-0.015261953210263215,0.03636031088982688,4.228487632802072,True,True,trend,False
2019-05-31,104.5999984741211,0.00044551328740328225,0.01817140047518768,1.18526237958666,False,0.162222205268012,-0.013097223518108533,0.04044459445443303,4.334804963457959,True,True,trend,False
2019-06-03,103.75,0.0007053583620568412,0.01833966334234524,-0.4815540370981798,False,0.1877504500556768,-0.010654858369524782,0.04521336726451736,4.388200225487442,True,True,trend,False
2019-06-04,105.6500015258789,0.0008027495194823775,0.0182720872741341,0.9583206306495803,False,0.19716715610061097,-0.007733628471157098,0.05061394600590072,4.048306854950218,True,True,trend,False
2019-06-05,99.0999984741211,0.001188483960061828,0.01833301971748842,-3.446550178818631,True,0.06673839447155538,-0.004091197905614433,0.05525102578406375,1.281959771280834,False,True,shock,False
2019-06-06,102.0500030517578,0.0003482286900064491,0.019731584154356913,1.49099681663162,False,0.11226161364313714,-0.0024620405059467463,0.05551700728546906,2.0664596266721222,True,True,trend,False
2019-06-07,100.9499969482422,0.0008472277024137709,0.01999783193225789,-0.5813788772620109,False,0.0796791117459057,9.538727788796683e-05,0.056330029936807954,1.412811684234789,False,False,,False
2019-06-10,98.5999984741211,0.0006554946980706999,0.02003996492365518,-1.1943299947919366,False,0.05680595122192167,0.0020860851504243706,0.056470874592283185,0.9689927146794153,False,False,,False
2019-06-11,97.0,0.0005432997937452081,0.020151272844244703,-0.8322285756552399,False,0.009890649849644273,0.004031491707112097,0.05579627712394221,0.10500984016401353,False,False,,False
2019-06-12,99.0500030517578,0.0002783772734118702,0.020240394321665908,1.0303986412083403,False,-0.004522582394393848,0.005166883289489451,0.05502192828132096,-0.176101892219083,False,False,,False
2019-06-13,97.3499984741211,0.0005670760461174555,0.02038279513438123,-0.8698596331370425,False,-0.048851979233436094,0.005912299804991002,0.054497451921059266,-1.0048961393232538,False,False,,False
2019-06-14,96.0,0.0007324254381752274,0.020184395106418108,-0.7233260322227595,False,-0.08221795984298064,0.006145836169572608,0.054220353270426874,-1.6297163460340096,False,False,,False
2019-06-17,96.0500030517578,0.00024109517994914823,0.020083716848208182,0.013930187556547815,False,-0.07421683805534651,0.0056800928250339295,0.05483210957755219,-1.457119404960658,False,False,,False
2019-06-18,94.3000030517578,0.00031770218909794,0.02007354186361382,-0.9234732459070762,False,-0.10743017804255228,0.005189355951003246,0.055384896962690354,-2.0333979147676464,True,True,trend,False
2019-06-19,96.25,-0.00017032488027527955,0.020073353368489203,1.0386394596775088,False,-0.028758814510631225,0.003879590475745173,0.056871302404861636,-0.5738993764205813,False,False,,False
2019-06-20,101.0500030517578,0.0004973448982100548,0.01992031293612144,2.478516117533811,True,-0.009799117786335132,0.004020216334211248,0.056776034758424285,-0.24340083239955224,False,True,shock,False
2019-06-21,99.8000030517578,0.0008293014964587764,0.02053175802750336,-0.6428779703248454,False,-0.01139171799157157,0.003992442092059771,0.05678236275643816,-0.2709320172114014,False,False,,False
2019-06-24,102.0,0.0007956950734881518,0.020551526781404195,1.0339067299504001,False,0.03448277462977134,0.004120751116156488,0.05673594456705222,0.5351461713611221,False,False,,False
2019-06-25,106.4499969482422,0.0013479053227473425,0.020558725081406392,2.0565242042508305,True,0.09742264895095065,0.004920444717136626,0.056735568381604595,1.6304094040557118,False,True,shock,False
2019-06-26,104.9000015258789,0.0016946868117505816,0.021050365254246174,-0.7722179976143574,False,0.05906106303766823,0.0063783895485436245,0.057693734493248605,0.9131437573223761,False,False,,False
2019-06-27,105.5500030517578,0.0016824252218207217,0.021059684693603524,0.21434161062410326,False,0.08423220037149282,0.007497820802308688,0.057892880178524765,1.325454517594524,False,False,,False
2019-06-28,108.25,0.0019352561143484988,0.020997615838839426,1.1260806043071026,False,0.12760416666666696,0.008727811512486756,0.058535196035262506,2.03085260161369,True,True,trend,False
2019-07-01,110.1500015258789,0.002039258220864643,0.021096242250654807,0.7353309058172105,False,0.14679852187535225,0.01060335575349839,0.06006126389137075,2.2676040645461937,True,True,trend,False
2019-07-02,108.25,0.0023438686683595346,0.021153786285689712,-0.9262213225671853,False,0.1479320943455913,0.012735739412126386,0.06201450470101075,2.1800763480299374,True,True,trend,False
2019-07-03,112.25,0.002021631209452548,0.02126693002402013,1.6424500342000536,False,0.1662337662337663,0.015031357785156968,0.06378858376474435,2.370367854634487,True,True,trend,False
2019-07-05,109.4499969482422,0.002648214574188749,0.021596422435198836,-1.2776450616683583,False,0.08312710185849226,0.017311569525594307,0.06608598158692129,0.9959076153893905,False,False,,False
2019-07-08,104.75,0.002344098737713547,0.021824091495653553,-2.0750487919223537,True,0.04959916630137817,0.018834653551054695,0.0662711494943241,0.4642218066997367,False,True,shock,False
2019-07-09,105.9000015258789,0.0015860564508264712,0.022396749040474492,0.41936793529538574,False,0.03823530907724404,0.019600687810291218,0.0662905379423121,0.28110529564821446,False,False,,False
2019-07-10,104.3499984741211,0.001725400426283077,0.022422571143627865,-0.7297057241375666,False,-0.01972755786120095,0.01994676151563985,0.06631954707981408,-0.5982296490820972,False,False,,False
2019-07-11,105.5,0.0016568298741380704,0.022465167050276222,0.41681366651674606,False,0.0057197184498904985,0.019879600300791958,0.06635763747358464,-0.21338737167275076,False,False,,False
2019-07-12,105.1999969482422,0.001754073411335672,0.022490021905252025,-0.20443307049918108,False,-0.00331602172805201,0.01992040222054936,0.06634784624340033,-0.35022122441408887,False,False,,False
2019-07-15,108.8000030517578,0.0015605440491248872,0.022465969257814477,1.4537564307324193,False,0.00508085960053406,0.01950980995691874,0.06639570973101762,-0.21731751064698704,False,False,,False
2019-07-16,104.0999984741211,0.0022265721431433327,0.022685766813537952,-2.0023631024003863,True,-0.054925129078063795,0.019662255438870818,0.06634863589757904,-1.124173594647425,False,True,shock,False
2019-07-17,105.9499969482422,0.0016292803870037635,0.023284361188823904,0.6932583962221813,False,-0.021247141355730137,0.018922823978127005,0.0668716785568128,-0.6007022135645895,False,False,,False
2019-07-18,107.1500015258789,0.0017953098582791697,0.023355314624396228,0.40807974726660845,False,-0.04543428484740408,0.018653622977913047,0.06699372479607289,-0.9566255350094208,False,False,,False
2019-07-19,105.8499984741211,0.0022849496221621973,0.023161675001374924,-0.6224723569462325,False,-0.03289171835996951,0.01826851278044639,0.06728123185068939,-0.7603937938287272,False,False,,False
2019-07-22,105.0999984741211,0.0021883283904856714,0.0232070638788634,-0.3996122425374965,False,0.003341274215953316,0.01808677772075755,0.06740227474694888,-0.2187686329602952,False,False,,False
2019-07-23,102.3000030517578,0.0015555758435529402,0.022795234768033593,-1.2369614512824068,False,-0.03399431937913022,0.018046895540682333,0.06741020829636087,-0.7720079233551633,False,False,,False
2019-07-24,101.0,0.0012073503103683602,0.023025755939460473,-0.6043277008780812,False,-0.032103483690533174,0.017523314463179413,0.06766278320443334,-0.7334430510162784,False,False,,False
2019-07-25,100.6500015258789,0.0013317234878644853,0.022923477570153495,-0.20926383879258256,False,-0.04597154951773563,0.01719466518348052,0.06784536051598677,-0.9310321917492347,False,False,,False
2019-07-26,99.75,0.0013212844491227276,0.022925508428588117,-0.44767501231716816,False,-0.051806056143932855,0.016765619667612964,0.06814505580668742,-1.006260468933632,False,False,,False
2019-07-29,101.1500015258789,0.001101646143489215,0.022944114163138987,0.5636938859735559,False,-0.0703125120524094,0.01631259250762319,0.06849021353003229,-1.2647807634889083,False,False,,False
2019-07-30,99.5,0.001203356616261487,0.0229848214652818,-0.7620585088214165,False,-0.04418826648940477,0.015318263857152434,0.06920512356057884,-0.8598572950233669,False,False,,False
2019-07-31,99.6500015258789,0.001551728564892015,0.022507439981935915,-0.0019627083763704488,False,-0.05946196888935196,0.015261001864244056,0.06925318461251471,-1.0789824492792042,False,False,,False
2019-08-01,97.25,0.0015496683816275825,0.022507436817406287,-1.1389114880470061,False,-0.09239385333548389,0.015046658642244382,0.06946171840842538,-1.5467586238795994,False,False,,False
2019-08-02,98.1500015258789,0.0010810516257322936,0.022671990094093347,0.36050927798004107,False,-0.07274442191064134,0.013916079281787116,0.0705173500366136,-1.2289245291752047,False,False,,False
2019-08-05,95.6500015258789,0.0013357363999793985,0.022654853829437098,-1.1832763843904854,False,-0.08991433953796957,0.0131134570215394,0.07116225706382238,-1.447787082794574,False,False,,False
2019-08-06,97.0500030517578,0.0015044070148065131,0.02240280575620617,0.5861901913489009,False,-0.051319646562902,0.013075234791893132,0.0712175303838881,-0.9041998649445376,False,False,,False
2019-08-07,96.9000015258789,0.0012170827941248596,0.02208796699025693,-0.12507685851953002,False,-0.04059404429822866,0.013104509870277932,0.0711902334501107,-0.7542966438807638,False,False,,False
2019-08-08,97.4000015258789,0.0010634367270142243,0.022066271236870657,0.1856463136924364,False,-0.03229011376780111,0.012863684922393655,0.07134280232756428,-0.6329131631650102,False,False,,False
2019-08-09,97.3000030517578,0.0010736922263835868,0.022068017223414473,-0.09517713205053752,False,-0.024561372914708945,0.012641146772296004,0.07145872432464681,-0.5206155027059928,False,False,,False
2019-08-12,93.75,0.0012130090907252766,0.022020654154984113,-1.711944462760294,False,-0.0731586892164865,0.012769259525744687,0.07138223867668876,-1.2037721194403028,False,False,,False
2019-08-13,96.3499984741211,0.0004906820633292197,0.022358814656307083,1.2184293046267463,False,-0.03165830679275272,0.012105038905350465,0.07195229892431244,-0.6082272054175561,False,False,,False
2019-08-14,94.4499969482422,0.0007663087821687986,0.022567352070718437,-0.9077758229191581,False,-0.05218268437543638,0.011320971073581213,0.07210640926014304,-0.8806936318228145,False,False,,False
2019-08-15,94.5500030517578,0.000697552822171638,0.022622475427290022,0.015969653020391078,False,-0.027763464763415624,0.010485084406951941,0.0724783645856624,-0.5277236784938972,False,False,,False
2019-08-16,92.8499984741211,0.00063869111636451,0.02261562322494203,-0.8232646776123497,False,-0.053999011404603725,0.010049259808832919,0.07261041544217131,-0.8820810461337497,False,False,,False
2019-08-19,91.1500015258789,0.0006965443997322781,0.02256158666202417,-0.842388118254634,False,-0.04704652303411083,0.009432403295554916,0.07295921951443891,-0.7741163722082903,False,False,,False
2019-08-20,91.4499969482422,0.00038560880191157074,0.022661793985805395,0.12821663796320515,False,-0.05770227642887382,0.00831497703996578,0.07317647400944907,-0.9021649971863223,False,False,,False
2019-08-21,92.8499984741211,0.0005772296052043524,0.022624261079962862,0.6511461087168648,False,-0.04179569647040915,0.007686041584902846,0.07354244293867723,-0.6728323955266476,False,False,,False
2019-08-22,93.5,0.0008485750956493451,0.022677932276993135,0.2712760529056623,False,-0.040041082800626904,0.007465391385478444,0.07366730707883792,-0.6448786587958815,False,False,,False
2019-08-23,92.5999984741211,0.0012647388705129595,0.022497506154901734,-0.48407248182476986,False,-0.04830425930343052,0.007638249585531448,0.07353859434289907,-0.7607231194563051,False,False,,False
2019-08-26,94.1500015258789,0.001051765452872499,0.022524330031914012,0.6964437416873039,False,0.0042666829427084885,0.007473278862208631,0.07365144752570192,-0.043537446000381,False,False,,False
2019-08-27,93.8000030517578,0.0009232656052723876,0.02240507845937326,-0.20712810559919018,False,-0.02646596224958142,0.007899532873737613,0.07353754075936783,-0.46731906953172436,False,False,,False
2019-08-28,94.1999969482422,0.0008811487714578684,0.022410870031880366,0.15096149054551844,False,-0.002646903208869622,0.008014111141476758,0.07347637156617447,-0.14509445857359507,False,False,,False
2019-08-29,91.9000015258789,0.0011168768951320197,0.022351363538602106,-1.1423448474750666,False,-0.0280275139116416,0.008431291060144473,0.0733236396989996,-0.49723124931403945,False,False,,False
2019-08-30,93.5999984741211,0.000594916883865002,0.022485831157103682,0.7962088333586106,False,0.008077544559239147,0.008391467914840633,0.07334287308318369,-0.0042802162283094945,False,False,,False
2019-09-03,92.3499984741211,0.0007894491559323757,0.022577807655399393,-0.6264625177175136,False,0.01316507875100248,0.008484320926079968,0.0733379427331156,0.06382450407637252,False,False,,False
2019-09-04,93.4000015258789,0.0005965554074958075,0.022636734563157606,0.47591964479901794,False,0.02132317815975804,0.008696789750793242,0.07332797912219838,0.17219059573322462,False,False,,False
2019-09-05,92.1999969482422,0.0011407458538805833,0.022394074827302168,-0.6246634657478937,False,-0.007000555051813739,0.009264945892961285,0.07325755589359438,-0.22203171736169366,False,False,,False
2019-09-06,93.8499984741211,0.0008320603951259775,0.02242560802225874,0.7609084781508704,False,0.0037432991884609468,0.009254188196903478,0.07325991584160403,-0.07522379660328408,False,False,,False
2019-09-09,95.0,0.0003681225317423342,0.021685978097297623,0.5480725857487277,False,0.025917943471128968,0.008342375461337509,0.07289142895180879,0.24111981700086185,False,False,,False
2019-09-10,98.3499984741211,0.0006965562769272211,0.02167684325461186,1.5946318912728248,False,0.044609632290741,0.007992228895540437,0.07274092606605033,0.5033947926639147,False,False,,False
2019-09-11,100.1500015258789,0.0009124172416014147,0.02194131269442349,0.7925504289052924,False,0.06769720967511339,0.007991120827014747,0.07274036008005876,0.8208110158155051,False,False,,False
2019-09-12,100.3499984741211,0.0011849641592326984,0.022029674325941762,0.03685982006438849,False,0.06528664251717542,0.008319871961066988,0.07295630540382732,0.7808340929654578,False,False,,False
2019-09-13,99.5,0.0008185929928599833,0.021779906924985902,-0.4264908803289762,False,0.08269856744214454,0.008011889811927485,0.07266190593439319,1.0278656562855926,False,False,,False
2019-09-16,100.8000030517578,0.00022673835196782417,0.021413229131620845,0.5995648238392893,False,0.07692312708346227,0.007633056401212573,0.07218965122561435,0.9598338474540817,False,False,,False
2019-09-17,96.8499984741211,1.9033772756662515e-05,0.021208441546225153,-1.8485840107812068,False,0.048727667291310395,0.006812202472829293,0.07102220478579878,0.5901740863283126,False,False,,False
2019-09-18,96.8499984741211,-0.0007965654648197295,0.021526164565055402,0.037004523607184425,False,0.03693786822140743,0.005298941966473271,0.0688417942268184,0.4595889257431458,False,False,,False
2019-09-19,98.3499984741211,-0.0006882163906934494,0.021509217728692083,0.7520535928179816,False,0.06670283871409799,0.003288107542016346,0.06556505584146112,0.9672031901478274,False,False,,False
2019-09-20,98.4000015258789,-0.000725888385872664,0.02147793964784775,0.05746863303969301,False,0.0484816529114005,0.0015485833101961729,0.06198461680701343,0.7571728602812617,False,False,,False
2019-09-23,99.0,0.00010751971908375661,0.020245653053385524,0.29586724810889103,False,0.042105263157894646,0.0013051600893941077,0.06176059037764134,0.6606171155266523,False,False,,False
2019-09-24,99.1500015258789,-0.0002080857806108464,0.01995950864100793,0.08633743143056605,False,0.008134245695675668,0.0003697420829242078,0.06057730230897963,0.1281751302352151,False,False,,False
2019-09-25,100.9499969482422,-4.416236324942406e-05,0.019921967730377032,0.9134854453321994,False,0.007987972143530753,-0.0005841894644121926,0.05987071313635441,0.1431778771102995,False,False,,False
2019-09-26,100.8499984741211,0.000508278992825999,0.019843277299527732,-0.07553456445956176,False,0.004982561112135464,-0.0012350958521240715,0.05950258310767371,0.10449389992041673,False,False,,False
2019-09-27,100.9000015258789,0.0007114335393275528,0.019747389316909978,-0.010918782603358367,False,0.014070367094260572,-0.0013005370352908556,0.059492879790813115,0.2583654411014913,False,False,,False
2019-09-30,101.1500015258789,0.0004362570594397515,0.019602219421839664,0.10414349278084283,False,0.0034722069794126398,-0.0010526310421087965,0.059518005111712624,0.07602469224276785,False,False,,False
2019-10-01,101.3499984741211,0.0006981343302140116,0.01949482443333907,0.06561213036563181,False,0.04646360424262097,-0.00035497522593748015,0.05925623119270999,0.7901039017533452,False,False,,False
2019-10-02,100.5999984741211,0.0009093970539387586,0.019420557885059656,-0.427871118971615,False,0.03871967020218414,0.0013607789618705413,0.058714369805509155,0.6362819078883859,False,False,,False
2019-10-03,102.0500030517578,0.0008037842019137983,0.019444222820989183,0.6999395415302481,False,0.03762078937510416,0.00286659907197095,0.05819579752846746,0.5971941579825005,False,False,,False
2019-10-04,99.0,0.0012388940856630523,0.019377784820114808,-1.606284388409985,False,0.006097545374156299,0.004800611970873036,0.05687605147918986,0.02280280310523652,False,False,,False
2019-10-07,97.0,0.0005646808700744735,0.01957098591727101,-1.0610963167557381,False,-0.02020202020202022,0.0052653634360035366,0.056740370601545645,-0.4488406291327609,False,False,,False
2019-10-08,95.6999969482422,-0.00036961488697518697,0.01884449003521458,-0.6915803190090026,False,-0.034795809627257035,0.0051266580704610685,0.05679038753842121,-0.7029793144255053,False,False,,False
2019-10-09,95.4499969482422,-0.0003833746187835526,0.018853745371622047,-0.11822349454301656,False,-0.05448241868516235,0.004814603515318596,0.056946466559402595,-1.0412765845379786,False,False,,False
2019-10-10,93.5,-0.0007121264481886029,0.018671479769225105,-1.0560162740386079,False,-0.07288050158976611,0.0036284009377861464,0.05724591448769838,-1.3364954200180228,False,False,,False
2019-10-11,93.6999969482422,-0.0015662189016028849,0.018071276639481708,0.2050338650420507,False,-0.07135782426911108,0.0013576922639099227,0.05685146032662031,-1.2790439527016417,False,False,,False
2019-10-14,94.8499984741211,-0.001343555049763306,0.01801178609364119,0.7559929949959547,False,-0.06228376625526777,-0.0003812262335138013,0.05705682700516309,-1.0849278389797663,False,False,,False
2019-10-15,94.4499969482422,-0.0012625305550151525,0.018059766418612944,-0.16360514087601669,False,-0.06808092382597064,-0.0023347724552039424,0.05662726618228458,-1.161033470327319,False,False,,False
2019-10-16,93.5500030517578,-0.0016598300914321856,0.017786966837413726,-0.442400152356819,False,-0.07007947842242646,-0.004943906995105777,0.05504540609278746,-1.1833062202779412,False,False,,False
2019-10-17,92.9000015258789,-0.002020906945760821,0.017666155883469627,-0.27890986795273326,False,-0.0896619426972306,-0.007835613665742827,0.052608894601418446,-1.555370620337679,False,False,,False
2019-10-18,95.6999969482422,-0.001883559651200503,0.017586023450675888,1.820960001873739,False,-0.033333364159169765,-0.011003534159647119,0.05020078318437751,-0.4448103910552474,False,False,,False
2019-10-21,96.3499984741211,-0.0019743811913370455,0.01739935102826945,0.5038380945518887,False,-0.006701046658545318,-0.013664429231552932,0.04577313508317136,0.15212815465567103,False,False,,False
2019-10-22,98.9000015258789,-0.0015512288903099458,0.01721814365046302,1.6271945973285216,False,0.033437875440763154,-0.014862137878446766,0.044359649992407164,1.0888276469150953,False,False,,False
2019-10-23,97.75,-0.0006257889251246773,0.01682417543523794,-0.6539478468393275,False,0.024096418284905274,-0.015077621756588298,0.04408066340239647,0.8886898929784223,False,False,,False
2019-10-24,96.4499969482422,-0.0009272083528460747,0.016815969578919492,-0.7357325157905165,False,0.03155076949991664,-0.015266140300486153,0.04387935439848074,1.0669461855624696,False,False,,False
2019-10-25,99.4499969482422,-0.0009093788311060388,0.016801940635334342,1.9053500769320892,False,0.061366063898339096,-0.014582429269004583,0.044207173836648087,1.7180128602652673,False,False,,False
2019-10-28,100.5,-0.0006415977440425488,0.017151058539196264,0.6530033181560632,False,0.05956775558009597,-0.013840477996358598,0.0450121607763158,1.6308533585235043,False,False,,False
2019-10-29,98.9499969482422,-0.00046290799451867757,0.01719755694614267,-0.8698914613406971,False,0.047644257759647646,-0.013002027632249962,0.045789807871728525,1.3244494399667868,False,False,,False
2019-10-30,99.3499984741211,-0.001124821424761319,0.016795244827289436,0.307663431103009,False,0.06199888009789145,-0.012434515656795113,0.04627811158049462,1.6083931088073802,False,False,,False
2019-10-31,101.9499969482422,-0.0004949410047751609,0.016066030421287864,1.6597150033853498,False,0.09741652608953144,-0.010875528867782378,0.04679392753928408,2.3142330779223714,True,True,trend,False
2019-11-01,104.0,-0.0003829579187957484,0.01622356825575593,1.2630319149898515,False,0.08672939724592421,-0.00929334663517889,0.04841648615131861,1.9832654435309107,False,False,,False
2019-11-04,103.6500015258789,-0.0002658674412530108,0.016340487540289397,-0.18968237603541152,False,0.07576547137900103,-0.007531164207267846,0.04947683830506143,1.6835480689506328,False,False,,False
2019-11-05,105.8000030517578,-0.00014897166974242221,0.01628571638036896,1.2828340065634583,False,0.06976745621255986,-0.006082401677414905,0.05030805244893985,1.5077080943842651,False,False,,False
2019-11-06,108.0,0.00022207363123224837,0.016441808343603544,1.251191313335613,False,0.10485933503836331,-0.005196719250793485,0.051055371798495765,2.155621444174839,True,True,trend,False
2019-11-07,109.0999984741211,0.0008545425944817827,0.016306278016721146,0.5722108044905716,False,0.1311560593689518,-0.003345337191893571,0.05249428995584548,2.562210036062561,True,True,trend,False
2019-11-08,109.4499969482422,0.0011597815664042136,0.016263183836559374,0.12594523357118917,False,0.10055304481511862,-0.001168543284433771,0.05462728103689066,1.8621023446299334,False,False,,False
2019-11-11,106.0,0.0012487600128075786,0.016255791044466204,-2.0158954735525825,True,0.05472636815920384,0.000785117973337619,0.05561451059586112,0.9699132404103287,False,True,shock,False
2019-11-12,105.5999984741211,0.0009477023760912365,0.016651344869316628,-0.2835387600154545,False,0.06720567691737567,0.0022055502973794415,0.05561359997363218,1.1687811371825316,False,False,,False
2019-11-13,107.9499969482422,0.0007102530118635775,0.016589055790610274,1.298658646447258,False,0.08656264324313256,0.004039126150309909,0.05545713735814176,1.4880594459805312,False,False,,False
2019-11-14,108.0500030517578,0.0012244689572746869,0.016651873359780436,-0.01789934324803597,False,0.059833313252696474,0.005782471613410407,0.055973312617794375,0.9656537930560655,False,False,,False
2019-11-15,106.1500015258789,0.0012167204017597048,0.01665187506348197,-1.1290731883441172,False,0.020673091594989312,0.007373075375304386,0.055788908689076,0.23839893147594757,False,False,,False
2019-11-18,105.5500030517578,0.0013033849978681688,0.01653492002187051,-0.4206702688641916,False,0.018330935821592842,0.008880634641044029,0.05457090204095729,0.17317472915247115,False,False,,False
2019-11-19,102.6999969482422,0.0011046266157574418,0.016527644348798907,-1.7005511611434954,False,-0.029300623951769245,0.010094972744140484,0.05373695063793273,-0.7331193197274672,False,False,,False
2019-11-20,109.6999969482422,0.001084223135166143,0.016561805001970936,4.050009482365465,True,0.015740712483723884,0.010903155618623156,0.052657484960482996,0.091868361520325,False,True,shock,False
2019-11-21,115.25,0.0017978628475721027,0.01822344892768408,2.677577205115853,True,0.056370317249250235,0.011797293739244834,0.05215358776969493,0.8546492277163261,False,True,shock,False
2019-11-22,114.5999984741211,0.0024930383812125224,0.019069028462713754,-0.4265012697919863,False,0.04705346431680835,0.01309015189321122,0.052039005385849886,0.6526510676322844,False,False,,False
2019-11-25,117.8000030517578,0.0023490399130670406,0.019089383680606215,1.3397086045510413,False,0.11132078350714902,0.014148066267672678,0.05191033035269672,1.8719340944134113,False,False,,False
2019-11-26,115.6999969482422,0.0027350389777141644,0.01931160143765674,-1.0647441913155995,False,0.09564392632634644,0.015959828353297453,0.05290282110151294,1.506235325714419,False,False,,False
2019-11-27,117.3000030517578,0.0029838156627571832,0.018915651123395515,0.5733403066936046,False,0.08661423221714948,0.01821052989386856,0.05265029305454624,1.2992083871672657,False,False,,False
2019-11-29,118.5500030517578,0.0027984237137153463,0.01873709940847878,0.41938254824660537,False,0.09717723001794187,0.019787497080667252,0.052907058009193916,1.462748749397977,False,False,,False
2019-12-02,121.5,0.0032034400340530413,0.01857134301328565,1.1674195426234226,False,0.14460667219471346,0.0217789626059123,0.05297240751367739,2.318711105533333,True,True,trend,False
2019-12-03,122.8499984741211,0.00352110887265728,0.018737190987190556,0.40507617630456294,False,0.16390331522662294,0.02407723109868735,0.05451080504782135,2.5651076700347515,True,True,trend,False
2019-12-04,120.5999984741211,0.0039089895553153665,0.01858658356971855,-1.1957016207123605,False,0.17429408040683758,0.026982595453770374,0.05607765015385617,2.626919718442185,True,True,trend,False
2019-12-05,123.9499969482422,0.0039089102165263834,0.01858667970391176,1.2841914554156535,False,0.1298997301405882,0.02993380349964968,0.05792296278385434,1.7258427717858968,False,False,,False
2019-12-06,123.6999969482422,0.0042353973850577315,0.018789636015613627,-0.3327547029101971,False,0.07331884553789325,0.032435163587242515,0.058137650674368324,0.7032221198555499,False,False,,False
2019-12-09,127.3000030517578,0.004004385764589397,0.018758132422615405,1.3379973802163239,False,0.11082028574812419,0.03397002414735321,0.05766908929092433,1.3326075120257759,False,False,,False
2019-12-10,132.0500030517578,0.004299081267949207,0.018978164266171,1.7395966338118047,False,0.12096773880166212,0.03598150906133656,0.05768371696368043,1.4733140340771673,False,False,,False
2019-12-11,133.85000610351562,0.0049249361574167545,0.01928425501336803,0.4514712616619459,False,0.15687130193609855,0.03823846903607113,0.05765284707056131,2.0577098777937666,True,True,trend,False
2019-12-12,135.89999389648438,0.0048835032102062794,0.019261854955468602,0.541591490813061,False,0.1585676927605828,0.04027319728931633,0.059112137505754656,2.0011879194818545,True,True,trend,False
2019-12-13,129.4499969482422,0.00513727675424871,0.01927238305692738,-2.7292226876131904,True,0.0919442734364635,0.04274031268945185,0.060141397365097854,0.8181379698963632,False,True,shock,False
2019-12-16,135.8000030517578,0.00444760108164895,0.02020690635978838,2.2074698181428487,True,0.1176954983683769,0.04400152837805629,0.06016854913942058,1.224792205302464,False,True,shock,False
2019-12-17,132.1999969482422,0.005427198749197653,0.020566383855604258,-1.5528649189814272,False,0.07610906463373524,0.04594450187512321,0.060163998948275905,0.5013723038015651,False,False,,False
2019-12-18,131.6999969482422,0.0048270927288371545,0.02083471985680531,-0.413216070843682,False,0.09203978950715297,0.04685158880944982,0.06009818372331252,0.7519062623547194,False,False,,False
2019-12-19,127.1999969482422,0.004954726765169022,0.020750985139230144,-1.8853703674643478,False,0.026220250746412654,0.04790325161953183,0.06019078089468158,-0.3602379060517401,False,False,,False
2019-12-20,130.6999969482422,0.004347548261272596,0.02122163578233517,1.0917243094240936,False,0.05658852201046427,0.04796854592068722,0.06016420775558813,0.14327415603634228,False,False,,False
2019-12-23,125.3000030517578,0.004885731440879953,0.02129136132688972,-2.169972873797993,True,-0.01571091871212904,0.0488164002815176,0.059826206391562886,-1.0785794869110528,False,True,shock,False
2019-12-24,129.39999389648438,0.00409624023085791,0.02189175343996601,1.3075770499390351,False,-0.020068224869595586,0.048557010709509726,0.06006596510125494,-1.142497843219896,False,False,,False
2019-12-26,127.3000030517578,0.0043691439907227484,0.02212119177376708,-0.9311352789274232,False,-0.04893539598864305,0.04794386179830007,0.0605330813426838,-1.6004349297617941,False,False,,False
2019-12-27,132.5,0.003682586391861357,0.02194777780957589,1.6933731792427942,False,-0.025018352091127793,0.046696594754574945,0.061557772161518885,-1.1650023112846393,False,False,,False
2019-12-30,132.14999389648438,0.0039832044005315625,0.022302271102935794,-0.2970441829976195,False,0.02085745084506807,0.0454603872643584,0.06205925473813988,-0.3964426663372426,False,False,,False
2019-12-31,129.6999969482422,0.003921357340675624,0.022314281992699848,-1.0065694031512518,False,-0.04491904246269196,0.04486799804206363,0.06207949197962182,-1.446323699527519,False,False,,False
2020-01-02,127.0999984741211,0.003787101640923563,0.022419886276057725,-1.063045131266314,False,-0.038577901602507736,0.04316642990999915,0.0627736492113068,-1.3022077342889773,False,False,,False
2020-01-03,126.3499984741211,0.0033456135527571303,0.022560285739559684,-0.40985647037495554,False,-0.0406226165382797,0.041626416194186215,0.0633484619338565,-1.2983587954881037,False,False,,False
2020-01-06,122.1500015258789,0.0037894227078514474,0.022033531025260355,-1.6806383027552445,False,-0.03970122282642918,0.040435079076458345,0.06404939752055248,-1.251164023473804,False,False,,False
2020-01-07,122.4000015258789,0.0033462097281428188,0.022441340322551847,-0.05790856505225508,False,-0.06350417456895674,0.039413224529153856,0.0647138562670422,-1.590345639014637,False,False,,False
2020-01-08,119.1500015258789,0.003166993672560697,0.022396693161181255,-1.326949505865482,False,-0.04908221369586496,0.03767713101871313,0.06571072691260983,-1.3203224007849022,False,False,,False
2020-01-09,117.3499984741211,0.002806184249935527,0.022656566932059644,-0.7906413048396821,False,-0.09312207102577497,0.036376279463949585,0.06645544156606335,-1.948649312050545,False,False,,False
2020-01-10,118.9499969482422,0.0025234565330479,0.02274706308544577,0.48845679671663744,False,-0.06559313356905916,0.03457324834150066,0.0681117211457257,-1.4706188630331756,False,False,,False
2020-01-13,114.5500030517578,0.002685046495373314,0.022782821713948676,-1.7414580469104164,False,-0.13547167508107316,0.03359021661797086,0.06902438778779231,-2.4493066453382495,True,True,trend,False
2020-01-14,114.9000015258789,0.0019497858698995045,0.023163491998342674,0.04773179433849454,False,-0.13053343297251818,0.031677421321642814,0.07168013893056634,-2.2629818623996822,True,True,trend,False
2020-01-15,114.3000030517578,0.00200373247285377,0.023161262860109093,-0.3119713843744529,False,-0.11873549929711946,0.029870541400514098,0.07403158712500786,-2.007332903003973,True,True,trend,False
2020-01-16,112.9499969482422,0.001927496008135538,0.023175698923091216,-0.5928007936032758,False,-0.11132967502560576,0.028099796515295695,0.07597732241155766,-1.8351458976881694,False,False,,False
2020-01-17,112.1500015258789,0.0017369789766412695,0.023229782526838945,-0.3796728884987204,False,-0.11238620593375515,0.026569104755228785,0.07761889690630387,-1.7902252702292472,False,False,,False
2020-01-21,111.0500030517578,0.001616179364015801,0.02325206244750857,-0.49133095681766764,False,-0.09087186521049262,0.024451107286210434,0.07921947253941541,-1.4557402214376578,False,False,,False
2020-01-22,111.0,0.0015840702980570275,0.023266339751893336,-0.08743727739349584,False,-0.09313726620721163,0.022723220147374743,0.08030983194560883,-1.4426687685395085,False,False,,False
2020-01-23,112.5999984741211,0.0013858857685449004,0.023218837499478354,0.5611183117804734,False,-0.05497274836656385,0.020979779406277203,0.08139404152903668,-0.9331460429538396,False,False,,False
2020-01-24,110.1500015258789,0.0019765756328197362,0.02297472927582879,-1.0330909881466486,False,-0.06135489596814925,0.0201655088230676,0.08184913920674151,-0.9959836545782806,False,False,,False
2020-01-27,106.5999984741211,0.001955823767018033,0.02299572605716718,-1.4865644980664234,False,-0.10382512644783726,0.019616803812852548,0.0822603230838892,-1.5006254003501,False,False,,False
2020-01-28,105.0500030517578,0.0017048009286215423,0.02326679870429642,-0.698209328756469,False,-0.08293321472638959,0.018696412921911477,0.08325749211289785,-1.2206664537828074,False,False,,False
2020-01-29,102.0500030517578,0.0015457613993525262,0.023337366721120103,-1.2899308878511524,False,-0.11183636469514657,0.018317068974695115,0.08365926603014968,-1.5557563417175586,False,False,,False
2020-01-30,101.5,0.001437383854946434,0.02345935278744189,-0.291010950038637,False,-0.1119860254593491,0.017797657466623373,0.08435120210582517,-1.5386109466839455,False,False,,False
2020-01-31,102.6500015258789,0.001337003195199064,0.023472413427954832,0.4257364130811198,False,-0.09119075432187163,0.017255948117420202,0.085058991271202,-1.274958717691825,False,False,,False
2020-02-03,97.9000015258789,0.001324427664932113,0.023466727046084587,-2.028326004796018,True,-0.1270619688463559,0.01687052160986548,0.08548868640949248,-1.6836437252852612,False,True,shock,False
2020-02-04,98.1500015258789,0.0007636737467191661,0.024095012272547425,0.07428725673034173,False,-0.11616390068775162,0.016084107676260343,0.0865454713719271,-1.5280754298012809,False,False,,False
2020-02-05,97.75,0.0009247725872471705,0.024065640622588542,-0.20777268939456114,False,-0.11936936936936948,0.015469648712722673,0.08732556610487356,-1.5440955506679148,False,False,,False
2020-02-06,98.1500015258789,0.0009630760787610463,0.024055224433305517,0.13007615668612205,False,-0.1283303476381773,0.015073549690427488,0.0878745247091837,-1.6319166197847754,False,False,,False
2020-02-07,98.3499984741211,0.0006157720997846949,0.023815121490226583,0.05970551854046413,False,-0.10712667170490686,0.013806923244040724,0.08925548644208622,-1.3549149723968603,False,False,,False
2020-02-10,100.3000030517578,0.0005523799877883902,0.023804784476936052,0.8097033948732874,False,-0.059099395051987025,0.012467914910089235,0.09031431484287929,-0.7924248784545687,False,False,,False
2020-02-11,100.5,0.0004638620325782646,0.023719312326131694,0.06450968753124348,False,-0.0433127360264427,0.011234084636852567,0.09065541752529108,-0.6016939985751848,False,False,,False
2020-02-12,100.6500015258789,0.0006454874950454463,0.023677587608310388,0.035774970629384124,False,-0.013718779853135965,0.01033529591270126,0.0908601003030899,-0.2647374995801013,False,False,,False
2020-02-13,104.4499969482422,0.0008427117144175625,0.023621402225082827,1.5626437843271104,False,0.02906400934228781,0.009731701921327225,0.09086762401888093,0.21275242562679555,False,False,,False
2020-02-14,109.0999984741211,0.0009313830347841915,0.02374867391856245,1.8353673806295867,False,0.06283484512775273,0.009301007860579875,0.09069597084887766,0.5902559591800799,False,False,,False
2020-02-18,106.5500030517578,0.001384194022599936,0.02425310963666923,-1.0207847574126245,False,0.08835547896893892,0.009344569054548632,0.09072122125591926,0.8709198225132478,False,False,,False
2020-02-19,106.8000030517578,0.0012781927602468605,0.024344760165930852,0.04387488103008116,False,0.08813042681001071,0.009887385337339183,0.09107458467036424,0.8591095063004102,False,False,,False
2020-02-20,103.5999984741211,0.0012555774934630648,0.02434294533094429,-1.282431763746323,False,0.059846531704563555,0.01023580596016744,0.0913262771809396,0.5432250966072468,False,False,,False
2020-02-21,108.8499984741211,0.0005071417660982395,0.024429344976323084,2.0536176759786477,True,0.10901677821595324,0.009734872701701201,0.0909438574187475,1.0916834663952324,False,True,shock,False
2020-02-24,105.9000015258789,0.0009147117642157765,0.0250088921777869,-1.12024953988765,False,0.0767666819409707,0.010032037781301588,0.09123478931975745,0.7314604950287018,False,False,,False
2020-02-25,107.0999984741211,0.0005982301875814071,0.025213140939188784,0.42569807612972843,False,0.0677965624672443,0.010045387255461183,0.09124461013013753,0.632926976502125,False,False,,False
2020-02-26,109.0999984741211,0.0004727437429725982,0.025134824500652114,0.7241503852077904,False,0.08557212412060777,0.01001910867219031,0.09122745985090511,0.8281828253455188,False,False,,False
2020-02-27,108.1999969482422,0.0004444799453855586,0.025112847020430436,-0.34618960554463973,False,0.07501237265676597,0.009761945859953568,0.09098335811115747,0.717168811433556,False,False,,False
2020-02-28,110.0999984741211,0.00019868664251360062,0.025106434638424557,0.6915120423248062,False,0.05409288358982556,0.009013363370457756,0.09019865064290891,0.49978042795601163,False,False,,False
2020-03-02,114.6500015258789,0.00039004712893378664,0.025184256676453447,1.6254618470339919,False,0.050870789453533405,0.008393894554120516,0.08971974503226555,0.4734397638350075,False,False,,False
2020-03-03,121.0500030517578,0.001361344609936032,0.025341168566946605,2.1491011739728565,True,0.1360863405415058,0.008342486838044911,0.08969393952558931,1.4242194553960483,False,True,shock,False
2020-03-04,117.1500015258789,0.002155953663639359,0.026100943794536372,-1.3169660616486694,False,0.09691009530313632,0.009260895686366646,0.09065233279788065,0.9668719702138632,False,False,,False
2020-03-05,109.8499984741211,0.0014296619670860252,0.026291319273467333,-2.424486961773166,True,0.06032818621673286,0.009398861713833362,0.09077935509935882,0.5610232023256487,False,True,shock,False
2020-03-06,105.5999984741211,0.0005864658313588755,0.027302327646959463,-1.4385435705700693,False,-0.02985760262341841,0.009405460020020514,0.09078308837879964,-0.4324931366028294,False,False,,False
2020-03-09,108.9499969482422,0.00030507040737623117,0.02759928400451482,1.1383773740199277,False,0.0288007117886393,0.008731717430441745,0.09088578367706208,0.22081555053216317,False,False,,False
2020-03-10,114.25,0.000803414875518178,0.02782675995696799,1.719308411710955,False,0.06676005254665451,0.008871314443335698,0.09090876462304401,0.6367784046274994,False,False,,False
2020-03-11,111.5500030517578,0.0018120505490215658,0.028174128675562335,-0.9031125416919777,False,0.022456504233754337,0.01015212346331468,0.09104029636826137,0.13515312736535898,False,False,,False
2020-03-12,109.1500015258789,0.000588156564390118,0.02723096852461335,-0.8116929562281019,False,0.008780079523395434,0.010241667353315087,0.0910491696497699,-0.01605273101931409,False,False,,False
2020-03-13,107.0500030517578,-0.00037327787658641016,0.026709569638033972,-0.706349323185932,False,-0.02770204781683261,0.00960713085030369,0.09088903851967339,-0.41049151003022816,False,False,,False
2020-03-16,103.9000015258789,-0.0005546063811352742,0.026791844093010084,-1.0776006696475244,False,-0.0937636271864637,0.00861039068852181,0.09088273681744495,-1.126440746174083,False,False,,False
2020-03-17,102.9000015258789,-0.0013192566078340266,0.02678646910108905,-0.3100588694803081,False,-0.14993805095666468,0.005875931879273641,0.09083590319429999,-1.7153347669439563,False,False,,False
2020-03-18,108.0500030517578,-0.0012098934405894142,0.02673485563474947,1.9172910111202708,False,-0.07767817631748708,0.002601505515500159,0.09197543012060921,-0.8728383409320826,False,False,,False
2020-03-19,116.6500015258789,-0.000726964319624616,0.027330673197839384,1.526744841503702,False,0.023942237044076053,0.00041094006837167165,0.09190390817414597,0.25604239736046513,False,False,,True
2020-03-20,119.6999969482422,-0.0003223834690965225,0.02772323226395866,0.9547565017999364,False,0.0930020879963136,-0.0005655265046132059,0.09124860550823392,1.0254141855623604,False,False,,False
2020-03-23,121.25,-0.0003055492826258277,0.027739123765652633,0.47783104054124553,False,0.07311258728791059,-0.0012535876272585374,0.09032906932602713,0.823280650072429,False,False,,False
2020-03-24,125.5999984741211,-0.0002810430621247395,0.027750155824238135,1.302959138909376,False,0.06004472580815512,-0.002464130666441369,0.08867910841755162,0.7048881928342049,False,False,,False
2020-03-25,129.9499969482422,0.00044150753277830617,0.02797881352780474,1.2220760779246034,False,0.12330437748966783,-0.003987455394423802,0.08655764280345352,1.4706018874974824,False,False,,False
2020-03-26,124.6500015258789,0.0005329206095380975,0.02808034994826534,-1.4714134151886908,False,0.10118251333650652,-0.004075393429769407,0.08642302787899392,1.2179381971394692,False,False,,False
2020-03-27,115.8499984741211,1.6014734305776675e-05,0.02848187371804807,-2.479250927712883,True,0.04351840323439804,-0.0037038778591212294,0.08681920856866564,0.5439151297511655,False,True,shock,False
2020-03-30,119.3000030517578,-0.0013133241311337669,0.029417266492527957,1.0569728438459212,False,0.1071734555229622,-0.004601236292637578,0.08596309029839426,1.3002637693411037,False,False,,False
2020-03-31,119.5500030517578,-0.0014137708544625794,0.02929620382484229,0.11978781415203311,False,0.12027585159045473,-0.004785160069686911,0.08570516645766339,1.4592003823003976,False,False,,False
2020-04-01,116.0,-0.001567579730913846,0.029246387761747136,-0.9617301692822201,False,0.03519930064647436,-0.005273099407628828,0.0848725100997727,0.47686111800541153,False,False,,False
2020-04-02,119.3499984741211,-0.002167716706050857,0.02935686104431287,1.0575726692947796,False,0.023146137273244438,-0.0069180113024836076,0.08282500762183827,0.36298395181555176,False,False,,False
2020-04-03,114.9000015258789,-0.0011498414324536761,0.02908741955205856,-1.2423043838438705,False,-0.04010021340634451,-0.007835319784659862,0.08209302997795775,-0.39302841703306457,False,False,,False
2020-04-06,116.6500015258789,-0.0023010281957283763,0.028780564915271072,0.6091493818884852,False,-0.03793813174532834,-0.009939262608322813,0.08084492129580417,-0.34632811422451915,False,False,,False
2020-04-07,119.9000015258789,-0.0017444914972845548,0.028709594709196453,1.0312097558426496,False,-0.04538214185899547,-0.011459891893376994,0.08027510929021453,-0.42257494590236044,False,False,,False
2020-04-08,119.8000030517578,-0.0013225812172759132,0.028911049748992033,0.016898922779698705,False,-0.07810691908309197,-0.013292184311592308,0.07944483319012614,-0.8158458161323853,False,False,,False
2020-04-09,118.5999984741211,-0.0008781205493833685,0.028654365056861305,-0.31892564636463117,False,-0.04853592440993082,-0.014683213242652371,0.07965671513851018,-0.4249825153901218,False,False,,False
2020-04-13,119.75,-0.0013785533010754092,0.028478986201945812,0.3888841020430554,False,0.03366423458995649,-0.016084872528257636,0.07930979497835035,0.6272756994491591,False,False,,False
2020-04-14,117.1999969482422,-0.0006983877442771795,0.028119162578262046,-0.7324542805850617,False,-0.017602733024277617,-0.015426537150896499,0.07951759564678812,-0.02736747578545553,False,False,,False
2020-04-15,120.1999969482422,-0.0014185981889848313,0.027942815925488473,0.9668269852302074,False,0.005437004432387926,-0.015393663926292257,0.07951616041816853,0.2619677339692148,False,False,,False
2020-04-16,118.5999984741211,-0.0008609188773468486,0.028060375157330585,-0.44369388444828045,False,0.022413779949319812,-0.014668698587345179,0.07945405893861708,0.46671597438858825,False,False,,False
2020-04-17,116.0500030517578,-0.0015830455494609316,0.027666620032803728,-0.7199202243206309,False,-0.027649731584025394,-0.014036270160139211,0.07955926832997574,-0.1711109429441171,False,False,,False
2020-04-20,113.6500015258789,-0.0018345022074801214,0.027761910603729456,-0.6788528255867577,False,-0.010879025094864492,-0.014683032592527123,0.07946888674327411,0.04786788457162558,False,False,,False
2020-04-21,109.6500015258789,-0.0018630520407873726,0.02778041671655873,-1.1998640745234233,False,-0.06000857186827424,-0.014229165694289421,0.0793910350986852,-0.5766319347906195,False,False,,False
2020-04-22,110.5999984741211,-0.002065045730465934,0.027968852520001034,0.38360345527130096,False,-0.07756466166308207,-0.01451490796449964,0.07951831907244664,-0.792895956982438,False,False,,False
2020-04-23,111.0500030517578,-0.001870848820235412,0.02799241331189994,0.21218629109757556,False,-0.07303839546831803,-0.015007468566163674,0.0797961532838397,-0.7272396539684672,False,False,,False
2020-04-24,105.1999969482422,-0.0013733857400029562,0.02775793020672184,-1.8483237340644025,False,-0.1129848372536264,-0.015451964201388859,0.08002807941240118,-1.21873314677003,False,False,,False
2020-04-27,104.5999984741211,-0.002103061618160352,0.028379150863555726,-0.1268658852155239,False,-0.12651358267957336,-0.016111706370517787,0.0806312527860938,-1.3692194092771954,False,False,,False
2020-04-28,105.6999969482422,-0.001825076557672894,0.028238186062981372,0.4370434590189548,False,-0.09812286944920856,-0.017144124623633898,0.08154961173568515,-0.9929997593126407,False,False,,False
2020-04-29,103.6500015258789,-0.0014834329396978404,0.028230323187221858,-0.6344609293222343,False,-0.13768715343220572,-0.01721080193594635,0.08161459148720053,-1.4761619129730432,False,False,,False
2020-04-30,104.6500015258789,-0.0019238180613859158,0.028248916606339828,0.40963239168568666,False,-0.1176222354782418,-0.018172055534121635,0.08261061992848427,-1.203842557170178,False,False,,False
2020-05-01,104.4499969482422,-0.001301976262448495,0.027978597172171014,-0.02177377922842451,False,-0.09995696508807528,-0.017934063006083883,0.08229322690262489,-0.9967151024354245,False,False,,False
2020-05-04,105.5500030517578,-0.0013681975553354567,0.027974021708206714,0.4253807742462307,False,-0.07127143304328654,-0.017526376767624648,0.0818021374450973,-0.6570128599846632,False,False,,False
2020-05-05,108.8499984741211,-0.0011581531256933575,0.028003821306502853,1.1578031408002134,False,-0.007295969362745458,-0.01689352255090687,0.08118987121122231,0.11821121335680612,False,False,,False
2020-05-06,109.3499984741211,-0.0005838086477844628,0.028223254899033916,0.18344042857513457,False,-0.011301989306017002,-0.015506406475402069,0.08043987709205434,0.052267821898504235,False,False,,False
2020-05-07,107.4499969482422,-0.00042812575470179136,0.02821912497534431,-0.6005603840691393,False,-0.0324178838773892,-0.014158616920365562,0.07963754076189376,-0.22927964352410818,False,False,,False
2020-05-08,110.0999984741211,-0.0005290208955242829,0.028266604040652222,0.8912167002352481,False,0.0465779626237981,-0.013379230502590846,0.07916123852055772,0.7574059507775186,False,False,,False
2020-05-11,108.9499969482422,-0.00019418191166824676,0.028415895847594408,-0.3607446374973908,False,0.041586984106862346,-0.01151636078484405,0.07890246922653488,0.6730251335892002,False,False,,False
2020-05-12,105.5999984741211,-0.000525641440016642,0.028388164196262777,-1.064612518478406,False,-0.0009460593851300381,-0.010228897685198367,0.07897156216072945,0.1175465958388303,False,False,,False
2020-05-13,103.5500030517578,-0.0006455031237877155,0.028497792066240524,-0.6585539171646618,False,-0.0009647705996045364,-0.009423446530758111,0.0787508225308527,0.10741063596941693,False,False,,False
2020-05-14,104.9000015258789,-0.0004746235174240724,0.028343859873690726,0.4767095435826518,False,0.002388915397561364,-0.008051975119448343,0.07797643559825847,0.13389802235642193,False,False,,False
2020-05-15,104.8000030517578,-0.00010692405124606156,0.02833780068941692,-0.029866475689165634,False,0.0033509441239047977,-0.006914346717795663,0.07749008314131012,0.13247231678640456,False,False,,False
2020-05-18,105.6999969482422,0.00026113667527005724,0.02814186847229694,0.29587911345485146,False,0.0014210695608491974,-0.0053785159335416445,0.07651784803570032,0.08886273815774869,False,False,,False
2020-05-19,107.0500030517578,0.00044750030802785575,0.02815022187671645,0.4378137434996813,False,-0.016536476321506233,-0.003866421333272334,0.07549639243687034,-0.16782331684031826,False,False,,False
2020-05-20,105.6500015258789,0.00046672684181246966,0.02815824637862426,-0.48102220127252326,False,-0.033836278005233034,-0.002871030959934129,0.07481859783471549,-0.4138709885168574,False,False,,False
2020-05-21,104.75,0.0009093365782775879,0.027670288889596342,-0.34072809054932424,False,-0.025127938808065076,-0.0016280217487191573,0.07349006626597653,-0.3197699805344386,False,False,,False
2020-05-22,103.5999984741211,0.0007617054552195427,0.027690927232318,-0.4239742573436328,False,-0.05903723969194974,-0.00041420892365667003,0.0723151628957179,-0.8106602878407454,False,False,,False
2020-05-26,105.0999984741211,0.0006696637943349027,0.027718681268034333,0.49818751347329404,False,-0.03533729767748495,0.0003902194720422599,0.07130250770053143,-0.5010695738722374,False,False,,False
2020-05-27,102.5,0.0008081528272782117,0.027761924975182657,-0.9201985498049682,False,-0.029356046580633288,0.0016301268048514912,0.0698271699466762,-0.44375525184748993,False,False,,False
2020-05-28,99.0999984741211,0.00045113953991631796,0.027917630558786675,-1.2043244881781348,False,-0.042974451438813066,0.002667068473175139,0.06875958401616307,-0.6637841191892525,False,False,,False
2020-05-29,96.3000030517578,-0.0002554996785760973,0.028090758408982574,-0.9967243587411274,False,-0.08198282506220456,0.002882067721350792,0.06858883908049332,-1.2372988655480968,False,False,,False
2020-06-01,98.3000030517578,-0.000658809415902953,0.0282745665514684,0.7578273817966482,False,-0.06202289895726265,0.0023664665342073,0.06908434782092801,-0.9320398545032542,False,False,,False
2020-06-02,98.1999969482422,-0.0004017976981839662,0.028381790549005945,-0.0216884962853963,False,-0.07095553658031317,0.0017224116128189445,0.06946047205267952,-1.0463209656567325,False,False,,False
2020-06-03,99.0999984741211,-0.0009187564333254702,0.02802830500089482,0.3597699435055591,False,-0.07426440309201088,0.0003888176671842647,0.06988728056587201,-1.0681946722598687,False,False,,False
2020-06-04,98.1500015258789,-0.0013901422893883941,0.027546959626175843,-0.2975320566445058,False,-0.07098911397708685,-0.00143917230907925,0.07002472033143604,-0.9932198420617568,False,False,,False
2020-06-05,98.9000015258789,-0.0012063187590803728,0.027444091606953557,0.3223893880059166,False,-0.055847240803065246,-0.003563766881692927,0.0696799362515248,-0.7503375682297385,False,False,,False
2020-06-08,98.9000015258789,-0.0011357181067839627,0.027460160480343138,0.041358757083628336,False,-0.04536676657786087,-0.00548346911653394,0.06910050088051897,-0.5771781239370286,False,False,,False
2020-06-09,97.8000030517578,-0.0007362169224895609,0.027252275356906778,-0.3811099493612441,False,-0.06945761682537777,-0.006886313093632932,0.06882372047394024,-0.909153171331927,False,False,,False
2020-06-10,96.75,-0.0015601903441668208,0.02660333512783517,-0.34492054472915074,False,-0.056097560975609584,-0.009265971694184012,0.06784053901824726,-0.6903186495736591,False,False,,False
2020-06-11,96.0,-0.0013419868641271146,0.02645772797591705,-0.2422714122015218,False,-0.031281518888525595,-0.011037494933071748,0.0672961661598616,-0.3008198699962239,False,False,,False
2020-06-12,95.1999969482422,-0.0015964315809681546,0.02642594395618985,-0.2549363440972057,False,-0.011422700609099223,-0.012358536017815348,0.06669752215807652,0.014031037112565398,False,False,,False
2020-06-15,94.0,-0.0019565316037645133,0.026329826620973752,-0.4044264671439396,False,-0.04374367159982406,-0.013651800347544775,0.06570598124032376,-0.4579776556751565,False,False,,False
2020-06-16,93.6500015258789,-0.002014607386509543,0.0263486911420343,-0.06485258136140211,False,-0.046333967044433266,-0.015235214270965974,0.06496720243268062,-0.4786838836979628,False,False,,False
2020-06-17,96.25,-0.0022983870739414045,0.02624944587188615,1.1452172216703198,False,-0.028758814510631003,-0.016574238946089424,0.0645526016645261,-0.18875421362354522,False,False,,False
2020-06-18,94.5999984741211,-0.0024792292753357302,0.02599028060808785,-0.5641972067144868,False,-0.03616915941485532,-0.017635966998944954,0.06408144388032541,-0.2892130903061708,False,False,,False
2020-06-19,93.75,-0.003452095311644392,0.025129825464243725,-0.2201801821912952,False,-0.052072815433995,-0.0199327069983631,0.061533690241766394,-0.522317259201474,False,False,,False
2020-06-22,95.9499969482422,-0.003142323063244826,0.024912695233730034,1.0680882549312316,False,-0.029828155026517256,-0.021919145808191515,0.06009879627989728,-0.13160012692252976,False,False,,False
2020-06-23,96.25,-0.0019985906241270315,0.024115784709676562,0.21252681773793902,False,-0.015848701466169568,-0.02312123035810152,0.05932817416872118,0.12258137038314847,False,False,,False
2020-06-24,96.6500015258789,-0.0014410468584704198,0.023736452270084724,0.23579374052690283,False,-0.0010335759599081618,-0.022934445009338205,0.05932873156816467,0.36914440053833675,False,False,,False
2020-06-25,94.8499984741211,-0.001808615003112218,0.023427382184960835,-0.7177633769741385,False,-0.011979182561238644,-0.023332235512652167,0.059076649093649715,0.19217496465340125,False,False,,False
2020-06-26,95.6500015258789,-0.0027055500603661953,0.022747454661667575,0.4897230303036801,False,0.004726938992249519,-0.02438209198075741,0.058146290484992244,0.5006171628527201,False,False,,False
2020-06-29,98.6500015258789,-0.0022779932500013476,0.022649954416680874,1.485316099119046,False,0.04946810133913737,-0.024618486183977478,0.057989121954339605,1.2775945733658518,False,False,,False
2020-06-30,100.0500030517578,-0.0015729348837651477,0.022865048502474308,0.6894600090953178,False,0.06833957737961516,-0.024075979226434244,0.05849392626557153,1.5799171385156876,False,False,,False
2020-07-01,103.0500030517578,-0.0011271860040622825,0.02284184214654668,1.3620702037118997,False,0.0706493823559251,-0.022795424223814944,0.059456822453410885,1.5716414487666481,False,False,,False
2020-07-02,102.25,-0.0003350457094156874,0.022877344305137274,-0.32469701522017047,False,0.08086682504515741,-0.02060325076324976,0.0598346190008018,1.695842264944437,False,False,,False
2020-07-06,97.1999969482422,-0.0003102272052393011,0.022868138107779778,-2.146154420868259,True,0.036799967447916915,-0.017525852416558796,0.05902265344895922,0.9204232051589282,False,True,shock,False
2020-07-07,99.25,-0.0016360590432898429,0.022791441078635104,0.9971561694217224,False,0.034392945875109326,-0.015999477166353415,0.058926214044468204,0.8551783592177582,False,False,,False
2020-07-08,98.9499969482422,-0.0019015181494460738,0.022400731484996887,-0.050051161261548294,False,0.028051916345373407,-0.015860134381939634,0.05903419799717171,0.7438408959060786,False,False,,False
2020-07-09,97.6999969482422,-0.002290441530235488,0.02215909404591237,-0.46672492958455436,False,0.010863894524431927,-0.016726136670618837,0.05788078862478163,0.47666992538588365,False,False,,False
2020-07-10,96.1500015258789,-0.002631530973282019,0.022118194828441518,-0.5982999652120873,False,0.013705883739286717,-0.017556119240798557,0.05701496832435452,0.5483122046519036,False,False,,False
2020-07-13,97.4000015258789,-0.0033214126032142634,0.02170391991010417,0.752026937313809,False,0.018295870068821163,-0.01817397046838346,0.05641054632702176,0.6465074868408933,False,False,,False
2020-07-14,96.6999969482422,-0.003609855622138746,0.021333269843108675,-0.1676746980712516,False,-0.019766898605928174,-0.01957408390066142,0.05410774823838347,-0.0035635322397314898,False,False,,False
2020-07-15,95.9499969482422,-0.0031618825847310387,0.020890248403016804,-0.2199142775542645,False,-0.040979569999558874,-0.02118674272656055,0.05222984731004275,-0.3789562537969082,False,False,,False
2020-07-16,97.0999984741211,-0.002323992576278286,0.019352576916634754,0.7394063327690655,False,-0.05773900438070112,-0.022313382369679977,0.05172414037709651,-0.6848953264906774,False,False,,False
2020-07-17,101.0500030517578,-0.002561252607483152,0.019060544037331976,2.268613736474159,True,-0.01173591147425146,-0.024512215168395485,0.04960712326453822,0.25754978022031766,False,True,shock,False
2020-07-20,98.5,-0.002046796580075004,0.01969797988431376,-1.177190004090145,False,0.01337451741330864,-0.02627237200925824,0.04665448364473922,0.8497980542334751,False,False,,False
2020-07-21,100.5,-0.0019873345589649445,0.01961996832205505,1.1361844586581304,False,0.012594458438287326,-0.02656336911903378,0.04633284119554022,0.8451419456894919,False,False,,False
2020-07-22,108.3499984741211,-0.0021016642744686805,0.019462018886518828,4.121417325490004,True,0.09499749182201334,-0.02670405817016654,0.046195676167760324,2.634479243256853,True,True,shock+trend,False
2020-07-23,107.5,-0.0005630681703336723,0.021132587278113287,-0.3445798989345325,False,0.10030709680522754,-0.024902755433788434,0.048254317154212176,2.5947906762179986,True,True,trend,False
2020-07-24,108.4000015258789,-0.0008707424115558264,0.021067416518274595,0.43872724598274965,False,0.12740509418195778,-0.023059485719781024,0.050344786626775016,2.988682443272424,True,True,trend,False
2020-07-27,110.4000015258789,-0.001130595950697814,0.02082705905506855,0.9401605930562706,False,0.13347022378173112,-0.02075565590590165,0.053182937016606854,2.89991279796139,True,True,trend,False
2020-07-28,109.6500015258789,-0.0008734732858681996,0.02094944795943479,-0.2825852448508161,False,0.13391938972415973,-0.017934627334370675,0.05565373446722925,2.7285503571722947,True,True,trend,False
2020-07-29,111.5999984741211,-0.0008304965621437136,0.020933737837998456,0.8892022225580168,False,0.16310580535318708,-0.015501889812582798,0.05822630141703841,3.067474505833973,True,True,trend,False
2020-07-30,115.3499984741211,-0.0007226651224812267,0.021009388544489884,1.6337846314214441,False,0.1879505693799155,-0.013776002202406393,0.06152810393422497,3.278608614332931,True,True,trend,False
2020-07-31,118.9499969482422,9.288740695581055e-06,0.021238033697109436,1.4690654369282057,False,0.17713996393761655,-0.011035291503683816,0.06578609523412368,2.8604107717840748,True,True,trend,False
2020-08-03,117.9000015258789,8.411647006008494e-05,0.02133905208792182,-0.4176060169656291,False,0.1969543302119685,-0.008745918710280768,0.06926286223396902,2.9698490978815832,True,True,trend,False
2020-08-04,121.0500030517578,0.00014390227875048288,0.02130727301353282,1.247164175004599,False,0.2044776423060477,-0.006418711373445451,0.07314729085663879,2.8831738155939153,True,True,trend,False
2020-08-05,121.5500030517578,0.0007868139413897035,0.02137270856002542,0.15644767352285222,False,0.12182745513180104,-0.00332367972157781,0.0770439511298699,1.6244122091092732,False,False,,False
2020-08-06,117.0,0.001117630983216323,0.02122745978353457,-1.8160821230486341,False,0.08837209302325566,-0.0015542599852222698,0.07838038915202178,1.1473067942296422,False,False,,False
2020-08-07,115.4499969482422,0.001087798940374743,0.021280687955523465,-0.6736477834550907,False,0.06503685722439978,0.00042414887999812895,0.07875674185065659,0.8204086002811577,False,False,,False
2020-08-10,112.5999984741211,0.0007956417128088366,0.02132563526215227,-1.1948830642369526,False,0.019927508313724696,0.0023255024651645537,0.07856961246661309,0.22403070724117208,False,False,,False
2020-08-11,111.3499984741211,0.0004122449630045925,0.021523556379179742,-0.5349250026279205,False,0.015503847921433778,0.0035650478489251233,0.07809648348960015,0.1528724411016343,False,False,,False
2020-08-12,112.0500030517578,0.00096661540913659,0.02065558141639811,0.25755313972437877,False,0.004032299137898709,0.005278230317925925,0.07690543762990638,-0.016200820363613765,False,False,,False
2020-08-13,116.1999969482422,0.0011264811820684928,0.02064965829259489,1.7390360589047371,False,0.007368864199090552,0.00701884207549222,0.07534374107472934,0.004645669548730856,False,False,,False
2020-08-14,114.6999969482422,0.0014800910967516783,0.021036081997462406,-0.6840089997048466,False,-0.03572929894104382,0.008425398524136207,0.07433227378712602,-0.594017850061078,False,False,,False
2020-08-17,115.5500030517578,0.0015665669862995172,0.020962311932238766,0.2787919045152619,False,-0.019932132686234838,0.009784836584018367,0.07253455715391736,-0.4096939505289071,False,False,,False
2020-08-18,119.3000030517578,0.001536738141530621,0.020952246363258493,1.4755813675477865,False,-0.014456835653707145,0.011087371287911792,0.07107824753103238,-0.3593814961527642,False,False,,False
2020-08-19,118.4499969482422,0.001994933588781582,0.021249471117616006,-0.42918149535307537,False,-0.025503957430553004,0.012227373013703368,0.06994987295026453,-0.5394052748470887,False,False,,False
2020-08-20,118.5500030517578,0.001759515459999966,0.02125142468269536,-0.04306656370445691,False,0.013247889331263307,0.012837606021873149,0.06940914181220814,0.005911084601798017,False,False,,False
2020-08-21,120.0999984741211,0.0013539091998360808,0.020969103809444115,0.5589511121744333,False,0.04027719054824708,0.013111524137793266,0.06936913829197769,0.3916102618445735,False,False,,False
2020-08-24,120.25,0.0014669910100860333,0.021009639458889177,-0.01037709804150601,False,0.06793962370822881,0.01379924653585012,0.06937950913917641,0.7803511129456425,False,False,,False
2020-08-25,123.1999969482422,0.0017153161595472872,0.02089366666799491,1.0920478131866171,False,0.10642118218686059,0.015137346636991691,0.06944384025441466,1.3144986684987634,False,False,,False
2020-08-26,122.8000030517578,0.0017135768324718088,0.02089173590601463,-0.23742788251011757,False,0.09593931019381063,0.015935256231165863,0.07015018166326568,1.1404682363714975,False,False,,False
2020-08-27,122.9499969482422,0.001809554968108055,0.020851619779934154,-0.02820434749098859,False,0.058089502386188485,0.016659953912325172,0.07069737557436104,0.5860125377679234,False,False,,False
2020-08-28,127.0999984741211,0.0022358147688822322,0.02050088505564859,1.5373851787855246,False,0.10810812428769578,0.01744709473594275,0.07082723232297042,1.2800306686888596,False,False,,False
2020-08-31,129.8000030517578,0.0029447001998819185,0.02066077408653872,0.8856614786790188,False,0.12332323343701757,0.018901400001106752,0.07156008307711799,1.4592190079402056,False,False,,False
2020-09-01,131.89999389648438,0.003054113359104389,0.020736532262578385,0.632919336673558,False,0.10561601443765345,0.02051385757496617,0.07253878943258944,1.173195162593291,False,False,,False
2020-09-02,131.5,0.0032825392243079395,0.02078609213372273,-0.3038134106732624,False,0.11017309740801551,0.021877391845816153,0.07317021912378122,1.2067164294373716,False,False,,False
2020-09-03,131.60000610351562,0.003127602129758295,0.020789321357832093,-0.11386131373330285,False,0.11008015787279524,0.02332741888377837,0.07383392326688398,1.174971275404611,False,False,,False
2020-09-04,134.8000030517578,0.0029674481078931217,0.020760265877871914,1.028341213102787,False,0.12239804133556476,0.02501564067303572,0.07435582087657398,1.3096809303494577,False,False,,False
2020-09-08,132.8000030517578,0.0034660361068302916,0.020818657978350197,-0.879155181001436,False,0.10436592974434755,0.027098764930913025,0.07487147973903208,1.0319972983404726,False,False,,False
2020-09-09,129.64999389648438,0.003381794949546153,0.02088049968588326,-1.2979451292138604,False,0.0523538726299797,0.028825349844945194,0.07514343504169793,0.31311481531258545,False,False,,False
2020-09-10,132.5,0.003211909442078973,0.02105005956867589,0.8917028732858837,False,0.0789902011985606,0.03031056467590425,0.07448126632069467,0.6535822889081395,False,False,,False
2020-09-11,133.35000610351562,0.003311956686749514,0.02112204103955327,0.146916849149706,False,0.08458730714447671,0.03183493132758486,0.07428922265294972,0.7100945996343289,False,False,,False
2020-09-14,123.5500030517578,0.003727336295797123,0.02086775488194557,-3.700358275364783,True,-0.027930727497892938,0.03335417604391966,0.0741859539152123,-0.8260984769685052,False,True,shock,False
2020-09-15,122.1999969482422,0.0031897351414510787,0.022301308103606518,-0.6329913254715852,False,-0.05855166351949248,0.0335547590297986,0.07399688530959724,-1.244733777157308,False,False,,False
2020-09-16,120.5500030517578,0.0034207677201913474,0.022059601998614453,-0.7671567738772781,False,-0.08604997247864987,0.033867174517034755,0.07355061027434055,-1.6304031543504387,False,False,,False
2020-09-17,118.0999984741211,0.0029638232307604953,0.02205034763171229,-1.0561002615884927,False,-0.10190115228805252,0.0335468135367496,0.07402471708496906,-1.8297667476300996,False,False,,False
2020-09-18,113.5999984741211,0.0027064072492387742,0.022209567553389438,-1.8374833246814994,False,-0.1367781671319671,0.033134205327313065,0.07469825684267366,-2.2746497661537473,True,True,trend,False
2020-09-21,112.0,0.0020761634085467123,0.022689302927330172,-0.7122588675249554,False,-0.16913948468534923,0.032300688473446984,0.07624560559097258,-2.6419905986378125,True,True,trend,False
2020-09-22,110.6500015258789,0.0020161867691048927,0.022726462681310584,-0.6190908268944119,False,-0.16679217633184917,0.030992016864003488,0.07884058059485476,-2.5086597752523443,True,True,trend,False
2020-09-23,110.5,0.001753587796530008,0.022774321439004104,-0.13652338330116068,False,-0.14770532046283136,0.02951275105695304,0.08148829814415522,-2.1747671206273123,True,True,trend,False
2020-09-24,111.1500015258789,0.0017355126016138614,0.022776269887768052,0.18206906437512715,False,-0.16113206395563107,0.02814823700515343,0.08358884435664085,-2.2644205984377486,True,True,trend,False
2020-09-25,113.6500015258789,0.0019622418943308502,0.022731138184735267,0.9031613544968448,False,-0.1477315611245208,0.026925911043416722,0.08567956458223398,-2.0384962624349456,True,True,trend,False
2020-09-28,109.5500030517578,0.0024052866227919595,0.02280399651769038,-1.6874648968635975,False,-0.11331444479313457,0.02570412437476457,0.08751320168488493,-1.5885439738392078,False,False,,False
2020-09-29,109.5500030517578,0.002027637035798439,0.023205475938535735,-0.08737752421751807,False,-0.10351877424221467,0.024610352029369783,0.08873910655687389,-1.443885691923944,False,False,,False
2020-09-30,110.9499969482422,0.0021387485707647967,0.023175126290436405,0.4591452034007681,False,-0.0796350548360738,0.023382404380928243,0.08987439819484482,-1.1462380976800923,False,False,,False
2020-10-01,107.0500030517578,0.0024772086642291047,0.023142232035175566,-1.6259504903153283,False,-0.09356473806208088,0.022903852604444913,0.09033104748251003,-1.2893528184656171,False,False,,False
2020-10-02,108.9499969482422,0.002058174973058559,0.023537179890406112,0.6666254467164381,False,-0.04093311257339671,0.022274108990876278,0.0909825477750257,-0.6947180872596217,False,False,,False
2020-10-05,107.1999969482422,0.0019246513415132282,0.023417489888296453,-0.7681039184210287,False,-0.04285717010498036,0.02211178501670607,0.09108562895587759,-0.7132733875412748,False,False,,False
2020-10-06,107.6500015258789,0.0019390574561115282,0.02340593078627616,0.09650317177644759,False,-0.027112516571437872,0.022022611540837737,0.09114671078422151,-0.5390773587935269,False,False,,False
2020-10-07,109.5999984741211,0.002114830641127051,0.023372259993131018,0.68454654925003,False,-0.008144810188949414,0.022355415525671832,0.09091779144199069,-0.3354703763793212,False,False,,False
2020-10-08,110.25,0.0020434652605005963,0.023314282556130186,0.16673065831077413,False,-0.008097179608849259,0.022644526790172734,0.09078398664343902,-0.33862476782124995,False,False,,False
2020-10-09,111.5500030517578,0.0020808520682559805,0.02331829095462283,0.41643527181894874,False,-0.018477768991872034,0.022747880414937006,0.0907439751426968,-0.4543072897344517,False,False,,False
2020-10-12,109.1500015258789,0.0021826594134715343,0.02334412688016597,-1.0151456215701795,False,-0.0036513146027927768,0.02251529117451082,0.09082807095244803,-0.28808941446089736,False,False,,False
2020-10-13,110.0999984741211,0.0021441114558121447,0.02338130633544128,0.28054374901970913,False,0.005020496641186201,0.022626329413956765,0.09079041389045277,-0.19391730930991977,False,False,,False
2020-10-14,109.5999984741211,0.0021477006347973967,0.023382305623392576,-0.28607216382696865,False,-0.012167629664297186,0.022630243515942592,0.0907896381192288,-0.3832802278002445,False,False,,False
2020-10-15,109.5,0.0016689583038699658,0.023142369296561233,-0.11154230236172803,False,0.022886472474527908,0.021808433769230126,0.0908223756041015,0.011869747935211443,False,False,,False
2020-10-16,107.25,0.001467571683679439,0.023097598458665585,-0.953151771538363,False,-0.015603460264893787,0.02120239237049563,0.09065918937531856,-0.40598038531998615,False,False,,False
2020-10-19,106.0500030517578,0.0007937989931845187,0.022991279546915513,-0.5211794194805953,False,-0.010727555309909542,0.020052354468884714,0.09057049141172305,-0.3398447915985387,False,False,,False
2020-10-20,104.9000015258789,0.0007481252383480511,0.02301190171100788,-0.503742845644895,False,-0.02554574975402013,0.018831096064150486,0.09035666357553639,-0.4911297524954808,False,False,,False
2020-10-21,104.1500015258789,0.0012620562688683322,0.02229633993239372,-0.3772692082771719,False,-0.04972625022005861,0.01799981983479133,0.09047582698504435,-0.7485543079484099,False,False,,False
2020-10-22,106.6999969482422,0.0008855198250925008,0.022195183024849907,1.0632195852686743,False,-0.032199574165603595,0.016878230553522423,0.0907907088853899,-0.5405597700650143,False,False,,False
2020-10-23,105.5999984741211,0.0012522741436140213,0.022356405152242367,-0.5171465810182992,False,-0.05333934930397066,0.016074877346709395,0.09095691622717303,-0.7631550137134357,False,False,,False
2020-10-26,106.6500015258789,0.0012832525275306005,0.0223385079192364,0.3876695061665739,False,-0.02290425987220235,0.01521883409566403,0.09130806962896154,-0.41752162895112077,False,False,,False
2020-10-27,106.9499969482422,0.0016273599546075582,0.02226945493622424,0.05323599559541452,False,-0.028610368478972026,0.014730698847510836,0.09141406505466305,-0.47411814911158495,False,False,,False
2020-10-28,105.0,0.0014915249778744795,0.02223018127664901,-0.8872764370461871,False,-0.04197078958178302,0.014105282333540262,0.09154969977820716,-0.6125205440452121,False,False,,False
2020-10-29,104.5999984741211,0.001344246499765053,0.022324843052437524,-0.23085424741233665,False,-0.04474887238245573,0.013809230453862197,0.09169649886311251,-0.6386078374021166,False,False,,False
2020-10-30,104.4000015258789,0.0013968652748117952,0.022307748627218186,-0.14832881935307532,False,-0.026573412346117542,0.013758973088756905,0.09172796106136448,-0.4396956497037229,False,False,,False
2020-11-02,102.8000030517578,0.001211566046908188,0.022276303590555657,-0.7423683035236591,False,-0.030645920853145214,0.014174514315884684,0.09146991708542321,-0.4900019219124509,False,False,,False
2020-11-03,103.4499969482422,0.00046482717919259583,0.021870384120277274,0.26785402700796224,False,-0.013822731711581326,0.013922380857499436,0.09156831281982297,-0.30299905845894787,False,False,,False
2020-11-04,103.0,0.0008855999690416328,0.02167192974973161,-0.24157969129640913,False,-0.011041781171680087,0.013559750869167574,0.09162434809446841,-0.2685043064697441,False,False,,False
2020-11-05,105.9499969482422,0.0005568737469401016,0.021560091204267703,1.3025860167889072,False,-0.007029053621845804,0.013244601007701341,0.09166835204620295,-0.22116307511810357,False,False,,False
2020-11-06,106.9499969482422,-0.00010270879283497792,0.019843867772874602,0.48080966474331677,False,0.012784076644205333,0.011884247068449883,0.09119455845924462,0.00986714109874866,False,False,,False
2020-11-09,106.8499984741211,0.00012773584152639145,0.01985309584138641,-0.05353008781431078,False,0.001875264373002894,0.010717273466302921,0.0906058576602791,-0.09758760991427926,False,False,,False
2020-11-10,107.3000030517578,3.6410503300284465e-06,0.01982994100550818,0.21219999167039647,False,0.003272614432003662,0.009043542402183522,0.08957476246131423,-0.06442582499364398,False,False,,False
2020-11-11,109.0999984741211,-0.00018620734801143938,0.019718798089344278,0.8601721168678137,False,0.03904760451543887,0.00730757427752049,0.08838448736114482,0.35911313382660165,False,False,,False
2020-11-12,110.0999984741211,0.00012804373350273847,0.019799715336412966,0.45646409973888696,False,0.052581262717329214,0.006042617141404211,0.08721915328780881,0.5335828636441259,False,False,,False
2020-11-13,109.25,1.3138044433049778e-05,0.019720716128609768,-0.3921449178735151,False,0.046455923402633825,0.004568956572926107,0.08544521688876111,0.4902201475389695,False,False,,False
2020-11-16,115.6500015258789,-0.0005378271763575585,0.019343239567414936,3.05631725415547,True,0.12499998144602542,0.0026823612932290177,0.08286461243381628,1.476114067998461,False,True,shock,False
2020-11-17,116.1999969482422,-0.00017286851407276,0.02019000964875001,0.24410871744953785,False,0.12324794950336271,0.0019871615266744695,0.08159012202710533,1.486218980483983,False,False,,False
2020-11-18,119.75,8.236671590925818e-06,0.020172242610337905,1.5140887163812842,False,0.16262135922330123,0.0010044097838930587,0.07963037072378239,2.029589313354028,True,True,trend,False
2020-11-19,120.6500015258789,5.934642817410444e-05,0.02024555253145147,0.3682944154025012,False,0.1387447380939315,0.0004463260094564392,0.07832098044478163,1.765790102461487,False,False,,False
2020-11-20,115.5,0.00010448170670421142,0.020258520692143685,-2.1121950736788486,True,0.07994392983382248,0.0006718897822848454,0.07869873094820243,1.0072848582998442,False,True,shock,False
2020-11-23,114.4499969482422,3.445121801263736e-05,0.0203986296217426,-0.4473529300880464,False,0.07112773591626964,0.000559514273092403,0.0785777341302912,0.8980689303940319,False,False,,False
2020-11-24,113.1500015258789,8.987726892208207e-05,0.02036767590196807,-0.5620920884249478,False,0.05452002150735513,0.0006407259889840011,0.07864838908153039,0.6850654685694513,False,False,,False
2020-11-25,114.5,0.0002675754886667973,0.02020609370629565,0.5772256623442052,False,0.049495890022031475,0.001101959498232407,0.0788641628153361,0.6136365212817332,False,False,,False
2020-11-27,121.6999969482422,0.0005746727526849667,0.020205997892248938,3.0836089856358333,True,0.10535875236045245,0.0015551867262403763,0.0790455145203388,1.3132125999066386,False,True,shock,False
2020-11-30,120.6999969482422,0.001329280008167634,0.021441237412798336,-0.4452264997480319,False,0.10480546405713698,0.0029062061025410925,0.079949178047846,1.274550413684225,False,False,,False
2020-12-01,115.6500015258789,0.0007258945597362828,0.021056089041145077,-2.021511617295758,True,0.0,0.004205360767315045,0.08080970451657221,-0.05204029382946973,False,True,shock,False
2020-12-02,116.8499984741211,0.0003401551498201405,0.021568020556912836,0.4653163784165381,False,0.005593817064972972,0.004681751419862296,0.08067630553799597,0.01130524804065455,False,False,,False
2020-12-03,117.6500015258789,0.00037969406331407255,0.021583869866155358,0.299608755815804,False,-0.017536521704560215,0.005022097416545066,0.08062489097309948,-0.27979720467010577,False,False,,False
2020-12-04,115.3499984741211,3.826643632977097e-05,0.021269900696420117,-0.9209165413540202,False,-0.04392874417511716,0.004981034935867026,0.08063572922877235,-0.6065522018436991,False,False,,False
2020-12-07,116.9499969482422,-0.00012739477363052327,0.021374572589509276,0.6549000961439775,False,0.012554086131966846,0.00473537111260617,0.08075783341809603,0.09681680015958274,False,False,,False
2020-12-08,117.0999984741211,4.629222963858778e-05,0.02143541440566827,0.057676526759064095,False,0.023154229764438705,0.004726120403282218,0.08075688487429795,0.22819242458201233,False,False,,False
2020-12-09,114.9000015258789,-0.00011093444520444252,0.021381740960486905,-0.8734742883056859,False,0.015466195107383562,0.004497814259498106,0.08067918759301283,0.13595056141635423,False,False,,False
2020-12-10,118.5500030517578,-0.00037808520967119876,0.021489419311661286,1.4958455275379043,False,0.035371205692207974,0.0037981685448201692,0.08034843431531914,0.39295149204130947,False,False,,False
2020-12-11,119.0999984741211,-0.00028162431096076193,0.021618595570693518,0.2276271010858491,False,-0.021363997858002026,0.002850835524891468,0.07953687841984784,-0.3044478720307794,False,False,,False
2020-12-14,123.5500030517578,-0.00017647687477412966,0.021623156706639477,1.7361052473324698,False,0.02361231297079258,0.0012867914175339655,0.07883183766737133,0.2832043780009355,False,False,,False
2020-12-15,123.0999984741211,0.00030541846268493877,0.022053189205019127,-0.17900837325956387,False,0.06441847686941138,0.0008270955586620203,0.07859629749713738,0.8090887654480858,False,False,,False
2020-12-16,125.0500030517578,-0.00019319298621523374,0.021706753473719233,0.7386645931223632,False,0.07017547868819851,0.0002445669264182282,0.07794966885497562,0.8971290422270539,False,False,,False
2020-12-17,125.0500030517578,-0.0002652241154360594,0.021643529803903914,0.012254198730015844,False,0.06289843969318709,-0.00046406980356602585,0.07705206001938628,0.822333750464441,False,False,,False
2020-12-18,123.6999969482422,-0.00048093965681799723,0.02155787782913328,-0.4784696665128457,False,0.07238837091094075,-0.0010336374668255773,0.07641255108866643,0.9608632002427195,False,False,,False
2020-12-21,124.3000030517578,-0.0005844486694985444,0.02158890973739716,0.2517469766022171,False,0.06284742450030545,-0.0015374338201199075,0.07579148020937325,0.8494999456741417,False,False,,False
2020-12-22,124.1999969482422,-0.0005299154508759093,0.021597516879999137,-0.012716223966074065,False,0.060631926273595926,-0.002167203598419771,0.07504403791881217,0.8368303680561023,False,False,,False
2020-12-23,124.5500030517578,-0.0008648573097787541,0.021400884089931682,0.17209298143548252,False,0.08398608701241339,-0.0029907517992460225,0.07399007671815591,1.1755203220422767,False,False,,False
2020-12-24,125.9499969482422,-0.0006294589157128084,0.021342139903249353,0.5561708135173427,False,0.062420866351674764,-0.003262483035671811,0.07362700950149775,0.8921094287553594,False,False,,False
2020-12-28,123.3499984741211,-0.00016332072491579642,0.021212394431055107,-0.9654629076901359,False,0.03568429936565831,-0.003128256452715877,0.07373886312548927,0.5263514268225525,False,False,,False
2020-12-29,125.4000015258789,-0.0007316595085651109,0.021182038214954204,0.8191402564165934,False,0.014973682140226874,-0.003705668477154574,0.07325511173443489,0.2549904051078102,False,False,,False
2020-12-30,125.4000015258789,-0.0005956027045335495,0.021261188202567362,0.02801361329662791,False,0.0186840217730897,-0.004633850143877905,0.07255898790895304,0.3213643490483474,False,False,,False
2020-12-31,128.25,0.00038427507106503743,0.01947467143807062,1.1472843217210429,False,0.025589739065561945,-0.004012320153598137,0.07255638105407303,0.4079869859702483,False,False,,False
2021-01-04,126.1500015258789,0.0008329958672974783,0.019597854456875813,-0.8780171836319135,False,0.008796468990615036,-0.002890434785797411,0.07235190362182807,0.16152862870751875,False,False,,False
2021-01-05,125.0999984741211,0.0007947045109498211,0.019629023054002093,-0.46452404031193784,False,0.011317716737411665,-0.0016258155662072123,0.0717047417527928,0.18051152528019174,False,False,,False
2021-01-06,120.9000015258789,0.0009547059254263098,0.019503060126864147,-1.7703797866895181,False,-0.02735318939986786,-0.00011623064586768983,0.07075057612450032,-0.3849715471725783,False,False,,False
2021-01-07,121.0999984741211,0.0010151083957828074,0.01938713042459361,0.03296651160421641,False,-0.024959730678680847,0.0013427690572269668,0.06900091789951736,-0.3811905774095766,False,False,,False
2021-01-08,123.6999969482422,0.0012249581058534976,0.01930649269711631,1.0486052284207223,False,-0.006824617283729517,0.0032651657773158788,0.06613600091061567,-0.1525611304300357,False,False,,False
2021-01-11,121.4499969482422,0.0016719368404557486,0.01938282925114402,-1.0246752098051555,False,-0.035728464541759375,0.005398066564624141,0.06308669868817496,-0.6519049492455423,False,False,,False
2021-01-12,121.4000015258789,0.0014474897981841916,0.019515371691111907,-0.09526562961570847,False,-0.015808649958364396,0.006891091310238434,0.06069401491334615,-0.37400296060512106,False,False,,False
2021-01-13,125.25,0.0013635695165416673,0.01950957501350925,1.5556341853232765,False,-0.0011961844023415935,0.008828736830201989,0.057492703098975646,-0.17436858404944605,False,False,,False
2021-01-14,127.3499984741211,0.0014865189019039897,0.019672898979508757,0.7766997633248464,False,0.015550214709046495,0.010782541853164379,0.05451301331214174,0.08745935266103162,False,False,,False
2021-01-15,128.14999389648438,0.002191080393800154,0.0192511942354477,0.21249507749742083,False,-0.0007797746862816535,0.01250073731319346,0.052544026821814444,-0.25275017547687284,False,False,,False
2021-01-19,127.1500015258789,0.002274838585863881,0.019255197615349606,-0.5233981528939371,False,0.007927070851401208,0.013870590640605902,0.05078835781432686,-0.11702524052723141,False,False,,False
2021-01-20,125.1999969482422,0.0020004013468659667,0.019250134180584577,-0.9005991370504555,False,0.0007993483240671395,0.015038085649772236,0.04960242348699729,-0.2870572912518603,False,False,,False
2021-01-21,126.4499969482422,0.00226459683988039,0.018865495323555588,0.40918241637407093,False,0.045905668753654094,0.016296273468254206,0.047980721261663965,0.6171102581789959,False,False,,False
2021-01-22,124.0500030517578,0.002161068410154002,0.018800568275538585,-1.1244795485230064,False,0.024360071137962347,0.017454123885948216,0.047627501521825974,0.14499915030918392,False,False,,False
2021-01-25,123.25,0.002122170120620302,0.018841754995623128,-0.4549049204785051,False,-0.003637808887178018,0.018350353769187453,0.047106841833072226,-0.4667721672848014,False,False,,False
2021-01-26,124.5,0.001980212241250885,0.01886599760212062,0.43261828822909437,False,0.025113241073670522,0.01866334987164425,0.046878119101898666,0.1375885237205483,False,False,,False
2021-01-27,125.5,0.001873915671411086,0.018796195223121415,0.32763081940487354,False,0.033772639395289294,0.019106790555145848,0.04677829703188664,0.3135182289801273,False,False,,False
2021-01-28,124.0,0.0019019351057434693,0.01880388908182685,-0.7367692013346604,False,-0.009980039920159722,0.019665054808534366,0.046699025992986025,-0.6348118423957416,False,False,,False
2021-01-29,122.9499969482422,0.0015853537439387052,0.01883498771471614,-0.5337471116329958,False,-0.03455046390733174,0.01977835786282386,0.04661546575783494,-1.1654677452412718,False,False,,False
2021-02-01,125.3499984741211,0.0017593172403636878,0.018678347129888542,0.9508778086950346,False,-0.02184936055966602,0.01936636920543001,0.046960602113341715,-0.8776661267166007,False,False,,False
2021-02-02,123.4000015258789,0.0019035379368589167,0.018774203203370303,-0.9299971643911327,False,-0.02949272477387077,0.01900810444275198,0.047173539445178284,-1.028136319365795,False,False,,False
2021-02-03,123.9499969482422,0.0017566700478478718,0.01886815143576692,0.1431164602119588,False,-0.009984025802466712,0.018777103174624332,0.04737027390371981,-0.6071556401710512,False,False,,False
2021-02-04,124.0500030517578,0.0018282621537365632,0.018868073919709644,-0.05413567756214312,False,-0.01897978611629958,0.018338829864264404,0.04748366436608507,-0.7859253593582931,False,False,,False
2021-02-05,124.5,0.0021129924389802954,0.018686091127414966,0.08105239286463915,False,0.003627544838143981,0.018293812186245657,0.047517866950636076,-0.30864742652143295,False,False,,False
2021-02-08,124.0999984741211,0.0023105434732781215,0.01862177227079937,-0.2966101751559409,False,0.006896539343781649,0.018485213521553037,0.04742821607540896,-0.24434134649605757,False,False,,False
2021-02-09,122.9499969482422,0.002412291365965828,0.018569700880315107,-0.6289290407811571,False,-0.012449823708897911,0.018917777376190395,0.0471684414951007,-0.6650124551676443,False,False,,False
2021-02-10,121.0999984741211,0.002384063811947438,0.018586034182360895,-0.9378449744728075,False,-0.03505977311457298,0.01941479639633921,0.04662866178474844,-1.1682636264017774,False,False,,False
2021-02-11,121.1999969482422,0.0018569887711861676,0.01851121121003103,-0.05570880898568656,False,-0.02258066977224038,0.01937666041035295,0.04667259479844744,-0.8989714491723318,False,False,,False
2021-02-12,121.1500015258789,0.0020054556456731124,0.01845688846328554,-0.13100578386845496,False,-0.014640060732340032,0.019786776137442685,0.04615729374229739,-0.7458590848500034,False,False,,False
2021-02-16,124.3499984741211,0.001867379454255628,0.018435426691550606,1.3314653558892833,False,-0.00797766264198585,0.019896965459307515,0.046063771684029954,-0.6051312578678254,False,False,,False
2021-02-17,125.6999969482422,0.0021820543189967905,0.01865193233650108,0.46506640413389394,False,0.018638536417529217,0.020172068203800665,0.04583118493112141,-0.03346044376937137,False,False,,False
2021-02-18,127.5999984741211,0.002569910752077371,0.018523686642471733,0.6772656012591499,False,0.029447370841025666,0.020980192550458163,0.04525131817941341,0.18711451138277674,False,False,,False
2021-02-19,127.5,0.002822242816947118,0.01856446448327553,-0.194238294933307,False,0.027811341099304165,0.021969475793437918,0.04460130209698613,0.13097970308496898,False,False,,False
2021-02-22,133.4499969482422,0.002837287212025177,0.01856103293112341,2.3613640297891116,True,0.07188752568869217,0.02269460583937687,0.044242072795786555,1.1119035962980524,False,True,shock,False
2021-02-23,136.85000610351562,0.0036638511905545336,0.01911337550891873,1.1412910813575683,False,0.1027397887684367,0.0240617184599347,0.04415563249499969,1.7818354276187016,False,False,,False
2021-02-24,135.64999389648438,0.003919249571294558,0.019276665560101443,-0.6582084034183491,False,0.10329399970289121,0.025615885399668272,0.04485006866176407,1.7319508446916982,False,False,,False
2021-02-25,139.1999969482422,0.003860330697153847,0.01930900769585045,1.1554184720232916,False,0.14946324279260037,0.027140362477995894,0.04552530086717727,2.6869208546581302,True,True,trend,False
2021-02-26,136.85000610351562,0.003827391601088069,0.019268227793666524,-1.0748009796424984,False,0.1291254913311315,0.029226926430188507,0.04748224850046616,2.1039139479665168,True,True,trend,False
2021-03-01,135.14999389648438,0.003476451159411121,0.019403866938708294,-0.8193676087410462,False,0.11555915967211017,0.030778145292680855,0.04881938793532108,1.7366259177962737,False,False,,False
2021-03-02,133.1999969482422,0.0033232852024479374,0.019484331361949637,-0.9110744330070059,False,0.07117007304156009,0.03229393056333563,0.049667371792841336,0.7827300111705884,False,False,,False
2021-03-03,131.14999389648438,0.0030747525982854802,0.019591434569335302,-0.9425122079259911,False,0.04335717645630699,0.033199230011463035,0.04974996793045287,0.20417995965432753,False,False,,False
2021-03-04,128.39999389648438,0.002645875710276345,0.019639473347372847,-1.202386291716872,False,0.006269556676566479,0.033256690970674616,0.049759301946022245,-0.5423535547862621,False,False,,False
2021-03-05,128.75,0.0022440855664261003,0.01981177414376485,0.02431982076119876,False,0.009803921568627416,0.03263920155679778,0.04980358597035696,-0.45850674290324994,False,False,,False
2021-03-08,129.0500030517578,0.0023833674987566514,0.01977746554296905,-0.002692291804965401,False,-0.032971105261177636,0.032150508199011024,0.04984598273373931,-1.306456606704831,False,False,,False
2021-03-09,128.89999389648438,0.0016333524470974092,0.018652068317445925,-0.1498902692112579,False,-0.05809288894746345,0.030044227042914984,0.049202984959645896,-1.7912961187754073,False,False,,False
2021-03-10,129.35000610351562,0.001554444447885026,0.01865119900868063,0.10383937104519426,False,-0.046442964072496484,0.02762634919690397,0.049016248447787396,-1.5111175500976954,False,False,,False
2021-03-11,131.8000030517578,0.001193649402954038,0.01834186387896308,0.9675780152021871,False,-0.05316087685860982,0.024838824886293336,0.047144357352416164,-1.6544864778161124,False,False,,False
2021-03-12,132.4499969482422,0.00134598491345836,0.018442250244741595,0.19442765037448623,False,-0.03215205669735355,0.022280083353592783,0.04607427191048867,-1.18139989616537,False,False,,False
2021-03-15,131.4499969482422,0.00198088003606402,0.017711076295003608,-0.538132122877187,False,-0.027376967187110135,0.02078547019984377,0.04599651131273071,-1.0470889207117695,False,False,,False
2021-03-16,133.8000030517578,0.0020014255889180014,0.017698948594465694,0.8970104152337388,False,0.004504550429897947,0.01947207415846537,0.04594593633888315,-0.3257638198549607,False,False,,False
2021-03-17,132.85000610351562,0.0023912415760115736,0.01772266444714131,-0.5355497256552194,False,0.012962350637797604,0.01880520121076594,0.045793081189423344,-0.12759243145922747,False,False,,False
2021-03-18,126.4000015258789,0.0021374925384354823,0.017720471728618188,-2.860449930835166,True,-0.015576265308998916,0.01831808735230949,0.045656308525728,-0.742380489263788,False,True,shock,False
2021-03-19,125.4499969482422,0.0006517178849818898,0.017223089834317067,-0.47422250438874597,False,-0.02563109166413824,0.01670562045005014,0.04466551902913228,-0.9478611921329073,False,False,,False
2021-03-22,130.10000610351562,0.0006610654605264073,0.017218401073319293,0.4552649520762156,False,-0.019633328706233355,0.01496646637376647,0.04371817006629385,-0.7914282557465924,False,False,,True
2021-03-23,127.5999984741211,0.001332255247883108,0.016505696430645606,-1.244921762436999,False,-0.03735310778497347,0.014704688657683361,0.043867523585356234,-1.1867047006053166,False,False,,False
2021-03-24,126.5,0.0009376931971126738,0.016639735301162892,-0.5744304716438015,False,-0.04897198003474468,0.014132062993017405,0.044266549198190515,-1.4255469235975953,False,False,,False
2021-03-25,126.5999984741211,0.0007314653536518012,0.016661348011003094,0.0035433158239935435,False,-0.06591258504137298,0.013712923548614947,0.04471698859628996,-1.7806545362179025,False,False,,False
2021-03-26,128.5,0.0010026658699140566,0.016491441883831694,0.8492432230328016,False,-0.0565466829447101,0.013419805670398202,0.04516969311301686,-1.5489697581085755,False,False,,False
2021-03-29,127.0500030517578,0.001017827153347682,0.01650394993522901,-0.745388234037679,False,-0.060096341293032984,0.012498462082709176,0.04588663786054285,-1.5820466863658627,False,False,,False
2021-03-30,122.5999984741211,0.000850272014338113,0.0165649037558352,-2.1657770073493428,True,-0.10894690681948127,0.011388454468609553,0.04662635156380652,-2.5808444635308025,True,True,shock+trend,False
2021-03-31,123.5,0.0006337616109300829,0.016927202891307874,0.39623776804075633,False,-0.0959871170269444,0.00972961310958469,0.048648605221494085,-2.173068059304216,True,True,trend,False
2021-04-01,121.5999984741211,0.00030808417288596214,0.016550905173614024,-0.9481482582483906,False,-0.06447428187894233,0.007978168806662658,0.05005716886239827,-1.447394096233627,False,False,,False
2021-04-05,122.0999984741211,4.109775064257507e-05,0.016641350878743612,0.24461622351927473,False,-0.053513891742825614,0.007403365019716787,0.05064274798616043,-1.202882133868205,False,False,,False
2021-04-06,126.8499984741211,-0.00040225900656615764,0.016066591510448727,2.4463681901483016,True,-0.024980841482886706,0.006375015623535211,0.05109024551704295,-0.6137347117653225,False,True,shock,False
2021-04-07,126.75,0.000165005346111086,0.01668963591499788,-0.0571208388149715,False,-0.006661430127630208,0.0051830247121712365,0.0507595496332632,-0.23334436426992378,False,False,,False
2021-04-08,127.8499984741211,-5.6716492466608593e-05,0.01658872247381572,0.5265749339019657,False,0.010671924696609603,0.004158532594626853,0.05020241625943247,0.12974260179676025,False,False,,False
2021-04-09,127.25,5.8996693502737505e-05,0.016619363164246545,-0.28593059653078506,False,0.005134293315270266,0.003462179061339154,0.0497366839092815,0.03361933531758989,False,False,,False
2021-04-12,128.10000610351562,0.0001403665940685513,0.016580393356677964,0.39440835169762833,False,-0.003112792968749889,0.002565458026730214,0.049079122500737676,-0.11569585408530393,False,False,,False
2021-04-13,130.0500030517578,0.00016475750237981607,0.01658875933121801,0.9077050359238006,False,0.023612750318296793,0.001685988460476143,0.04857267843575729,0.451421716157185,False,False,,False
2021-04-14,132.10000610351562,0.0003784509983756479,0.016679086752433077,0.9223970315891693,False,0.07748782828410761,0.001192399447738821,0.048151852106295766,1.5844754770376384,False,False,,False
2021-04-15,132.6999969482422,0.0005510524179733197,0.016771399099740722,0.2379581851729031,False,0.07449390241491627,0.0011057559980280774,0.04800648864686855,1.5287130653675767,False,False,,False
2021-04-16,129.14999389648438,0.00046173945416104977,0.016731493894736243,-1.6265036213535824,False,0.06208877892354647,0.0012667298122046307,0.04823456654122993,1.2609639408566549,False,False,,False
2021-04-19,129.85000610351562,0.0003802861844958431,0.016850076056097365,0.2991002992308829,False,0.06347262675058207,0.0016187895396431395,0.04858426629250048,1.2731248597755762,False,False,,False
2021-04-20,132.4499969482422,0.00023096282807823167,0.01675356909766657,1.1813643522698731,False,0.04414661837984646,0.0022654421344478755,0.04908460304637992,0.8532446764584235,False,False,,False
2021-04-21,132.1999969482422,0.0004979365898562537,0.016908657935422476,-0.14107810100709792,False,0.042998003536427465,0.0026049434225379657,0.049287338643632016,0.8195423251790515,False,False,,False
2021-04-22,134.3000030517578,0.00016973972259113642,0.016709064454109454,0.9405271940244841,False,0.0504497822027139,0.002837053615482839,0.04943780523277763,0.9630833804827458,False,False,,False
2021-04-23,136.85000610351562,0.0005998640737450792,0.016692635539754704,1.1015336641476572,False,0.07544209118676326,0.0033924311249774906,0.049738705272257155,1.4485632399839132,False,False,,False
2021-04-26,141.75,0.0009640082424064644,0.01679293271047927,2.074775904827241,True,0.10655732432560572,0.004247422784302179,0.050423207456854996,2.0290240685074585,True,True,shock+trend,False
2021-04-27,144.35000610351562,0.0018890575477832424,0.016775599625537034,0.9807778889147354,False,0.10995772945938853,0.006032896300641827,0.0516451788002208,2.0122852814734062,True,True,trend,False
2021-04-28,144.3000030517578,0.002111563684821891,0.016882772434167814,-0.14559013614230265,False,0.09235424969384232,0.007831795769149419,0.05288587120079459,1.5982048136029001,False,False,,False
2021-04-29,141.39999389648438,0.001820680368250634,0.016731999137595134,-1.309930947647774,False,0.06556139523978666,0.009154180662183709,0.053747384564379524,1.0494876175795576,False,False,,False
2021-04-30,139.9499969482422,0.0017952414971969895,0.01676425195941526,-0.718780490463926,False,0.08362372096133552,0.010504712125937656,0.05387677965821425,1.3571525488207217,False,False,,False
2021-05-03,138.75,0.0016640025455263471,0.016820196422727675,-0.6087010852151894,False,0.06854057357062726,0.011830477071533655,0.05444095724010622,1.0416807377023072,False,False,,False
2021-05-04,138.89999389648438,0.0011268318706035988,0.016487599471369414,-0.002777528584667996,False,0.04869759982525834,0.01276030051117324,0.054809746781890316,0.6556735147325866,False,False,,False
2021-05-05,148.5,0.0009176929667179623,0.016385702875832957,4.161971285040841,True,0.12329805921356751,0.013202265646056064,0.05496596898057605,2.0029810373472587,True,True,shock+trend,False
2021-05-06,153.5,0.0017554616789361803,0.018172501687196817,1.7562013497339515,False,0.14296348854767116,0.014856636764720718,0.05638830010026095,2.2718693692693464,True,True,trend,False
2021-05-07,152.3000030517578,0.0023084394115982015,0.018505653892786203,-0.5471846153425861,False,0.11289730551093657,0.016657122334004317,0.058287915881190935,1.6511172465507251,False,False,,False
2021-05-10,147.60000610351562,0.002408688520783334,0.018428983443719158,-1.805244028676285,False,0.041269884328152484,0.01815176176316258,0.059304158966073585,0.3898229562317071,False,False,,False
2021-05-11,147.89999389648438,0.0018640998594762486,0.01880181660075878,0.008953266686567592,False,0.02459291751205739,0.018089951304155888,0.05927725097206187,0.10970424743492967,False,False,,False
2021-05-12,145.75,0.0021442628415295067,0.01864290628874126,-0.8947677544300013,False,0.01004848868729491,0.01809305592247716,0.059277589901064236,-0.13571009294758496,False,False,,False
2021-05-13,145.64999389648438,0.0020364258866340753,0.018716530431494016,-0.1454636114151054,False,0.03005657838366904,0.018275539890136798,0.05923083613198604,0.19890042523256238,False,False,,False
2021-05-14,144.25,0.0018920507392646583,0.018694911435395267,-0.6153595880301685,False,0.030725281497134382,0.01834145105427011,0.05924129735466951,0.2090405003915424,False,False,,False
2021-05-17,145.0,0.0016567951289454986,0.018727588954356448,0.1891600482468502,False,0.04504504504504481,0.018300819615628044,0.05923161488869178,0.45151943737604633,False,False,,False
2021-05-18,151.8000030517578,0.0018854817688676103,0.018663772566831632,2.411682356324237,True,0.09287264018807084,0.019034487415164107,0.059217362708668536,1.2469003919706463,False,True,shock,False
2021-05-19,150.9499969482422,0.002623672959763314,0.019331682848714202,-0.4253735233468938,False,0.016498295947758645,0.020733462136436138,0.059486512732162634,-0.07119540201904727,False,False,,False
2021-05-20,150.9499969482422,0.0022887442115620306,0.019252430511157596,-0.11888079327104215,False,-0.016612397731321504,0.021244764223201804,0.059280001776678276,-0.638616073210324,False,False,,False
2021-05-21,150.10000610351562,0.0024961631156417423,0.01914105246158019,-0.42459035303062076,False,-0.014445153671431732,0.021416501917102457,0.059149539884372555,-0.6062879890298,False,False,,False
2021-05-24,149.0,0.0023616570329953925,0.0191625196681479,-0.5056821998013226,False,0.009485053106992991,0.021357020212182925,0.05918377664351628,-0.2005949565655259,False,False,,False
2021-05-25,150.5,0.0022531861762709895,0.019194438528345903,0.4070933310265609,False,0.017579487564653773,0.021736551401826825,0.059012632555116434,-0.0704436263420455,False,False,,False
2021-05-26,155.6999969482422,0.002339047099681868,0.019215061136463416,1.6764155685323816,False,0.06826756053682459,0.021922577304846955,0.05897675548967532,0.7858177827379967,False,False,,False
2021-05-27,155.35000610351562,0.0028425716116929132,0.019559326254989566,-0.2602556673577324,False,0.06659809552704266,0.02274085758742086,0.05919081898722262,0.7409466314208145,False,False,,False
2021-05-28,162.35000610351562,0.0029361566636984695,0.019517350679723083,2.158253198638366,True,0.1254766454316507,0.02379482984390007,0.05925947122746753,1.7158745004228082,False,True,shock,False
2021-06-01,161.0500030517578,0.0037375739455453635,0.01999710132013609,-0.587334318716088,False,0.11068967621901948,0.025935315424516384,0.05999959304755344,1.4125822608051686,False,False,,False
2021-06-02,161.14999389648438,0.0036197984631932806,0.020040447658607026,-0.14964386998371967,False,0.06159414134885477,0.02771225337106652,0.06051458099853165,0.5598962666305229,False,False,,False
2021-06-03,157.60000610351562,0.0036335767540544195,0.020037992973913028,-1.2807004796433312,False,0.04405438416506646,0.028728709398815784,0.06043377535854685,0.25359452847890374,False,False,,False
2021-06-04,161.64999389648438,0.002987675395736852,0.020074497719216575,1.1312968331289022,False,0.07088438002361164,0.029422470022909812,0.060305222520002345,0.6875343173959689,False,False,,False
2021-06-07,160.14999389648438,0.003185561391353624,0.02022569393638228,-0.6162888119434287,False,0.06695527904267906,0.030119081270990916,0.06048047167412436,0.6090593666359905,False,False,,False
2021-06-08,157.6999969482422,0.002860299071100852,0.020227403636613364,-0.8977147488439106,False,0.05838924126337064,0.030619186713679625,0.06062973224247315,0.4580270029666594,False,False,,False
2021-06-09,157.1999969482422,0.00266677303918523,0.020331902376671977,-0.2871029988940446,False,0.044518252147788706,0.031026892049200512,0.06071334876067405,0.22221406616475375,False,False,,False
2021-06-10,158.6999969482422,0.0020022767746827046,0.019678343251861095,0.3831475062144446,False,0.019267823113684912,0.030661968401988465,0.06054645645814045,-0.18818847468275932,False,False,,False
2021-06-11,157.4499969482422,0.0017897995576766175,0.01950672594522604,-0.4955365790560502,False,0.01351780342594422,0.029549008859925105,0.05996804827962357,-0.267329117653277,False,False,,False
2021-06-14,154.10000610351562,0.0018016971177358802,0.01950047011855749,-1.1834707054403162,False,-0.05081613606309143,0.028351992909565808,0.059369156225073175,-1.3334892056158687,False,False,,False
2021-06-15,151.1999969482422,0.0011690724127322734,0.019468830297351556,-1.0266708121604147,False,-0.0611611668231391,0.025681601191489923,0.05834339051094236,-1.488476539572063,False,False,,False
2021-06-16,153.35000610351562,0.001143247227493028,0.01949436646043918,0.6707779068570153,False,-0.048402035919276165,0.023144445749432984,0.05792010236921262,-1.235261657733872,False,False,,False
2021-06-17,149.5500030517578,0.001498475046850598,0.019486566341505147,-1.3485397441117548,False,-0.05107869758882089,0.02095829647488116,0.05747744647779884,-1.2533088798843381,False,False,,False
2021-06-18,149.89999389648438,0.0013604544709135509,0.01963697726057842,0.04989763169950412,False,-0.07268790871420838,0.019328312866476082,0.05776694201966951,-1.5928871836309624,False,False,,False
2021-06-21,152.35000610351562,0.001596863894700881,0.01953907436937487,0.754766956347303,False,-0.04870426531524197,0.017781045064202545,0.058661822338695754,-1.1333659223127825,False,False,,False
2021-06-22,151.25,0.0020943661534403636,0.019431486171897064,-0.4793571861017831,False,-0.04090042532061133,0.01704806077097843,0.059149031061773286,-0.9797030492531702,False,False,,False
2021-06-23,153.14999389648438,0.0019617506768769004,0.019461035497982643,0.5446879967653453,False,-0.02576337869199352,0.016372002812455246,0.059521544271316326,-0.7079013493397209,False,False,,False
2021-06-24,152.39999389648438,0.0020981749745689004,0.019499477924554608,-0.3587447235360113,False,-0.039697562526182395,0.016468105833377707,0.0594465702164091,-0.9448092321406397,False,False,,False
2021-06-25,157.25,0.002048378324592625,0.019512681468986354,1.5259722262269604,False,-0.0012702251642972007,0.01671337685232812,0.05917209636120523,-0.30392031248728646,False,False,,False
2021-06-28,162.25,0.0024261518590365464,0.019812951115096483,1.4823814158266637,False,0.052887693534610536,0.017315680037770776,0.058748940870688014,0.6054919964452999,False,False,,False
2021-06-29,159.6999969482422,0.0025975607754987855,0.020012362246566186,-0.9151376664968089,False,0.0562169323515902,0.018729660976347047,0.05830429129457002,0.6429590437150963,False,False,,False
2021-06-30,159.35000610351562,0.0023222517887244603,0.020121548186237143,-0.22432686233946061,False,0.039126180379476905,0.019907914163666298,0.05815486241290405,0.33046705672449916,False,False,,False
2021-07-01,156.0,0.0023936980162937898,0.020095517099639876,-1.1652669076064632,False,0.043129366878112974,0.020794622797887456,0.05793071659719279,0.38554234078485083,False,False,,False
2021-07-02,152.5500030517578,0.0018750245513871678,0.020192257674245512,-1.1880984281822364,False,0.017678514097228204,0.021309620350530325,0.05795562248379038,-0.06265321806038242,False,False,,False
2021-07-06,147.89999389648438,0.0016748213707698323,0.02035621869823466,-1.5796985921331064,False,-0.029209137044652445,0.021372502529989398,0.05794900141295224,-0.8728647317697573,False,False,,False
2021-07-07,149.75,0.0019157435166907903,0.019854491180967666,0.5335190827776324,False,-0.00991735537190086,0.021190730906847352,0.05808768224779432,-0.5355367106238679,False,False,,False
2021-07-08,152.0500030517578,0.002182734881359291,0.019860583529416786,0.6634355446167745,False,-0.007182441322655664,0.021400247390743848,0.05794468133328891,-0.4932754491994921,False,False,,False
2021-07-09,151.3000030517578,0.0022741875737806866,0.01990580628627504,-0.3620438848656243,False,-0.007217787984123869,0.021566259222524888,0.05784327844674085,-0.4976212963646527,False,False,,False
2021-07-12,153.85000610351562,0.002464633674811639,0.019765254265536297,0.7280108085856041,False,-0.021621582807531792,0.021968063486536214,0.05753229889722926,-0.7576552150633298,False,False,,False
2021-07-13,152.10000610351562,0.002804295411005334,0.01979105245674956,-0.7164354004338302,False,-0.062557743583879,0.02233273544956572,0.05716205441192558,-1.4850844656789353,False,False,,False
2021-07-14,156.4499969482422,0.0026420925183045173,0.01985752011773839,1.3071849611814015,False,-0.020350657871667344,0.022377466668998973,0.0570933376569093,-0.7483907281342039,False,False,,False
2021-07-15,156.89999389648438,0.0028233142923681422,0.020033139609669487,0.002644846042510173,False,-0.015375036794411656,0.02286008033663954,0.05656773549086068,-0.6759174076754164,False,False,,False
2021-07-16,161.1999969482422,0.003012118583113512,0.019964998706479525,1.2218329371861034,False,0.03333331377078319,0.02345636439662116,0.05591339023800446,0.17664729919110944,False,False,,False
2021-07-19,155.25,0.0038445402799478145,0.01965675393727707,-2.073342941182154,True,0.01769909468521047,0.025353434004491356,0.053731533069395446,-0.14245525638353068,False,True,shock,False
2021-07-20,165.64999389648438,0.0032545188073316135,0.020206823008302725,3.154091551683491,True,0.12001352760313999,0.026869250160653415,0.05183217173652654,1.7970359782715235,False,True,shock,False
2021-07-21,176.0,0.004352829691119524,0.021384357951171714,2.7182646545977533,True,0.1752921535893155,0.029329087620414515,0.05181631845938094,2.8169323932830563,True,True,shock+trend,False
2021-07-22,193.6499938964844,0.005131087449975471,0.02241287533223765,4.245460137066216,True,0.27359414672662585,0.03237983489150973,0.0535785747217026,4.502066601958518,True,True,shock+trend,False
2021-07-23,189.0,0.005949507674526441,0.024669785983672306,-1.2145168355460256,False,0.249173801637965,0.03636083473430323,0.05997010308977923,3.5486510100719117,True,True,trend,False
2021-07-26,207.8000030517578,0.0056398537801918966,0.02490017940022625,3.768288586576278,True,0.35066619959665624,0.039771971157844505,0.06458812713160876,4.813488829074026,True,True,shock+trend,False
2021-07-27,201.75,0.0068504194691261,0.027154842730075283,-1.324440258781337,False,0.3264299270487456,0.04430522815651179,0.07379367359700122,3.8231556330012912,True,True,trend,False
2021-07-28,200.4499969482422,0.00652479867268011,0.027440058068255967,-0.4726095005478373,False,0.281240018269584,0.04858916993962479,0.0805094450776169,2.889733597165737,True,True,trend,False
2021-07-29,196.5,0.006349819397022293,0.027480868552682267,-0.9481311219280858,False,0.25239010608019496,0.052380540756135914,0.08463165599727004,2.3632949511292884,True,True,trend,False
2021-07-30,179.5500030517578,0.0058841113273896935,0.02762405909532175,-3.335629910998612,True,0.1138337869163073,0.05543090549962789,0.08764984533376967,0.6663204161317327,False,True,shock,False
2021-08-02,172.8000030517578,0.004523808426555068,0.029574146715976746,-1.4241422805694712,False,0.11304349791792467,0.05591551828139055,0.08787363728822513,0.6501151130134128,False,False,,False
2021-08-03,174.85000610351562,0.003961996047435198,0.029971352773942608,0.2636333231004542,False,0.05553886233633332,0.056429512888097326,0.08809623646404866,-0.010109972769693474,False,False,,False
2021-08-04,175.64999389648438,0.004476869905212911,0.029767582207602526,0.0033059594945520267,False,-0.0019886710427025056,0.056342180666934485,0.08809379698713415,-0.6621448240919396,False,False,,False
2021-08-05,176.89999389648438,0.004465604989896968,0.029767380280340403,0.08905116744059982,False,-0.08649625885841083,0.05546936336302403,0.0883461230775387,-1.6069253214069843,False,False,,False
2021-08-06,176.0,0.004293516894192407,0.029713484281196727,-0.3157187020775031,False,-0.06878306878306883,0.053727458333180586,0.08984756145101351,-1.3635375867495785,False,False,,False
2021-08-09,179.35000610351562,0.004250849147058866,0.02972477547031385,0.4973385402309398,False,-0.13691047415988722,0.05223704403558731,0.09094833297500605,-2.079724960406422,True,True,trend,False
2021-08-10,182.0,0.0042928365651891095,0.029743649434606625,0.3524351442331355,False,-0.09789343246592319,0.04973890728408596,0.09353449167549271,-1.5783732514653823,False,False,,False
2021-08-11,183.8500061035156,0.00423667896358327,0.0297194967253092,0.19947140396907567,False,-0.08281362483139798,0.04742776696871681,0.09502047682601468,-1.3706665778850031,False,False,,False
2021-08-12,186.5500030517578,0.0038948028075718164,0.02949809198649319,0.3658224858467879,False,-0.050636116784947505,0.044902820979956765,0.09593961356459368,-0.9958236667336621,False,False,,False
2021-08-13,182.75,0.0038460517863986386,0.029476906120984955,-0.8215225078613988,False,0.017822316312184894,0.04276156969669895,0.09625964150382821,-0.25908317333097725,False,False,,False
2021-08-16,183.1999969482422,0.003579071938374908,0.029605788535890205,-0.037719256663230005,False,0.060185148801006116,0.04176781058494351,0.09612537145488503,0.19159705639948033,False,False,,False
2021-08-17,178.9499969482422,0.003879864561307887,0.029476307916711054,-0.9186549068695747,False,0.023448617109565584,0.041696127299093104,0.09610939143668107,-0.1898618846374589,False,False,,False
2021-08-18,179.6999969482422,0.003707276366716889,0.02959782991340052,0.01634709513228669,False,0.023057234229934664,0.04089379258106951,0.09600576326979582,-0.18578632931661063,False,False,,False
2021-08-19,178.1999969482422,0.003877484155764104,0.029562931879043776,-0.4135154712175923,False,0.0073488021289502825,0.04028734805652694,0.0959724131384595,-0.3432084788787814,False,False,,False
2021-08-20,178.25,0.0037517737205300826,0.02959501243630886,-0.1172891203817954,False,0.01278409090909105,0.039736030753909496,0.09604218677179474,-0.28062605351603237,False,False,,False
2021-08-23,179.9499969482422,0.0028339881595039664,0.028590911963763857,0.23445078033017835,False,0.0033453628341681974,0.038262511176516474,0.0955895272533533,-0.3652821532405201,False,False,,False
2021-08-24,183.3000030517578,0.002512216374300314,0.028374161176768085,0.5675621583865087,False,0.007142873910757075,0.03640093616700311,0.09487982970583651,-0.30836967506114976,False,False,,False
2021-08-25,184.0500030517578,0.002864668190694748,0.028408269769131158,0.043191112270413515,False,0.0010878267152714116,0.03499087707900072,0.09451274002335464,-0.35871407765081903,False,False,,False
2021-08-26,185.6499938964844,0.003330691880764965,0.028132903717200203,0.19061481006289907,False,-0.004824492846690953,0.03445511631082897,0.09459052270246722,-0.4152594576633562,False,False,,False
2021-08-27,189.5,0.0034195025799868602,0.02813926275057129,0.6154560225307234,False,0.0369357045143639,0.03406288417271232,0.09469290643657069,0.030338284563859244,False,False,,False
2021-08-30,197.3999938964844,0.003889833111505485,0.02812987490197534,1.3437240359315195,False,0.07751090166368302,0.034421380383739916,0.09465164909952178,0.455243217523199,False,False,,False
2021-08-31,193.4499969482422,0.004454830049747196,0.028460336795923642,-0.859615509695873,False,0.08102822155506306,0.035054104694140095,0.09478059984816913,0.48505830238012626,False,False,,False
2021-09-01,193.1999969482422,0.004316189054929646,0.028554957006036746,-0.19641117554335005,False,0.07512520995695016,0.03572481056157914,0.09492742164943078,0.4150581434822661,False,False,,False
2021-09-02,191.8999938964844,0.004229633983232118,0.02856208169263067,-0.383670506624985,False,0.07687989440438292,0.03612587942707121,0.09503081994227819,0.428850503468935,False,False,,False
2021-09-03,190.5500030517578,0.0035146290880216182,0.028147757548838182,-0.3747899136412625,False,0.06900422469429346,0.03591264281662204,0.09491964477272397,0.34862732532244567,False,False,,False
2021-09-07,191.5,0.0034954910420605025,0.028154525264543793,0.05292438572252116,False,0.06418451374066936,0.03661272186657584,0.09496813554839498,0.29032676818260966,False,False,,False
2021-09-08,187.75,0.003561965068687112,0.028152046175651216,-0.8221146823606039,False,0.024277124245249748,0.037690014019535714,0.09481434985318368,-0.14146476556613322,False,False,,False
2021-09-09,185.0,0.0033759477043616287,0.028259497284521276,-0.6377708942720496,False,0.0051616241917422645,0.0382063110584248,0.09463187188961218,-0.3491919393207087,False,False,,False
2021-09-10,185.6000061035156,0.0032783657165758114,0.028309551509963792,-0.0012394926618392807,False,-0.0002692582526919729,0.03814866533955479,0.09465091899778025,-0.405890655886265,False,False,,False
2021-09-13,184.3500061035156,0.003187381211792603,0.0282984016258305,-0.35063092660184425,False,-0.027176748794112804,0.037910682061990185,0.09472574471278428,-0.6871144803712347,False,False,,False
2021-09-14,183.0,0.0026368960343156143,0.0280807675803842,-0.3546895832797811,False,-0.0729482996034726,0.03663809127091102,0.09495325369648104,-1.1541088547073652,False,False,,False
2021-09-15,187.0,0.002569226623367878,0.02809880734348892,0.6864596293397306,False,-0.03334193357453441,0.03477747266917082,0.0957223491420265,-0.7116353375598227,False,False,,False
2021-09-16,187.8000030517578,0.002259871720702682,0.027750244592467204,0.07272798834053518,False,-0.027950279408808676,0.03265989161575501,0.09544507714735641,-0.6350266858812261,False,False,,False
2021-09-17,187.3000030517578,0.002423678402309135,0.02772506750308344,-0.18344717011927536,False,-0.02397077118828861,0.030811358874050634,0.09525578003830962,-0.5751055740691764,False,False,,False
2021-09-20,183.5,0.002379901401084461,0.02773054410290942,-0.8174460914955866,False,-0.03699817863473265,0.02967049337355539,0.09539441543323615,-0.6988739509069852,False,False,,False
2021-09-21,183.3500061035156,0.0024031116273223393,0.027710559206700843,-0.11621985084213257,False,-0.042558714864148195,0.028589792536224744,0.09568792283317,-0.7435474121892995,False,False,,False
2021-09-22,184.8500061035156,0.0020495743403547064,0.02757817086431166,0.22233163559873337,False,-0.015446039395389577,0.027077217937721273,0.0959066903976482,-0.44338155301575916,False,False,,False
2021-09-23,190.6000061035156,0.0022823794292996303,0.027554931493006547,1.0460531160558981,False,0.030270303262246223,0.02597853369188036,0.0959156679201852,0.04474523989070477,False,False,,False
2021-09-24,194.3500061035156,0.0029011053077605885,0.027675564075759006,0.6060799864404963,False,0.04714439500136569,0.025603614518532034,0.09584219568689797,0.2247525771759669,False,False,,False
2021-09-27,193.6499938964844,0.003205709146612694,0.0277334943420631,-0.24546208206609932,False,0.050447450420732176,0.02563862975657973,0.09584967882155751,0.2588305038594736,False,False,,False
2021-09-28,198.6000061035156,0.003030458519471046,0.027734442173900274,0.8123900726717638,False,0.0852459349918886,0.026054358120673693,0.09588928278929057,0.6172908499199427,False,False,,False
2021-09-29,193.3999938964844,0.003476300395450263,0.02782535579144284,-1.0659214659949228,False,0.0342245662913605,0.02701073320821962,0.09611997820539933,0.07505029878102554,False,False,,False
2021-09-30,194.0,0.0034108763203608812,0.02789003549079836,-0.0110600853610242,False,0.03301382772892447,0.028144609239612314,0.09569011836838871,0.050885280239351315,False,False,,False
2021-10-01,204.0500030517578,0.0037031618876618624,0.027768522428877205,1.732212352226823,False,0.08942872251513734,0.029400275833639817,0.09511857770373554,0.6310906673611885,False,False,,False
2021-10-04,200.3500061035156,0.004204288579458136,0.028295017990335177,-0.789435226569021,False,0.09182564634068457,0.031238019279432004,0.09492636976840514,0.6382591813957503,False,False,,False
2021-10-05,191.8999938964844,0.004292917096557107,0.028213296226540844,-1.647066263781405,False,0.04663205622224864,0.03314341053182541,0.09468565990047076,0.14245711235050673,False,False,,False
2021-10-06,193.4499969482422,0.003699363170714401,0.028718676029975573,0.15243657076300282,False,0.046524157753668804,0.034734343397644835,0.09388244054032191,0.1255806121801906,False,False,,False
2021-10-07,197.8999938964844,0.0035891342117178675,0.02868533221580535,0.676799218186941,False,0.038300039660041696,0.03600405570523031,0.09338134696338628,0.02458717966139011,False,False,,False
2021-10-08,201.3500061035156,0.003992115558497915,0.028743662552795698,0.4676159007479427,False,0.03601749308035318,0.03706006190497235,0.09294672676803234,-0.011216842818156653,False,False,,False
2021-10-11,204.25,0.004057064439786795,0.028768780968709943,0.3596150302172892,False,0.05473796249733853,0.03788380686193697,0.09265573944312787,0.1819008270474885,False,False,,False
2021-10-12,213.1499938964844,0.004314396577383275,0.028773921357997858,1.3644169127722885,False,0.07326277616217669,0.03914294719558392,0.09222787978677095,0.36995135359803505,False,False,,False
2021-10-13,208.6499938964844,0.004471061020310422,0.028957130814928175,-0.8834768479456061,False,0.07885212244713102,0.040136720546603576,0.09218808060781326,0.4199610366684018,False,False,,False
2021-10-14,209.25,0.00376561574001244,0.028926894176909808,-0.030765741879686868,False,0.07860824742268036,0.040482912932103855,0.09228531182358833,0.4131246212122738,False,False,,False
2021-10-15,203.3999938964844,0.00401351126124307,0.028837207419775197,-1.1086555369839406,False,-0.003185538571683022,0.04078146379971838,0.09237307774515177,-0.4759720412553756,False,False,,False
2021-10-18,201.6000061035156,0.003669971708782554,0.02906470318059855,-0.43074479046845926,False,0.006239081417118264,0.04021730754703625,0.09251242526699323,-0.36728283829827135,False,False,,False
2021-10-19,204.25,0.003832284312494341,0.028958739759378568,0.32157912814531636,False,0.06435646949617668,0.03972543707422299,0.09259476576247992,0.2660089068656013,False,False,,False
2021-10-20,205.5500030517578,0.0043024199878188354,0.028817670676241264,0.07156525795040976,False,0.06254849467251722,0.04034780981287563,0.09260144748938076,0.23974446902881824,False,False,,False
2021-10-21,203.3000030517578,0.0047937084234358895,0.028529289548759947,-0.5517119528804405,False,0.027286555441219384,0.041571244902437895,0.09227562412401277,-0.1548045824325259,False,False,,False
2021-10-22,199.8500061035156,0.004480978622524166,0.028572099395177117,-0.7507659182181772,False,-0.007449714201790636,0.042067297046612835,0.09209491586374301,-0.537673668345224,False,False,,False
2021-10-25,202.5500030517578,0.004049926199231875,0.02864953133312252,0.3302040304733797,False,-0.008323118473646085,0.04206373340822437,0.09209685249994587,-0.5471072084890205,False,False,,False
2021-10-26,208.1000061035156,0.004295828929659704,0.02865053943008609,0.8064360392727746,False,-0.023692178923642504,0.04204899566836407,0.09210493340009872,-0.7137638795788556,False,False,,False
2021-10-27,201.3500061035156,0.0044364516504079975,0.028738757095931634,-1.2830331967421762,False,-0.0349867625521737,0.04202138772014926,0.09212458443923151,-0.8359131359026118,False,False,,False
2021-10-28,199.9499969482422,0.004155630149662276,0.028997085153261628,-0.38309858210688347,False,-0.04444445902871108,0.042389000800572,0.09175590527798236,-0.9463528212839675,False,False,,False
2021-10-29,203.9499969482422,0.0036815947331242218,0.028882458930961204,0.5651667976585717,False,0.0027040465499603705,0.042067750118478076,0.09202033119766229,-0.42777180929683195,False,False,,False
2021-11-01,208.6999969482422,0.003909977435700982,0.028943661332380567,0.6695782110794771,False,0.03521820748894733,0.04230880456306971,0.09189141135077387,-0.07716278344072539,False,False,,False
2021-11-02,208.0500030517578,0.003855097579956427,0.02890238135592681,-0.24114230387451344,False,0.018604666104077516,0.0423339364793119,0.09188918114740918,-0.25823791309194216,False,False,,False
2021-11-03,209.3000030517578,0.004305713079886942,0.028519131962285046,0.05969529321395255,False,0.018243736046337,0.04234601076489679,0.09188595981269793,-0.2623063933563987,False,False,,False
2021-11-04,208.6000061035156,0.003492639512958943,0.02756108375815732,-0.24807103192156058,False,0.026069862135754462,0.040989080210806085,0.09147402327518246,-0.16309786692304928,False,False,,False
2021-11-05,203.5500030517578,0.0026149642990008133,0.02669161025405539,-1.004959626980191,False,0.01851386957839618,0.03899944965809194,0.09012627353719034,-0.22729864750529652,False,False,,False
2021-11-08,199.6499938964844,0.0009550565307949407,0.024299466185692314,-0.8277964889214834,False,-0.014317497465217932,0.03559837929611554,0.08586606356774049,-0.5813225235596645,False,False,,False
2021-11-09,205.8999938964844,0.0010197552837492537,0.02423847399018992,1.2494610451313157,False,-0.010571898810694091,0.032085161974739776,0.08232696974458717,-0.51814200034052,False,False,,False
2021-11-10,204.0,0.00011087353321797296,0.02163513941078035,-0.43164152827028623,False,0.013161131443532481,0.027268653995975094,0.07353413044859743,-0.19184999491228358,False,False,,False
2021-11-11,210.8999938964844,0.00037603081797889774,0.02139262205185831,1.5635048660005753,False,0.05476367649596248,0.023091736721238928,0.06467495800472246,0.48970947568935275,False,False,,False
2021-11-12,219.6999969482422,0.0009129259240926653,0.021721916539784187,1.878886982263457,False,0.07722481115798718,0.020072052164257302,0.05732901765915192,0.9969254895231247,False,False,,False
2021-11-15,222.75,0.0017320139171046259,0.02208905267691554,0.5500719057999015,False,0.06732152974224626,0.017736514898627865,0.050949797532666596,0.9732131871932725,False,False,,False
2021-11-16,222.0500030517578,0.0030672420194322097,0.019582795440162948,-0.31710308234106327,False,0.06729151547533085,0.017116351469640384,0.05003922800147173,1.0027165887574192,False,False,,False
2021-11-17,232.6000061035156,0.0035265948400713325,0.019011858103192756,2.313568703992658,True,0.11132347210714522,0.016506325037072465,0.04912449997316762,1.9301396883808077,False,True,shock,False
2021-11-18,228.9499969482422,0.004001906725075621,0.01965775054292116,-1.0018501882665758,False,0.09755508269078428,0.017250119834016628,0.0501353951856815,1.6017618402996547,False,False,,False
2021-11-19,233.3000030517578,0.0037316734626290965,0.01978863387623221,0.7715608442984855,False,0.14615573350021194,0.018577369883796453,0.050930519372692114,2.5049491972159297,True,True,trend,False
2021-11-22,231.3500061035156,0.0038901185768714813,0.019863534024719146,-0.6166295623294737,False,0.15877792725336737,0.021679396448578084,0.05152590482173409,2.6607690108327784,True,True,trend,False
2021-11-23,242.5500030517578,0.0038465087379669425,0.01988708712476236,2.240900049608965,True,0.17799907839579188,0.024713543062397238,0.052810995517309264,2.9025306914192512,True,True,shock+trend,False
2021-11-24,246.3000030517578,0.0042382068402905095,0.020471003729173848,0.5482155569945751,False,0.20735295613606763,0.028912337096472958,0.052303426631324416,3.4116429942034996,True,True,trend,False
2021-11-26,243.8500061035156,0.004247342648400151,0.020475922186725785,-0.6932312422420561,False,0.15623524495313146,0.0329822889444995,0.054146572549002514,2.2762836169748017,True,True,trend,False
2021-11-29,233.8500061035156,0.003979181648056277,0.02052900573124318,-2.1914357717178237,True,0.06440605075933115,0.03616960720829323,0.05427378918945107,0.5202592996128248,False,True,shock,False
2021-11-30,233.25,0.0032365858611896345,0.021134860978303176,-0.27453973670343007,False,0.047138047138047146,0.03770350277555027,0.053406051716525765,0.17665684055010356,False,False,,False
2021-12-01,234.1999969482422,0.0034739740844836426,0.020965437766063643,0.028565871656280894,False,0.054717377750507445,0.03809437918656177,0.05336584099031358,0.31149136330415766,False,False,,False
2021-12-02,237.4499969482422,0.003495447504311035,0.020965212406041586,0.4951812868141858,False,0.020851206867845917,0.03802147557255513,0.053338982780392986,-0.32190843937542946,False,False,,False
2021-12-03,244.0500030517578,0.003989790420372964,0.020763416964100015,1.1465146133746689,False,0.06595329244284409,0.03798684343599886,0.05334941477290223,0.5242128545531904,False,False,,False
2021-12-06,250.1999969482422,0.004304513573510092,0.020944610743257992,0.9976416132516983,False,0.07243889273646964,0.03855879087883765,0.05341709147189332,0.6342558331813857,False,False,,False
2021-12-07,243.8999938964844,0.004751806565178294,0.021028813856847083,-1.4233648834615296,False,0.05424675799383105,0.03942665875360458,0.05343192780247027,0.27736411261472976,False,False,,False
2021-12-08,244.75,0.004412333640329038,0.02130565375497314,-0.04352242314494703,False,0.009070282088484483,0.03997949431473445,0.053367002423333997,-0.5791820942286114,False,False,,False
2021-12-09,240.3500061035156,0.004331639109428578,0.021297440839803755,-1.0475034267904406,False,-0.024157518775961506,0.04005582657145867,0.053317967275044856,-1.2043472140670832,False,False,,False
2021-12-10,232.6999969482422,0.003843721513610898,0.021384758413803735,-1.668119948913692,False,-0.04572486723883917,0.039638488002302415,0.053700199474707194,-1.5896282709591747,False,False,,False
2021-12-13,236.6999969482422,0.0033647845328261448,0.02177775799807476,0.6348096112578351,False,0.012187260082708873,0.03901431874958094,0.054421549690913514,-0.4929491868430061,False,False,,False
2021-12-14,237.1499938964844,0.0034780681947236686,0.021827890430797886,-0.07224428690150951,False,0.016720231067457236,0.039241142121972945,0.0542716100000298,-0.41496670274759384,False,False,,False
2021-12-15,237.3999938964844,0.003226910148144815,0.021734781678615752,-0.09996534762734284,False,0.013663522587275656,0.03897160247601419,0.05433337953784523,-0.4657924852826522,False,False,,False
2021-12-16,236.9499969482422,0.002685117654771495,0.02126444068091661,-0.21541313403959578,False,-0.002105706491581927,0.038120304088328755,0.05422145056769062,-0.74188370393544,False,False,,False
2021-12-17,235.8999938964844,0.0029266455843087367,0.02110545906813417,-0.34862890782419215,False,-0.03339483324466497,0.03701185171437348,0.05418216951014343,-1.299443813261439,False,False,,False
2021-12-20,224.3999938964844,0.0028847921984217068,0.021117047830945413,-2.4451459307925347,True,-0.10311751945022973,0.035564917805018616,0.05459801579767061,-2.540063685998734,True,True,shock+trend,False
2021-12-21,228.25,0.002324516505012079,0.021917823007025727,0.6767266028771937,False,-0.06416561823747535,0.033164952286957115,0.056673997788467906,-1.7173761217218635,False,False,,False
2021-12-22,233.5500030517578,0.0026470732642643836,0.021956200099318566,0.9370061009442016,False,-0.04576096812356367,0.0313893543812002,0.05761428598785931,-1.3390832010140898,False,False,,False
2021-12-23,231.1999969482422,0.0028902014604494752,0.022083037341733575,-0.5865276804446998,False,-0.038069519130083274,0.029923414623010423,0.05816466799550248,-1.1689731257187126,False,False,,False
2021-12-27,227.0500030517578,0.003017136583409985,0.021979235570741287,-0.9539429769150976,False,-0.02428016317396453,0.029092126044672647,0.05868961497260193,-0.9093992053543538,False,False,,False
2021-12-28,225.6000061035156,0.0029731010677193836,0.02201837788524955,-0.42506973597763503,False,-0.04689476547460092,0.028699568879796557,0.05894972912962032,-1.2823525310553765,False,False,,False
2021-12-29,228.8999938964844,0.0028447074511615345,0.022044841090097436,0.5344968271816964,False,-0.03478810968724344,0.028077895450171107,0.05950261706392879,-1.056525044434133,False,False,,False
2021-12-30,228.8500061035156,0.0031295410330437583,0.0220573987579361,-0.1517823449972194,False,-0.03601511378596289,0.027976410638262696,0.059604533750291254,-1.0736016272237496,False,False,,False
2021-12-31,226.1000061035156,0.003224270060270061,0.022027137092716906,-0.6919135445780247,False,-0.045790213059578866,0.028468853115829494,0.05890794047986399,-1.2605951858186542,False,False,,False
2022-01-03,223.3000030517578,0.002772609687740387,0.021987153590341195,-0.6893354211284081,False,-0.05341242547999203,0.0283028760560289,0.05910166834042456,-1.3826225863091082,False,False,,False
2022-01-04,231.75,0.002550449617370479,0.022055806494369872,1.6000777429652213,False,0.032754038785340445,0.02796338077507979,0.05950094952375809,0.08051397580382805,False,False,,False
2022-01-05,231.75,0.0030905011035659044,0.02241932787210422,-0.13784985532110147,False,0.015334063526834862,0.02871971157472818,0.0591915983259382,-0.2261410136990274,False,False,,False
2022-01-06,231.6999969482422,0.0033610120834443686,0.022255226215526995,-0.16071618178297306,False,-0.007921242043853138,0.02941747480354908,0.058712949453582235,-0.6359536898571544,False,False,,False
2022-01-07,238.4499969482422,0.003369033983868383,0.02225380813720349,1.1577104090237942,False,0.031358131901805475,0.029879307774486344,0.058273723072219355,0.02537720346933052,False,False,,False
2022-01-10,234.8999938964844,0.0036483863189255674,0.02244570441476604,-0.8258246708455511,False,0.03457384161733357,0.03050336339178228,0.05803188483676387,0.0701420992442519,False,False,,False
2022-01-11,237.0500030517578,0.0030351312319714194,0.022313298040833963,0.27417457346570234,False,0.0507535311988796,0.030560743903183443,0.05803377886442382,0.34794886169432,False,False,,False
2022-01-12,240.8500061035156,0.0028948400239367593,0.02224022316019592,0.5906211411608507,False,0.05220625830350789,0.030608865719150297,0.0580492102169327,0.37205316840051905,False,False,,False
2022-01-13,237.0,0.0031566026655906547,0.02227822656678152,-0.8592102464799488,False,0.03561281922272652,0.030632316490920644,0.058057687572302945,0.08578541344078404,False,False,,False
2022-01-14,239.6499938964844,0.0026026463737689673,0.02223007368628465,0.3859079638341363,False,0.059929179244538444,0.02997054161399848,0.057708581557100354,0.5191366140388857,False,False,,False
2022-01-18,239.6000061035156,0.0031008430736025766,0.021993667386882142,-0.15047193723002117,False,0.07299598221671166,0.030313269786707515,0.05781042668303292,0.7383220446378632,False,False,,False
2022-01-19,244.4499969482422,0.00305669644944251,0.02199698693514388,0.7812585874506571,False,0.05480041833114213,0.030846365179878012,0.05801963422179863,0.4128611542032837,False,False,,False
2022-01-20,243.6499938964844,0.0026358683420893507,0.021344006833100768,-0.27682401938773266,False,0.05134840947781827,0.030384654457424744,0.057683957732794416,0.36342435304981224,False,False,,False
2022-01-21,237.8999938964844,0.0028340034079457213,0.021217203472285777,-1.2458488904506997,False,0.02675872693095971,0.02984495796591986,0.05728934651887587,-0.05387094150119674,False,False,,False
2022-01-24,232.9499969482422,0.0030816944121028053,0.020788757799813803,-1.1491183907537357,False,-0.023065632503211364,0.029579980242036,0.057256602921716644,-0.9194679750251059,False,False,,False
2022-01-25,237.8999938964844,0.0026965718899939262,0.02096179118097861,0.8850679903241199,False,0.012771392413581939,0.028652116371944272,0.05754146100030475,-0.27598749983560944,False,False,,False
2022-01-26,238.8999938964844,0.0026731830587316454,0.02093979411140374,0.07307922262117374,False,0.007804221982324444,0.028311734408658137,0.05755912187297002,-0.3562860543910434,False,False,,False
2022-01-27,232.0500030517578,0.002496787561669273,0.020869381737639824,-1.493567722141785,False,-0.03653727560204245,0.027935557460684428,0.057600259473569164,-1.1193149762165797,False,False,,False
2022-01-28,235.8999938964844,0.001922443590204089,0.021128425612845222,0.6942669980184932,False,-0.004641375964200778,0.026718554286026014,0.057989251916302297,-0.5407886671048897,False,False,,False
2022-01-31,235.1000061035156,0.0015626727993811004,0.02063353950939639,-0.24008913373564292,False,-0.0189859708276654,0.025679832257674312,0.057841805099964,-0.7722062443961921,False,False,,False
2022-02-01,236.6999969482422,0.0017989485035181784,0.020471204754201167,0.2445692410362221,False,-0.012103543745405898,0.024375324347343692,0.05772956732590777,-0.6318922829753943,False,False,,False
2022-02-02,238.8000030517578,0.0018513473986243871,0.02047902607649312,0.34282237524344367,False,-0.023113086385845527,0.023165833798435877,0.05752787815920712,-0.8044607530318696,False,False,,False
2022-02-03,243.8999938964844,0.0023424011876468573,0.02019418023738161,0.9415754389058039,False,0.0010260619998461173,0.02290013316091371,0.0576970008954654,-0.3791197258363345,False,False,,False
2022-02-04,241.8500061035156,0.0027451510953905196,0.02026903005132834,-0.550109466461855,False,0.016603666701857644,0.02283062623535008,0.057720478767319644,-0.10788128696219397,False,False,,False
2022-02-07,241.6499938964844,0.0024578198312792208,0.020272357238667233,-0.16203488839978084,False,0.03734705757551593,0.022193922198092495,0.05751925018302577,0.2634445916663775,False,False,,False
2022-02-08,248.9499969482422,0.0023619295201487843,0.0202706360988652,1.3737636878057053,False,0.046448101451258994,0.02185790303679914,0.05735369215784323,0.4287465634607291,False,False,,False
2022-02-09,258.3500061035156,0.0029106659861393882,0.02046165532720257,1.7030859310490973,False,0.0814148710922904,0.022113390316933004,0.05742084050120219,1.0327518764570474,False,False,,False
2022-02-10,255.1999969482422,0.0036403806943419337,0.020717362756996167,-0.764246771502251,False,0.09976295450132278,0.02329825145418742,0.057718645711592534,1.3247833885294673,False,False,,False
2022-02-11,251.6499938964844,0.0032976751766974582,0.02076442648619083,-0.8287416760582352,False,0.06676558036246205,0.02473939909385367,0.058265223556753946,0.7212909983546578,False,False,,False
2022-02-14,247.5500030517578,0.0027468574846635494,0.02066409687729624,-0.9213705932505368,False,0.0529561745003122,0.02594550255100173,0.05818532428269854,0.46421794984035386,False,False,,False
2022-02-15,251.8500061035156,0.002962109404965211,0.020374707978227158,0.7071576663016695,False,0.06400510921251179,0.027118075045034877,0.057825819677162604,0.6378990280365168,False,False,,False
2022-02-16,252.25,0.0032864207704080264,0.020408305127698787,-0.08321112706780391,False,0.05632326958273537,0.02856406928825118,0.05736626289055646,0.48389417221483083,False,False,,False
2022-02-17,251.5,0.0030408637189886637,0.020315009265888855,-0.2960424222692581,False,0.031160337407557304,0.029278992262021516,0.05737374146823034,0.032791048611977805,False,False,,False
2022-02-18,246.8500061035156,0.0026906868757188757,0.020187203181032065,-1.0491660495857877,False,0.02067397094817469,0.029224887327602977,0.05736997816166064,-0.14904862531641533,False,False,,False
2022-02-22,248.4499969482422,0.0024856928478490274,0.020324543768081207,0.19660657473313548,False,0.028139885054872638,0.029252478058857605,0.057365298997856175,-0.019394878496607267,False,False,,False
2022-02-23,248.6000061035156,0.0024920056579359902,0.020325726130027366,-0.09289830931452484,False,-0.0014058680418435054,0.02938442671230475,0.05735101460415839,-0.5368744557819161,False,False,,False
2022-02-24,239.3500061035156,0.0025446489518115914,0.020315515870118792,-1.9567809720817477,False,-0.07354364060818763,0.029018083643270114,0.057460123329228466,-1.7849200159876315,False,False,,False
2022-02-25,240.0500030517578,0.002371324424405641,0.02060030950952604,0.02685640110628127,False,-0.05936518055506468,0.02779065017411566,0.05865829144658115,-1.4858228662959148,False,False,,False
2022-02-28,234.25,0.0026657848358709007,0.020445640074953662,-1.3121345253310666,False,-0.06914362932049922,0.02719001439958437,0.05932216519626814,-1.6239063999326815,False,False,,False
2022-03-01,237.25,0.0019262324395123882,0.020398823842483687,0.5333933933644477,False,-0.04160776782379716,0.026409057992786967,0.06020497575729672,-1.1297542264742233,False,False,,False
2022-03-02,230.4499969482422,0.002220026858390926,0.02039468381698621,-1.5142077812165557,False,-0.08497124731645844,0.02567880600255591,0.06069797625393612,-1.8229611619355919,False,False,,False
2022-03-03,224.1499938964844,0.0013868900375201055,0.020362471477090485,-1.4106696718232676,False,-0.11139744738757429,0.02381567368505696,0.06192532989725167,-2.183486487629228,True,True,trend,False
2022-03-04,224.1499938964844,0.0004660395967323157,0.020073146763126985,-0.023217067170972862,False,-0.1087475391789885,0.02130071023778281,0.06353621161498109,-2.046836695345359,True,True,trend,False
2022-03-07,225.5,0.0002809385137935161,0.0200116703366441,0.28692464967836145,False,-0.0864897937031549,0.018953122652166348,0.06504761328696751,-1.6210113027536257,False,False,,False
2022-03-08,234.0500030517578,0.0004031425509950089,0.020018465426594002,1.8739005701334253,False,-0.05795932410288651,0.016902705196453198,0.06592117529707932,-1.1356294690130704,False,False,,False
2022-03-09,230.4499969482422,0.00027519483865792174,0.01974206046701187,-0.7930554927634682,False,-0.07300888459236754,0.014645601246986113,0.06554155412093596,-1.3373879672980495,False,False,,False
2022-03-10,225.1999969482422,0.0002793396347122279,0.01973869519321361,-1.1683069290527288,False,-0.05911848253370722,0.012371415016544086,0.06558498571341737,-1.0900345067182946,False,False,,False
2022-03-11,222.9499969482422,-0.00027774467533667153,0.01979273065978293,-0.4907546428205343,False,-0.07123518386220828,0.009634425469425166,0.06419497477303515,-1.2597498420639992,False,False,,False
2022-03-14,219.6499938964844,-0.00029951528101152203,0.019802634337030417,-0.7323280008338559,False,-0.06232660022845504,0.006567583987884157,0.06244395433169075,-1.103296307123441,False,False,,False
2022-03-15,212.3000030517578,-0.00114235557646109,0.019031605648109406,-1.698224033125667,False,-0.10516331695781744,0.0033632416062275316,0.059630832265867635,-1.819973903435941,False,False,,False
2022-03-16,218.6000061035156,-0.0017946624461806667,0.01929148798057538,1.631272022679139,False,-0.05142109351985835,-0.0008036420350242694,0.05599177870770496,-0.9040157796928261,False,False,,False
2022-03-17,217.3000030517578,-0.0012663663328801563,0.019605189326168445,-0.2387420200255175,False,-0.03055985291656982,-0.0035723932146641334,0.05318527440064572,-0.5074235304044615,False,False,,False
2022-03-18,220.3000030517578,-0.000798874772432184,0.019055023321732183,0.7664473964316771,False,-0.01717595783877013,-0.004838605263676146,0.052672989094606965,-0.23422541205957814,False,False,,False
2022-03-21,225.8500061035156,-0.0005805871517853619,0.019128142014504322,1.347413637098165,False,0.0015521334967432132,-0.00569612533003371,0.052337822489242056,0.13848988135237744,False,False,,False
2022-03-22,225.0500030517578,-0.00029898632295894366,0.019351731071287306,-0.16759229915851703,False,-0.038453321438366994,-0.0064049952534172335,0.05186643263211884,-0.6179011078757611,False,False,,False
2022-03-23,225.3000030517578,-0.0005312425334624201,0.019283705452945984,0.08515514690856857,False,-0.022347554630868793,-0.007195722297500072,0.051897337154712196,-0.29195779907164193,False,False,,False
2022-03-24,221.8500061035156,-0.0008870356955421584,0.018998059053348195,-0.7593337099897565,False,-0.01487562562221767,-0.008373066925149577,0.05121253090627633,-0.126972023877679,False,False,,False
2022-03-25,221.8500061035156,-0.0014272041113217366,0.018821438695787597,0.07582864064696379,False,-0.004933800671824917,-0.009537260503265407,0.0503355746074842,0.09145539446679962,False,False,,False
2022-03-28,214.5500030517578,-0.0010914725297283094,0.018615468430665087,-1.708990375872037,False,-0.023218716077588852,-0.010326334618807487,0.04978299913851118,-0.2589715702525456,False,False,,False
2022-03-29,215.6999969482422,-0.00157667504815911,0.01896552586329264,0.36575323589498504,False,0.016015044030194714,-0.010756854594355133,0.049752599000418736,0.5381005045449891,False,False,,False
2022-03-30,221.8500061035156,-0.0012655079740401401,0.018884075760187708,1.5768509497112637,False,0.014867337187817853,-0.010221220423606382,0.04982257722483557,0.5035580054039855,False,False,,False
2022-03-31,226.3999938964844,-0.0004609681684136557,0.018849710456001652,1.1124980299225709,False,0.04187754586712589,-0.009413324364584289,0.04973026913920916,1.031381312016077,False,False,,False
2022-04-01,228.3999938964844,-0.0004167043956556841,0.01889556032261483,0.4895661593174408,False,0.0367680015093943,-0.009017453887458728,0.05002185874813606,0.9153089577775657,False,False,,False
2022-04-04,230.6000061035156,-0.0003242671332069976,0.018923988671698186,0.5261335322754642,False,0.02103165761183501,-0.008750150281566234,0.050214446983224234,0.5930924202620577,False,False,,False
2022-04-05,231.3000030517578,-0.00020989256348250625,0.018958323864763628,0.1711880587405406,False,0.027771605933116117,-0.008651908481238776,0.050266071820374146,0.7246142993730316,False,False,,False
2022-04-06,227.6000061035156,-0.0001441449867917773,0.01896094939945191,-0.8360542799107841,False,0.010208624148262402,-0.008253544315576136,0.05043675298636227,0.36604593616148473,False,False,,False
2022-04-07,226.1499938964844,-0.0002983476577735411,0.019043136410500334,-0.3188829657430015,False,0.01938241007287811,-0.007672164883670438,0.05039432413018528,0.5368575811565126,False,False,,False
2022-04-08,231.6499938964844,0.00026670023425797053,0.018195951287459485,1.3219117561441245,False,0.04417393519654067,-0.006038832490028999,0.0492307797796146,1.0199466250859932,False,False,,False
2022-04-11,236.6000061035156,0.00036221025751605423,0.018304282833134764,1.1476159413588436,False,0.10277325909167412,-0.0045943051109087855,0.04909142814986357,2.1870939235016182,True,True,trend,False
2022-04-12,233.6000061035156,0.0003375213284638538,0.018274259395539456,-0.7123215657533695,False,0.08298567180586747,-0.0026138487480389487,0.050387228870518906,1.6988336622732967,False,False,,False
2022-04-13,225.0500030517578,0.00030262110808546944,0.018296874507385652,-2.0169379528818805,True,0.01442414631599842,-0.0009997795355596055,0.05116895326119387,0.30143133420818696,False,True,shock,False
2022-04-14,223.6000061035156,5.393792571591671e-05,0.018671226110029287,-0.347965200761761,False,-0.012367437581509155,-0.00048372207569343276,0.051126144887637205,-0.23243910785632732,False,False,,False
2022-04-18,223.5,5.318120558912713e-05,0.018671491797517894,-0.026802126300467223,False,-0.021453564043023676,-2.3357703785542584e-05,0.05085733380537146,-0.42137887961745085,False,False,,False
2022-04-19,221.3000030517578,-0.0001478169216819314,0.01859345548416529,-0.5214506727705807,False,-0.040329587188228544,0.0001544362381373876,0.050757366220082666,-0.7975989780641537,False,False,,False
2022-04-20,218.8000030517578,-0.00027615030992266773,0.018627134854065988,-0.5916493159675298,False,-0.05404236850443489,9.690992610717893e-05,0.050801339137285025,-1.0657057343357943,False,False,,False
2022-04-21,228.1499938964844,-0.00026655400942010723,0.0186211891321561,2.309175898737242,True,0.0024164665123898033,-1.3118813157568058e-05,0.05091088580845092,0.047722314922756144,False,True,shock,False
2022-04-22,227.3000030517578,0.0004683388070099603,0.019214659694952778,-0.2182665712110327,False,0.005085161115678805,0.0007312664134075231,0.05052625922461272,0.08617092911858357,False,False,,False
2022-04-25,220.8000030517578,-8.588830997342238e-05,0.018715088027633026,-1.5234061242875252,False,-0.04683786371941401,0.00036234804447870123,0.05039011370254469,-0.9366958773405013,False,False,,False
2022-04-26,221.3999938964844,-0.0004671758836780852,0.019002411808663258,0.16758534224146515,False,-0.06424349879509705,-0.00046661098547128374,0.05065120167570396,-1.2591386916732887,False,False,,False
2022-04-27,215.9499969482422,-0.0004280677143271324,0.019005954160613642,-1.2726537415641814,False,-0.07555654406726409,-0.0012175744088212025,0.051178001113230925,-1.4525571151942511,False,False,,False
2022-04-28,217.8999938964844,-0.0011447152569078881,0.01888924300736807,0.5386435694523783,False,-0.031770757868548105,-0.00264310342174213,0.05174425060681906,-0.5629157656206818,False,False,,False
2022-04-29,222.5500030517578,-0.00082581280141283,0.018855954808228576,1.1755394988052092,False,-0.004695899029947714,-0.0035276980815538857,0.05166644894153032,-0.022610436217822005,False,False,,False
2022-05-02,216.3999938964844,-0.000663316312633954,0.018995110980124227,-1.4198897796091392,False,-0.03176736511640077,-0.00426702381793825,0.05127445252798231,-0.5363361273034479,False,False,,False
2022-05-03,218.1999969482422,-0.0012455118627984518,0.0191451022843559,0.4995249342342659,False,-0.014008161142187725,-0.005386672130203699,0.0509403676176404,-0.16924669795666036,False,False,,False
2022-05-04,221.1999969482422,-0.0009214715698558844,0.019097868635409875,0.7681656159835717,False,0.010968893340996155,-0.006048285201735889,0.05072244289984287,0.33549603626809466,False,False,,False
2022-05-05,218.3999938964844,-0.0008872389617424018,0.01912214163613512,-0.6155692746844986,False,-0.042735043878299406,-0.006701089013783119,0.0501739268061984,-0.7181808791586293,False,False,,False
2022-05-06,211.6000061035156,-0.0010532343637986422,0.019170146980746688,-1.5692233230696078,False,-0.06907169704114446,-0.0082441693617166,0.04946436573963773,-1.2297242018547585,False,False,,False
2022-05-09,206.3000030517578,-0.0017382677971749401,0.01931630498219358,-1.2067010177844884,False,-0.06567028894741922,-0.009895797566680421,0.049398861292885315,-1.1290643128401774,False,False,,False
2022-05-10,204.0,-0.0020285958939714023,0.019502420770202426,-0.467646106629435,False,-0.07859076050661407,-0.011456046879016921,0.04928621283957418,-1.362139830993295,False,False,,False
2022-05-11,220.1000061035156,-0.0018625879078452339,0.019368858322961254,4.1708285076732015,True,0.01921745410474851,-0.012860706711517905,0.04968201562588513,0.6456694723865667,False,True,shock,False
2022-05-12,215.0,-0.0005328726006021226,0.021370565520327973,-1.059328085873416,False,-0.013308829636140662,-0.012296932223411773,0.049804404971467556,-0.020317428012815223,False,False,,False
2022-05-13,212.8999938964844,-0.001125145869287724,0.021374274515769506,-0.404332992600325,False,-0.043361083005822754,-0.012644668517408074,0.04971798329199239,-0.6178129613186037,False,False,,False
2022-05-16,225.8000030517578,-0.0013114247650630592,0.02138808224663597,2.8942892560395235,True,0.04343812116635215,-0.013326872583916703,0.04978458972078048,1.1402121433286554,False,True,shock,False
2022-05-17,228.1999969482422,-0.000121225841444527,0.022308773372784283,0.4818765065316042,False,0.04582951484812381,-0.01226053396033811,0.050135985148503426,1.1586497928862565,False,False,,False
2022-05-18,218.6000061035156,-0.000200724031802569,0.02225898113267587,-1.880930544326399,False,-0.011754027489136676,-0.011587588749507115,0.050576420176417274,-0.0032908366991772045,False,False,,False
2022-05-19,218.6999969482422,-0.0007164187745026702,0.022775928717256665,0.05153833402513968,False,0.0013736403852648849,-0.011491162838326732,0.05056901771001169,0.25440089220963125,False,False,,False
2022-05-20,215.8500061035156,-0.0008010609193812061,0.022759386808929624,-0.5373803596502472,False,0.020085065583225425,-0.011311467049917787,0.050590752976489274,0.6205982474254519,False,False,,False
2022-05-23,215.75,-0.0010931079080348472,0.022774112698330923,0.027653984345466634,False,0.04580706160179426,-0.010735491690330175,0.05070036251658921,1.1152297633695156,False,False,,False
2022-05-24,213.6499938964844,-0.0013840420181681226,0.02262231259642182,-0.3690813690750773,False,0.04730389164943305,-0.010138411695637534,0.05110283333470788,1.1240532001198666,False,False,,False
2022-05-25,217.0500030517578,-0.0014017551103155206,0.022628403542258528,0.7652186431060279,False,-0.013857351054880396,-0.009729075363003194,0.05144176467025643,-0.08025144001842857,False,False,,False
2022-05-26,226.6000061035156,-0.0011785427042430418,0.022716546355714587,1.9887545400462097,False,0.05395351676053761,-0.01041180081140848,0.05114748191891224,1.2584259313877668,False,False,,False
2022-05-27,229.4499969482422,-0.0009946747219315589,0.023027708074491962,0.5893709670588985,False,0.07773604286623259,-0.010311728607284763,0.05126743574591176,1.71742101379702,False,False,,False
2022-05-31,231.25,-0.001330427194528787,0.02263526837767271,0.4053535755729828,False,0.02413639005572965,-0.010360779650298867,0.05118017433772748,0.6740338451836598,False,False,,False
2022-06-01,239.4499969482422,-0.0010632584387534768,0.022623576286277664,1.614364777666707,False,0.049298861307836006,-0.011369133842906776,0.049704929017459584,1.2205629572357353,False,False,,False
2022-06-02,238.25,-0.00040499021615980624,0.022960451391473735,-0.20062679416159593,False,0.08989017999926041,-0.01160202343030179,0.04937370209492663,2.055592332015771,True,True,trend,False
2022-06-03,232.3999938964844,-0.0002545773929221647,0.022891814981050217,-1.0614924207359009,False,0.06264287672342528,-0.011109570023649148,0.05020352363177843,1.4690691292511133,False,False,,False
2022-06-06,237.5500030517578,-0.0008135681374904562,0.022967368130362282,1.0002746866929852,False,0.10053276041065073,-0.011127733123503635,0.05017621969800569,2.225366801369304,True,True,trend,False
2022-06-07,232.1499938964844,-0.0005392763225027019,0.02311878212907013,-0.9599475530823843,False,0.07601387669285908,-0.010538273245798096,0.05122798697247652,1.689548136747193,False,False,,False
2022-06-08,231.8500061035156,-0.0008027277068365798,0.023259049373089945,-0.021045042167748863,False,0.08518611152336053,-0.009940226055327406,0.051977693765599936,1.8301377126825276,False,False,,False
2022-06-09,234.6499938964844,-0.0005734366940867774,0.0231669209607833,0.5460439703304222,False,0.08108726375152231,-0.009080064180991594,0.053014616571855924,1.700801283930843,False,False,,False
2022-06-10,228.8999938964844,-0.0004988355070659075,0.023198932837985888,-1.034778047303304,False,0.010149989986840913,-0.008374099131702933,0.053862702284387366,0.3439131037417934,False,False,,False
2022-06-13,223.3500061035156,-0.0008336136669798252,0.02336338965761266,-1.0021118424841746,False,-0.026585273156933598,-0.008220021024653806,0.053899420436923744,-0.34073190367180073,False,False,,False
2022-06-14,226.9499969482422,-0.0006607866960809468,0.023137527536213804,0.7251831628497039,False,-0.01859460779138522,-0.007593909458637086,0.05340078230620526,-0.2060025688325887,False,False,,False
2022-06-15,228.5,-0.00048487224136567106,0.023215180438648647,0.315077626502474,False,-0.0457297852904508,-0.007050301821788027,0.05307315329193524,-0.7287956541022094,False,False,,False
2022-06-16,231.9499969482422,-7.165414657848886e-05,0.0230633698016051,0.6577576994513363,False,-0.02644282498114514,-0.006738117234720714,0.05277097662927512,-0.3734004751296015,False,False,,False
2022-06-17,227.6499938964844,-4.109915182885763e-05,0.02308217248057777,-0.8013713780578569,False,-0.02043889898773299,-0.006535917996818688,0.0526645091454666,-0.2639914662930278,False,False,,False
2022-06-21,233.1000061035156,9.387778885890708e-05,0.022941718038606455,1.03943547752518,False,-0.01873288524973271,-0.005675486685769015,0.05188714430732429,-0.25164997492684404,False,False,,False
2022-06-22,238.6000061035156,0.000777586380220822,0.022877155520406773,0.9973895826618276,False,0.027783813812664926,-0.004439959190597794,0.05041815392586015,0.6391303626596037,False,False,,False
2022-06-23,232.4499969482422,0.0010921866865836094,0.023028056295376038,-1.166732454453544,False,0.002587840538847086,-0.0026195411507090815,0.049047279219953034,0.10617065354845905,False,False,,False
2022-06-24,226.6000061035156,0.0006682110336392248,0.023227906202960627,-1.1122343214659265,False,-0.03430636267785325,-0.0014318393608157218,0.04805741698420581,-0.6840676295157899,False,False,,False
2022-06-27,226.0,-0.0001728878968697171,0.023001950246456713,-0.10759855315665795,False,-0.01266926157191528,-0.0011164665418152782,0.04775812545317356,-0.24190218775289704,False,False,,False
2022-06-28,221.8999938964844,-3.1080276696574907e-06,0.022935074366338692,-0.7908634438967487,False,-0.006492107308737505,-0.00031193823487591477,0.0470334060159862,-0.13139956463627173,False,False,,False
2022-06-29,232.6499938964844,5.875723636925863e-05,0.0228789906670365,2.1148874269175884,True,0.02511565113412262,0.0003897467681236814,0.04653413634061216,0.531349807053788,False,True,shock,False
2022-06-30,233.6000061035156,0.0008379087840942064,0.02351821876217638,0.13800070861968186,False,0.022319501547114262,0.00167442456807476,0.045855084955985,0.4502243753087826,False,False,,False
2022-07-01,228.4499969482422,0.0010897084978947413,0.023449507380224197,-0.986629681192671,False,-0.015089459133646677,0.002803039258415684,0.04529684787109766,-0.3950053752742239,False,False,,False
2022-07-05,224.6499938964844,0.0012419220203516697,0.02325846864910281,-0.7685704762657612,False,-0.013178124666957558,0.004004024029404627,0.04355623232391095,-0.3944819783443424,False,False,,False
2022-07-06,222.5,0.0006244706539665446,0.023107644883857636,-0.4411910736651223,False,-0.04547407046745555,0.004513930280776638,0.04312028116672649,-1.1592688961129765,False,False,,False
2022-07-07,222.1999969482422,0.0005761577584115758,0.02312535105750794,-0.08321975636749272,False,-0.0687343199319046,0.0043150740467648285,0.043318151134448764,-1.6863460712333331,False,False,,False
2022-07-08,222.8999938964844,0.0003741027375587584,0.023074344020264145,0.12031538580208066,False,-0.04108411777645338,0.003627629218856369,0.04406645934330838,-1.0146435103164093,False,False,,False
2022-07-11,216.8999938964844,8.020099208647361e-05,0.02289362317033076,-1.179284813594633,False,-0.04280676057263666,0.003059145868547081,0.04436758384591758,-1.0337706601393852,False,False,,False
2022-07-12,209.25,-0.00023147519077951984,0.023101778574832813,-1.5166887299176453,False,-0.07411504424778759,0.0030011000134234854,0.0444254383635434,-1.7358555616300788,False,False,,False
2022-07-13,211.25,-0.0007165491458942682,0.023452495879138714,0.4380981129112791,False,-0.04799456597305085,0.002310866818531235,0.04521965343986222,-1.112468339866502,False,False,,False
2022-07-14,199.1999969482422,-0.0003849378472150485,0.02341912821466887,-2.4192402124444303,True,-0.14377819826260352,0.0018692809471867926,0.04555025416373325,-3.197511888435382,True,True,shock+trend,False
2022-07-15,203.6999969482422,-0.0011454903080755008,0.024315532614588218,0.9761600733230118,False,-0.1279966111902573,1.8022312643077854e-05,0.048552975778611625,-2.636597066400468,True,True,trend,False
2022-07-18,219.1000061035156,-0.0004055504319161181,0.02418000962715305,3.143380513568099,True,-0.04092795346740552,-0.001379016288859168,0.05069095412541629,-0.7801971349897443,False,True,shock,False
2022-07-19,220.3999938964844,0.0005310014779662235,0.025717757327840374,0.21006133366504426,False,-0.018918317896586934,-0.0021382562554938377,0.050853090093037547,-0.3299713274137987,False,False,,False
2022-07-20,218.1499938964844,0.00022995405207682396,0.02551716012183123,-0.4090841503797105,False,-0.019550589229283433,-0.002588731656619235,0.050850055380471215,-0.3335661573178608,False,False,,False
2022-07-21,215.8500061035156,-0.0001796194051893707,0.02543364891253538,-0.40747315438929804,False,-0.02857781697542372,-0.0034077734579046927,0.05061834198429043,-0.4972514414899372,False,False,,False
2022-07-22,206.6999969482422,-0.0004379803525873438,0.025439267715001955,-1.6491280459045663,False,-0.07267831938912273,-0.0042790510377022665,0.05047966250871333,-1.354986641196621,False,False,,False
2022-07-25,210.0500030517578,-0.0011316185936546248,0.025866626630822353,0.670312058300275,False,-0.031581332584065036,-0.0055285173977150355,0.05100175787541925,-0.5108219063740622,False,False,,False
2022-07-26,213.1999969482422,-0.0009559979663394813,0.025939911877820805,0.6149750310534123,False,0.018876926873319988,-0.0063198899112774515,0.05093850947976363,0.49465163079825475,False,False,,False
2022-07-27,219.1000061035156,-0.0005427589259445279,0.025943936975007322,1.087589299097502,False,0.03715979220599119,-0.006204312541610016,0.05098633034781591,0.8505045264442882,False,False,,False
2022-07-28,218.3999938964844,-8.883267557204959e-05,0.026137692495901563,-0.11883647071196915,False,0.09638552832523861,-0.005967280779835176,0.05114795532294269,2.00111242881224,True,True,trend,False
2022-07-29,217.1999969482422,-0.00045570048836826544,0.025983102404438112,-0.19392569478456478,False,0.06627393324620523,-0.00527112620478587,0.05218444359527647,1.371003588844762,False,False,,False
2022-08-01,213.1999969482422,-0.0008138736711251982,0.025863067531545502,-0.6805972581431464,False,-0.026928384257944415,-0.005757783882725455,0.05132637210135101,-0.41247022745762524,False,False,,False
2022-08-02,209.8999938964844,-0.0008903613882334123,0.02590707891959584,-0.563092319580731,False,-0.047640654676839866,-0.007223304630242947,0.05031751227461926,-0.8032461904318728,False,False,,False
2022-08-03,214.6499938964844,-0.0006087267088421066,0.025626920291820822,0.9068023323847179,False,-0.016044006866490435,-0.008050835310147457,0.05046682621887232,-0.1583846688055428,False,False,,False
2022-08-04,219.3000030517578,-0.00022108906351214763,0.025757027650910425,0.8496440363683068,False,0.015983307160935212,-0.008099856233947208,0.05047286106526079,0.4771507476808811,False,False,,False
2022-08-05,209.4499969482422,7.371720782709978e-05,0.02588064193062067,-1.7383411590049884,False,0.013304305953563134,-0.007600697951227755,0.050524105623078124,0.4137629681314342,False,False,,False
2022-08-08,211.8500061035156,-0.0003939132066877186,0.026374398758986794,0.44939561252003524,False,0.0085694026451133,-0.006885579376003867,0.05043408768305164,0.30643921068311125,False,False,,False
2022-08-09,212.75,-9.050643624477791e-05,0.02637816539572243,0.16448325051616905,False,-0.0021106799000162324,-0.006050755760676558,0.050160420592123445,0.07854949807336793,False,False,,False
2022-08-10,220.4499969482422,-0.0006036369321072558,0.025903924243186435,1.4204927676559367,False,0.006161528101869429,-0.006111117712841971,0.05015281698749367,0.24470501463101788,False,False,,False
2022-08-11,223.9499969482422,-7.139320956271493e-05,0.026246740130126466,0.6076186742803799,False,0.025412102595517183,-0.006096766153026096,0.05015621806186588,0.6282146056083859,False,False,,False
2022-08-12,226.6000061035156,0.0005215825805750995,0.02609552179586698,0.43346352631650964,False,0.04327812747397686,-0.005133433268827014,0.05005688528529239,0.9671309045077173,False,False,,False
2022-08-15,225.5,0.000643125109596312,0.02612709652691921,-0.21041453421407225,False,0.057692322832180176,-0.0036998115852393616,0.049880495646901925,1.230784370147545,False,False,,False
2022-08-16,219.3500061035156,0.0009066140516276174,0.025968081185865136,-1.0851519623677564,False,0.045021498245929825,-0.0019231600265801048,0.04965905267908568,0.9453393840571804,False,False,,False
2022-08-17,217.4499969482422,0.00042257999526797244,0.026152299998863853,-0.34737201971801446,False,0.013044505620196212,-0.0008992632783870658,0.049826711394768124,0.2798452578599717,False,False,,False
2022-08-18,214.6999969482422,2.255194008191038e-05,0.026057304774857508,-0.4862029150354899,False,-0.020975859733253,-0.0006627245497184801,0.04985054750684739,-0.40748068375265767,False,False,,False
2022-08-19,215.9499969482422,0.00022238786883433282,0.025899327805272016,0.21620984039469204,False,0.031033660036797306,-0.0005188378112765098,0.04977507197381561,0.6339016016827087,False,False,,False
2022-08-22,224.3000030517578,0.00018910964621085658,0.025890387136772306,1.486160748147091,False,0.05876798012532913,8.17198044432906e-05,0.04988172829746036,1.1765081588777617,False,False,,False
2022-08-23,230.6499938964844,0.000521343410327885,0.026224461074597253,1.0596562505304485,False,0.08413628153459185,0.0007190409615677303,0.05032608637422754,1.6575348210613665,False,False,,False
2022-08-24,242.9499969482422,0.0010675900679802805,0.02637248717739887,1.9816097280320264,False,0.10206396149455421,0.0024106586337396137,0.050973823239814704,1.9549897678261117,False,False,,False
2022-08-25,243.3999938964844,0.002193763978963914,0.026779011945613686,-0.012754150448230616,False,0.08684973080279779,0.004692467414215596,0.051557763888376115,1.5934993528124062,False,False,,False
2022-08-26,242.0,0.002552423887107622,0.02658869409751484,-0.31232251322158094,False,0.06796113628280054,0.0067260676775518224,0.05175249791110909,1.1832292367882808,False,False,,False
2022-08-29,240.5,0.002624383929244923,0.026558397732191114,-0.3322011789133333,False,0.06651884700665178,0.008680092968077351,0.05125191668214138,1.1285188493004832,False,False,,False
2022-08-30,239.1499938964844,0.001489451320523815,0.025028567054168182,-0.2837870141307117,False,0.09026663889685405,0.009310778206769394,0.051672646392435906,1.56670630095569,False,False,,False
2022-08-31,239.1000061035156,0.0017235577455309444,0.024876436337716763,-0.07768719298347394,False,0.0995631614583401,0.01069178445387599,0.0524383528480265,1.6947781953034544,False,False,,False
2022-09-01,236.3500061035156,0.0018510037119833617,0.024841230231714747,-0.5375123178886001,False,0.1008384232091657,0.012597441046731495,0.05304101262459708,1.6636368311247811,False,False,,False
2022-09-02,232.6499938964844,0.0008897592397468938,0.023915085339980317,-0.6918043385941787,False,0.07733270286752925,0.013362778407302342,0.05389920777197537,1.1868435011300438,False,False,,False
2022-09-06,233.8999938964844,0.000539310593177033,0.02396297206833399,0.20170983996887137,False,0.042799780267998244,0.01378282091422775,0.05427707318824849,0.5346080333611826,False,False,,False
2022-09-07,226.8999938964844,0.0011718599182983242,0.023443584497976278,-1.3265539691327402,False,-0.016258400603656686,0.014510205017656213,0.05429576430626651,-0.5666851920115943,False,False,,False
2022-09-08,225.8500061035156,0.0007667301210229782,0.023717042911857153,-0.22744259108292927,False,-0.07038481605072644,0.014275111137803925,0.054391500500455124,-1.5564918490862736,False,False,,False
2022-09-09,231.5,0.0008787830919097524,0.023670778609357433,1.0197295807798175,False,-0.0488906910225535,0.013068846049351237,0.055257215649189034,-1.1212931441436838,False,False,,False
2022-09-12,227.75,0.0012185149478024856,0.023833544877098586,-0.7307859213259607,False,-0.058884297520661155,0.011806209347693265,0.055580019722584244,-1.2718690497266991,False,False,,False
2022-09-13,223.9499969482422,0.001132312441392195,0.02388532766969024,-0.7459511407196462,False,-0.06881498150419041,0.010390366825425342,0.05601435293789406,-1.4140188036704577,False,False,,False
2022-09-14,217.6000061035156,0.0006976604930692224,0.023909301470931628,-1.2150987957036745,False,-0.09011076037198928,0.009657598419434543,0.05669122585242187,-1.7598553795809602,False,False,,False
2022-09-15,219.1499938964844,-0.00026705410593384977,0.023596169302431885,0.31319319155721365,False,-0.08343794101951663,0.00773674139100085,0.05760338610485134,-1.5828007444659362,False,False,,False
2022-09-16,218.0500030517578,-0.00033977520444935144,0.023564432802802605,-0.19858641656937842,False,-0.07742755480929753,0.00558775493919086,0.057961971050105594,-1.4322375213348988,False,False,,False
2022-09-19,224.0500030517578,-0.0005112980211115215,0.02355086736913486,1.1901014864577453,False,-0.036965360285172055,0.004233569007657164,0.05870443832335069,-0.7018026314450171,False,False,,False
2022-09-20,228.1000061035156,-0.0006172023147169063,0.023404329983761917,0.7987213456589988,False,-0.024796870219396583,0.003083379386417057,0.05865460867909799,-0.4753292236309638,False,False,,False
2022-09-21,221.3000030517578,-0.0003093648801103062,0.02349740309129315,-1.2555486994401264,False,-0.02468043629512562,0.0015542187168349638,0.05785038760259327,-0.4534914302075403,False,False,,False
2022-09-22,223.5500030517578,-0.00037946399050241703,0.02357841153715845,0.44730145150662415,False,-0.010183763513841204,0.0003899078765876185,0.05748185907646383,-0.18394797176555225,False,False,,False
2022-09-23,220.4499969482422,-0.0005393695252888308,0.023463874538395973,-0.5680136663697267,False,-0.047732194608025136,-0.0010863124424056075,0.056284498696996775,-0.8287518454545365,False,False,,False
2022-09-26,223.8000030517578,-0.00042117054224261854,0.023372719612616433,0.6681887392751881,False,-0.017343565085585877,-0.0027362600597507303,0.055805543092299625,-0.26175365772671333,False,False,,False
2022-09-27,224.3500061035156,-0.00020132477036503152,0.023441859306400106,0.11342486631964843,False,0.0017861538768668694,-0.004103322414536682,0.054870610065289344,0.10733389485547531,False,False,,False
2022-09-28,228.6999969482422,-0.0003295801812973383,0.023400052666718626,0.8426855327684141,False,0.05101098590707842,-0.005160670546198755,0.053963376707582014,1.0409218229181882,False,False,,False
2022-09-29,225.6999969482422,0.0002556716533112328,0.02333606916080212,-0.573073942924912,False,0.02988821918403395,-0.004615857267262255,0.054325095359454754,0.6351406513507593,False,False,,False
2022-09-30,221.5500030517578,0.0004040546081166685,0.02321322493995252,-0.809506975504532,False,0.016051364141321356,-0.0038628773693826874,0.05440778655558174,0.36601822590889843,False,False,,False
2022-10-03,215.75,-5.601701332177633e-05,0.023239495104680725,-1.124085886502616,False,-0.03704531550414847,-0.0034009310769466,0.05442809342142867,-0.6181437252761801,False,False,,False
2022-10-04,219.3000030517578,-0.0004961359090552486,0.0234192014335848,0.723781275557932,False,-0.03857958271059492,-0.0032851381464625686,0.05434600003464311,-0.6494396007366455,False,False,,False
2022-10-05,224.6499938964844,-0.00047805872690361923,0.023431921309003432,1.061535720662629,False,0.015137780381969002,-0.0034469615828552325,0.05443388583538709,0.3414186159890577,False,False,,False
2022-10-06,217.6999969482422,9.439799666328685e-05,0.023509059507485202,-1.319976172349594,False,-0.026168669307336967,-0.0029726058579258724,0.05443882474156278,-0.426094126012633,False,False,,False
2022-10-07,218.1000061035156,-0.0006372995209518024,0.02361063132302677,0.10481433013402436,False,-0.01065997222616577,-0.003071749645360596,0.054474674384152516,-0.13929817234506867,False,False,,False
2022-10-10,217.4499969482422,-0.0009274007208450878,0.023441931820495095,-0.08757492608336256,False,-0.02837357469582824,-0.003584333459211672,0.054361164683886146,-0.45601012010628705,False,False,,False
2022-10-11,217.8500061035156,-0.0006234664836592386,0.023262500831956762,0.10587906967775745,False,-0.02897258668671887,-0.0039971523290073425,0.05443117523858171,-0.45884429737626775,False,False,,False
2022-10-12,209.75,-0.0002633836980073549,0.02308580509394595,-1.5991727411307326,False,-0.08285962921342249,-0.0039260353157922175,0.05439451169258147,-1.4511315837107797,False,False,,False
2022-10-13,202.1499938964844,-0.0007238331573157927,0.0234751137228058,-1.5126575233320996,False,-0.1043420618971399,-0.004861906884345647,0.05514560993517618,-1.80395420650408,False,False,,False
2022-10-14,196.6999969482422,-0.0009650600988375831,0.023747885880239898,-1.094628121229057,False,-0.1121643230025603,-0.006166572945524346,0.05632948630328177,-1.8817453702016183,False,False,,False
2022-10-17,195.5500030517578,-0.0019704655753940664,0.023218046383444747,-0.16693782596064471,False,-0.0936268688215166,-0.007996972600680118,0.057517151880000825,-1.4887714954921245,False,False,,False
2022-10-18,195.1000061035156,-0.0021028639140666925,0.02321136919685418,-0.008544182852885626,False,-0.110351101739523,-0.009542924205595197,0.058244896228481405,-1.7307641366289053,False,False,,False
2022-10-19,192.3000030517578,-0.0018395961087862849,0.02309378892162841,-0.5417921538710695,False,-0.14400174370640328,-0.010813079440340214,0.059394825833353294,-2.2424287368020313,True,True,trend,False
2022-10-20,191.0500030517578,-0.0018091665013619865,0.02307552816340477,-0.20329300255498092,False,-0.12241614271965451,-0.012557394360866158,0.06135393378285712,-1.7905738326021394,False,False,,False
2022-10-21,190.8999938964844,-0.0017682310867623543,0.02306429429756353,0.042622088685080474,False,-0.12471348668427562,-0.013583288657562143,0.06254350774295248,-1.7768462632995803,False,False,,False
2022-10-24,190.3999938964844,-0.001760722478325632,0.02306452450991928,-0.037219494665326674,False,-0.12439642874861134,-0.01432967754759376,0.06353670881204837,-1.7323332174257315,False,False,,False
2022-10-25,185.8000030517578,-0.0018376487952025341,0.02305754390276779,-0.968098243877245,False,-0.1471195875777419,-0.015440508360555863,0.06472790585161399,-2.0343478980929,True,True,trend,False
2022-10-26,179.75,-0.0018008716673992235,0.02301916775518711,-1.3363228010720885,False,-0.14302741358760418,-0.016831346053957266,0.06642241143588254,-1.8999019277621954,False,False,,False
2022-10-27,178.85000610351562,-0.0017647680407869273,0.022968032037031218,-0.14115933403985362,False,-0.1152608879370044,-0.01775017764515482,0.06769007525869813,-1.4405466372903686,False,False,,False
2022-10-28,169.8000030517578,-0.0019589662433090104,0.022932549724017093,-2.1210947766913026,True,-0.13675645304439243,-0.018647061938007536,0.06853656657065796,-1.7233047556390164,False,True,shock,False
2022-10-31,177.6999969482422,-0.0018730948181703614,0.022734709614360134,2.128832202746867,True,-0.09128103208871385,-0.018553438668431385,0.06836791175084357,-1.0637679513355196,False,True,shock,False
2022-11-01,174.60000610351562,-0.0015539624803422377,0.02324501220243466,-0.6836356292380439,False,-0.1050743175739478,-0.01806389761374414,0.06770187045605754,-1.2851996462443163,False,False,,False
2022-11-02,182.1499938964844,-0.002794582502635111,0.021488086887877785,2.142406004802848,True,-0.0527821580561364,-0.01891918246849804,0.06839624082825126,-0.49509995253498146,False,True,shock,False
2022-11-03,172.1999969482422,-0.002297138289347734,0.022115544368498802,-2.366125595936496,True,-0.09866530124267492,-0.01937070033729203,0.06850791995882155,-1.157451590313134,False,True,shock,False
2022-11-04,175.75,-0.0028893593849644863,0.022910678154281373,1.0259382377376676,False,-0.07936089251369738,-0.02042556316413725,0.06911711011501766,-0.852687984950267,False,False,,False
2022-11-07,170.5500030517578,-0.0024739096524148342,0.023052084300485432,-1.176186710451917,False,-0.10425415693825357,-0.0211026708379809,0.06944601943930871,-1.1973542439382239,False,False,,False
2022-11-08,166.4499969482422,-0.0023032013143640534,0.02279850445337748,-0.9534267957245646,False,-0.10414427225884026,-0.021523682005302646,0.06985741268473383,-1.182703267674741,False,False,,False
2022-11-09,165.14999389648438,-0.0028398279744600075,0.022830565490465093,-0.2177056763815619,False,-0.08122395606962807,-0.02249118786763298,0.07049814071226054,-0.8331108821963683,False,False,,False
2022-11-10,171.0,-0.0031439155987664264,0.022741498979620935,1.6958555469057925,False,-0.04389156184301246,-0.023825866306872286,0.07065176449096068,-0.2840084133879971,False,False,,False
2022-11-11,170.10000610351562,-0.0030405983682831902,0.02290044479057475,-0.09705155745685273,False,0.0017668023932035926,-0.02490655102752567,0.07032545055955909,0.3792845009665373,False,False,,False
2022-11-14,166.1999969482422,-0.0030681740802475026,0.022901878318176177,-0.8671589394719971,False,-0.06471581427966822,-0.026168134039952804,0.06895551206096637,-0.559022463724638,False,False,,False
2022-11-15,156.75,-0.003300617425844122,0.02301502724671981,-2.327113083911214,True,-0.1022337083592817,-0.027914664006964452,0.06823760613671762,-1.0891215058660637,False,True,shock,False
2022-11-16,155.4499969482422,-0.0038131905183506924,0.023771861664468548,-0.18847029899787235,False,-0.1465824751189163,-0.02891873499498228,0.0687748168151146,-1.7108550131110656,False,False,,False
2022-11-17,152.6999969482422,-0.0037173910762621516,0.023738670352667895,-0.5886254289425149,False,-0.11324042012533297,-0.030237959267543295,0.07007543239549661,-1.1844730459790043,False,False,,False
2022-11-18,151.3000030517578,-0.004254996415978745,0.023590025509770487,-0.2082773356209197,False,-0.13911804806965689,-0.031533911444327864,0.07070531527490143,-1.5215848512525993,False,False,,False
2022-11-21,157.5,-0.004666082815325955,0.023400138753198213,1.9505974442448544,False,-0.07651716692023425,-0.03360192951406909,0.07155980177118318,-0.5997115188131633,False,False,,False
2022-11-22,161.8000030517578,-0.003520831669815574,0.023505295278878766,1.3112976451454896,False,-0.027936281055807366,-0.034799549152386394,0.07151578333650616,0.09596857891194466,False,False,,False
2022-11-23,160.10000610351562,-0.0033095919258239372,0.02371201398793688,-0.3035249361381382,False,-0.030578189401169964,-0.03528629160173201,0.07134063768424176,0.06599467503220825,False,False,,False
2022-11-25,163.5500030517578,-0.003506325784596149,0.02370967031371093,1.0567560588182743,False,-0.04356723361545123,-0.03566585839508072,0.07123739784213964,-0.11091611231897838,False,False,,False
2022-11-28,160.64999389648438,-0.003701574959759412,0.023437059080573915,-0.5986272081316204,False,-0.05555562532596481,-0.03632890855131166,0.07107406451016231,-0.2705166351068057,False,False,,False
2022-11-29,166.6999969482422,-0.00414968499224562,0.02337888903641327,1.7883319263788966,False,0.0030084236412817322,-0.03740847825693142,0.07073771306524909,0.5713628578991838,False,False,,False
2022-11-30,167.6999969482422,-0.0038053318029714752,0.023803824051944127,0.4118721484139872,False,0.06985643986119405,-0.03794540764136735,0.07026826542435247,1.5341469844394529,False,False,,False
2022-12-01,163.35000610351562,-0.003660622521821438,0.023830335208943593,-0.9348798606347408,False,0.05082025931402079,-0.03778321941431384,0.07050562995189052,1.256686576501666,False,False,,False
2022-12-02,160.14999389648438,-0.0036428414921507533,0.023812970146988646,-0.6696800180070054,False,0.04878845512202168,-0.03770590260007262,0.07060077636218427,1.2251190734557285,False,False,,False
2022-12-05,160.14999389648438,-0.0037885470187291213,0.02387744139561655,0.15866637283107843,False,0.05849299845485856,-0.037229316606714954,0.0710670968660192,1.34692873752865,False,False,,False
2022-12-06,161.0500030517578,-0.0036199258774034944,0.023858688462685036,0.3872683435476254,False,0.022539701915922583,-0.03616973183087346,0.07190024712992409,0.8165400828276406,False,False,,False
2022-12-07,157.6999969482422,-0.003622623057632596,0.02385761804764778,-0.7200386850207974,False,-0.025339963079012318,-0.03628298460581846,0.07179958118633872,0.15241065958875355,False,False,,False
2022-12-08,156.89999389648438,-0.004415521960933977,0.02341729124828182,-0.028074159131720518,False,-0.019987583291922073,-0.03740442384854301,0.07094669215068393,0.24549193244456347,False,False,,False
2022-12-09,157.75,-0.004860631297289836,0.023101989373336282,0.44490254042901684,False,-0.03546317911056429,-0.038792742046229865,0.069541033737309,0.04787911189590575,False,False,,False
2022-12-12,166.35000610351562,-0.005499432160586397,0.022112461375965155,2.7141307376324804,True,0.035480936343540215,-0.04062643725429811,0.06756168250939504,1.1264872450039256,False,True,shock,False
2022-12-13,167.14999389648438,-0.004797239380414703,0.023160432344806556,0.41477218733758153,False,0.002699441850511297,-0.04131135451375488,0.0665040097692287,0.6617765833516689,False,False,,False
2022-12-14,168.3000030517578,-0.004656427544686266,0.023186639642314103,0.49755077095618394,False,0.0035778539918565055,-0.04218151043951873,0.06547391170577721,0.6988946167903632,False,False,,False
2022-12-15,171.5,-0.004482048211450686,0.02322403592152014,1.01169735896559,False,0.04989282884580781,-0.04302072367971601,0.06445729586214911,1.4414745651792835,False,False,,False
2022-12-16,164.14999389648438,-0.004153688496962391,0.02338138954580468,-1.6553117971612337,False,0.024976585403964968,-0.04355904114706329,0.06349043921883124,1.0794637333474395,False,False,,False
2022-12-19,164.0500030517578,-0.004722330572711416,0.02379903533009608,0.17283000606515755,False,0.024352227935733328,-0.04455352882778829,0.06177942961465476,1.1153511321376204,False,False,,False
2022-12-20,167.8000030517578,-0.00457709963435403,0.023790340386099826,1.1532404854361022,False,0.04191244875562461,-0.04557334476476739,0.05995119953458464,1.459283453868562,False,False,,False
2022-12-21,169.35000610351562,-0.004063583839453985,0.02396302958755995,0.5550545659206733,False,0.07387450463361156,-0.04604561481959279,0.05910343289236182,2.0289873799987364,True,True,trend,False
2022-12-22,168.89999389648438,-0.004012059475558596,0.02398773541084161,0.05647755775082694,False,0.0764818385392485,-0.04563128516138461,0.059839020909985136,2.0406938790714153,True,True,trend,False
2022-12-23,172.0,-0.0036484590837638007,0.023795515867480518,0.9246511679196396,False,0.09033280507131525,-0.0443947486394792,0.06139224742812042,2.1945369220851028,True,True,trend,False
2022-12-27,166.9499969482422,-0.003342037376750104,0.023930326285397346,-1.0872582835689861,False,0.003606797852193422,-0.042251847024518646,0.06324963661378254,0.7250420292014634,False,False,,False
2022-12-28,173.5500030517578,-0.004067064831403687,0.02388321865662067,1.8255452495585511,False,0.03828901818110109,-0.04155188050618869,0.06346529355090408,1.258024570913726,False,False,,False
2022-12-29,170.0500030517578,-0.0033239776896032873,0.02436284354533879,-0.6913446184231953,False,0.010398098444845738,-0.040256236296831865,0.06409543900657967,0.7902954644944037,False,False,,False
2022-12-30,167.3000030517578,-0.0033704060027217376,0.024391950260333185,-0.5248169077148441,False,-0.024489778123861217,-0.03920006189751138,0.06427088672807722,0.22887942772421505,False,False,,False
2023-01-03,166.3000030517578,-0.00320796881580318,0.02426354874283464,-0.11413488671957242,False,0.01309783268483855,-0.03832511546753634,0.0640146042844679,0.8033002582326645,False,False,,False
2023-01-04,161.3000030517578,-0.0033826407047285213,0.024235308945026464,-1.1010177061988895,False,-0.016763181644881886,-0.03703797181814494,0.06406576485153645,0.31646840118504904,False,False,,False
2023-01-05,160.5500030517578,-0.0037165979513305897,0.024429955248369523,-0.03819585291703841,False,-0.0432061970688028,-0.03622911350928606,0.06393175463420432,-0.10913330315173157,False,False,,False
2023-01-06,158.3000030517578,-0.00414548255361102,0.024155029047771868,-0.40856266062447577,False,-0.06524949898734278,-0.036312324666401136,0.06393678707546113,-0.4525903731569849,False,False,,False
2023-01-09,158.0500030517578,-0.004573358035117565,0.02404002736001009,0.12454554116501848,False,-0.06423914290592758,-0.03685169304997376,0.06400891812558716,-0.4278692822493724,False,False,,False
2023-01-10,150.89999389648438,-0.004196928449068757,0.023859858028061454,-1.7201266252827323,False,-0.12267445409020694,-0.03737914247145111,0.06407022604804324,-1.3312784561552335,False,False,,False
2023-01-11,143.89999389648438,-0.004935676438840654,0.02426343422547915,-1.7084416698401406,False,-0.1380653098119179,-0.03887901834580266,0.06473819683168305,-1.5321139036973175,False,False,,False
2023-01-12,149.39999389648438,-0.005369292006760551,0.02471166255635348,1.763955797182184,False,-0.13915303215564434,-0.04008345988185456,0.06573773303265266,-1.5070427242232527,False,False,,False
2023-01-13,151.6999969482422,-0.005062295061315417,0.025110406892204454,0.8146912628738436,False,-0.10790947235637782,-0.04170758610945534,0.06666648633927988,-0.993030979764061,False,False,,False
2023-01-17,151.10000610351562,-0.00488979680727244,0.025207014733522486,0.03708024936243052,False,-0.09683201824706689,-0.04317019445923194,0.06690227365009566,-0.8020926772756731,False,False,,False
2023-01-18,155.0,-0.005201055741702257,0.02504678283444293,1.2381524560173185,False,-0.06794950597950922,-0.04514143451462054,0.0662647958788661,-0.34419590617290163,False,False,,False
2023-01-19,154.60000610351562,-0.0046820117223271415,0.02528275469314503,0.08311617796643173,False,-0.04153748804389212,-0.04644593751680111,0.06572864408861116,0.07467747952158768,False,False,,False
2023-01-20,154.8000030517578,-0.0044712569607143334,0.025232797386030348,0.22846845486638676,False,-0.0358143873603437,-0.04721378887927063,0.06532380933213153,0.17450607420899103,False,False,,False
2023-01-23,158.5500030517578,-0.004104952337514751,0.025112529532025835,1.128112483665327,False,0.0015792798179432577,-0.047197376504019894,0.06532655322474104,0.7466589604713758,False,False,,False
2023-01-24,159.85000610351562,-0.004001344842222953,0.025214320761803573,0.48387859661709226,False,0.011388820101245756,-0.04666192500363939,0.06556230025291344,0.885428743057341,False,False,,False
2023-01-25,162.4499969482422,-0.004217297341472387,0.02503655404924492,0.8181033251065776,False,0.07654077878678356,-0.0467119111407157,0.06551595884550292,1.8812620939906988,False,False,,False
2023-01-26,167.14999389648438,-0.0035879347926325036,0.024948929283785577,1.3034585673355157,False,0.16157054194682652,-0.04534245183279409,0.06700764057630196,3.0879014989940985,True,True,trend,False
2023-01-27,169.89999389648438,-0.003226674421393129,0.02522320686435151,0.780192760251656,False,0.13721553438753098,-0.04304604497715419,0.07104208588445875,2.5373914225696943,True,True,trend,False
2023-01-30,170.39999389648438,-0.0029675728863027295,0.025325374004518807,0.23338176895911641,False,0.12326959343725208,-0.040838190189376074,0.07401513070731029,2.2172193990386297,True,True,trend,False
2023-01-31,181.75,-0.0029528613898278403,0.025328524468205122,2.7463455639658267,True,0.2028457488974995,-0.03880829445438979,0.07639435956221383,3.163244573771075,True,True,shock+trend,False
2023-02-01,175.89999389648438,-0.0015690001453407747,0.026251642988888275,-1.1663309454899737,False,0.13483867029989938,-0.03499888941291083,0.08114377079409406,2.093044950348445,True,True,trend,False
2023-02-02,177.89999389648438,-0.001515046321234661,0.02618350544816375,0.4921091787000642,False,0.15071142867463894,-0.03180981298361697,0.08305912981256225,2.197485599357321,True,True,trend,False
2023-02-03,172.8000030517578,-0.0010039761766555077,0.02605389536752662,-1.0617899491568994,False,0.11627906747509331,-0.02830480296125432,0.08514283575724521,1.6981331329928637,False,False,,False
2023-02-06,175.6999969482422,-0.0013082602386899215,0.026243788093955184,0.6893300602669504,False,0.10816772984158107,-0.025506057143966185,0.08640714697033874,1.5470223433188217,False,False,,False
2023-02-07,177.0500030517578,-0.0010538128002032584,0.02632641359452998,0.33188718048582977,False,0.10760085262119934,-0.0225924727228848,0.08718819038786647,1.4932449539886594,False,False,,False
2023-02-08,175.60000610351562,-0.0007600099184743477,0.026298946670493612,-0.2825112996323133,False,0.08094804187323601,-0.019237771438516762,0.08729398910613224,1.1476828397651369,False,False,,False
2023-02-09,173.64999389648438,-0.000782536579995332,0.026304652952080138,-0.39241407852967203,False,0.03888722846155446,-0.01652624897727822,0.08720415576005162,0.6354453747744174,False,False,,False
2023-02-10,174.75,-0.0009201321805216771,0.026331643438117742,0.27551446313798195,False,0.028546240598870343,-0.014344906108667156,0.08650473348092531,0.49582427436754306,False,False,,False
2023-02-13,177.0500030517578,-0.0008007483291863042,0.026344130767704498,0.5300013665077135,False,0.0390258767222329,-0.012305670517367398,0.08567407807346253,0.5991491054690462,False,False,,False
2023-02-14,183.5500030517578,-0.0003031310820829776,0.026249252136916323,1.4101705927669368,False,0.009903730683674228,-0.009823730993367735,0.08440264342763655,0.23373037710549313,False,False,,False
2023-02-15,176.85000610351562,0.0006205316214354258,0.026317521365127904,-1.4105747011117464,False,0.005400865491731244,-0.007784649069750689,0.08297637018372252,0.15890686146293415,False,False,,False
2023-02-16,180.6999969482422,0.00020059324723753787,0.0266576121279822,0.8091203215733994,False,0.01573919700855697,-0.00617582569070088,0.08202870007630507,0.2671628671290898,False,False,,False
2023-02-17,188.6999969482422,0.0011655384022208003,0.026097809891429038,1.6517377133523965,False,0.09201385194259482,-0.0041425503566615545,0.08062620352468132,1.1926197451405602,False,False,,False
2023-02-21,194.4499969482422,0.0011354982436450277,0.02604613803364491,1.126314785323301,False,0.1067159950237413,-0.001698618569577439,0.08072712176335932,1.3429763284651912,False,False,,False
2023-02-22,199.5,0.0017743879721185015,0.02617158944576476,0.9245259915044299,False,0.12680031946500026,0.0011252522650584155,0.08076637736486716,1.5560319937614244,False,False,,False
2023-02-23,193.6499938964844,0.0015441090224655874,0.025876110193086388,-1.1928936635712968,False,0.10279035971290562,0.003519685298673571,0.08180196803845798,1.2135487298736067,False,False,,False
2023-02-24,191.1999969482422,0.001881468422772016,0.02529225645011507,-0.5746084492899842,False,0.10106538248552788,0.0062057607780813115,0.08170872429853222,1.1609485097437824,False,False,,False
2023-02-27,190.6999969482422,0.0014379049931575224,0.025250945565338693,-0.1605075653866341,False,0.09127323003285936,0.008611444444737649,0.08181141824529155,1.0103942378835256,False,False,,False
2023-02-28,190.3999938964844,0.0017975370205124245,0.024993867214793346,-0.13486126682908592,False,0.0754023756826705,0.011218476271019155,0.08127984559474177,0.7896656168820722,False,False,,False
2023-03-01,185.3000030517578,0.0020970935376807896,0.024814002582680367,-1.1639702422608937,False,0.009534186711544379,0.013612431576905965,0.08047626532239535,-0.05067636835561094,False,False,,False
2023-03-02,183.9499969482422,0.0018440869325713383,0.025012329019058643,-0.365004104365084,False,0.04014696409210572,0.014822540147321596,0.07970966159272054,0.31770833596283726,False,False,,False
2023-03-03,180.8000030517578,0.0012746483004394567,0.024722010344879853,-0.744228874804752,False,0.0005534372175126645,0.015943053826456506,0.07946344098613757,-0.19366914417447095,False,False,,False
2023-03-06,182.4499969482422,0.0011165007879090731,0.02480220557869952,0.32293787215586356,False,-0.03312135718642484,0.01592687562411396,0.07946648963242724,-0.6172190697917036,False,False,,False
2023-03-07,184.5500030517578,0.0015438849862666791,0.024658035261199727,0.40417459437662107,False,-0.050912800472398545,0.01634813505202387,0.07911618862231848,-0.8501538900655318,False,False,,False
2023-03-08,179.5500030517578,0.002455474650857951,0.02371550539801522,-1.245952909395477,False,-0.09999998470296845,0.01703241382384898,0.07829438024860971,-1.4947739308389965,False,False,,False
2023-03-09,178.0,0.002204815345476696,0.023929039338375774,-0.4529026378961024,False,-0.08081587601211138,0.017653513696061617,0.07715538520137502,-1.2762477881636982,False,False,,False
2023-03-10,182.25,0.0023255868975024688,0.02384999625091001,0.903598364132122,False,-0.04680960821701774,0.018085840950904573,0.07650009161242384,-0.8483055091842935,False,False,,False
2023-03-13,183.1999969482422,0.0027661824784460057,0.02393985187032263,0.10219030666278496,False,-0.039328789302684686,0.019316620148939763,0.0746570793269292,-0.7855304544504295,False,False,,False
2023-03-14,180.8999938964844,0.002289308281791319,0.023520949552294463,-0.6310931567124436,False,-0.04989495958264023,0.01981246518384042,0.07413364594868775,-0.9402940307931064,False,False,,False
2023-03-15,178.0500030517578,0.001757892165819747,0.02339812344942919,-0.7484532961081329,False,-0.03912574139556235,0.019519682803482652,0.07436776449908003,-0.788586622094449,False,False,,False
2023-03-16,185.5,0.0016879224192139948,0.023443098530240083,1.7128383790685275,False,0.008426219502433385,0.01940571544355742,0.0744520778380498,-0.14747064501016258,False,False,,False
2023-03-17,183.0,0.001958497743668562,0.02378997218923764,-0.6488274374460455,False,0.012168124508340705,0.020098961485129213,0.0740990200311057,-0.10703025456287082,False,False,,False
2023-03-20,184.8999938964844,0.0020152250404044557,0.023747420939138588,0.35234374670402113,False,0.013428320028622709,0.02100194481625329,0.07357541830248783,-0.10293689064047755,False,False,,False
2023-03-21,186.6999969482422,0.001651531062188673,0.023400489188174087,0.34544054128849444,False,0.011649926095538277,0.0211408767680845,0.0735508159078135,-0.1290393662585866,False,False,,False
2023-03-22,178.0,0.001701347173708617,0.02341384203423536,-0.6278912769725035,False,0.02630405934772284,0.020364789917875756,0.07333661425415437,0.08098641436137254,False,False,,True
2023-03-23,174.3000030517578,0.0018738688134531218,0.023254553070937437,-0.9744486790846497,False,0.01372195768684037,0.02003790725165845,0.0732536218700413,-0.08622030424684204,False,False,,False
2023-03-24,179.25,0.0018579143075832638,0.02326988338536634,1.1405892663418045,False,0.018199990292497636,0.019570353952522702,0.07317950832134117,-0.018726057218198464,False,False,,False
2023-03-27,176.89999389648438,0.002236571554596032,0.023469448902375012,-0.6539048692514209,False,-0.0003595599005433714,0.019033113843691222,0.07303766624005717,-0.265516065101198,False,False,,False
2023-03-28,173.75,0.0019868381646750482,0.023532528537573847,-0.8411112592549979,False,-0.005676457540357949,0.01872779035280501,0.073070665445248,-0.3339814649895191,False,False,,False
2023-03-29,169.6999969482422,0.0020267634238400013,0.023495855776717086,-1.0783235029475229,False,-0.01330867416647008,0.018989970426653735,0.07294558171980448,-0.44277725712282373,False,False,,False
2023-03-30,169.8000030517578,0.0017836110590375043,0.023664081364636054,-0.050468888777849184,False,-0.05237776822725615,0.019079022548326427,0.0729014182580175,-0.9801838219755614,False,False,,False
2023-03-31,170.5,0.0017192351751007587,0.02366062918447306,0.10157142545823038,False,-0.0354721883576008,0.018853494693437202,0.0730983277522888,-0.7431864000382279,False,False,,False
2023-04-03,176.25,0.0010473125092870877,0.022842416134316874,1.4305416499953454,False,-0.013189663218617809,0.017907453030755322,0.07333896975820897,-0.4240189949749379,False,False,,False
2023-04-04,174.85000610351562,0.001432849527594131,0.023148729342876224,-0.40503637025550243,False,-0.030466539190056596,0.01769559829650027,0.073406413369319,-0.656102583901569,False,False,,False
2023-04-05,180.1499938964844,0.0012352051187047733,0.023164867417316368,1.2551947405650774,False,0.01207861739597993,0.017241673054074758,0.0735998990094505,-0.07015030900289514,False,False,,False
2023-04-06,183.6000061035156,0.0013858448156638984,0.023318268950515194,0.7618460604767865,False,0.0533562988463987,0.016737483568077055,0.07350265977649835,0.49819714537772547,False,False,,False
2023-04-10,182.6000061035156,0.0022126175436493287,0.022822394330142513,-0.33560196820148863,False,0.018689015919194363,0.017115879747309506,0.0736186071542403,0.021368730443227985,False,False,,False
2023-04-11,190.5,0.0021481178135113158,0.022837307715689686,1.8003791330106969,False,0.07687963014557186,0.01704037025375565,0.07361398883167031,0.812878922084332,False,False,,False
2023-04-12,190.25,0.0024201850937484006,0.023205945413689248,-0.16084330912680078,False,0.0949640287769784,0.017506599338954945,0.07388387949515987,1.0483671129247847,False,False,,False
2023-04-13,196.1000061035156,0.0022795245456894856,0.023196036717322333,1.227344237184649,False,0.15556870730719763,0.017787792994199837,0.07414099318668071,1.8583634827507256,False,False,,False
2023-04-14,193.3999938964844,0.002724942376353483,0.023419619458687965,-0.7042595073980167,False,0.13898698716473468,0.018842284577772494,0.07553635435475664,1.5905546887092583,False,False,,False
2023-04-17,201.0,0.002296640513134503,0.023423660155603713,1.579607381987342,False,0.178885630498534,0.019491007005684756,0.07636302994546802,2.0873271216015827,True,True,trend,False
2023-04-18,205.25,0.0032120713113631153,0.02351118497501958,0.7627096343572133,False,0.1645390070921986,0.021828058107635964,0.07852197279420027,1.8174651490048075,False,False,,False
2023-04-19,202.5500030517578,0.002966890605704539,0.023221398716497667,-0.6942546974539748,False,0.1584214811627922,0.02351139129311726,0.08021463998345946,1.6818636834559613,False,False,,False
2023-04-20,195.8999938964844,0.0030603895914309907,0.023140971117615546,-1.5510081132213411,False,0.0874271470086756,0.025485036396023213,0.0816949976042173,0.7582117930003437,False,False,,False
2023-04-21,194.1999969482422,0.002838259852119959,0.02340650914127472,-0.49200593565696044,False,0.05773415300841633,0.02697726206445704,0.08179190078810962,0.37603834423212884,False,False,,False
2023-04-24,196.75,0.0028022519137810968,0.023422325920141034,0.4409705952858395,False,0.07749174930729641,0.027572413002104737,0.08185191762419618,0.609873754386361,False,False,,False
2023-04-25,192.4499969482422,0.0033782112989299983,0.023132480936596533,-1.0908200034166502,False,0.010236204452714892,0.028829145414800455,0.08188557746370528,-0.22706002128795685,False,False,,False
2023-04-26,195.8500061035156,0.0031488054228420424,0.02329789234216844,0.6231537467301365,False,0.029434986089438286,0.029541710768420687,0.08148178893113402,-0.001309797936230893,False,False,,False
2023-04-27,192.1000061035156,0.0035712227537168404,0.02326969195634137,-0.9763141176012756,False,-0.02039775561194268,0.03080417056944444,0.08072324803418296,-0.6342897173773933,False,False,,False
2023-04-28,189.8500061035156,0.00333698240441619,0.02341023755293738,-0.6428653985196826,False,-0.01835567686144235,0.0313887224000309,0.08018262461415197,-0.6203887625386302,False,False,,False
2023-05-01,189.25,0.0037839991541376546,0.02278180585633648,-0.3048231130963988,False,-0.05845771144278611,0.032779639429747764,0.07835803892984422,-1.1643649090582882,False,False,,False
2023-05-02,190.6499938964844,0.004360371376726002,0.022029720809526587,0.1378691355795062,False,-0.07113279465781042,0.03384107407466952,0.07653037260114932,-1.3716628465873097,False,False,,False
2023-05-03,189.1999969482422,0.003949392730382859,0.021674138242673863,-0.5331209372173994,False,-0.06590968107813011,0.03474801057464064,0.07483687748489057,-1.3450279465908148,False,False,,False
2023-05-04,186.3999938964844,0.0036427196876641704,0.02167272367102006,-0.8509262919670552,False,-0.048494131168885346,0.03530800779168394,0.07390631421945613,-1.1338968780357341,False,False,,False
2023-05-05,191.0,0.0034981322705005358,0.02176009325351629,0.9733420083715788,False,-0.016477842422907063,0.03595251295272636,0.0729428933265252,-0.7187863407190549,False,False,,False
2023-05-08,186.8999938964844,0.003483031806502339,0.02174478775122178,-1.1473569038201799,False,-0.05006356342320506,0.036638801800147724,0.07219036854831563,-1.2010240003875938,False,False,,False
2023-05-09,188.0,0.0032312265430597207,0.021924557332915203,0.12106545792209612,False,-0.023122873571356672,0.03652512079509021,0.07232173308110193,-0.8247589185889301,False,False,,False
2023-05-10,187.4499969482422,0.0032924517676767837,0.021925484931356976,-0.28359691631869205,False,-0.04289001222105471,0.036694340978943384,0.07216486181192004,-1.1028130755299599,False,False,,False
2023-05-11,185.8000030517578,0.0029304470493884396,0.02179897758132817,-0.53822533101682,False,-0.032795433896878445,0.03610141708509007,0.07263840596767279,-0.9484906787826618,False,False,,False
2023-05-12,186.0,0.002703758513684414,0.02183182152246419,-0.07454021598017059,False,-0.020279199261212577,0.03551229369844842,0.07301971663030683,-0.7640606610695163,False,False,,False
2023-05-15,193.0500030517578,0.0025012414343075335,0.021774695121328007,1.6258322140532955,False,0.0200792763633173,0.03422136065780846,0.07314031435668157,-0.1933555306520123,False,False,,False
2023-05-16,190.3500061035156,0.0026208585194486805,0.021945820675005747,-0.7567206860102836,False,-0.00157350014462454,0.032334810450028346,0.07162011904288831,-0.47344672206349664,False,False,,False
2023-05-17,189.8500061035156,0.002215014693831292,0.021968015865953067,-0.22040018791603258,False,0.0034355664152110332,0.03048428998959961,0.07066017292081281,-0.38280013275231356,False,False,,False
2023-05-18,190.4499969482422,0.0021407527227700887,0.021974934894886795,0.04639780450727936,False,0.021727484894698446,0.028886502962639053,0.06988433440143182,-0.10244095660720681,False,False,,False
2023-05-19,192.0,0.0012947836831815026,0.020640347139489132,0.3315763773270318,False,0.005235602094240788,0.02647159277593504,0.06685550598551247,-0.3176401160780396,False,False,,False
2023-05-22,189.1999969482422,0.0018324602024841926,0.020278430205622543,-0.8095207204864414,False,0.012306062744077195,0.024743551866526263,0.06568128685411645,-0.18936122780410433,False,False,,False
2023-05-23,187.4499969482422,0.0014864142522407894,0.020334839407704055,-0.5279552813256665,False,-0.002925548147648005,0.022898146987452107,0.06401749106200744,-0.40338499223731283,False,False,,False
2023-05-24,188.0,0.001745324502991655,0.020067581746489718,0.05924020165369488,False,0.0029341320923557124,0.02130875211248222,0.06314152932562826,-0.29100688906925964,False,False,,False
2023-05-25,182.6999969482422,0.0015606813070264073,0.019990918018479357,-1.488285173996529,False,-0.016684639680291435,0.019905637475825882,0.06234955856497852,-0.5868570363330514,False,False,,False
2023-05-26,181.6000061035156,0.0010823467473671327,0.02026969039382799,-0.350429420637841,False,-0.02365588116389461,0.01824849757847267,0.06163482592190506,-0.6798815136666824,False,False,,False
2023-05-30,177.10000610351562,0.0011112668861333456,0.020257826345148906,-1.278074029019107,False,-0.08262106550687742,0.016853778604644265,0.061379841058832506,-1.620643559767044,False,False,,False
2023-05-31,178.64999389648438,0.0009289351245233209,0.020430072599827088,0.3829214534630973,False,-0.06146578319870699,0.015233668018398504,0.06238576550299406,-1.2294383277772634,False,False,,False
2023-06-01,183.0500030517578,0.0009611675484424357,0.02044062062863837,1.1578928124635606,False,-0.03581776577900175,0.014033507701097474,0.06298909696907128,-0.7914270227524781,False,False,,False
2023-06-02,180.3000030517578,0.001114068058835532,0.02057556099663792,-0.7842938285420985,False,-0.05329479684498384,0.013035592467747681,0.06318037159740511,-1.049857537011634,False,False,,False
2023-06-05,183.1000061035156,0.00042425459466032933,0.020230305464374206,0.7466735913945767,False,-0.046354134877522934,0.01219294543403224,0.06364246098960223,-0.9199374034439125,False,False,,False
2023-06-06,182.6000061035156,0.0011180144298994735,0.019835177369837774,-0.19403721439558047,False,-0.03488367310350482,0.011502878762442183,0.06399670220413888,-0.7248272218462382,False,False,,False
2023-06-07,185.3999938964844,0.0007913403355181996,0.019691693953109338,0.7385172581996523,False,-0.01093626612500731,0.010827907160948025,0.06421799454017725,-0.33891082151964164,False,False,,False
2023-06-08,194.8500061035156,0.0004054966145485972,0.019102914550663735,2.6470015639419002,True,0.03643620267827452,0.009455238920046663,0.06355605805386992,0.42452229707762673,False,True,shock,False
2023-06-09,190.6499938964844,0.0006788205171418389,0.019676940556341713,-1.1299482644111016,False,0.04351394133024766,0.008518175022107107,0.06261379124560514,0.558914667391218,False,False,,False
2023-06-12,185.5500030517578,4.5143090913466464e-05,0.019616601943872065,-1.3659698091015484,False,0.02175108378570556,0.007407689980310406,0.06121048939601207,0.23432901692058097,False,False,,False
2023-06-13,182.75,7.944703682228364e-05,0.01956673684434326,-0.7752818224233001,False,0.031902844165809574,0.006327166301281072,0.060211102875219226,0.42476680617412427,False,False,,False
2023-06-14,184.3999938964844,4.693220312009583e-05,0.019590190666497694,0.4584826315267995,False,0.03218583933079677,0.005404999123684828,0.05926268795258185,0.4519005318918412,False,False,,False
2023-06-15,187.0,0.00020218229879013746,0.019614931690227454,0.7085232091026835,False,0.02157878657409973,0.004617167247657326,0.0584934977862379,0.28997444106399567,False,False,,False
2023-06-16,184.8999938964844,0.00041115542174097186,0.019679145047943783,-0.5915467646874396,False,0.025512982622668545,0.0038995193928763826,0.05794087519695614,0.3730261780879624,False,False,,False
2023-06-20,177.4499969482422,0.0006185645936977598,0.01946948754705019,-2.1012673844948964,True,-0.030857503915533324,0.004112570005024705,0.057991229462732476,-0.6030234958724443,False,True,shock,False
2023-06-21,172.0,0.000178477676862648,0.020015935157226886,-1.5433372276279136,False,-0.058050414836823494,0.003165843764922851,0.0579745897413437,-1.0559153393730856,False,False,,False
2023-06-22,171.6999969482422,-2.7046505457528626e-06,0.020234976885169564,-0.08606380667626284,False,-0.07389426860440684,0.0023844590708650354,0.05840362118728752,-1.3060616126980011,False,False,,False
2023-06-23,168.0500030517578,-0.0001476416648331691,0.020207618369308195,-1.044671912018253,False,-0.13754171009632954,0.0018408202519586089,0.058926013526191694,-2.3653819766092745,True,True,trend,False
2023-06-26,167.9499969482422,-0.0005845484564347695,0.020306159442607757,-0.0005194899695742,False,-0.11906633975853909,0.000685768123639529,0.06079349622341455,-1.9698177489594062,False,False,,False
2023-06-27,169.4499969482422,-0.00023124404316813654,0.020067828342924438,0.45657524977204605,False,-0.08676909640914765,0.0004315500562319204,0.061258307661076865,-1.4234909483271003,False,False,,False
2023-06-28,165.64999389648438,2.941815339575863e-06,0.020070943573675615,-1.1174588973738415,False,-0.09357048483455888,0.00035217378427143675,0.06136876516597473,-1.5304635569057325,False,False,,False
2023-06-29,163.60000610351562,-0.000614417080048885,0.020038771159393703,-0.5869122454005786,False,-0.112798202176976,-0.0002713045706291117,0.062087705265257954,-1.8123861580259255,False,False,,False
2023-06-30,161.0,-0.0008489240205663906,0.02007254286896809,-0.7494582689486753,False,-0.1390374331550801,-0.0012508967422863292,0.06328039257482959,-2.1773969914908484,True,True,trend,False
2023-07-03,162.5,-0.0008934287569997368,0.0201025253083101,0.5079062847449439,False,-0.12114653670040121,-0.0024394630565855277,0.0650196572431434,-1.8257105416582897,False,False,,False
2023-07-05,161.0500030517578,-0.000559145015146593,0.020060472176162948,-0.41693500803140965,False,-0.09242036730644676,-0.003533073660650046,0.06632179116598624,-1.3402426575502895,False,False,,False
2023-07-06,162.35000610351562,-0.0012360146078015685,0.01945785156695366,0.47837042505208294,False,-0.05610461567723468,-0.004877694818101781,0.06709384760540699,-0.7635114498189042,False,False,,False
2023-07-07,162.8000030517578,-0.0009486928069259741,0.01943373899553855,0.19144351224364306,False,-0.05183456059796687,-0.00578799802057612,0.06732221162429455,-0.6839728147132638,False,False,,False
2023-07-10,161.75,-0.0010501689384759994,0.019393600817292342,-0.27841560659949277,False,-0.037488860085396425,-0.0066581697622639805,0.06749203779889465,-0.4568048517811589,False,False,,False
2023-07-11,159.3000030517578,-0.0012659643889818388,0.01936198960232691,-0.7169122884128638,False,-0.05150338823257061,-0.007313353578009776,0.06755039284667218,-0.6541787958933807,False,False,,False
2023-07-12,158.75,-0.0012945885578220014,0.019381148672846123,-0.111347150640167,False,-0.06314545376775926,-0.00835078621241369,0.0676245618642322,-0.8102775980324306,False,False,,False
2023-07-13,159.35000610351562,-0.001063470218214683,0.01924846666697409,0.25160633874913874,False,-0.038031922880152,-0.009375685031808351,0.06786756673073753,-0.422237590483189,False,False,,False
2023-07-14,161.9499969482422,-0.0013917332518088178,0.018946787331671502,0.9346154453755758,False,-0.010085630157185999,-0.010125443874110346,0.06786941865522737,0.0005866223361452231,False,False,,False
2023-07-17,154.75,-0.00099938068927639,0.01900543272310302,-2.2866497195024733,True,-0.03881987577639778,-0.01025512481086558,0.0678597977316881,-0.4209377557898833,False,True,shock,False
2023-07-18,155.25,-0.0013547341765772591,0.019564857114288865,0.23438719334300676,False,-0.04461538461538472,-0.01069703705401278,0.06793745069240972,-0.49925846813032465,False,False,,False
2023-07-19,152.4499969482422,-0.0010008623385418295,0.01940173442237626,-0.8779928473789442,False,-0.053399602238764166,-0.011114459859998307,0.06804979881666468,-0.6213852665852507,False,False,,False
2023-07-20,158.0500030517578,-0.0012491924392984929,0.019500049691611735,1.9478200830213985,False,-0.02648600486664665,-0.011128084313485082,0.06805827367260084,-0.22565839132273524,False,False,,False
2023-07-21,161.85000610351562,-0.0008143802131474025,0.01997913978104333,1.2441688525890633,False,-0.005835361980553344,-0.011008268533605692,0.06802273776915455,0.07604672676667895,False,False,,False
2023-07-24,163.0,-0.0009434641727741126,0.019783286880722502,0.40684698640606043,False,0.007727975270479082,-0.010910211183764833,0.06802485143098605,0.27399084396609236,False,False,,False
2023-07-25,161.85000610351562,-0.0007428170493431008,0.019787646678302052,-0.3190051011282666,False,0.016007551807323495,-0.01040095099095769,0.068019435973049,0.3882493646190317,False,False,,False
2023-07-26,163.14999389648438,-0.0012410410779544723,0.01946293136760169,0.4764489835621941,False,0.0277164969857282,-0.010348565198806442,0.0680384930588907,0.5594636282080415,False,False,,False
2023-07-27,161.4499969482422,-0.0013892907228007653,0.019347510951788386,-0.4667551298832546,False,0.013178479851217562,-0.010690429223615383,0.06777799388961632,0.35216310936712003,False,False,,False
2023-07-28,157.89999389648438,-0.0014556002934328113,0.019370113660672206,-1.0600170466078653,False,-0.025007737746683523,-0.010763903037855073,0.06774869559582879,-0.210245150604869,False,False,,False
2023-07-31,164.64999389648438,-0.002325629374065617,0.018791127323586825,2.398696219646341,True,0.06397411241670037,-0.012122401276418478,0.06698473303003842,1.1360277223019515,False,True,shock,False
2023-08-01,164.5500030517578,-0.001738150538626678,0.019498666249172087,0.057996643676159754,False,0.059903401299567394,-0.012535600161222184,0.06640833968199206,1.090811813812488,False,False,,False
2023-08-02,166.9499969482422,-0.0021562350703097665,0.01912526353476793,0.8753568351806067,False,0.0951131537570502,-0.013811137574657257,0.06401132996585428,1.7016408093662672,False,False,,False
2023-08-03,164.75,-0.001778185171955755,0.019172796307230257,-0.5945608919034494,False,0.04239162808524655,-0.01439612202009305,0.0627847993033892,0.9044824660652235,False,False,,False
2023-08-04,161.35000610351562,-0.0024778439326591504,0.01860259650175215,-0.9761781536944547,False,-0.0030892800812142296,-0.016216042052270216,0.05896878471998445,0.22260526536860004,False,False,,False
2023-08-07,163.9499969482422,-0.003034931543947518,0.01851101682306358,1.034460299060583,False,0.005828202136455074,-0.018451085881249055,0.05507326420076957,0.440854348658071,False,False,,False
2023-08-08,161.35000610351562,-0.002644682810755118,0.01860308119638974,-0.7102992749533013,False,-0.0030892800812142296,-0.020485662934933545,0.051128069704934984,0.34025111751950576,False,False,,False
2023-08-09,160.75,-0.002418376057910274,0.01833216205847537,-0.07092920813996799,False,-0.014710352352247935,-0.021692548629465413,0.04959158882408575,0.140793962096781,False,False,,False
2023-08-10,159.89999389648438,-0.002352253127481146,0.018318217811387705,-0.1602502335710471,False,-0.009600514593101517,-0.022658475367607598,0.04872153008212508,0.268012124259964,False,False,,False
2023-08-11,157.8000030517578,-0.0025978339371894926,0.01823109697715272,-0.5778762285249365,False,-0.0006332542659381879,-0.02381970555294624,0.04732001222179156,0.48999250419319107,False,False,,False
2023-08-14,151.10000610351562,-0.0024815404687208932,0.01813415782087362,-2.204527410875188,True,-0.08229570783639151,-0.023964631669194953,0.047230861194967104,-1.2350203805602487,False,True,shock,False
2023-08-15,149.25,-0.0032832173058509346,0.018555520992177527,-0.48289508642192475,False,-0.09298087370405783,-0.025454374254872684,0.047285841509783225,-1.4280490162200925,False,False,,False
2023-08-16,148.89999389648438,-0.0031911677218973383,0.018492777268470824,0.045751278381386165,False,-0.10811622271160426,-0.02642214916276755,0.04791946712054697,-1.704820158857898,False,False,,False
2023-08-17,147.0,-0.0030662670583179942,0.018466060244882825,-0.5249595267467654,False,-0.10773899848254931,-0.02761895644076971,0.048827578875962244,-1.6408768135997542,False,False,,False
2023-08-18,147.4499969482422,-0.0031942641180033324,0.01849996089993086,0.33813411181670466,False,-0.08614817867658309,-0.028276040267966547,0.04957407947759133,-1.16738705021797,False,False,,False
2023-08-21,147.5500030517578,-0.0032520826008333955,0.01847316743879856,0.21275831664138137,False,-0.10003046173682895,-0.028476245388216852,0.04977939023196894,-1.4374265336552694,False,False,,False
2023-08-22,146.60000610351562,-0.00314163217990792,0.018471550647914087,-0.1784821692652778,False,-0.09141617255680179,-0.028931189130332834,0.050279530778440135,-1.242751920295615,False,False,,False
2023-08-23,152.9499969482422,-0.00303015623199722,0.018425417416563537,2.5152882117714475,True,-0.04852256952881984,-0.029503483015505053,0.05074730859099354,-0.3747802009876486,False,True,shock,False
2023-08-24,153.0,-0.002781663780628921,0.018923103368795945,0.1642747437501358,False,-0.04315193345755397,-0.02993074604358389,0.0507710517081473,-0.26040798780318464,False,False,,False
2023-08-25,151.75,-0.00249109145105287,0.018799234709777693,-0.30207842378373295,False,-0.03833968906688434,-0.029838590977375207,0.050740277952300704,-0.16754141744159823,False,False,,False
2023-08-28,151.8000030517578,-0.0026784976878106207,0.01878465375603859,0.16013109045844368,False,0.004632673196337311,-0.030041481850648914,0.05074348449049473,0.6833223101476484,False,False,,False
2023-08-29,151.35000610351562,-0.0026350969204816054,0.01878783528195633,-0.017527819924129696,False,0.014070392653370956,-0.029407846045083688,0.050877408352588874,0.854568660359884,False,False,,False
2023-08-30,153.35000610351562,-0.0025572581450005096,0.01877402723253859,0.8400787490496056,False,0.02988591262216511,-0.02878296835774703,0.051122453210812435,1.1476147425472851,False,False,,False
2023-08-31,152.6999969482422,-0.002395418233734185,0.01885790415576832,-0.09774739514865083,False,0.03877548944382414,-0.028114100199301995,0.05156150304329177,1.2972777303827758,False,False,,False
2023-09-01,150.9499969482422,-0.002957311186489854,0.01825926537175651,-0.4656851575985807,False,0.02373686044380574,-0.027864817358228565,0.05184208234305929,0.9953627529960287,False,False,,False
2023-09-05,151.39999389648438,-0.002923636281182791,0.018240970487542123,0.32370732163026983,False,0.02609278729310538,-0.027527345883716164,0.05209729325718065,1.029230691739076,False,False,,False
2023-09-06,151.75,-0.002848865087176879,0.018253692988712135,0.28271881381362546,False,0.03512956126923972,-0.02722524960534424,0.05234436925645986,1.1912419952770508,False,False,,False
2023-09-07,147.39999389648438,-0.0028601790086938564,0.018250180689518614,-1.4139821418872585,False,-0.03628638877080814,-0.02704655525368369,0.05253626788720736,-0.1758753312466332,False,False,,False
2023-09-08,146.25,-0.0033509022594185836,0.018444217810776157,-0.24131987023831397,False,-0.044117647058823484,-0.027600181798551008,0.05241010940033345,-0.31515800003591266,False,False,,False
2023-09-11,151.5500030517578,-0.0032604823831553424,0.01840498925940665,2.146147380607864,True,-0.0013179370559617265,-0.02835249792925635,0.05223420721141249,0.517564299652813,False,True,shock,False
2023-09-12,150.6999969482422,-0.002653964933635316,0.01894651311597337,-0.15595403787366907,False,-0.007246416873526451,-0.028331063114700534,0.05224511112132928,0.40357166036471864,False,False,,False
2023-09-13,151.0500030517578,-0.0027678700303026965,0.018938141634584637,0.26879118869632934,False,-0.001982180638649189,-0.028466803767578965,0.05217596125473825,0.5076020161779891,False,False,,False
2023-09-14,153.10000610351562,-0.002361016148091853,0.01871098595567543,0.8515158488627986,False,-0.001630257515811584,-0.028270770980357067,0.05224839616561073,0.5098819374302622,False,False,,False
2023-09-15,158.25,-0.0020997836940269804,0.01879577755955881,1.9013785078495935,False,0.036345796743132874,-0.027977095998382627,0.05233651173894134,1.2290252178510326,False,False,,False
2023-09-18,158.6999969482422,-0.0013208791787467093,0.019051894741761076,0.21858517730224739,False,0.05134150484717992,-0.02639087116838249,0.052460659269096335,1.4817270140818302,False,False,,False
2023-09-19,167.5,-0.001399658720179787,0.01902187244244006,0.4941500238014444,False,0.056602400084659,-0.02488677399443733,0.05305521559736179,1.5359314472967374,False,False,,True
2023-09-20,158.1999969482422,-0.0016213815902682827,0.018810112625292846,-0.8175718410666513,False,0.03624457183606622,-0.023654505116255185,0.05386500257408993,1.1120221681959777,False,False,,True
2023-09-21,154.85000610351562,-0.0016477386909400282,0.018830519195154962,-1.0370362373757367,False,0.04423503200125101,-0.022460646867174517,0.054190467943939946,1.2307640328447103,False,False,,False
2023-09-22,151.14999389648438,-0.0021371434762156158,0.018855015032540313,-1.1539118601401475,False,0.02729874316773162,-0.021252791308790868,0.054658262717572015,0.8882743809000303,False,False,,False
2023-09-25,148.8000030517578,-0.0024193224203675964,0.019021645464802298,-0.6901656884633826,False,-0.02404119129842497,-0.02042369242517438,0.05491969515205982,-0.0658688811588371,False,False,,False
2023-09-26,150.85000610351562,-0.002831074495319122,0.01896631173582159,0.8756566207311042,False,-0.005014879535316319,-0.02059842476081995,0.054909948507872855,0.283801854654249,False,False,,False
2023-09-27,149.25,-0.003326995020105801,0.01800228036357646,-0.4043714282461835,False,-0.017849371313750195,-0.02115110585700116,0.05453545460514899,0.060542899424904234,False,False,,False
2023-09-28,147.1999969482422,-0.0031810150004924214,0.017896551733598887,-0.5897420345264642,False,-0.04430989257469753,-0.02196928335892113,0.054009971164828655,-0.41363860661204394,False,False,,False
2023-09-29,146.14999389648438,-0.0030074792792830164,0.0177272194001319,-0.23273214379774856,False,-0.08200655430711501,-0.02285009637705984,0.05382568735901329,-1.099037668306696,False,False,,False
2023-10-02,149.10000610351562,-0.0029013844084978357,0.017677670153264706,1.305953232468974,False,-0.06613254552660419,-0.024368888356698832,0.053866920500525,-0.7753117642858073,False,False,,False
2023-10-03,148.75,-0.002752635985848892,0.017825728637968025,0.022729915510252375,False,-0.07571900871882586,-0.025679800154797514,0.05366797554046072,-0.9323848731037636,False,False,,False
2023-10-04,146.35000610351562,-0.002971932990199281,0.01771643788545255,-0.7429529482381779,False,-0.07490512688570716,-0.026977104092036523,0.05368614269069683,-0.8927447641340043,False,False,,False
2023-10-05,145.39999389648438,-0.003037325438016478,0.01775633709249609,-0.1945246754055238,False,-0.06102687655507111,-0.028316012218814867,0.0536115126554406,-0.6101462673975993,False,False,,False
2023-10-06,146.0500030517578,-0.0025866499255575047,0.017218806288787088,0.4098506813351854,False,-0.03374125736465006,-0.028718270520675368,0.05374385986124556,-0.09346159462574702,False,False,,False
2023-10-09,146.0500030517578,-0.002117538595414139,0.01691883408637346,0.12515865955087405,False,-0.018481182416666075,-0.028394148421046386,0.053637769009270336,0.18481316780097679,False,False,,False
2023-10-10,147.5,-0.0020942825448902773,0.01692055286852288,0.7105186425229351,False,-0.02220753044727619,-0.02765530727187651,0.053383597041375665,0.10204963933730334,False,False,,False
2023-10-11,147.6999969482422,-0.0016784684289699613,0.01682617844459137,0.18033684549754572,False,-0.010385280078779369,-0.026117518209889133,0.051813480604526424,0.30363214259216154,False,False,,False
2023-10-12,149.3000030517578,-0.0016524549780887318,0.016829383816588966,0.7418730114141603,False,0.014266346107697503,-0.024668437414159004,0.05068632384008246,0.7681516545705194,False,False,,False
2023-10-13,154.89999389648438,-0.0016271005650316155,0.016846967438027848,2.322994392049385,True,0.05986999907914803,-0.02332129818060107,0.050355086449497925,1.6520932268318758,False,True,shock,False
2023-10-16,154.14999389648438,-0.0008279829253476389,0.017263387026956324,-0.23250655853900098,False,0.03386980272464046,-0.021275425061751643,0.05057893136738471,1.090280602922187,False,False,,False
2023-10-17,157.0500030517578,-0.0007275351436867735,0.017217145119016643,1.1349407684799422,False,0.055798339843750044,-0.019319851663063423,0.049822204351890685,1.5077251696103011,False,False,,False
2023-10-18,158.0500030517578,-0.00026479698340328077,0.017270354540905947,0.3840219818016432,False,0.07994531233546098,-0.016722041356412354,0.0485590958492276,1.9907156836696118,False,False,,False
2023-10-19,163.9499969482422,-0.0003041219353035851,0.017251589981242335,2.1814824901111027,True,0.12757911850370673,-0.014040816702600859,0.04826613692569543,2.9341468828203117,True,True,shock+trend,False
2023-10-20,165.25,0.0003125844337415036,0.01775858944031955,0.4289012410003732,False,0.1314618044988196,-0.011107490225132147,0.05008902882439238,2.8463178079133225,True,True,trend,False
2023-10-23,165.85000610351562,0.00031068069195788083,0.01775775400947108,0.186972889201873,False,0.13557002833297438,-0.008606604622784756,0.05243935753385157,2.7493973941745513,True,True,trend,False
2023-10-24,168.14999389648438,0.0003221357429237296,0.017759640046629686,0.7627262195552587,False,0.13999995862023296,-0.006107876770372205,0.05476504512772702,2.6679031314562387,True,True,trend,False
2023-10-25,162.3000030517578,0.0005930361286640314,0.017809837217289883,-1.9867306061024927,False,0.09884906164643881,-0.0037413591876304803,0.05717259968594029,1.7943983900962617,False,False,,False
2023-10-26,161.1999969482422,0.0003311227966958056,0.01818492691699026,-0.3909134584308042,False,0.07970524884958641,-0.0017366598559103547,0.05810363842068855,1.4016662453361668,False,False,,False
2023-10-27,160.9499969482422,0.00028678965486834685,0.0181983240569925,-0.10097952783046908,False,0.03905747766394918,0.00016801617898758745,0.05840400847561743,0.6658697322324582,False,False,,False
2023-10-30,159.10000610351562,0.00021571719457354514,0.018194907418486284,-0.6435819174029919,False,0.03211166009098454,0.0011958748529089366,0.058400990956389245,0.5293709016198349,False,False,,False
2023-10-31,167.3000030517578,-0.00015508844592516743,0.018145667318946207,2.848888298441551,True,0.06526583763657734,0.0017585053895512104,0.05849402568759872,1.0857063007802228,False,True,shock,False
2023-11-01,159.8000030517578,0.0011248854066217258,0.01836284540136766,-2.502582302716479,True,0.011072445214866056,0.003146314901724212,0.05875244700279452,0.1349072373575324,False,True,shock,False
2023-11-02,165.35000610351562,0.0004840765493822922,0.019111673333639265,1.791933910176243,False,0.008539244777878263,0.003888819299460889,0.05849199497954262,0.0795053319696797,False,False,,False
2023-11-03,170.89999389648438,0.0011876282622392998,0.01938991754263594,1.6698091368421557,False,0.034190583337273095,0.004714670593016121,0.058108206171725386,0.5072590376847587,False,False,,False
2023-11-06,173.6999969482422,0.001145384179140776,0.019314734376447002,0.7889564604290884,False,0.04733186949554269,0.005523691769068384,0.058090326548623804,0.7197098073029298,False,False,,False
2023-11-07,170.75,0.0010432618517135846,0.019212007009182932,-0.9382959896079895,False,0.015462421634794943,0.006232588188749665,0.058273953712312324,0.15838694404727108,False,False,,False
2023-11-08,174.35000610351562,0.0007220806016712149,0.01931039527832069,1.0544274311459263,False,0.07424524229931806,0.006335714140273877,0.058283478771961626,1.1651591426919654,False,False,,False
2023-11-09,178.8000030517578,0.0010972628465838626,0.019430230430018864,1.2571179415903255,False,0.10918118136916966,0.007112216680167137,0.05879973642737253,1.7358745275172227,False,False,,False
2023-11-10,174.5,0.001330480197785393,0.019618651008307973,-1.293652343721258,False,0.0841876564689541,0.008198412471946357,0.059927131075224294,1.2680273964996134,False,False,,False
2023-11-13,178.64999389648438,0.0011487549584555106,0.019791327480949836,1.1436041894200086,False,0.12287861120664512,0.009145201493516178,0.06056442295944813,1.8778914114195548,False,False,,False
2023-11-14,176.4499969482422,0.0017590276377665815,0.01977391502830386,-0.7117251459875497,False,0.05469213227481906,0.011117019479560558,0.06183160551109346,0.7047384979748021,False,False,,False
2023-11-15,180.8000030517578,0.0010248524161344007,0.019246645138153533,1.2276455766785441,False,0.13141426532512823,0.010993259744335475,0.06173359066485681,1.9506561060823735,False,False,,False
2023-11-16,176.10000610351562,0.0013616551431464444,0.01943776673134628,-1.4074257307704157,False,0.06501360509941612,0.011946737931342953,0.06303768849096215,0.8418276183410734,False,False,,False
2023-11-17,170.9499969482422,0.0008205784365765349,0.019628571007156245,-1.5317150037940936,False,0.00029258662108611055,0.011545410615907832,0.06259531893598906,-0.17977101460780212,False,False,,False
2023-11-20,177.89999389648438,0.0006063488601304456,0.019869614023480236,2.015579985334306,True,0.024179602890227248,0.010984090063052359,0.06250366241789675,0.21111583412425128,False,True,shock,False
2023-11-21,176.5500030517578,0.0014235813593549461,0.020241060481294662,-0.4452367033162266,False,0.033967807038113085,0.011347675169338246,0.06250000276864541,0.3619220938678543,False,False,,False
2023-11-22,178.64999389648438,0.0011075485308787414,0.0201935760037623,0.5341820989816815,False,0.02466296324885553,0.011722869901360353,0.06255086293198371,0.20687313876973878,False,False,,False
2023-11-23,178.64999389648438,0.0014775889741182446,0.02013266936742222,-0.07339260120713116,False,-0.0008389773641671594,0.012092899812427949,0.06254414123730173,-0.20676400572085005,False,False,,False
2023-11-24,178.64999389648438,0.0015271711314010646,0.020124276613261213,-0.07588700755557648,False,0.02378219997985309,0.012277851478935693,0.06248429037344929,0.18411585427568217,False,False,,False
2023-11-27,179.6999969482422,0.001597674488872549,0.020109335587162932,0.21282437271844817,False,0.005877431220995266,0.01272295433990842,0.06244522276403818,-0.10962444869130084,False,False,,False
2023-11-28,183.6499938964844,0.0018511489251554043,0.020040842871042654,1.0044444823118273,False,0.040804743965817014,0.0128097634797342,0.06243092835168816,0.448415252266961,False,False,,False
2023-11-29,182.1000061035156,0.0027103469441664176,0.01948925366966263,-0.5721228875060157,False,0.007190282244550872,0.01445110283709698,0.061508136018727136,-0.11804650673100281,False,False,,False
2023-11-30,195.0,0.0027610627585439394,0.019454732494078177,3.499359298000773,True,0.10732534492573786,0.015786718249745098,0.060217831911973094,1.5201249159850967,False,True,shock,False
2023-12-01,193.8999938964844,0.003736866242848696,0.020971436821696374,-0.4471759977004634,False,0.13424976518245102,0.01865927248490966,0.059359916011784,1.9472819448496959,False,False,,False
2023-12-04,188.8999938964844,0.0038317881677052737,0.020911784618151786,-1.4163438176407381,False,0.06183249228440468,0.02188578933377633,0.058972076628141995,0.6773833521671413,False,False,,False
2023-12-05,193.8500061035156,0.003447152268750777,0.021189605790575432,1.0739819487740285,False,0.09798925376787482,0.0238588649465895,0.05777199529597047,1.2831543802755903,False,False,,False
2023-12-06,185.25,0.0037875011885239326,0.02134893283142139,-2.255463108189228,True,0.036943780179135466,0.02649912781998555,0.05654543494526273,0.18471256555477164,False,True,shock,False
2023-12-07,185.5,0.0032818244604877226,0.022032633485002152,-0.08770158122432423,False,0.03834316449786579,0.02821059385646471,0.054845232956194666,0.1847484292662964,False,False,,False
2023-12-08,185.1499938964844,0.0027222837761205717,0.021529340226076093,-0.2140850153140003,False,0.0363839922869873,0.029368803643487186,0.05411524871959756,0.1296342308218866,False,False,,False
2023-12-11,194.0,0.0026927671156923502,0.021534185612358304,2.0946391966142244,True,0.07957709123320988,0.03042928265341441,0.0534501106156476,0.9195080798468429,False,True,shock,False
2023-12-12,191.1499938964844,0.003439021129119378,0.02211462229465999,-0.8198093550258077,False,0.04083855294995242,0.032001506390748995,0.05313325981483528,0.16631854680100103,False,False,,False
2023-12-13,194.6499938964844,0.003238750962280267,0.02221096453232505,0.6785602295844085,False,0.06891810748119753,0.032484251454130524,0.05304564152110183,0.6868397663278977,False,False,,False
2023-12-14,200.1000061035156,0.0035224127605295186,0.0222664544144679,1.0992600298773068,False,0.026153877453926055,0.03321555431850155,0.053166288295464485,-0.13282245368213744,False,False,,False
2023-12-15,201.8000030517578,0.0037195411997069244,0.022418345938842815,0.2130485195900456,False,0.04074269934990782,0.033165793849591695,0.05317119300862972,0.14250019741115055,False,False,,False
2023-12-18,209.5500030517578,0.0038893340777943694,0.02240547746599874,1.5404726878517816,False,0.10931715099254813,0.03319202331500614,0.05317448279199887,1.4316101197508306,False,False,,False
2023-12-19,202.3999938964844,0.004554197280877231,0.022681973193039665,-1.7050974821771425,False,0.04410620337253501,0.03433309385565604,0.05388236407376357,0.1813786325985964,False,False,,False
2023-12-20,190.6000061035156,0.004059505580601758,0.02311716522643481,-2.6975557631468763,True,0.02887992498523939,0.03457327273671511,0.05388528384076789,-0.10565682029809242,False,True,shock,False
2023-12-21,193.6000061035156,0.0032513437933231457,0.02421261601987203,0.5157817248020895,False,0.04366580109711915,0.03448994425292844,0.05388924405785231,0.17027250993426546,False,False,,False
2023-12-22,192.8000030517578,0.0038434154898019765,0.023963241854676423,-0.33282902939699344,False,0.041317901201500806,0.03555597345116746,0.05325733319929537,0.1081903167920841,False,False,,False
2023-12-26,194.3500061035156,0.0038923436427388686,0.023942880872943075,0.17320769241476222,False,0.0018041551727607796,0.03669511409463846,0.05243753205376933,-0.665381408226851,False,False,,False
2023-12-27,197.75,0.003516344945171759,0.023647644744448502,0.5910878113174933,False,0.03452789073636997,0.03673674199102142,0.052408178366116255,-0.042147071764653266,False,False,,False
2023-12-28,198.0,0.0038243840075408153,0.023677625839421672,-0.10812576910130162,False,0.017210409496838386,0.03729373275915337,0.052155790882509157,-0.38506411124234485,False,False,,False
2023-12-29,188.3000030517578,0.003810273166631532,0.02367884829407367,-2.229844800214674,True,-0.05897052819505366,0.03754963396095987,0.05200735313968117,-1.8558945289290154,False,True,shock,False
2024-01-02,190.1499938964844,0.0029761189197249215,0.024420662158095078,0.2804420289260543,False,-0.05773047065953418,0.03678509701856998,0.05300303826265184,-1.7832103738985807,False,False,,False
2024-01-03,186.25,0.002658606855285175,0.024170137781107468,-0.9585671050643839,False,-0.11119065956779217,0.03553074678653442,0.054115096032422476,-2.711284227721227,True,True,trend,False
2024-01-04,185.5500030517578,0.002347224525180066,0.024317704022971995,-0.2510762280797734,False,-0.08325094541921951,0.03336365126100146,0.05666756974054377,-2.0578718518219263,True,True,trend,False
2024-01-05,182.8000030517578,0.0021904462201604914,0.02431867120900617,-0.6995139186780842,False,-0.04092341449098158,0.03149893998761641,0.05817354449615054,-1.2449362524814063,False,False,,False
2024-01-08,181.3999938964844,0.002219502183169887,0.02429672455431693,-0.4065649031341764,False,-0.06301658999177917,0.030470033503255778,0.05876786817747325,-1.5907778586201975,False,False,,False
2024-01-09,184.1000061035156,0.002399728532278972,0.02417064602201333,0.5165179692839691,False,-0.0451244647849236,0.029040011876682044,0.059725488456269446,-1.2417558831001996,False,False,,False
2024-01-10,181.1499938964844,0.00291677480530878,0.024014841922537503,-0.7887097777283069,False,-0.06791876404676078,0.02807436910397997,0.06033636755874294,-1.5909663944764771,False,False,,False
2024-01-11,184.0500030517578,0.002910420720358021,0.02401985590145397,0.5453181264615423,False,-0.06927937774079485,0.027489334800668827,0.06105694026164376,-1.5848929233398583,False,False,,False
2024-01-12,180.0,0.002940180474910181,0.02403487899870363,-1.0378702829364788,False,-0.09090909090909094,0.026632474824595777,0.06196346904441764,-1.8969494049700266,False,False,,False
2024-01-16,185.25,0.0027882030969181154,0.024157420088335543,1.0919404254796785,False,-0.016197573034130386,0.025658345229991237,0.06323349118059463,-0.6619264171984631,False,False,,False
2024-01-17,179.1999969482422,0.003360230170218645,0.024268554870543423,-1.4841763894371225,False,-0.05758610202324421,0.026033176157198797,0.06289555180583005,-1.3294943088915232,False,False,,False
2024-01-18,179.9499969482422,0.0030198913312779454,0.024594495160606977,0.04738363562778865,False,-0.03382551974098158,0.02635878218765041,0.062389857675088346,-0.9646488094596661,False,False,,False
2024-01-19,185.1499938964844,0.0028065638893811327,0.024512851068746982,1.0643533621827397,False,-0.002155802472079915,0.02678954253145871,0.06185184665073775,-0.4679786711460033,False,False,,False
2024-01-22,192.25,0.003223155329662279,0.024688939344179463,1.4226680374720861,False,0.05169582489321134,0.02777038528141532,0.06077826837624535,0.39365122190857066,False,False,,False
2024-01-23,192.9499969482422,0.003949578435838122,0.02491218372462396,-0.01238357847119068,False,0.06367146328763806,0.0294583979718009,0.05963541335809486,0.5737038345051249,False,False,,False
2024-01-24,189.4499969482422,0.0040846777371864006,0.024882253337566988,-0.893170408589246,False,0.0290602426255131,0.031121042503037023,0.058811187443747956,-0.03504094998073366,False,False,,False
2024-01-25,186.9499969482422,0.0037832123477646684,0.025014133473341547,-0.678788515085624,False,0.03201768284393158,0.0319583958362392,0.05832023300787773,0.0010165770031195054,False,False,,False
2024-01-26,193.8500061035156,0.0036072644255145557,0.025087406920066425,1.327401014247073,False,0.05324641613291292,0.032631714039713836,0.05802076974743459,0.3552986660283074,False,False,,False
2024-01-29,189.25,0.003967000800261884,0.025371103029572878,-1.0916639851887004,False,0.05138888888888893,0.033637766660783025,0.05771037098234096,0.3075898131643902,False,False,,False
2024-01-30,194.0,0.003632525731526668,0.025570562747895962,0.8395024300928093,False,0.047233468286099756,0.0344614222470186,0.05751406702862393,0.22206821215972594,False,False,,False
2024-01-31,194.0500030517578,0.0038227425931674297,0.02567768702931402,-0.13883629392415306,False,0.08286833904246493,0.03490098387606397,0.05748360730309157,0.8344527669164074,False,False,,False
2024-02-01,194.1999969482422,0.003326068424806463,0.025375801824792092,-0.10061172677643297,False,0.07918866486059817,0.03520762840890819,0.05767961150402172,0.7625057677204257,False,False,,False
2024-02-02,191.9499969482422,0.0034009324090276587,0.025359656435913966,-0.5909751360304283,False,0.03672699581918226,0.035811879904054295,0.057902357110269156,0.015804467396469235,False,False,,False
2024-02-05,189.5,0.0029956137587397627,0.02535293009004734,-0.621598314846364,False,-0.014304291287386195,0.035557595317060056,0.05785525604703593,-0.8618384916300237,False,False,,False
2024-02-06,188.1999969482422,0.002740532110000246,0.025414713382697844,-0.3777617469471376,False,-0.02461777701543144,0.03430093393542209,0.05790166019469936,-1.0175651398031464,False,False,,False
2024-02-07,190.6999969482422,0.0021513308573207633,0.025112416857824296,0.4433030131066331,False,0.006598047084379166,0.03227164199516692,0.057251733078303196,-0.4484334976493022,False,False,,False
2024-02-08,188.8000030517578,0.0022227238631030754,0.025136664646230156,-0.484789263761505,False,0.009895726845225994,0.030606791896307713,0.0561329112035809,-0.36896474112962974,False,False,,False
2024-02-09,196.3000030517578,0.0020414683891163085,0.025175355969402676,1.4968252002379687,False,0.012638621981440279,0.02893113454313773,0.054817628285030985,-0.297213014707286,False,False,,False
2024-02-12,195.6000061035156,0.002386224346086013,0.025514259633096264,-0.23328833692347023,False,0.03355353291157526,0.02723298338795383,0.05328161273552129,0.11862534182280299,False,False,,False
2024-02-13,193.0,0.0028025491155403647,0.02515161189008844,-0.6399197599341059,False,-0.005154639175257714,0.026362376338155653,0.052625022161538,-0.598897904815481,False,False,,False
2024-02-14,187.0500030517578,0.002715684389521904,0.02519635566471479,-1.3313307911557637,False,-0.036073176448922495,0.02523091116449106,0.05237429262456399,-1.170499581786455,False,False,,False
2024-02-15,189.3000030517578,0.0023253093066404077,0.025488466383767033,0.3807039481030993,False,-0.025231688843900035,0.02422916910965277,0.05282283990383437,-0.9363536311867714,False,False,,False
2024-02-16,190.8500061035156,0.0026389501772913332,0.025460829618877977,0.2179476149615828,False,-0.005730611420760812,0.023464591123854312,0.05312136513360242,-0.5495943575845235,False,False,,False
2024-02-20,191.6000061035156,0.002060925996241134,0.02481967858586854,0.07529757740718422,False,0.011081826403776196,0.0225179718030898,0.0529988382231,-0.21578105827853905,False,False,,False
2024-02-21,198.3500061035156,0.0027110517854163564,0.02420584138374097,1.3434192049243876,False,0.05393203676865532,0.02251809688560861,0.05299881085654954,0.592729145717514,False,False,,False
2024-02-22,193.8500061035156,0.002717701277356969,0.02421482313856901,-1.0491453759257718,False,0.016518139515903307,0.023123334112152304,0.05309611712385271,-0.12440070864017479,False,False,,False
2024-02-23,191.0,0.0019676711682252105,0.024117427240637347,-0.6911927739645372,False,0.011652526020558884,0.022887701527867368,0.05308555139548606,-0.21164281451287376,False,False,,False
2024-02-26,190.1000061035156,0.0015531913160381538,0.024133438906901682,-0.25960665073240496,False,-0.03158429369258586,0.02241197694820092,0.05302336876902909,-1.0183485488444854,False,False,,False
2024-02-27,194.0500030517578,0.0017168083473459623,0.024047513934282876,0.7926687388959238,False,-0.00792435073308484,0.02178468741050251,0.05338376284766041,-0.5565182474747445,False,False,,False
2024-02-28,193.3500061035156,0.0017127420780367996,0.024044220466315984,-0.22126082248020074,False,0.0018135031270238855,0.020689092836737134,0.053135170138167466,-0.3552372122010906,False,False,,False
2024-02-29,195.8500061035156,0.0013243333307350607,0.023889175095740532,0.48580941154682866,False,0.047046259867329576,0.01925752379350853,0.05215612743211755,0.532799067760327,False,False,,False
2024-03-01,193.8000030517578,0.0018173887052163613,0.023739548988320015,-0.5174739523700912,False,0.02377179042500921,0.018762305172153527,0.051705671592436254,0.09688463757597711,False,False,,False
2024-03-04,197.3999938964844,0.0013607299116549468,0.023640527473339938,0.7282017699310122,False,0.03432008165310796,0.017440880895065056,0.050254915954005164,0.3358716343987375,False,False,,False
2024-03-05,195.0,0.0017726014954195094,0.023668127193645753,-0.588581662971381,False,0.017745270293193505,0.01716925355344224,0.05010568625296798,0.01149603533705011,False,False,,False
2024-03-06,194.4499969482422,0.001281789024039178,0.023568710537294514,-0.17405778258851692,False,-0.019662258811517508,0.01565366695301644,0.04828953200536652,-0.731337088970115,False,False,,False
2024-03-07,198.3500061035156,0.0015907894164753184,0.023357225536704076,0.7905831009120036,False,0.02321382439161246,0.014524655434203991,0.048109426197383516,0.18061260846800617,False,False,,False
2024-03-08,191.3999938964844,0.0022481416229834027,0.023170689723236063,-1.6092431809283874,False,0.002094208882117199,0.014830271937811012,0.0480905950454373,-0.26483479864743686,False,False,,False
2024-03-11,194.3500061035156,0.0012388845828005125,0.02312364875069605,0.6129624269279809,False,0.022356653674622917,0.014535800017702879,0.048100189405076675,0.16259506986670194,False,False,,False
2024-03-12,195.3999938964844,0.0015455685044194242,0.023157497018229254,0.16655481570716865,False,0.006956922563750245,0.01438098463952301,0.04805546536534311,-0.15448944296618733,False,False,,False
2024-03-13,191.6499938964844,0.0014590080484996283,0.023130408067501853,-0.8927819534998765,False,-0.0087924083442803,0.014144904097054937,0.04804776215665012,-0.47738565568470637,False,False,,False
2024-03-14,191.3500061035156,0.0012031226771495752,0.023252598660909722,-0.11905819998766008,False,-0.022976767218590433,0.01403885835065343,0.048090038208503216,-0.7697150376291199,False,False,,False
2024-03-15,182.8500061035156,0.0011822521456235243,0.023254395523853926,-1.9610687513206542,False,-0.05650153135094549,0.013415405454674184,0.04826479652115637,-1.448611448614982,False,False,,False
2024-03-18,181.8500061035156,0.0005116035127161567,0.02383520288072644,-0.2509131972352772,False,-0.0787740034132075,0.012583685953714972,0.04892934486169844,-1.867134939679862,False,False,,False
2024-03-19,183.0500030517578,0.00014560316049361106,0.023711507385253162,0.2721558327581891,False,-0.06128203563201118,0.010989302655327979,0.04993524499891303,-1.4473011655177086,False,False,,False
2024-03-20,182.3999938964844,0.00034611955168744197,0.02370150833982974,-0.1644246356491293,False,-0.061969674676648046,0.010076338416973817,0.05062679083168607,-1.4230807821326494,False,False,,False
2024-03-21,185.6999969482422,-0.0006457625032890653,0.022221958053006342,0.8432148534473252,False,-0.06377619745910967,0.007819071488942005,0.050002491692056256,-1.4318340251717057,False,False,,False
2024-03-22,184.8500061035156,-0.00032932010941179996,0.022318634271755535,-0.1903300079960643,False,-0.03422146291452477,0.005178725320387863,0.04844009174294916,-0.8133797195098758,False,False,,False
2024-03-25,185.6499938964844,-4.652993950203428e-05,0.02212524721093621,0.19770613615385776,False,-0.04476466135224788,0.0038980059177354705,0.04819112448765195,-1.0097848470510835,False,False,,False
2024-03-26,188.0500030517578,-0.00033821846205463874,0.021917723113482973,0.6052553898025036,False,-0.037615102734447015,0.0019946203828005013,0.0472342677943674,-0.8385802292879175,False,False,,False
2024-03-27,190.6499938964844,0.00042567261523251667,0.021353692965019804,0.6275443116156233,False,-0.005217845196176407,0.0010005019439527348,0.04727335602296155,-0.13154020918482653,False,False,,False
2024-03-28,188.8500061035156,0.0005920263952605195,0.021409513049351837,-0.4686396828516979,False,-0.01306506360207571,0.0004196884813655055,0.047075541163159144,-0.28644922076847523,False,False,,False
2024-04-01,191.8000030517578,0.0004912997865362827,0.021439083671609977,0.7056993153036676,False,0.04894720617715165,-0.00023963226382200129,0.046911027230634825,1.0485133527166215,False,False,,False
2024-04-02,197.75,6.225618770728729e-05,0.020791762478194812,1.4890332289165287,False,0.0874346624296154,-0.0006480307312361111,0.04633657969792676,1.9009321304047953,False,False,,False
2024-04-03,203.6000061035156,0.0006717579812590795,0.021022186417716245,1.3752651072079018,False,0.1122644234315977,-2.6749271507271466e-05,0.04720459961692762,2.378818454438013,True,True,trend,False
2024-04-04,206.75,0.0008220594383809222,0.021189630434244676,0.6913486733729699,False,0.1334978449469395,0.0005512016078313975,0.04831248996399417,2.7518069020700278,True,True,trend,False
2024-04-05,212.5,0.0006550253880198594,0.02102121110564194,1.2918542542591127,False,0.14431881255887924,0.0019824545077382436,0.050616313923163674,2.8120648664225083,True,True,trend,False
2024-04-08,211.1000061035156,0.0009125671182983582,0.021235797458228713,-0.35321365749244377,False,0.1420070280403456,0.003363469350524529,0.05304295473708443,2.613797805514968,True,True,trend,False
2024-04-09,213.5500030517578,0.0003126662283765539,0.020793258039220653,0.5431180121785276,False,0.15028284445207163,0.003799334377828495,0.05405011173755423,2.7101425948110633,True,True,trend,False
2024-04-10,214.6499938964844,0.000922354725746386,0.020437314847781114,0.2069068689881631,False,0.1414516905772416,0.00521502292555565,0.056457008376263884,2.41310461836238,True,True,trend,False
2024-04-11,220.3500061035156,0.0017683722224798807,0.019230281989562132,1.288932848673736,False,0.15578291716682213,0.00671597980011568,0.05855219171849464,2.5458814263244953,True,True,trend,False
2024-04-12,224.6499938964844,0.0019125741654407074,0.019376459089939492,0.9084104948635736,False,0.18956836979579195,0.008210874681045054,0.06089275427228973,2.9783099365777357,True,True,trend,False
2024-04-15,231.5500030517578,0.002227862165359798,0.019468934926912825,1.4631834880183734,False,0.20724712913207477,0.010187547595635602,0.06429325338018774,3.0650118196875065,True,True,trend,False
2024-04-16,236.75,0.002530196185242731,0.019734650398354297,1.0097540397457025,False,0.19721871049304673,0.012926787248426455,0.06818966987050754,2.7026369770463976,True,True,trend,False
2024-04-17,247.9499969482422,0.0025963716469489797,0.01979373957115201,2.2588405525373405,True,0.21782902512379043,0.01509599817851548,0.07139833958801374,2.839464168425977,True,True,shock+trend,False
2024-04-18,239.8500061035156,0.0032102789905952426,0.02045484191532444,-1.7540159540388691,False,0.16009676470866063,0.017770913053541507,0.07513870651672624,1.8941748967083523,False,False,,False
2024-04-19,241.3999938964844,0.003427906237405295,0.019973114229346306,0.15192498199805074,False,0.13599997127757368,0.020691810292257695,0.07636316080237772,1.5099972260672274,False,False,,False
2024-04-22,231.6499938964844,0.0033830745346597607,0.019962332632475252,-2.1927532997494312,True,0.09734716816110311,0.023274882851419137,0.07694892043073355,0.96261630306251,False,True,shock,False
2024-04-23,224.5,0.00311801714706859,0.020410810003769212,-1.664976622694953,False,0.05127603274062342,0.026055387221137736,0.07578329446835709,0.33279953974574744,False,False,,False
2024-04-24,228.4499969482422,0.002756588727295159,0.02077104400727872,0.7143623817054097,False,0.06429072184559614,0.027849080263268978,0.07474613592252385,0.4875388022746727,False,False,,False
2024-04-25,231.9499969482422,0.003188794646883665,0.020737574227920802,0.5850175393686968,False,0.05264347866311003,0.029251935414423346,0.07442460495034825,0.3142985208224103,False,False,,False
2024-04-26,230.6000061035156,0.0034951857478958165,0.020744895131322154,-0.4490437849689444,False,0.026485699393220985,0.030794069663155205,0.07368146701144827,-0.058472916524107826,False,False,,False
2024-04-29,233.5500030517578,0.003219125987729045,0.020729042914764812,0.46184356588319886,False,0.008637443202939465,0.03174887185219713,0.07314641921286041,-0.31596117619923453,False,False,,False
2024-04-30,220.6499938964844,0.003603348213254726,0.020634392389025313,-2.851443878711758,True,-0.0680042496452612,0.032769621282193136,0.07226563754973073,-1.3944922420162031,False,True,shock,False
2024-05-01,219.0500030517578,0.0026534369173376177,0.021669476285493865,-0.4570806633090107,False,-0.11655573402776465,0.03278662299013358,0.07224145031200538,-2.067266872036758,True,True,trend,False
2024-05-02,208.6499938964844,0.002850152177537932,0.02150897546356098,-2.3398575261676413,True,-0.1300813483972385,0.032444667748551266,0.07289264121035952,-2.2296628774468323,True,True,shock+trend,False
2024-05-03,205.8999938964844,0.00182822614276864,0.02205554515838472,-0.6804725465424912,False,-0.14705882724762154,0.030926217410376496,0.07507317691648373,-2.370820737425301,True,True,trend,False
2024-05-06,200.6999969482422,0.002087941064606785,0.021756617540583546,-1.2567626877392974,False,-0.13360672464369927,0.029733247740718127,0.0771800428636017,-2.1163498532008322,True,True,trend,False
2024-05-07,199.0,0.001695404637937045,0.02198267420394142,-0.4624434328911024,False,-0.11358574610244987,0.028402831675348555,0.07912593847719376,-1.7944631117231344,False,False,,False
2024-05-08,200.25,0.0011971747975884177,0.021780357184355007,0.23343199537790932,False,-0.12344056609740817,0.026917099093610293,0.0807372295443619,-1.8623089501529513,False,False,,False
2024-05-09,203.6999969482422,0.0007696292885412514,0.02135175777548214,0.7708414484775792,False,-0.12179349157872055,0.024581947213735366,0.08252382862344532,-1.773735431742561,False,False,,False
2024-05-10,204.3999938964844,0.0009507942582204621,0.02143393540533071,0.11596642807153576,False,-0.11361670214037245,0.022109081148850584,0.08410037747218924,-1.6138546266823304,False,False,,False
2024-05-13,200.3999938964844,0.0012384719359490237,0.021318733281922932,-0.9760403617515175,False,-0.1419396648345448,0.02020672188530544,0.085542338586872,-1.8955103332273697,False,False,,False
2024-05-14,202.8500061035156,0.001153493562084161,0.02138963281616836,0.5176393966624157,False,-0.08067069243300995,0.01788729058292576,0.08755252129802713,-1.125701253998685,False,False,,False
2024-05-15,201.25,0.0008243908470419796,0.021018741463076227,-0.41448829797658227,False,-0.08125999910418613,0.01610172913538012,0.08818493665937711,-1.1040630285378032,False,False,,False
2024-05-16,199.5500030517578,0.0010356186752291322,0.02084755582621222,-0.45486428045613947,False,-0.04361366456229698,0.01433307729547245,0.08879574639421864,-0.6525846587347597,False,False,,False
2024-05-17,208.1499938964844,0.0005883351405337179,0.02068352008524639,2.0551911049949,True,0.01092763509809136,0.013121782190827163,0.0889603620529328,-0.02466432287483556,False,True,shock,False
2024-05-20,209.3000030517578,0.0011595241265369483,0.021257810521492553,0.2053542576045582,False,0.04285005597550384,0.012162572804902181,0.08858521863749678,0.3464176489328222,False,False,,False
2024-05-21,217.1999969482422,0.0012228833377315995,0.02126372359921575,1.7175708013586677,False,0.09145727109669433,0.01167805801976759,0.0883126241420861,0.9033726927711946,False,False,,False
2024-05-22,220.4499969482422,0.001880627712701964,0.021622103971675227,0.6050539809702274,False,0.10087389237574129,0.012407795023467751,0.08874745401593245,0.9968296931243976,False,False,,False
2024-05-23,215.6499938964844,0.002250319614826865,0.021605362046244966,-1.1119451979353034,False,0.0586646888918636,0.013943504138976118,0.08927394966860755,0.5009432753776024,False,False,,False
2024-05-24,218.25,0.0020514731542063264,0.021758430633435143,0.45982767826428994,False,0.06775932738300239,0.015053937017740052,0.08930577226215197,0.5901677912884364,False,False,,False
2024-05-28,230.9499969482422,0.0020351112992499174,0.02175032996033592,2.5818009994376863,True,0.1524451296517415,0.015869420755055028,0.08950653237980807,1.525874204545732,False,True,shock,False
2024-05-29,229.4499969482422,0.002943823248758015,0.022647469006921498,-0.41676779203806025,False,0.13113132878661315,0.017770079459141903,0.09088092391481449,1.2473602208724053,False,False,,False
2024-05-30,233.0,0.002327563408310193,0.022258604121318682,0.5905235732864033,False,0.1577639751552795,0.019349982216544208,0.09181566186969471,1.5075205048913463,False,False,,False
2024-05-31,222.3500061035156,0.002581400057669545,0.02229900270703034,-2.165546549466845,True,0.11425709197230183,0.021006121446460264,0.093185339104746,1.0007043105892635,False,True,shock,False
2024-06-03,226.5500030517578,0.0021491912045499316,0.022916433749987503,0.730477240908194,False,0.08839783663132827,0.02259827786176106,0.09375073227352335,0.7018564780656122,False,False,,False
2024-06-04,233.8999938964844,0.002812099527663546,0.022667324673591522,1.3072133270505968,False,0.1175345938176755,0.024257891369497735,0.09379977625913545,0.9944235068374511,False,False,,False
2024-06-05,231.9499969482422,0.0030842896521906336,0.022900860202869217,-0.498722442333399,False,0.06790976154348138,0.02616144180498541,0.09422952252948008,0.4430492548175106,False,False,,False
2024-06-06,234.1999969482422,0.002863956844892113,0.022930567644960875,0.29813521613914845,False,0.06237242091333872,0.02714331344450864,0.09427637128677929,0.3736790776733086,False,False,,False
2024-06-07,224.8000030517578,0.0029408978971605646,0.022943869673761077,-1.8775171026489688,False,0.042429906859471345,0.02782718803796947,0.09434429270287453,0.15478115743038423,False,False,,False
2024-06-10,221.3999938964844,0.0019360145133210664,0.02316000156563195,-0.736641150308148,False,0.014432961725014515,0.027673826305847016,0.09431062708010686,-0.14039631577877001,False,False,,False
2024-06-11,220.5500030517578,0.0020368488168705135,0.023067626923959486,-0.25472982760919444,False,-0.04503136624338255,0.02764602393530183,0.09431426745068479,-0.770587442845655,False,False,,False
2024-06-12,224.3500061035156,0.0021816882362611255,0.022995093934724785,0.6543995230008125,False,-0.02222702511465713,0.026890238705115945,0.0946706072947543,-0.5188227394258479,False,False,,False
2024-06-13,226.0500030517578,0.002474243925164347,0.023045724512667398,0.22143752600186295,False,-0.02982831308258449,0.027015002286155,0.09459864255003846,-0.600889334523716,False,False,,False
2024-06-14,224.1499938964844,0.0022982294085637307,0.02295426514766629,-0.4662963423740416,False,0.008095290054234594,0.026722949454828338,0.09474167165490145,-0.19661527050573255,False,False,,False
2024-06-17,227.1499938964844,0.002234256627851178,0.022977620076273332,0.4852390462083464,False,0.0026483815345150763,0.026806706613857808,0.09472212738314602,-0.2550441564896825,False,False,,False
2024-06-18,226.3000030517578,0.002240309636537363,0.022980535327161086,-0.26031987671841755,False,-0.032492479876207514,0.026214734902753622,0.09473266279734,-0.6197146057696331,False,False,,False
2024-06-20,230.25,0.002329979357210704,0.02294337153069017,0.659219288848207,False,-0.007329152707949982,0.025464544632070728,0.0949747397306629,-0.3452886255126337,False,False,,False
2024-06-21,226.5500030517578,0.0023150312046988195,0.022933006829356055,-0.8016614555830727,False,-0.03266436377526949,0.02490922150725662,0.09504399870852531,-0.6057571868276397,False,False,,False
2024-06-24,238.0,0.002262878507853691,0.02297078172369477,2.101705871809125,True,0.058718846837395366,0.024237093053010448,0.09527331089323147,0.3619245879155714,False,True,shock,False
2024-06-25,231.1999969482422,0.002974361625282246,0.02362818578023806,-1.3350920511894173,False,0.0442637909752599,0.025282174461662622,0.09521513354099155,0.19935503745762645,False,False,,False
2024-06-26,226.3500061035156,0.002325987510563256,0.023819521615530487,-0.9783343769528107,False,0.026297905107698583,0.02556284068277792,0.09523997557846553,0.007718024080288249,False,False,,False
2024-06-27,228.25,0.0025134763570040684,0.02357552946250192,0.24943560337486,False,0.01738352480670291,0.02588555663245234,0.09520037693600977,-0.08930670339114505,False,False,,False
2024-06-28,228.9499969482422,0.0024198928947761706,0.02353753330612232,0.02748403717309288,False,0.012828992954361462,0.02581924824754674,0.09520459991421139,-0.13644566864301474,False,False,,False
2024-07-01,226.6999969482422,0.0023887494038774327,0.02353507862639797,-0.5190644559225358,False,0.011376324430931728,0.025897542519421557,0.09519129191449606,-0.15254775722062122,False,False,,False
2024-07-02,229.1000061035156,0.0025136017968484465,0.023443710197517658,0.3443617538463294,False,0.00858468967390702,0.026166458956424384,0.09512043017755353,-0.18483694038913526,False,False,,False
2024-07-03,225.9499969482422,0.00267562858113624,0.0234571280734609,-0.7002188209926411,False,-0.0015466464816422665,0.026587278381657684,0.09496977483674533,-0.29624082937611096,False,False,,False
2024-07-05,230.3000030517578,0.0030845848779991916,0.02288533577340481,0.7064562857116016,False,0.00021716852012088061,0.027320010179915054,0.09453103323147347,-0.2867084039315299,False,False,,False
2024-07-08,236.1999969482422,0.003414198713126925,0.02293844054457643,0.968005324657604,False,0.04259542602733801,0.02837322580569277,0.09376999113782497,0.1516711268612703,False,False,,False
2024-07-09,252.0,0.003667797421136787,0.023078833177339716,2.7395093976840657,True,0.05882352941176472,0.029758258627817426,0.0931932287147646,0.31188178781644127,False,True,shock,False
2024-07-10,245.6999969482422,0.004607043689396328,0.024187860909581915,-1.2240460580711228,False,0.06271626380361095,0.031368834682329594,0.09262862441887794,0.3384205402805558,False,False,,False
2024-07-11,246.75,0.004032481893265138,0.024374295511315557,0.009888895204126988,False,0.09012588180428405,0.03305540083249921,0.09202242227027588,0.6201801643969456,False,False,,False
2024-07-12,250.4499969482422,0.004150491795879368,0.024353464539920048,0.4452931106538022,False,0.09726176099996575,0.03471336542874999,0.09191403436229385,0.6805097394013984,False,False,,False
2024-07-15,244.1499938964844,0.004292720523586519,0.024385641670478266,-1.207573494042798,False,0.06639002904934932,0.03660705106011284,0.09171729702143688,0.32472585822361694,False,False,,False
2024-07-16,245.3999938964844,0.0037849560492200065,0.024598961471664425,0.05426438347233962,False,0.08248785707973161,0.03799378615056346,0.09136550449750151,0.48698982371825994,False,False,,False
2024-07-17,247.3500061035156,0.0036688726140216396,0.024571463997169068,0.17407947676460336,False,0.07965953519771629,0.03916319551424223,0.09136623762023036,0.4432308994904628,False,False,,False
2024-07-18,243.3999938964844,0.003900707030290788,0.024528084897694074,-0.810093016965015,False,0.0772294630844339,0.040399523498239456,0.09127726829519113,0.40349519956147506,False,False,,False
2024-07-19,238.1999969482422,0.0034795047673683117,0.024595249154583627,-1.0100935538089704,False,0.0343030559782882,0.04077662025700322,0.09137143195779457,-0.07084888722883566,False,False,,False
2024-07-22,243.0500030517578,0.00278102637718856,0.02454630800097682,0.7161989757629367,False,0.02900087295520426,0.04006819883765219,0.0912106227025593,-0.1213381243820561,False,False,,False
2024-07-23,239.1000061035156,0.0026580694383550353,0.024433074164595527,-0.7739450464547176,False,-0.05119045197017624,0.038958018164633616,0.09082591773607512,-0.9925412523412777,False,False,,False
2024-07-24,231.1499938964844,0.0022350925102303165,0.024482795749851332,-1.4493781429955803,False,-0.059218572374760026,0.03649550753907207,0.09073170082338129,-1.0549133218625486,False,False,,False
2024-07-25,234.6999969482422,0.001420944471382962,0.024635574645766323,0.5657291125745386,False,-0.0488348654579851,0.03378167573995688,0.09050674361161966,-0.9128219390199704,False,False,,False
2024-07-26,230.25,0.0017135606423854617,0.02466947101047956,-0.8380367306651526,False,-0.08065481011930975,0.031237117159979136,0.09010474272251662,-1.2417984214645317,False,False,,False
2024-07-29,230.3999938964844,0.0013060110238277437,0.024756168616474186,-0.02644075277293467,False,-0.05631783880293595,0.028157948432360715,0.08992735860656013,-0.9393780551799086,False,False,,False
2024-07-30,230.8000030517578,0.0012460172070065223,0.024752176597046677,0.019801639851953146,False,-0.05949466669866832,0.02552102137395835,0.08945873198636359,-0.9503341505621364,False,False,,False
2024-07-31,229.1999969482422,0.0009151003606791589,0.02457451031492117,-0.31933640286713766,False,-0.07337783993293157,0.02265065358908514,0.08867291626171088,-1.0829517914872275,False,False,,False
2024-08-01,227.25,0.0005624765163918847,0.02449363157325915,-0.37031326656727753,False,-0.06635166105777646,0.019144704126035497,0.08716958008791151,-0.9808050594896511,False,False,,False
2024-08-02,230.5,3.9512163307618605e-05,0.024258747700529267,0.5879082529637519,False,-0.03232576426067424,0.015496720256837477,0.08488630420309394,-0.5633710286537446,False,False,,False
2024-08-05,225.6999969482422,-6.923329009152675e-05,0.0241750325133438,-0.8585334869365167,False,-0.07138451300418591,0.012436127260121199,0.08234586170302438,-1.0179095649833798,False,False,,False
2024-08-06,235.9499969482422,-0.000977654377120946,0.023644989805958645,1.9620191041584678,False,-0.013174441969314055,0.00857994675174818,0.07931349252691038,-0.27428358061122027,False,False,,False
2024-08-07,246.3000030517578,6.344038829277328e-05,0.02394785490440325,1.8290494871106509,False,0.0655418972758357,0.006269663996041852,0.07733939146913517,0.7663912548813936,False,False,,False
2024-08-08,245.3000030517578,0.0005621461331120811,0.024466740196571517,-0.18891913543180933,False,0.0451640657918424,0.0053302230093520125,0.07616121617070358,0.5230200459668212,False,False,,False
2024-08-09,234.0500030517578,0.0010465368923685769,0.024000202834571827,-1.9545145590840134,False,0.016503813471260953,0.004634448311095203,0.07554509946632577,0.15711628211511613,False,False,,False
2024-08-12,240.8500061035156,0.0008465808309112966,0.024329876487078527,1.1593586537648304,False,0.045355956961206534,0.0041708187208370365,0.07536146364054451,0.5465013051871231,False,False,,False
2024-08-13,232.6999969482422,0.0009993673973965312,0.024472036820677057,-1.4235796347237242,False,0.008232209148014258,0.0039183551890451754,0.07518885658827573,0.057373581069215855,False,False,,False
2024-08-14,237.0,0.00034391186226445067,0.024740141827285185,0.7330123488042892,False,0.03403142738051268,0.003326204928843898,0.07497451107484455,0.40954214987833376,False,False,,False
2024-08-15,239.8999938964844,0.0006678974864443296,0.024817312290255706,0.4661408755652726,False,0.0556655396985013,0.0034268146353411207,0.07501106317827211,0.69641360687035,False,False,,False
2024-08-16,245.4499969482422,0.0006604782875346101,0.024813721481049225,0.9057155925714011,False,0.06485898892946729,0.0040538559219486115,0.07525138550614521,0.8080267572289839,False,False,,False
2024-08-19,245.8999938964844,0.001705399839508114,0.02406699311454666,0.005316619069920516,False,0.08949932308982045,0.005825365769611658,0.07509584691890388,1.1142288256042765,False,False,,False
2024-08-20,249.4499969482422,0.0018265280601861321,0.024044155845571038,0.5244620647720082,False,0.057215512500987,0.008572766531179459,0.07432331327671725,0.6544749396290103,False,False,,False
2024-08-21,249.4499969482422,0.0026520555484752604,0.02338224570096643,-0.11342176377719126,False,0.012789256424907247,0.011070058009822466,0.07273109307857792,0.023637736521124143,False,False,,False
2024-08-22,246.8000030517578,0.0028277884396291316,0.023311069447350875,-0.5770278171578681,False,0.0061149611958362105,0.01320136579212285,0.07033737294770574,-0.1007487811857179,False,False,,False
2024-08-23,251.1999969482422,0.0030228766661974213,0.02313341988470062,0.6399961367137167,False,0.07327491421861598,0.015064321603316656,0.06821477537119672,0.8533428762103409,False,False,,False
2024-08-26,253.6499938964844,0.0033735235289499865,0.023156156133715626,0.275505533705924,False,0.05314505903507216,0.0175557970742642,0.06685128586990478,0.5323646583263343,False,False,,False
2024-08-27,259.3999938964844,0.0034198137375896004,0.023165515896004817,0.8309428128081652,False,0.11473999698496296,0.019910272076030605,0.0648994900618424,1.461178274568407,False,False,,False
2024-08-28,260.45001220703125,0.003492354850878024,0.02321780035000842,0.023926403255316652,False,0.09894519918578593,0.023064051923546384,0.06365559650393786,1.1920577518670394,False,False,,False
2024-08-29,251.8000030517578,0.0035005076791188383,0.02321788779612182,-1.5812071491076767,False,0.04960404109225691,0.025898210607895166,0.06220329283496147,0.38110250123346917,False,False,,False
2024-08-30,248.1999969482422,0.0033186102086832955,0.023453314751774215,-0.7510961934820616,False,0.011203911322842153,0.02845212668691919,0.05907252765461681,-0.2919837028969422,False,False,,False
2024-09-03,246.75,0.0029649742698328,0.02351706932964949,-0.37449500085197623,False,0.0034567146181931907,0.029677121403663888,0.05771608821985631,-0.4542997904776571,False,False,,False
2024-09-04,245.5500030517578,0.0029922486818166403,0.02350549606008357,-0.33419665674881016,False,-0.015634371393853264,0.030806677586628937,0.05632790567275166,-0.8244767566948229,False,False,,False
2024-09-05,246.6000061035156,0.0030400350856599,0.02348556018048619,0.052632005546272564,False,-0.011425098735591166,0.03117973482887485,0.055919534937010906,-0.7618953486014702,False,False,,False
2024-09-06,240.0500030517578,0.0025224244933881815,0.023013854066720192,-1.2637461284237814,False,-0.027350080699084955,0.03088169837775909,0.056088244546932696,-1.0382171798605269,False,False,,False
2024-09-09,249.4499969482422,0.0020946091532813046,0.023254261860111876,1.5938529371464072,False,-0.006966560594188875,0.02994569655543124,0.056470267003780904,-0.6536582720097408,False,False,,False
2024-09-10,248.0,0.002113457801285124,0.023284102262026207,-0.34041397358375775,False,-0.022274764567075778,0.028633378799552793,0.05616428793315047,-0.906414827643181,False,False,,False
2024-09-11,249.4499969482422,0.0018364452177014176,0.023252727791144373,0.17246650399009086,False,-0.03835773778858609,0.026991396706981897,0.05582288049965894,-1.170651423048068,False,False,,False
2024-09-12,252.0,0.0022047174957043805,0.02309190968220362,0.3472118352485734,False,-0.03244389253594793,0.02569776435124257,0.056201874986728524,-1.0345145406789371,False,False,,False
2024-09-13,262.04998779296875,0.0021802628295817562,0.023082304575511116,1.6333135622327997,False,0.040706849154025004,0.0243617214189899,0.05637921279601978,0.2899140822375765,False,False,,False
2024-09-16,259.04998779296875,0.0019361397497338576,0.02257313307235027,-0.5929321884167065,False,0.043714709823260645,0.022871877679020346,0.054390093516881635,0.3832100810374795,False,False,,False
2024-09-17,265.0,0.0018700959492302675,0.022605356822636005,0.9333403278279091,False,0.07396149949341435,0.02170632275950898,0.05295654952893183,0.9867556930867771,False,False,,False
2024-09-18,263.1499938964844,0.001970053192514767,0.0226827564009577,-0.3946261266440679,False,0.0716757915943369,0.020588956417350777,0.05089079389840096,1.0038521953297985,False,False,,False
2024-09-19,261.6499938964844,0.0024864128352279097,0.022013653165288145,-0.37188666102348755,False,0.061029957098424514,0.020021205745644578,0.05006246968015723,0.819151584306161,False,False,,False
2024-09-20,250.75,0.002158555560040757,0.021949074328846248,-1.9963136906999028,False,0.04457403379384717,0.019656300685205862,0.04965542508312812,0.5018129049731533,False,False,,False
2024-09-23,263.6499938964844,0.001170531420702224,0.022233392984285772,2.2612431348089452,True,0.05692522398061417,0.018683493218221485,0.048411061997113106,0.7899378609928688,False,True,shock,False
2024-09-24,267.79998779296875,0.001967631713364195,0.02294809104550496,0.6001767474616031,False,0.07983866045551924,0.018537032717383255,0.048276551863944375,1.269801288022798,False,False,,False
2024-09-25,269.1000061035156,0.0020481673903187583,0.022986162918856495,0.12208519302964933,False,0.07877333892832472,0.018769915911278995,0.048532319231891566,1.236360099140209,False,False,,False
2024-09-26,273.8999938964844,0.002648048021566134,0.022451221362796217,0.6765396498713051,False,0.08690473768446183,0.019254495005530375,0.048951378121096976,1.3819885215810843,False,False,,False
2024-09-27,269.1499938964844,0.0030875384901349343,0.022421213402778733,-0.9111743492615078,False,0.027094090571471163,0.020220785351656338,0.0495663421724684,0.13866880061269882,False,False,,False
2024-09-30,270.25,0.0029074993937486344,0.022531527365160207,0.05234726100210159,False,0.043234945897709265,0.02118245810918772,0.04897943396321695,0.45023974358467955,False,False,,False
2024-10-01,264.1499938964844,0.0027322633457353648,0.0224696561942051,-1.1261400080491089,False,-0.003207570201945731,0.022055284389352604,0.048778273638278635,-0.5179120273636205,False,False,,False
2024-10-02,256.5,0.0023302747109641996,0.02265076197335405,-1.3814577199613451,False,-0.025270735514819287,0.022410227627761122,0.04849164510628978,-0.9832820280291085,False,False,,False
2024-10-03,252.0500030517578,0.0020562009135181246,0.022905347228318673,-0.8471871959696511,False,-0.03669020091215658,0.021965347286840402,0.0487769671300583,-1.202525528957111,False,False,,False
2024-10-04,257.3500061035156,0.0016464300994467622,0.022974755076058367,0.843584864500679,False,0.02632106123037148,0.021440832854218116,0.04919719575238642,0.09919728759980462,False,False,,False
2024-10-07,244.6499938964844,0.0019766909825663912,0.023074066186000566,-2.2243965259825234,True,-0.07206523967324596,0.022225013402305836,0.04879297622588783,-1.9324554550440545,False,True,shock,False
2024-10-08,248.1999969482422,0.0010859726611888373,0.023748058380935435,0.5652910734676915,False,-0.07318891612451806,0.02136186557610189,0.04988326391908522,-1.8954409610002492,False,False,,False
2024-10-09,250.0500030517578,0.0014937061879507112,0.023712022698560205,0.251348649950601,False,-0.07079153704823693,0.02082153821144524,0.050689340230207824,-1.8073440065232145,False,False,,False
2024-10-10,254.75,0.0009192126645406192,0.023019498667147736,0.7766031707211614,False,-0.06991600702160572,0.01909473309297014,0.05157903828941572,-1.7257153887811303,False,False,,False
2024-10-11,252.0500030517578,0.0015507815940312792,0.02284861302226321,-0.5317344955159616,False,-0.06353331314324029,0.017572335786345268,0.0525028950923553,-1.5447843168822697,False,False,,False
2024-10-14,262.04998779296875,0.0016891663300830058,0.022741503941509852,1.6703134706113982,False,-0.030342320840078596,0.016374586209666083,0.05331945931891056,-0.8761699320753581,False,False,,False
2024-10-15,256.70001220703125,0.002106240382512127,0.02314931438583023,-0.9729056743046091,False,-0.02820360348890505,0.01573824160104233,0.05359135573134496,-0.81994277790301,False,False,,False
2024-10-16,258.0,0.001793138272180821,0.02329449702967032,0.14042334958851624,False,0.005847953216374213,0.01519114031513211,0.05383036987073449,-0.173567209758992,False,False,,False
2024-10-17,255.1499938964844,0.0019916943115207515,0.023257544658940907,-0.560602152448307,False,0.012299110522486334,0.01511742869893801,0.05383944852971968,-0.05234671330067485,False,False,,False
2024-10-18,257.29998779296875,0.0017032509216264203,0.023283642151704347,0.288749549949198,False,-0.00019435908047638062,0.015166954310252402,0.05383506623839703,-0.28534028959311586,False,False,,False
2024-10-21,251.6999969482422,0.001998929402912356,0.023225489191864037,-1.0231591645268971,False,0.02881669007823784,0.015184984808934612,0.053829619035220155,0.2532380037908896,False,False,,False
2024-10-22,249.8500061035156,0.0014520425109109513,0.023296538201520164,-0.37782549557592776,False,0.00664790159371953,0.015566311763042838,0.05382345334529113,-0.16569747229166887,False,False,,False
2024-10-23,252.3500061035156,0.0010124596458456084,0.02314492459543429,0.38857520035541193,False,0.009198172460256782,0.015087011437261258,0.05373949689748384,-0.10958120780770092,False,False,,False
2024-10-24,245.4499969482422,0.0002539733199747503,0.021852836101074347,-1.2628559897862988,False,-0.036506390782169995,0.014425340011241156,0.05349867903421846,-0.9520184743409187,False,False,,False
2024-10-25,248.3999938964844,0.0002227333261889471,0.02189106740652565,0.5388497170406497,False,-0.014481289867407376,0.01310237128343074,0.053515191090796804,-0.5154360955945793,False,False,,False
2024-10-28,252.3500061035156,0.0003260028202777754,0.02192867134703896,0.71029465502686,False,-0.03701576852244148,0.011707608994474856,0.05283952441440269,-0.9221009851412593,False,False,,False
2024-10-29,248.1000061035156,0.0003380948081959456,0.021937117859860557,-0.7831376319424804,False,-0.03350216476257761,0.009917241934176093,0.05217216609466138,-0.8322331608385468,False,False,,False
2024-10-30,249.6000061035156,0.0004489354251118153,0.021827297422255434,0.25642265883413384,False,-0.032558115877846516,0.008585346016683733,0.051985731787138216,-0.7914375825851037,False,False,,False
2024-10-31,245.8999938964844,0.00046128403228181905,0.021830237416984373,-0.7001779336121312,False,-0.036253185268555255,0.0070513997105826915,0.05147039766764771,-0.8413493375116766,False,False,,False
2024-11-01,242.9499969482422,0.00015768367624723704,0.021883006047954012,-0.5554272654222194,False,-0.05577144005258561,0.005505896771032404,0.05099882592182676,-1.2015440692212522,False,False,,False
2024-11-04,245.9499969482422,0.00021065152601617676,0.021848223282033747,0.555540295918996,False,-0.022844656613891012,0.0037325513958721443,0.050783047244050236,-0.5233480354583675,False,False,,False
2024-11-05,250.1499938964844,0.0006601477635018253,0.02174490348466944,0.7549576683905806,False,0.0012006715454893069,0.0029705818946430883,0.050746877295497525,-0.03487722680644263,False,False,,False
2024-11-06,248.75,0.0006163552617873765,0.02170796716831536,-0.2862070393573473,False,-0.014265924376632877,0.002599912542513555,0.050655623595307064,-0.3329509286844304,False,False,,False
2024-11-07,260.3999938964844,0.0007584241888416665,0.021630810448040896,2.1300968930110726,True,0.060908523667224435,0.0030922395770941334,0.050303980973619954,1.1493381432465533,False,True,shock,False
2024-11-08,253.3500061035156,0.0018262092934623908,0.02190424797882912,-1.319374022649339,False,0.019927585864168762,0.004693934190987259,0.05020552026689595,0.30342583031105697,False,False,,False
2024-11-11,256.20001220703125,0.0012604533904094551,0.02209714374051506,0.4520416966206141,False,0.015256611889822302,0.005610766875282645,0.04984132439872118,0.19353107347980403,False,False,,False
2024-11-12,263.54998779296875,0.0016632486694470158,0.02199868712187263,1.2284905508729067,False,0.06227320156939831,0.0068895858354044055,0.04881796065769602,1.134492612715538,False,False,,False
2024-11-13,271.6499938964844,0.002037075184652917,0.02221838202396966,1.2915951935559742,False,0.08834129508724486,0.008470799707035528,0.04866334314530107,1.6412866485915,False,False,,False
2024-11-14,278.95001220703125,0.0024237162476111753,0.022464026891204004,1.0883696926910473,False,0.13440430716098262,0.010441945864181039,0.04886682628276495,2.536738534634945,True,True,trend,False
2024-11-15,281.79998779296875,0.0028744538163752212,0.022612419491450573,0.3247039957131699,False,0.159909410713033,0.013212374492099893,0.04992897679066169,2.9381142104312086,True,True,trend,False
2024-11-18,280.75,0.0031241156427697374,0.022588406104421054,-0.3032581978636006,False,0.14149218736961866,0.016229188782377352,0.05185502120350652,2.4156387497296175,True,True,trend,False
2024-11-19,279.75,0.002883749858395306,0.02256376228995023,-0.2856632495991323,False,0.1183290298850237,0.01854676147078126,0.05351334743702856,1.864623933900986,False,False,,False
2024-11-20,295.29998779296875,0.003113915464395866,0.022406149702461346,2.341829616158175,True,0.1871356293184674,0.02107627537597072,0.05368843829765635,3.0930188921093205,True,True,shock+trend,False
2024-11-21,298.6499938964844,0.003249529238821084,0.022694557458801314,0.3566884899016122,False,0.14688940436459985,0.02374707632647447,0.056850775645496,2.1660624088227602,True,True,trend,False
2024-11-22,305.25,0.0028159180994770105,0.02221363298574889,0.8680952960451052,False,0.2048549147272518,0.024831709754324662,0.0584134593016807,3.081878853350968,True,True,trend,False
2024-11-25,308.3500061035156,0.003164712201798836,0.0223093780507924,0.3133622969242807,False,0.20355187904652694,0.026960921073463453,0.061966939627728646,2.849760840763604,True,True,trend,False
2024-11-26,312.1499938964844,0.0039116167233924195,0.021571318477649804,0.38996233048041923,False,0.18440526789814649,0.029454895281133667,0.06521909449221668,2.375843667003147,True,True,trend,False
2024-11-27,326.1499938964844,0.00368854985228891,0.021393583474265974,1.9240200377986438,False,0.20062580977184896,0.031308886093626205,0.06760979251589185,2.5043254442531295,True,True,trend,False
2024-11-29,321.6499938964844,0.0047377333053265505,0.02145774113553043,-0.8637939083229118,False,0.15307395526393464,0.033874134101943995,0.07031803905108902,1.6951528053190867,False,False,,False
2024-12-02,299.20001220703125,0.004307385650569902,0.021502045120667827,-3.4463555507411168,True,0.06174600840240574,0.035461367807056283,0.07165250169097588,0.3668349321383125,False,True,shock,False
2024-12-03,297.70001220703125,0.003213618076304162,0.02311889758887939,-0.35585549977429565,False,0.06037404169913185,0.035542440723108346,0.07167910611006899,0.3464273248314872,False,False,,False
2024-12-04,305.95001220703125,0.0028383111226766675,0.023019394010737132,1.080573621515186,False,0.09365509278652806,0.03548264142670387,0.07165618501003726,0.811827357982785,False,False,,False
2024-12-05,315.75,0.003183365872008498,0.02319739871723425,1.2435864460035537,False,0.06925165273412914,0.035538051689326645,0.07170011278604019,0.4702029011503374,False,False,,False
2024-12-06,332.5,0.0034179600162571244,0.02340081637877203,2.120880608791265,True,0.11334340129016862,0.035698533559101873,0.07176273028107343,1.0819664668129922,False,True,shock,False
2024-12-09,332.29998779296875,0.004125270652308855,0.02408774323161019,-0.19623304180610596,False,0.08861584862561434,0.03703925549063869,0.07226648275522196,0.7137000607830015,False,False,,False
2024-12-10,335.6499938964844,0.004258894740401078,0.02403255549251366,0.24227036030623456,False,0.08853571348334577,0.038139267323035735,0.07241714522197278,0.695918708281513,False,False,,False
2024-12-11,321.70001220703125,0.004155602668364676,0.02399005706524361,-1.905651943833832,False,0.03059432483511082,0.03834274464656546,0.07253854139693794,-0.10681797100185036,False,False,,False
2024-12-12,322.6000061035156,0.0034714124164466975,0.024553379537106568,-0.02744200421641153,False,-0.010884525093983188,0.03804206819056598,0.07252309120950949,-0.6746346917729527,False,False,,False
2024-12-13,320.8500061035156,0.0032064602270506196,0.02445042017414707,-0.35300557546541317,False,-0.0024871375972299603,0.03636707456284669,0.0721776269062242,-0.5383137936989457,False,False,,False
2024-12-16,328.75,0.0030801595907619652,0.024470472437067597,0.8803229494923488,False,0.09876332415562095,0.035014643405739815,0.07193912356788071,0.8861475868513856,False,False,,False
2024-12-17,325.45001220703125,0.0038512777314729176,0.024221346969714213,-0.5734306779418129,False,0.09321464179417527,0.035670100513251334,0.07229691004479907,0.795947451215636,False,False,,False
2024-12-18,333.1499938964844,0.003908065725391275,0.02418318511269954,0.816742102027069,False,0.08890335219548007,0.03676357691953578,0.07254164693552932,0.718756431354295,False,False,,False
2024-12-19,323.75,0.004301419616016042,0.02426225135336004,-1.340226835256553,False,0.025336500395882755,0.03790286542056627,0.07268232997338367,-0.1728943613844703,False,False,,False
2024-12-20,325.0,0.0039900557331518935,0.024529820471783866,-0.005261019838954218,False,-0.022556390977443663,0.03844914371109609,0.07242803110050047,-0.842291772420115,False,False,,False
2024-12-23,327.25,0.003984520755040791,0.02452980188430476,0.119795348608847,False,-0.015197074867529081,0.038300726481204715,0.07254292672510744,-0.737464061126968,False,False,,False
2024-12-24,328.6000061035156,0.004430978373795676,0.024269675596586184,-0.01259486322449217,False,-0.02100398606038112,0.0384627665589588,0.07240774718818066,-0.8212761055083185,False,False,,False
2024-12-26,324.6499938964844,0.003963869339248497,0.023926971925271795,-0.6680577954956829,False,0.009169976927307921,0.03827560088607623,0.07254477654464404,-0.4012090924404008,False,False,,False
2024-12-27,322.6499938964844,0.0038810966084888454,0.023971945800996375,-0.41888870119882754,False,0.0001549528580997439,0.03869486410600135,0.0722804885316302,-0.533199374144191,False,False,,False
2024-12-30,321.0,0.0037210000415372115,0.023998720923450352,-0.3681396921533982,False,0.0004674891495435318,0.03920836664795716,0.07186127331590803,-0.5391064715497813,False,False,,False
2024-12-31,319.75,0.0035165149278418286,0.02400791153064564,-0.30867307700909563,False,-0.027376425855513253,0.039647185070430385,0.07151748225262033,-0.9371640166134058,False,False,,False
2025-01-02,326.8500061035156,0.0029328484620120025,0.023641210166365955,0.8151874640894439,False,0.004301717142335848,0.0387394080703032,0.07193472612856866,-0.478735275455376,False,False,,False
2025-01-03,318.6499938964844,0.003381555982916186,0.02368389815701753,-1.202063676827685,False,-0.04352393896337703,0.0382139015012242,0.0720417714845313,-1.1345895413212022,False,False,,False
2025-01-06,318.6000061035156,0.00274080151872876,0.02379662467272325,-0.12176832745744345,False,-0.015907317054777992,0.036647428988466985,0.07252962043101735,-0.7245970092071501,False,False,,False
2025-01-07,320.5,0.002831791937939491,0.023771982920758442,0.1317424596133982,False,-0.013846153846153841,0.035479654206478785,0.0726629696714801,-0.6788300598728872,False,False,,False
2025-01-08,316.45001220703125,0.0029873085056081328,0.023753557477685913,-0.6577446722682474,False,-0.033002254523968655,0.03448130606055108,0.07282138411849243,-0.9266997792120077,False,False,,False
2025-01-09,318.5,0.003374271367582365,0.02324741713463691,0.13351188201839834,False,-0.030736475702723864,0.03344695554964687,0.0732259112321527,-0.8765125646423979,False,False,,False
2025-01-10,323.8500061035156,0.0027747038890672546,0.022560595289609204,0.6215617682200651,False,-0.0024641546527298663,0.03227813288720236,0.07354501695369682,-0.47239485391383634,False,False,,False
2025-01-13,325.95001220703125,0.0027887967561588,0.022569132586387833,0.16375044594303345,False,0.01022785796675274,0.031180762019092367,0.07343972067920318,-0.2853075128630373,False,False,,False
2025-01-14,321.95001220703125,0.0028105309528847857,0.022571933397813077,-0.6681904938712325,False,0.0029595395857671125,0.030266822272938074,0.07326574868119719,-0.3727155345943945,False,False,,False
2025-01-15,330.45001220703125,0.002409077488439933,0.022568816866141712,1.0630834930539028,False,0.0334636816482603,0.029147552964955484,0.07302963594546594,0.05910105709040969,False,False,,False
2025-01-16,327.1499938964844,0.0029923269577517607,0.02261667349389006,-0.5738582293890676,False,0.0009178148611499459,0.029232480845979337,0.07303091931757173,-0.38770792219805306,False,False,,False
2025-01-17,328.3500061035156,0.0028046816192766767,0.02266579735444055,0.03809254673001256,False,0.03044096153405973,0.02866825243215855,0.07308472478827284,0.024255535025092246,False,False,,False
2025-01-21,327.79998779296875,0.003154545552954559,0.02247047399878477,-0.21493285648791885,False,0.028876275935989737,0.02911689952197195,0.07298962124656513,-0.0032966822114251846,False,False,,False
2025-01-22,341.8500061035156,0.0035183548552197704,0.02216225378627338,1.7752347705435823,False,0.06661468363031386,0.029838859674649405,0.07271165070676769,0.5057762215298123,False,False,,False
2025-01-23,343.95001220703125,0.004321161179856781,0.02248433502579161,0.08102982623242819,False,0.08690156087593603,0.031216258135215676,0.07241219103025313,0.7690045273931231,False,False,,False
2025-01-24,347.54998779296875,0.00412270087575983,0.02240041460527457,0.28320303332800284,False,0.09120875288216257,0.03202399813048987,0.07269417957122036,0.8141608461745947,False,False,,False
2025-01-27,349.20001220703125,0.004920244181381731,0.021518348947735428,-0.008023637230671968,False,0.07827699745484251,0.034200984697895315,0.07197612756467607,0.6123698821854721,False,False,,False
2025-01-28,357.5,0.004790071523775075,0.021489059589220427,0.8831706471012414,False,0.09679394573217381,0.0362205302122868,0.07104108720718473,0.852653272932469,False,False,,False
2025-01-29,366.5499877929688,0.005007603351854438,0.02159868499154864,0.9401983419469784,False,0.13853074668392118,0.0384550033160256,0.07026099607807454,1.4243427926454482,False,False,,False
2025-01-30,373.3999938964844,0.005094515656538231,0.02166792366809551,0.627345107630858,False,0.12997421728810354,0.04123429336543263,0.07003864808687918,1.2670136609803462,False,False,,False
2025-01-31,377.8500061035156,0.0054850009323627385,0.021645168751176846,0.29718163704171774,False,0.1549748224145575,0.04381439377118388,0.0696904117817037,1.5950605800919855,False,False,,False
2025-02-03,380.8999938964844,0.005114906811167173,0.021287022511910506,0.13891313302089683,False,0.16004259727774106,0.046285289014579026,0.07030813281019144,1.6179822122466103,False,False,,False
2025-02-04,383.3500061035156,0.005494744314376593,0.021078446022226267,0.04447302491130689,False,0.16946314941790375,0.04879523835813431,0.07097000923056045,1.7002662444041015,False,False,,False
2025-02-05,397.75,0.00551298347434123,0.021078660300331235,1.520522829316392,False,0.16352199180466687,0.05097677430748804,0.07213709419700294,1.560157346923668,False,False,,False
2025-02-06,403.9500122070313,0.006161118180439152,0.021308686997517385,0.44238264022694557,False,0.1744439536867488,0.05299307939125044,0.07314774196337252,1.6603502860869281,False,False,,False
2025-02-07,404.3500061035156,0.006256602437506635,0.021335003555151385,-0.24684298745597094,False,0.16342978076690917,0.05532159022814678,0.07420375377272811,1.456909995010186,False,False,,False
2025-02-10,429.0499877929688,0.006559997759332409,0.021091546973738495,2.58518965869407,True,0.22866544328353755,0.05711643143732906,0.07517563628115452,2.2819761871335627,True,True,shock+trend,False
2025-02-11,413.4500122070313,0.007472472832158853,0.02194472823525432,-1.9973733630062607,False,0.15650353064903855,0.06007666532652664,0.0774968711304218,1.2442678512817926,False,False,,False
2025-02-12,431.7999877929688,0.006854268216677828,0.02251798296845498,1.6665926699502844,False,0.178011191305383,0.06204073676904373,0.07805462516055224,1.485760187788964,False,False,,False
2025-02-13,438.8999938964844,0.007810609352918568,0.022569033089807875,0.38247995845021365,False,0.1754151073129322,0.06490097119687777,0.07832458909975179,1.410976264111734,False,False,,False
2025-02-14,419.75,0.00786959713141799,0.02258595549341352,-2.2802396222071146,True,0.11089054709451429,0.0674329231592823,0.07879170928227192,0.5515507193725765,False,True,shock,False
2025-02-18,419.0,0.007075815606618122,0.023333625679886973,-0.3798206747703261,False,0.10002627123661734,0.06940500736750838,0.07798901755624896,0.392635589325428,False,False,,False
2025-02-19,417.8999938964844,0.00727654773835497,0.023189400846031973,-0.42699941668687036,False,0.09012648296042869,0.0711853865141643,0.07712741932575574,0.24558187751964944,False,False,,False
2025-02-20,395.75,0.00716093091220152,0.023217218966951572,-2.5913537688907655,True,-0.005028284098051561,0.07282118116534131,0.07619273535212076,-1.0217439353452218,False,True,shock,False
2025-02-21,400.0,0.006651873172623306,0.024107263913620412,0.16954349573090507,False,-0.009778467849152706,0.07323751318094802,0.07567220900979488,-1.0970471473794996,False,False,,False
2025-02-24,393.7999877929688,0.0069550176726397295,0.02401235477766322,-0.9351456114210777,False,-0.02609130246394986,0.07385075281032713,0.07479386956324044,-1.3362332482313009,False,False,,False
2025-02-25,380.5,0.006583707666359737,0.024142789671202255,-1.6716032962882252,False,-0.11315694947973243,0.073807464198993,0.07485150778057838,-2.4978042423246527,True,True,trend,False
2025-02-26,379.4500122070313,0.005905706485995985,0.024554633177402006,-0.3528947583976062,False,-0.08223485063769886,0.07228269591865671,0.07746951840227659,-1.994559276256128,False,False,,False
2025-02-27,378.75,0.005943534791265819,0.024538853831018045,-0.3173881831889133,False,-0.1228577797422361,0.07137644356850917,0.07888037096539068,-2.4623898307472074,True,True,trend,False
2025-02-28,379.0499877929688,0.005294482074449494,0.024082211855111814,-0.1869610284720702,False,-0.13636365216635504,0.06892622618971637,0.0820022614319844,-2.5034660602176952,True,True,trend,False
2025-03-03,392.7000122070313,0.005666025187164288,0.023789259706091685,1.275580706941561,False,-0.06444309182362995,0.06684234301597604,0.08518825098517445,-1.5411213790790699,False,False,,False
2025-03-04,403.75,0.0059961833493420965,0.024038318275794848,0.9211257033701535,False,-0.03639618138424816,0.06577968029979668,0.08632989082419937,-1.1835513830558864,False,False,,False
2025-03-05,415.5,0.005988850925991327,0.02403138578128279,0.9617970626843082,False,-0.005742986196546451,0.0644640885270814,0.08713213841930148,-0.8057540650015265,False,False,,False
2025-03-06,393.0,0.005967090080221459,0.02400940447706964,-2.5039652560468437,True,-0.006948831332912242,0.06320963144329751,0.08746038439290951,-0.8021741873558191,False,True,shock,False
2025-03-07,390.2000122070313,0.004886763322347716,0.02486370577641739,-0.4830902643013946,False,-0.024499969482421724,0.06132492293004559,0.08742848139808612,-0.9816582770285439,False,False,,False
2025-03-10,389.3500061035156,0.0046555440203385765,0.024894084053051085,-0.27452022923508307,False,-0.011300106214814476,0.05886613119410619,0.08721132297507958,-0.8045542140092348,False,False,,False
2025-03-11,399.4500122070313,0.0046761789275994526,0.024887683228560865,0.8544188904465887,False,0.049802923014536926,0.05682890061298041,0.08703954226071582,-0.08072167449362345,False,False,,False
2025-03-12,392.2000122070313,0.005069546573173677,0.02498866489068681,-0.9292013923054,False,0.0336012639078358,0.055915219188040585,0.08674440158619086,-0.25723798737643283,False,False,,False
2025-03-13,390.6000061035156,0.004086409825749689,0.02441833650273939,-0.33441985327193974,False,0.03128714482776407,0.053868094315898826,0.08540717751277643,-0.26439170741541923,False,False,,False
2025-03-14,382.1000061035156,0.003880756714383988,0.024421333766838523,-1.049989707699517,False,0.008046480434693137,0.05232673085540769,0.08474630757239975,-0.5225035956036836,False,False,,False
2025-03-17,389.3500061035156,0.0032959452371630663,0.02450418116519552,0.6398150954838782,False,-0.008530700278536196,0.049702618398173574,0.08298833833147964,-0.7017048400717327,False,False,,False
2025-03-18,387.1499938964844,0.003413524705141461,0.02455863757410812,-0.3690758083647235,False,-0.0411145662006579,0.0468748506738394,0.08127069900637199,-1.082670851244906,False,False,,False
2025-03-19,394.6000061035156,0.003173870136363717,0.024558213526319688,0.6543370540919171,False,-0.050300827669035764,0.043867919552522006,0.08027940746603561,-1.1730124846947634,False,False,,False
2025-03-20,392.1499938964844,0.002832443284254936,0.024145503426680107,-0.3744503902414024,False,-0.002162865403347647,0.04052223105331021,0.0788746144815581,-0.5411766097016953,False,False,,False
2025-03-21,391.3999938964844,0.0029336230559545897,0.024090713298070665,-0.20116285039370374,False,0.0030752989541589226,0.038452406777746445,0.07791211002983806,-0.45406430155773125,False,False,,False
2025-03-24,393.3999938964844,0.003838740034677614,0.02254701464601211,0.05637651363995106,False,0.010401920455837876,0.03767013065176982,0.07796959048541936,-0.3497287856222768,False,False,,False
2025-03-25,398.5499877929688,0.00397371644658196,0.022523594794520485,0.40478750617207576,False,-0.002253159060102927,0.037003835701859236,0.07798646907349238,-0.5033821280582329,False,False,,False
2025-03-26,392.0,0.003778763448442525,0.022378155967604386,-0.9032606926172221,False,-0.0005099750148037652,0.035725059010570825,0.0778311507500989,-0.46555953080686713,False,False,,False
2025-03-27,378.7999877929688,0.0031325516923138147,0.02225069349486551,-1.6541530370254671,False,-0.030209979841678836,0.034794903973918385,0.07784191968680185,-0.8350883955219162,False,False,,False
2025-03-28,379.9500122070313,0.0019762610492202078,0.021871781428236585,0.04845084769449072,False,-0.005626783203719343,0.03288085889216042,0.07764906944370926,-0.4959189127668221,False,False,,False
2025-03-31,379.75,0.002024761154183959,0.021870020943108744,-0.11665184603920907,False,-0.024656494036276677,0.03162429046776931,0.0774973406718006,-0.7262285907640854,False,False,,False
2025-04-01,389.0499877929688,0.0018833253171119887,0.0218515072294478,1.0345482450691537,False,0.004907642842408189,0.030115061034174342,0.07747621968658491,-0.32535684231546014,False,False,,False
2025-04-02,388.8500061035156,0.0027640034502340485,0.02140333486153475,-0.15315506504462703,False,-0.014571717970251585,0.029772571940938308,0.07753082808671356,-0.5719568719373599,False,False,,False
2025-04-03,385.25,0.002719848194709802,0.02140668028943013,-0.5595417994652628,False,-0.017595292627508696,0.02972340936925472,0.07755812151163395,-0.6101063444357077,False,False,,False
2025-04-04,365.7000122070313,0.002668736064068199,0.02143095222989575,-2.4924218234349977,True,-0.06566168137511541,0.02952196730218434,0.07766246271643037,-1.2256068806991691,False,True,shock,False
2025-04-07,344.79998779296875,0.0016638251969648735,0.02214284536946324,-2.6561428315009477,True,-0.12353840075631461,0.027329633895107855,0.0780014715356188,-1.9341690827272364,False,True,shock,False
2025-04-08,342.8999938964844,0.0010356552087230778,0.023125754846084836,-0.28306442669798504,False,-0.13963115192815523,0.02443959332776799,0.07952790536041182,-2.063058803226018,True,True,trend,False
2025-04-09,341.70001220703125,0.0006467230154325539,0.022984985647148168,-0.18038872405521786,False,-0.12831629539022638,0.02139246660611952,0.08138116454353878,-1.8395996522789002,False,False,,False
2025-04-10,342.8500061035156,0.00097626956894739,0.02274147480214429,0.10506080999612906,False,-0.09490491776124732,0.019343762662304732,0.08319437681340706,-1.3732740697102075,False,False,,False
2025-04-11,357.70001220703125,0.0009696629485629016,0.022740697393767138,1.8620254125014384,False,-0.05856033500500646,0.018379115638520686,0.08410127967515645,-0.9148428054924721,False,False,,False
2025-04-14,360.3999938964844,0.0014548675148387084,0.023251911673883238,0.2620561222111243,False,-0.05095459145099568,0.017800938836687652,0.08448341552006677,-0.8138346427453835,False,False,,False
2025-04-15,369.3999938964844,0.0015005057574112182,0.02326058151105058,1.0090782857907925,False,-0.0505076327285251,0.017401597431479458,0.08473971715337478,-0.8013860848401481,False,False,,False
2025-04-16,376.0499877929688,0.0019937455474527493,0.0233619860309242,0.6852330054511153,False,-0.032917624044319416,0.016605895969401683,0.08509748570958282,-0.5819622001845379,False,False,,False
2025-04-17,375.5,0.0023159139485464707,0.023414562952744043,-0.16137192092871727,False,-0.025308241401687193,0.01616492827736943,0.08526940098254635,-0.4863781051721672,False,False,,False
2025-04-21,366.7999877929688,0.002364598517059176,0.02340269884864462,-1.0910595845003523,False,0.003007863137053368,0.015821251870019683,0.08538538949864646,-0.1500653543680261,False,False,,False
2025-04-22,377.6499938964844,0.00210759772548524,0.023577541489257337,1.1652009003190869,False,0.09527264288431492,0.01622637572325391,0.0852496354052234,0.9272329058690343,False,False,,False
2025-04-23,392.3999938964844,0.002205935107759121,0.02367766395198033,1.556377935431907,False,0.1443569579500874,0.017439321399813624,0.08572353401332519,1.4805460135433195,False,False,,False
2025-04-24,408.0,0.0030612061285926343,0.023836423357932544,1.5394155899585475,False,0.19402980809025694,0.01994440002532649,0.08665805025927531,2.008877508137768,True,True,trend,False
2025-04-25,408.25,0.003593369348878599,0.024206270532577158,-0.12313438564721924,False,0.19075395284297691,0.022743561693926953,0.08884730628022923,1.8910015191584546,False,False,,False
2025-04-28,421.5499877929688,0.0035220249976816846,0.0242070756801562,1.2003111257204986,False,0.17850146325682026,0.025471563116448697,0.09082764927057449,1.6848382774335304,False,False,,False
2025-04-29,412.6499938964844,0.004124885192754867,0.024361745456166217,-1.0359451525488588,False,0.14497780489698742,0.02829161268685922,0.09225973108775115,1.264757558193447,False,False,,False
2025-04-30,413.6000061035156,0.003757010196735077,0.024533442164093765,-0.059298137987273083,False,0.1196535271720045,0.030634469761522034,0.09296883881728764,0.9575149968844109,False,False,,False
2025-05-01,395.7000122070313,0.0035637397349832347,0.024486373589591118,-1.912992716072921,False,0.05225375628753026,0.032262705519185156,0.09344945205430731,0.21392368097276254,False,False,,False
2025-05-02,395.3999938964844,0.002900232843427606,0.025073338970446283,-0.14590913527246213,False,0.05299598907186254,0.03282305083012886,0.09344153868202923,0.21588833538347282,False,False,,False
2025-05-05,398.9500122070313,0.003053747830196739,0.025014368195167908,0.236845817757057,False,0.08765001495095137,0.033490203489943464,0.0934040555124451,0.5798443243590391,False,False,,False
2025-05-06,401.1000061035156,0.002821436925722948,0.024875122540823715,0.10322337571626665,False,0.06209456530127477,0.03421268793397935,0.09361318031102675,0.2978413645883923,False,False,,False
2025-05-07,396.2000122070313,0.003026444502974484,0.02483146072522741,-0.6138516841746597,False,0.009684042736120446,0.03502837793984768,0.09358567301391431,-0.27081426448639245,False,False,,False
2025-05-08,397.7999877929688,0.002814651582335858,0.02489357747511086,0.049155294625996646,False,-0.025000029919194144,0.03475161902254182,0.09363010406047984,-0.6381670675399412,False,False,,False
2025-05-09,397.1499938964844,0.0028908302533713483,0.02488839385399476,-0.18180369191296486,False,-0.02718923724069966,0.034033268277806034,0.09388212638242112,-0.652120993394641,False,False,,False
2025-05-12,382.4500122070313,0.002297556519967451,0.024449173891827335,-1.607875747975709,False,-0.09275288036573315,0.032782549332859186,0.0940668605385559,-1.3345340641738348,False,False,,False
2025-05-13,384.8500061035156,0.0017221333175849048,0.02486182014977874,0.18313947266171396,False,-0.06736941282965958,0.03038715678297026,0.0949533618383566,-1.02952194340465,False,False,,False
2025-05-14,373.9500122070313,0.0016662499537108684,0.024846604969914532,-1.2069639622901676,False,-0.09586555442787092,0.02827278124014597,0.09534547530763003,-1.3019845490044215,False,False,,False
2025-05-15,384.9500122070313,0.0012253126792327639,0.025083493163095966,1.1238619542729733,False,-0.027167044903641746,0.025950880548376458,0.0962276143144893,-0.5520029341932887,False,False,,False
2025-05-16,376.25,0.0013006075877490112,0.02516043501659666,-0.9499428874023221,False,-0.04843195293902269,0.024298067339898914,0.09605879869865541,-0.7571406395272738,False,False,,False
2025-05-19,376.1499938964844,0.0006617406561575597,0.025150757694586138,-0.036879111964990864,False,-0.057150062947523006,0.021805231344926332,0.09547846447590358,-0.8269434864275149,False,False,,False
2025-05-20,369.2999877929688,0.00040902627595619615,0.025062251593887513,-0.7429445387024921,False,-0.07928201901433007,0.019310240941784643,0.09505764161069777,-1.0371839473978615,False,False,,False
2025-05-21,370.2999877929688,7.314485433635258e-06,0.025116691976493806,0.10751858654913234,False,-0.06537108434143268,0.016186816389399478,0.09438596425678077,-0.8640892888369572,False,False,,False
2025-05-22,360.75,-6.420722250565595e-05,0.025101049475817407,-1.0248838706212615,False,-0.09313722707364969,0.01318130063447716,0.09332624261650083,-1.1392136308863772,False,False,,False
2025-05-23,361.0,-0.000493834349643681,0.02526358397312918,0.04697809479077163,False,-0.09102352877262476,0.009679962281256446,0.09230417107297526,-1.0909961043284326,False,False,,False
2025-05-27,361.7000122070313,-0.0009854419093690062,0.024868660088900027,0.1175991744288094,False,-0.05425545649810937,0.006286022006892557,0.09124472221547963,-0.6635066339730835,False,False,,False
2025-05-28,351.95001220703125,-0.001167423501474795,0.0247955746194025,-1.0400491580660072,False,-0.0854878351947721,0.0032366965377611154,0.0893508989260272,-0.9929898053514542,False,False,,False
2025-05-29,348.3999938964844,-0.0015400401205510155,0.02497206619698505,-0.3422492766561536,False,-0.06832468906673439,-8.220500839463499e-05,0.08793188683951401,-0.7760834722322094,False,False,,False
2025-05-30,342.45001220703125,-0.00248900490181475,0.023888884538332877,-0.6107030238437468,False,-0.11040394506376316,-0.004042073439731594,0.0840949226940119,-1.264783511497362,False,False,,False
2025-06-02,344.45001220703125,-0.0022319205834451404,0.02362171302647084,0.341727503783238,False,-0.08451823998131225,-0.0076008397825689505,0.08284737196711016,-0.9284229345172105,False,False,,False
2025-06-03,340.8500061035156,-0.0027458179851757468,0.023005098296943,-0.33495373921519644,False,-0.09384550941314973,-0.011101232199724887,0.08040928625909458,-1.029038822043594,False,False,,False
2025-06-04,346.1499938964844,-0.003104408303470677,0.022911370338036134,0.8141692891219112,False,-0.06268614855590626,-0.01469137375607265,0.07794228046414048,-0.615773294212439,False,False,,False
2025-06-05,359.75,-0.002315326712970317,0.0225123629791114,1.8480810083717114,False,-0.02849038115244873,-0.017005729698078252,0.07673056524063872,-0.14967505345950294,False,False,,False
2025-06-06,358.04998779296875,-0.0017676450915536416,0.023019337533440834,-0.1284959942149522,False,-0.007484441322331947,-0.0187192850632658,0.07550694268204014,0.14879219502031488,False,False,,False
2025-06-09,361.5499877929688,-0.0017956480896584948,0.023021672326883916,0.5026055155387739,False,0.0015235118918803803,-0.020020764053702608,0.07443915191745015,0.2894212976724221,False,False,,False
2025-06-10,355.04998779296875,-0.000958604511528757,0.022263453343960255,-0.7644611761727492,False,-0.018385469144679423,-0.01993340677383685,0.07446082518451197,0.02078861771034202,False,False,,False
2025-06-11,350.6499938964844,-0.0013415012209896339,0.02230645679456743,-0.4954217011656076,False,-0.0036937583902743043,-0.02004816679111054,0.07445159479863481,0.2196649842769536,False,False,,False
2025-06-12,347.79998779296875,-0.0013000688673303455,0.022282676358767375,-0.3064134351219073,False,-0.0017221759874481712,-0.0197495328701282,0.07447194430513265,0.24206910469286044,False,False,,False
2025-06-13,349.70001220703125,-0.0009581264825905415,0.021972228935712875,0.2922373786947006,False,0.021170973110133717,-0.01826373589023108,0.07369070560264915,0.5351381653610755,False,False,,False
2025-06-16,343.95001220703125,-0.000848493483092579,0.02198362987790807,-0.7093537860261043,False,-0.0014515894390488837,-0.016884991573593303,0.07344458375924767,0.21013669551365854,False,False,,False
2025-06-17,335.8500061035156,-0.0010431315780776984,0.02205707061492058,-1.0203902552574318,False,-0.014669209066939248,-0.015266242369550813,0.07240794167278408,0.008245411881884374,False,False,,False
2025-06-18,324.8999938964844,-0.0013676915576937413,0.02220827444045893,-1.4065111308243772,False,-0.06138957207768947,-0.013643649794891933,0.07100757996927941,-0.6724059924793134,False,False,,False
2025-06-20,319.04998779296875,-0.0022825585264307927,0.022060451260427202,-0.7127234424282317,False,-0.11313415484928768,-0.013602936198279392,0.07097892911864187,-1.4022643041661143,False,False,,False
2025-06-23,330.29998779296875,-0.002897812599354152,0.021842953465707637,1.7469590317509012,False,-0.0775031446615928,-0.014626109177813257,0.07185956981468837,-0.8749987739409933,False,False,,False
2025-06-24,315.3500061035156,-0.00281569573195394,0.02197605175503861,-1.9314722277857412,False,-0.12778310952649863,-0.01558291129068054,0.07221654623596017,-1.5536633096411925,False,False,,False
2025-06-25,308.6499938964844,-0.002697165129613362,0.021717880886744666,-0.8540938044630003,False,-0.13068580620129588,-0.01719403499992836,0.07336014870150337,-1.5470493614067844,False,False,,False
2025-06-26,309.5,-0.002885453419858076,0.021817770385209826,0.2584774496883611,False,-0.11735347101883109,-0.018609846156180016,0.07451857298460614,-1.3250874366991607,False,False,,False
2025-06-27,309.8999938964844,-0.0028196889682887472,0.021827362035245827,0.188390898969849,False,-0.10897065907617198,-0.020023891020233567,0.07537924101216481,-1.179990231549082,False,False,,False
2025-06-30,306.75,-0.0031483329446868945,0.02157255068424759,-0.325238163950223,False,-0.12281959024240396,-0.022140872114776354,0.07562083949778961,-1.3313620795041614,False,False,,False
2025-07-01,298.8500061035156,-0.003041860865831549,0.021517144068363823,-1.055529971602683,False,-0.13112372293322938,-0.02422648350344622,0.07621738350258703,-1.402530951828788,False,False,,False
2025-07-02,297.95001220703125,-0.003330851327813432,0.021676231905401456,0.01473169142516469,False,-0.11284797739382157,-0.026391961740259463,0.07692275752058261,-1.1239328703268163,False,False,,False
2025-07-03,292.6499938964844,-0.003080853079533853,0.021568651514567504,-0.6818890433071904,False,-0.09926131303737451,-0.028003887844639655,0.07745617327734688,-0.9199708968010051,False,False,,False
2025-07-04,292.6499938964844,-0.003571018019205258,0.02147819955290491,0.16626244720415967,False,-0.08274563518747191,-0.029213629348090842,0.07785542775192746,-0.6875821941400326,False,False,,False
2025-07-07,280.04998779296875,-0.0034956783617404743,0.021480716831166327,-1.8416139169412682,False,-0.15213442887408335,-0.02976871026791502,0.07808947911551369,-1.5669936589685673,False,False,,False
2025-07-08,287.3999938964844,-0.0043263194904448335,0.02179179517647747,1.4028975363502152,False,-0.08863171608075526,-0.031126491617315663,0.07932681909669288,-0.7249152949564944,False,False,,False
2025-07-09,285.8500061035156,-0.003893597008155174,0.022074300667974483,-0.06793152324620838,False,-0.07387004128895414,-0.03227940962634776,0.07952828330596302,-0.5229665464121481,False,False,,False
2025-07-10,289.8999938964844,-0.003940005066528809,0.02207373821211897,0.820351856916372,False,-0.06332796802428309,-0.03330534749625594,0.07956233529812332,-0.3773471507030452,False,False,,False
2025-07-11,288.6000061035156,-0.0038192268671760074,0.022148579328051136,-0.030026126840429868,False,-0.06873181094699721,-0.03428841267599088,0.0794704412025099,-0.43341143889255906,False,False,,False
2025-07-14,305.70001220703125,-0.004053563522281363,0.022060045926294052,2.8696741104239476,True,-0.003422943090362618,-0.035174794701149474,0.07947904199122106,0.3994996770883831,False,True,shock,False
2025-07-15,301.6000061035156,-0.0030444151975144297,0.023188315498657443,-0.4470978458128897,False,0.009201940585028545,-0.03521363427549025,0.07946258322196027,0.5589495465614829,False,False,,False
2025-07-16,314.54998779296875,-0.0027742600052058034,0.02294338492622284,1.9923766416505369,False,0.055713961758131925,-0.03468814200313415,0.07962626840294752,1.1353301564225966,False,False,,False
2025-07-17,312.5,-0.002242238181176594,0.02353493858299967,-0.18164356407138346,False,0.06782848630619465,-0.0338702654036428,0.08024145677291121,1.2674090900125585,False,False,,False
2025-07-18,308.8999938964844,-0.0023221153964278997,0.023539202357347716,-0.3907483352744545,False,0.05552708128792205,-0.03263713233240986,0.08109111148024901,1.0872241360485688,False,False,,False
2025-07-21,297.25,-0.0028022458404906086,0.023351426458684675,-1.4950780805658495,False,0.06141765026516133,-0.03196220648646967,0.08161677198913941,1.1441258270304646,False,False,,False
2025-07-22,296.3500061035156,-0.0032982515204393985,0.023694727789011674,0.011416786073541406,False,0.031141309662848782,-0.0309490149099975,0.08230434535365508,0.7543991062203242,False,False,,False
2025-07-23,301.3500061035156,-0.0032151801826685446,0.023684470125746246,0.8481136242040817,False,0.05422424232654022,-0.030299193546126067,0.08260305651405339,1.0232482845024768,False,False,,False
2025-07-24,304.8500061035156,-0.002313604468218567,0.023131216025087407,0.6021303020204359,False,0.051569549919926905,-0.028700714563437327,0.08306816449590908,0.9663180229210117,False,False,,False
2025-07-25,297.54998779296875,-0.001396735982575419,0.022275232688833316,-1.0123138540362826,False,0.031011716909814968,-0.026365941887754107,0.08282707220635778,0.6927403959736341,False,False,,False
2025-07-28,301.70001220703125,-0.001642547173330368,0.02242247616107483,0.6952784983474158,False,-0.013084723062722903,-0.024090703636581168,0.08201342199164038,0.13419730949624445,False,False,,False
2025-07-29,296.5,-0.0014099228053429484,0.022493340574574947,-0.7035763084231202,False,-0.01690983421852188,-0.022554282672214456,0.08110887044918443,0.06959101294881037,False,False,,False
2025-07-30,293.3999938964844,-0.001684605627517263,0.022559925970269644,-0.38877463260618167,False,-0.06723889593791665,-0.021514348224978115,0.08066749836785132,-0.5668273919246923,False,False,,False
2025-07-31,295.79998779296875,-0.002401522320210517,0.021956921861040868,0.48191913487852833,False,-0.053440039062500055,-0.021630062370750252,0.08072755956045315,-0.39404110399161485,False,False,,False
2025-08-01,284.20001220703125,-0.002393098784936309,0.0219609113588433,-1.676729438524931,False,-0.07996109477985403,-0.021663201672236974,0.0807402693339471,-0.7220423413067042,False,False,,False
2025-08-04,288.54998779296875,-0.003248936902699303,0.02213012515696934,0.838448615094882,False,-0.02926833374947435,-0.022055914499588027,0.08095380875154305,-0.08909301935406282,False,False,,False
2025-08-05,298.70001220703125,-0.003284885083521861,0.022097303841897915,1.7405223213323464,False,0.007929833153756505,-0.022007257295656762,0.08094828862314343,0.36982981306480806,False,False,,False
2025-08-06,293.3999938964844,-0.0027963716895564117,0.022538717326610076,-0.6631807869217161,False,-0.026381324194499456,-0.021564082968250842,0.08102092526861768,-0.05945675404566757,False,False,,False
2025-08-07,297.79998779296875,-0.0027240313644563306,0.022481078395248953,0.788245218751034,False,-0.023126187204841164,-0.02195593879933822,0.08097153265821767,-0.014452590522678952,False,False,,False
2025-08-08,309.3500061035156,-0.002918479352497833,0.022259871818174678,1.8734591933952163,False,0.039657263635168416,-0.02353458986719363,0.07980082572167768,0.7918696696542595,False,False,,False
2025-08-11,320.70001220703125,-0.0029221173084462617,0.022252940176313317,1.7800780266665774,False,0.06297646414068381,-0.024930585791392554,0.0777125846645231,1.1311816523869547,False,False,,False
2025-08-12,315.1499938964844,-0.0029629908461330763,0.022176175052304934,-0.6467733464021663,False,0.06290048531697945,-0.02667796371072019,0.07411269595683609,1.208678862254194,False,False,,False
2025-08-13,319.6000061035156,-0.003201906778041768,0.022233580725376473,0.7791010450841591,False,0.08929793030696165,-0.028382676611066825,0.07042236406582403,1.6710686793762277,False,False,,False
2025-08-14,326.5,-0.003448010085464025,0.02193229368800526,1.1415804379853993,False,0.10378638767395176,-0.029572057050398275,0.06757683051528256,1.9734344405837578,False,False,,False
2025-08-15,341.6499938964844,-0.002878649895209316,0.0220216153219092,2.237794802784812,True,0.20214630268067157,-0.03012127594670542,0.06629425304604976,3.503585423400694,True,True,shock+trend,False
2025-08-18,343.6000061035156,-0.002290663446367988,0.022738866374224877,0.3517455373018205,False,0.19078156520333867,-0.029021372273256518,0.06942326829327213,3.166127767826461,True,True,trend,False
2025-08-19,356.20001220703125,-0.0016375148342478152,0.022243772526607006,1.722193438559478,False,0.19250082909319177,-0.02717433482104574,0.07334677834336757,2.9950213066734075,True,True,trend,False
2025-08-20,360.25,-0.00113846469259411,0.02267936843541301,0.5515341801899647,False,0.22784596964613857,-0.025314270287428015,0.077081205066251,3.2843316307260153,True,True,trend,False
2025-08-21,375.25,-0.0011065755477461076,0.022695461451165216,1.8833865617201297,False,0.2600739267352645,-0.02344499089149219,0.0814346872142681,3.481549783334609,True,True,trend,False
2025-08-22,390.6499938964844,-0.0006232606075371327,0.023215668524123753,1.7945876263536285,False,0.2628090712426361,-0.020805266072372326,0.08724633987438545,3.250730491655552,True,True,trend,False
2025-08-25,389.9500122070313,8.681513042428109e-05,0.0236663547253672,-0.07938077610852089,False,0.21593388638630606,-0.01743026569228545,0.0931386325121216,2.505556993744998,True,True,trend,False
2025-08-26,384.0499877929688,9.079914520881972e-06,0.02366277481414559,-0.6397933910265967,False,0.21862603595390095,-0.014217813474878783,0.09695102535956808,2.401664640113065,True,True,trend,False
2025-08-27,393.7999877929688,-0.00017086989067713443,0.023726670256097784,1.0771924497287269,False,0.2321651447823203,-0.010940276498950774,0.10059320199529202,2.416718192275547,True,True,trend,False
2025-08-28,387.75,0.0006611434080580277,0.023510369015661135,-0.6815818742437467,False,0.18759571209800918,-0.006608036163643394,0.10396236000370275,1.8680198126969776,False,False,,False
2025-08-29,396.8500061035156,0.0003726312491377056,0.02357322858800747,0.9797603352123514,False,0.161568895633454,-0.0032085011646078108,0.10609538913591705,1.5531061070615255,False,False,,False
2025-09-02,382.2000122070313,0.0010631839481083328,0.023479671826417144,-1.617521722923578,False,0.11233994591922891,0.00022395816954318804,0.1072156053203703,1.0457058691658982,False,False,,False
2025-09-03,385.25,0.00017876539339179025,0.023645951252583442,0.3299219157019912,False,0.08155526894278786,0.0020840513805147967,0.10794167578316796,0.7362422065960322,False,False,,False
2025-09-04,385.75,0.0005865047484511946,0.02351112374420758,0.03025605210145919,False,0.0707841776544067,0.0038172143389389374,0.10816294740353039,0.6191303484513033,False,False,,False
2025-09-05,385.6000061035156,0.0006073534882683311,0.023511051037214563,-0.04237116189400977,False,0.027581628523692503,0.005523004213631334,0.10819725807580931,0.20387415265741404,False,False,,False
2025-09-08,397.7999877929688,0.000844980149758765,0.023408123352368835,1.3155251939427082,False,0.01830281328093153,0.0069478528474716346,0.10776816200471284,0.10536470347302876,False,False,,False
2025-09-09,393.0,0.0012307285558545308,0.023676084496625685,-0.5616242520679453,False,0.007821484029982395,0.008063504815769824,0.1074419915393955,-0.002252571665136045,False,False,,False
2025-09-10,401.0,0.0014137089995142219,0.02351693019276523,0.8054845994740142,False,0.04413491145889181,0.009409620963818251,0.10678738681264378,0.3251815737002568,False,False,,False
2025-09-11,400.0499877929688,0.0016758854448967748,0.023618175840126127,-0.17126611388132487,False,0.015871000999841955,0.011211733500238474,0.10620848061284922,0.04386907215618145,False,False,,False
2025-09-12,410.6499938964844,0.0016184427817708584,0.023622765656934688,1.0531476948522542,False,0.059058656083776695,0.01214675293354449,0.10593266897838746,0.4428464193591048,False,False,,False
2025-09-15,432.3500061035156,0.002331146034938243,0.02355526139306545,2.144401513065927,True,0.08945445244806183,0.01407403948392514,0.10544613571527986,0.7148712700830967,False,True,shock,False
2025-09-16,422.25,0.003170209980537842,0.024218424885693438,-1.0954852360167937,False,0.10478803378811596,0.016177761370789093,0.10535387026573241,0.8410727787581659,False,False,,False
2025-09-17,388.5499877929688,0.003086440673928612,0.024300135886349758,-3.4113804445976728,True,0.008565834634571834,0.01904698775548081,0.10478870812826954,-0.10002178009561134,False,True,shock,False
2025-09-18,385.8500061035156,0.0019444295254752012,0.026113904580771265,-0.34055785165362656,False,0.00025925107845914397,0.020288108750359263,0.10409444759989757,-0.19241043238813277,False,False,,False
2025-09-19,366.5,0.0019911308049939997,0.026094561390317503,-1.9981239266954187,False,-0.04953321006532396,0.021542838890247384,0.1032639620707541,-0.6882948080848541,False,False,,False
2025-09-22,367.3500061035156,0.0011151526388196143,0.02672830163375892,0.04504962745377294,False,-0.07654595933597808,0.02171821140345515,0.10313006544963224,-0.952817884009048,False,False,,False
2025-09-23,350.1499938964844,0.000622218090920903,0.0263530379710533,-1.8003268782655404,False,-0.10903309441098119,0.021077470361008092,0.1035944615860956,-1.255960625499816,False,False,,False
2025-09-24,367.75,6.093373441108903e-05,0.02691087081469934,1.865538184032896,False,-0.08291770573566082,0.0197234883198261,0.10463124462883508,-0.9809803411934208,False,False,,False
2025-09-25,371.3500061035156,0.0006007873264917481,0.027507878502131267,0.33403114955556085,False,-0.0717409887893955,0.018597605418125555,0.10528202207500192,-0.8580628717708773,False,False,,False
2025-09-26,378.0499877929688,0.0009710196710905894,0.027441224928694552,0.6221008334321377,False,-0.07938635477426381,0.017886198489529336,0.10571467623288841,-0.9201423750237162,False,False,,False
2025-09-29,372.2000122070313,0.001376817438594077,0.02746595692414463,-0.6135193846568859,False,-0.13912337931616192,0.016876963871076144,0.10628326052040032,-1.4677790502794643,False,False,,False
2025-09-30,374.8500061035156,0.0012788667815488812,0.027513369285614216,0.21229477841337752,False,-0.11225575819179245,0.015044947826693295,0.10778182331894363,-1.1810962377374394,False,False,,False
2025-10-01,383.8999938964844,0.001300957865705971,0.027517439052299062,0.8300917706116399,False,-0.011967556408628899,0.013265924742667612,0.10877591388925552,-0.23197673316711137,False,False,,False
2025-10-02,378.1000061035156,0.0018420994942247714,0.02756281712243019,-0.6149650425678663,False,-0.020085525145542737,0.013125711849739879,0.10880191569842772,-0.30524496542263135,False,False,,False
2025-10-03,390.75,0.00195465792065553,0.027474818805840698,1.1465801864193235,False,0.06616643929058652,0.013053494302025166,0.10882240957452767,0.4880699223277779,False,False,,False
2025-10-06,381.3500061035156,0.0028354661545687996,0.02741077950144506,-0.9810648586814129,False,0.038110792887954714,0.014754241120268847,0.10863985378227504,0.2149906406768063,False,False,,False
2025-10-07,375.3999938964844,0.0027547897935943856,0.027481760903428465,-0.6679807216743763,False,0.07211195327755648,0.01677084042343208,0.10763293513066605,0.5141652300658759,False,False,,False
2025-10-08,385.1000061035156,0.002076610741257867,0.027295712378000322,0.8705589662542735,False,0.04717880653573259,0.01876570839595407,0.1072478436612658,0.26492931857463853,False,False,,False
2025-10-09,377.25,0.0030246236381300928,0.02686061690610153,-0.8714972931633677,False,0.015887959605525692,0.021098533943450484,0.10591161474876756,-0.04919738359465834,False,False,,False
2025-10-10,373.0499877929688,0.003036116189500917,0.026850274461653858,-0.5277171137636228,False,-0.013225764214911617,0.02305285082087477,0.10441472680449303,-0.34744730121944156,False,False,,False
2025-10-13,385.2000122070313,0.0028509537710960987,0.026900084175303037,1.104772506322628,False,0.03492745721020807,0.02444122024492703,0.10320786148970934,0.10160308346594897,False,False,,False
2025-10-14,399.6499938964844,0.003267980968403615,0.027117160786742363,1.2628516254685074,False,0.06615976360987497,0.0263598617954121,0.10202496915762159,0.390099621132693,False,False,,False
2025-10-15,394.8999938964844,0.0039036807186301056,0.02735580512341759,-0.5771747734592853,False,0.028653295584490257,0.028879586513442478,0.1006147541612311,-0.0022490829584456283,False,False,,False
2025-10-16,393.7999877929688,0.0040885934043235405,0.027199047797149312,-0.25273400285292535,False,0.041523357408131956,0.031009946760345408,0.098857318518779,0.10634934069943858,False,False,,False
2025-10-17,397.4500122070313,0.004091606643642004,0.02719826308998898,0.19034744679225105,False,0.017146544355806315,0.033068231224371455,0.09741820038973482,-0.1634364708531697,False,False,,False
2025-10-20,406.0499877929688,0.004452366734391788,0.027083324916513177,0.6345422176465294,False,0.06476984736889846,0.03462033598961387,0.09620110842544011,0.31340087315783605,False,False,,False
2025-10-21,413.5499877929688,0.0047408717982338885,0.027150420782904028,0.5056923633867109,False,0.10162491879795876,0.036587209090365475,0.09527261163263734,0.6826485449813517,False,False,,False
2025-10-22,420.8500061035156,0.005561211767230892,0.02661089946467094,0.4543578199945626,False,0.09283302891039247,0.03997066705932603,0.09295769758491813,0.5686711614471297,False,False,,False
2025-10-23,410.1499938964844,0.005446635044041683,0.02653904042998259,-1.1632447456587474,False,0.08721005671698978,0.04239019699254134,0.09192099126131391,0.48759112700421275,False,False,,False
2025-10-24,403.0,0.005179546691857214,0.026749569776712806,-0.8453286857155907,False,0.08028417956590994,0.04453793163262059,0.09104551122588792,0.392619553144156,False,False,,False
2025-10-27,390.1000061035156,0.0047582019047129765,0.026854744699181813,-1.3691477141075121,False,0.012720648341648433,0.0464527602671565,0.09025301131042701,-0.3737505423446294,False,False,,False
2025-10-28,387.8999938964844,0.00439119327146368,0.027169013035181624,-0.3692001640718171,False,-0.029400726083942952,0.04753879305767177,0.08933362594653606,-0.861260452896663,False,False,,False
2025-10-29,390.7000122070313,0.0035259774055175115,0.026421300818426908,0.13975183068889563,False,-0.010635557747195157,0.04719242261775737,0.08958389927961034,-0.6455175632002704,False,False,,False
2025-10-30,392.0,0.0038010475877717585,0.026349872811927938,-0.01797799148608327,False,-0.004570817289905826,0.04692792263999439,0.08972675505053133,-0.5739507675374833,False,False,,False
2025-10-31,392.0499877929688,0.003272910595725117,0.025948755031034068,-0.12121547688668426,False,-0.013586675677970894,0.04612412558602055,0.08991680624284899,-0.6640671945434027,False,False,,False
2025-11-03,406.6499938964844,0.0033615069715333353,0.025926210791059827,1.30673386749579,False,0.0014776656115096376,0.045038590092898345,0.09014240181654802,-0.48324566023924104,False,False,,False
2025-11-04,405.25,0.004011642760857283,0.026158318639177027,-0.2849721327200595,False,-0.02007009560625095,0.04431793121721284,0.09027337514850013,-0.713256003971771,False,False,,False
2025-11-05,413.6000061035156,0.004468598795506557,0.025715150980593637,0.6274892712496478,False,-0.017227040263406157,0.043231427938927355,0.09055472947157629,-0.667645616690959,False,False,,False
2025-11-06,396.75,0.004783696315861162,0.025766790291773294,-1.76675306537372,False,-0.03267095963889333,0.04258651660657728,0.09081385999082511,-0.8287003355332968,False,False,,False
2025-11-07,407.7999877929688,0.004015538968794462,0.02625566790483205,0.90783148596597,False,0.011910639684786117,0.04142791391370484,0.09121678991163477,-0.32359474892191714,False,False,,False
2025-11-10,414.75,0.004232030426858461,0.026385789320336715,0.4855139194864479,False,0.06318890928174792,0.040899128443902956,0.09127213911463296,0.24421231992656797,False,False,,False
2025-11-11,422.7000122070313,0.004778549907576889,0.02621821801235612,0.5488417678294709,False,0.08971389239009309,0.041328157675528734,0.0913006555792116,0.5299604302686013,False,False,,False
2025-11-12,403.6499938964844,0.004848161702905481,0.0262498028542263,-1.9015619927294314,False,0.033145588136278104,0.04269880588156628,0.09124435824663074,-0.10469927049589318,False,False,,False
2025-11-13,401.7000122070313,0.004477071551033142,0.026758025752614243,-0.3478561618146083,False,0.0247449290995696,0.043366211512963604,0.09098515636288865,-0.20466286103992803,False,False,,False
2025-11-14,399.7999877929688,0.004552064350676126,0.02672346955613234,-0.34733599610183113,False,0.019767887364640302,0.04459266251346342,0.09008963636217643,-0.2755563919585943,False,False,,False
2025-11-17,402.5499877929688,0.004379932390215355,0.026741357616702908,0.09343231840451637,False,-0.010082395586016535,0.04556876819915863,0.08940712764983921,-0.6224466130164874,False,False,,False
2025-11-18,415.3500061035156,0.004994519654039003,0.02625106385095854,1.021018394172057,False,0.024922902167836103,0.046500484188409796,0.0884401729029575,-0.24397941921992924,False,False,,False
2025-11-19,404.5,0.0052144036917112,0.02640720512676686,-1.1866823884463555,False,-0.022001948668342375,0.0472230340006406,0.08803321485855342,-0.7863507288721603,False,False,,False
2025-11-20,406.5,0.004397089997646163,0.026415956938655047,0.020717999207201413,False,0.02457466918714557,0.04682394357634595,0.08828125118985353,-0.25202717552509685,False,False,,False
2025-11-21,400.0,0.0046995965543792624,0.02628858327555269,-0.7870243991131661,False,-0.01912699368919224,0.04750335682143455,0.0879055288260926,-0.7579767894058698,False,False,,False
2025-11-24,407.4500122070313,0.0042864401397850645,0.026367944081377576,0.5437887130502509,False,-0.017600935004143947,0.0475566794016432,0.08786330951332348,-0.7415793323367444,False,False,,False
2025-11-25,414.2000122070313,0.004017647451365301,0.026113041350440867,0.48055688937392627,False,-0.02010882364450195,0.04679323675311904,0.0881810580822748,-0.7586896988149081,False,False,,False
2025-11-26,411.5,0.00374933540932118,0.025875097286123565,-0.3968276767475253,False,0.01944755660154618,0.04568543291598323,0.08849633317872066,-0.29648546297900247,False,False,,False
2025-11-28,413.0,0.0038931664821580487,0.025786305582545264,-0.009616189311706104,False,0.028130414362907308,0.04510606053311079,0.0885243412599292,-0.19176246813697057,False,False,,False
2025-12-01,411.5,0.003753498499290912,0.025758516650287246,-0.28671914064929255,False,0.029264663742536,0.044290493653856726,0.08839337221974669,-0.1699881963318062,False,False,,False
2025-12-02,405.5499877929688,0.003417212784517667,0.025687053460734306,-0.6959357069817589,False,0.007452490599857864,0.04329687066810452,0.08813401177517848,-0.40670314837911015,False,False,,False
2025-12-03,403.75,0.0026057390332237715,0.025268715064415456,-0.2787686676404628,False,-0.027928267564836906,0.04070095317369367,0.08623890189439558,-0.7958035089845061,False,False,,False
2025-12-04,411.9500122070313,0.0024704587889259333,0.025279041242514625,0.7056900931205032,False,0.018417829930856167,0.037784822070118,0.08478087495343509,-0.22843586068083074,False,False,,False
2025-12-05,406.25,0.0022523129688921837,0.025049473803548616,-0.6422878570796262,False,-0.0006150061500614923,0.035463715414620185,0.08284884742301042,-0.4354764451999025,False,False,,False
2025-12-08,396.0499877929688,0.0019162244080119322,0.025094547079470123,-1.0768852164655855,False,-0.009875030517577987,0.03241756907067085,0.07982461766104404,-0.5298190060594358,False,False,,False
2025-12-09,394.2000122070313,0.0010262847557828017,0.024849161230774592,-0.22927738227698033,False,-0.032519326550584315,0.02881824964063295,0.07538328758956528,-0.8136760567564812,False,False,,False
2025-12-10,400.7999877929688,0.00041681333249786066,0.024411212592353973,0.6687867028937052,False,-0.03235157899359187,0.02488053767005668,0.07055408496896752,-0.811180765632798,False,False,,False
2025-12-11,405.4500122070313,0.0006639406150460007,0.02448226509501888,0.4467689985535047,False,-0.014702278962256843,0.02157006479832471,0.06721438370177883,-0.5396515115204665,False,False,,False
2025-12-12,397.2000122070313,0.0010203681443631885,0.024443777574335163,-0.8741745915896907,False,-0.03825662903866511,0.018459020599442603,0.0632534543771583,-0.8966411431055142,False,False,,False
2025-12-15,387.7000122070313,0.0004105670603633878,0.02439811431889049,-0.9971257598443092,False,-0.057837151380239815,0.014853396948496128,0.05843051782277513,-1.2440510718938473,False,False,,False
2025-12-16,379.2999877929688,0.0002965094170456517,0.02449266230735986,-0.896709725214849,False,-0.06472691601559233,0.011580958768786145,0.05542052077072788,-1.3768884471522853,False,False,,False
2025-12-17,351.8999938964844,-0.00030529117846006017,0.024470099692001306,-2.939629577852377,True,-0.12842106774864548,0.008563681280132194,0.05326246058446004,-2.571881725433177,True,True,shock+trend,False
2025-12-18,345.45001220703125,-0.0007762595081643979,0.02550239807263883,-0.6882787840227311,False,-0.1614273529055742,0.005353534431227202,0.05417093422682201,-3.078789201575595,True,True,trend,False
2025-12-19,340.6499938964844,-0.00112704753446445,0.025561200450851154,-0.4995041087366832,False,-0.16147693810096153,0.002113766139915708,0.056756261847074246,-2.8823375415678516,True,True,trend,False
2025-12-22,347.3500061035156,-0.001329618610695468,0.025601892289254153,0.8201712509158208,False,-0.1229642297449347,-0.0009830487368225353,0.059240832860573744,-2.05907268885299,True,True,trend,False
2025-12-23,346.95001220703125,-0.0010621898843551742,0.02571635144947628,-0.003475171969009962,False,-0.11986300998688115,-0.002990326847070898,0.0607901268766558,-1.9225602765552192,False,False,,False
2025-12-24,345.1499938964844,-0.0014993967482321905,0.025430026132784684,-0.1450538536844938,False,-0.13884729438971477,-0.0048325378239750675,0.06221299731152953,-2.1541279532742204,True,True,trend,False
2025-12-26,350.25,-0.0014076872195205859,0.025403792188354413,0.6370658881238864,False,-0.1361450500557514,-0.006788121536237696,0.06408681065406761,-2.0184641301275827,True,True,trend,False
2025-12-29,352.1499938964844,-0.001482087644640906,0.02534729888802158,0.2724853205952243,False,-0.11341897514108246,-0.009191854356432938,0.06551599175446121,-1.5908653443768153,False,False,,False
2025-12-30,350.20001220703125,-0.001378170485077012,0.0253595864446483,-0.16400861495720342,False,-0.0967242682983851,-0.010915720704978598,0.0665405597038176,-1.2895675656374657,False,False,,False
2025-12-31,348.75,-0.0018052913532524502,0.02515268134821668,-0.09284236838688532,False,-0.08054307613013612,-0.012992826363407421,0.06675782433957833,-1.0118701505776988,False,False,,False
2026-01-02,357.29998779296875,-0.00256507282082302,0.024326706302290065,1.11322784573971,False,0.015345251463894094,-0.015259460077783392,0.0661152960344023,0.4628991077307238,False,False,,False
2026-01-05,359.3500061035156,-0.0019267153414718333,0.024401685693990236,0.3140865918594269,False,0.04023735245420679,-0.016452030508773016,0.06471243835142465,0.8760198874770384,False,False,,False
2026-01-06,373.8500061035156,-0.000786074079557039,0.022648308228425854,1.816325796471409,False,0.09746077440741119,-0.01602974360451122,0.06498068259977424,1.7465270211291486,False,False,,False
2026-01-07,375.4500122070313,-0.0001554141046369247,0.023127850525329112,0.1917697330405519,False,0.08089824560170422,-0.014733723293458525,0.06626655687103797,1.4431407547139217,False,False,,False
2026-01-08,372.3500061035156,0.0005703038191234633,0.02237977540201561,-0.39442211572902514,False,0.07320937599889099,-0.012994637217898149,0.06704784728319228,1.285708888649121,False,False,,False
2026-01-09,357.6499938964844,0.0004292901229318306,0.022401914978162005,-1.781468554119593,False,0.036216138551486976,-0.010997899413433229,0.06735885766962482,0.7009328779964029,False,False,,False
2026-01-12,356.04998779296875,0.0005271947566597539,0.02220782406262516,-0.2251845703197504,False,0.016559565433172718,-0.009061242973933653,0.06658574337563902,0.3847791900823017,False,False,,False
2026-01-13,360.25,-0.00020264331490595626,0.021437262745476672,0.5597157715663482,False,0.02300157956525939,-0.007734879358349206,0.06608355031488762,0.46511512739781075,False,False,,False
2026-01-14,356.0,-0.0001758852463918803,0.021451151217456856,-0.5417647555694676,False,0.016561929157043798,-0.006471645113620475,0.06574817866660246,0.35033022568523925,False,False,,False
2026-01-15,358.1000061035156,-0.0005737464665522978,0.021385309054869222,0.3026675929324387,False,0.02681005334341391,-0.00519233466120304,0.06524176916777452,0.49051992937714806,False,False,,False
2026-01-16,355.29998779296875,-0.00028877349186268533,0.021326392490427396,-0.3530987470221298,False,-0.005597537274921072,-0.002979888892408695,0.06342687364852143,-0.041270335930760446,False,False,,False
2026-01-20,346.5,-0.0004879589235450658,0.02132602592377356,-1.1385060449049595,False,-0.03575902569990219,-0.0015577792801837434,0.06212602830209026,-0.5505139690149439,False,False,,False
2026-01-21,347.5,-0.0011401019358502382,0.021310473429448234,0.18892610880665067,False,-0.07048282913821735,-0.001874998870734054,0.062240534472848046,-1.1023014318331879,False,False,,False
2026-01-22,347.70001220703125,-0.0009001809705600546,0.02125230442287157,0.06943979521885112,False,-0.07391130402919821,-0.0025469629239697157,0.06271007631204348,-1.1380043734936893,False,False,,False
2026-01-23,350.8999938964844,-0.00133859651845873,0.020869684780656605,0.5051288437564238,False,-0.05760712194286366,-0.004414666168233512,0.06272189642451138,-0.8480683590083992,False,False,,False
2026-01-26,356.25,-0.0008951355906224749,0.020733353937715658,0.7785359896481229,False,-0.0039144244942712625,-0.005690905032644424,0.06281865247409434,0.0282795072547244,False,False,,False
2026-01-27,367.25,-0.0004838152796416454,0.020743635756873238,1.511837588630358,False,0.0314562915068648,-0.006704590069602127,0.06215611922444591,0.6139521265584146,False,False,,False
2026-01-28,351.0,-0.0004166412117718821,0.020837972081747196,-2.103426678320631,True,-0.025676613462872977,-0.006914223603320364,0.061998244319932866,-0.30262776092064875,False,True,shock,False
2026-01-29,345.5,-0.0007348206294036667,0.021323514441620596,-0.70038619013766,False,-0.0294943820224719,-0.007468417910899013,0.06197743082813499,-0.3553868532022802,False,False,,False
2026-01-30,332.25,-0.0007953043962883536,0.021359810583474335,-1.7582043873304538,False,-0.07218655588641121,-0.007685332814999817,0.06202630328326404,-1.039901133182882,False,False,,False
2026-02-02,333.25,-0.0017408996531208295,0.021432476139766492,0.22165807688111158,False,-0.06206019856611178,-0.009113519656288073,0.062264582488765916,-0.8503498585150974,False,False,,False
2026-02-03,317.1000061035156,-0.002200941649856989,0.020943233858716555,-2.2088831111746274,True,-0.08484846723372119,-0.010823119151967897,0.06192923905078264,-1.1953214542334634,False,True,shock,False
2026-02-04,308.6499938964844,-0.0026886309472900797,0.02158774583849775,-1.10984965293141,False,-0.11179857871515286,-0.01233647598954405,0.062336994376642856,-1.5955549945936507,False,False,,False
2026-02-05,308.3999938964844,-0.003006794312016483,0.02176431386715841,0.10093657759487837,False,-0.11302852151511122,-0.014380768471187846,0.0630567159516896,-1.564428967716961,False,False,,False
2026-02-06,296.54998779296875,-0.003141177052504084,0.02171856214457992,-1.6245535858954259,False,-0.15488745240488344,-0.016116436016133412,0.06396224864829457,-2.169576888264232,True,True,trend,False
2026-02-09,299.8500061035156,-0.003942004050545839,0.021899119618015536,0.6881572497415527,False,-0.1583157723410088,-0.019045200013117172,0.06522497494817811,-2.1352338186184583,True,True,trend,False
2026-02-10,294.20001220703125,-0.00403990536219031,0.021813815201712324,-0.6785987903921795,False,-0.1989107904505616,-0.022511075894970076,0.0656312484271457,-2.6877397395754996,True,True,trend,False
2026-02-11,294.79998779296875,-0.004526502908963698,0.02173027860794881,0.3021520762858175,False,-0.16011399489182687,-0.02640099348644946,0.06732633659562116,-1.9860430281316384,False,False,,False
2026-02-12,299.6499938964844,-0.004160314773208258,0.02160439351914137,0.9540729708723786,False,-0.13270624053115954,-0.029698647507900352,0.06774215235468396,-1.5205834099266973,False,False,,False
2026-02-13,300.04998779296875,-0.0037085216384556735,0.021677265745466107,0.2326581249624653,False,-0.09691501040490968,-0.03253851977586127,0.06753331686273084,-0.9532552763534621,False,False,,False
2026-02-17,284.6000061035156,-0.0032639245614248715,0.021429496948042998,-2.250516413070415,True,-0.14598647830903033,-0.03400032855914872,0.06772670552737335,-1.6535006225073174,False,True,shock,False
2026-02-18,287.54998779296875,-0.003875281206332115,0.022140441446651657,0.6431959289807136,False,-0.09318832463503779,-0.03555480525548321,0.06894666985624515,-0.8359144756334329,False,False,,False
2026-02-19,287.3999938964844,-0.0038333217658799096,0.02216471841118776,0.14941288669924987,False,-0.06884821130800622,-0.03665550881398779,0.06920195577722721,-0.46519931600852704,False,False,,False
2026-02-20,288.29998779296875,-0.003884641192598415,0.02215236726721087,0.3167220886966549,False,-0.06517511835704592,-0.03751254073422912,0.06919725481357278,-0.3997640903146189,False,False,,False
2026-02-23,281.1499938964844,-0.0038445880864940757,0.022162433003754912,-0.9455616523145051,False,-0.051930516035750496,-0.0382003866366168,0.06921261130781899,-0.19837612163005616,False,False,,False
2026-02-24,288.25,-0.004671797413492477,0.021762448584982837,1.3750862175924878,False,-0.038686029239269115,-0.03891249572524693,0.06907346929871208,0.0032786319881870723,False,False,,False
2026-02-25,288.29998779296875,-0.004289181483000445,0.02203490426965618,0.20252412342491813,False,-0.020054466924734893,-0.03916070817368717,0.06903828378294674,0.27674849666051143,False,False,,False
2026-02-26,286.0,-0.004561596975739515,0.021848491852093855,-0.15635687559558514,False,-0.029850706096869906,-0.03919840719583822,0.06902691587490122,0.1354211032100772,False,False,,False
2026-02-27,284.6000061035156,-0.00412476896882268,0.021439065191638074,-0.03593041853424241,False,-0.05022522309200461,-0.03916080381527791,0.06903128789434178,-0.16028122340208592,False,False,,False
2026-03-02,288.3500061035156,-0.004561386895916124,0.02110997889365328,0.8402554363296479,False,-0.03899344164455021,-0.03998928198563512,0.06878248473275411,0.014478109433733361,False,False,,False
2026-03-03,286.95001220703125,-0.0046129377064259725,0.02106117289966527,-0.011502289373096854,False,0.008257224360918913,-0.04135171333131909,0.06771485039644469,0.7326153332953782,False,False,,False
2026-03-04,290.70001220703125,-0.004933249605658927,0.020876478210156042,0.8622971603526779,False,0.01095470195717918,-0.04243780223837475,0.06622103200074497,0.8062771385826979,False,False,,False
2026-03-05,293.0,-0.004158103685732861,0.02044090573097362,0.5904825463708883,False,0.019485059924992942,-0.04273368072076274,0.06592768362688102,0.9437422524638334,False,False,,False
2026-03-06,297.6000061035156,-0.003988200126193829,0.020488142120751413,0.9609402133361822,False,0.03225812939411332,-0.042803812309757085,0.06585769267830333,1.1397596643800945,False,False,,False
2026-03-09,301.75,-0.0037158049515127207,0.020613571711619507,0.8567499546696166,False,0.07327051947616359,-0.04263727574936412,0.06603361532292584,1.7552847085336902,False,False,,False
2026-03-10,300.54998779296875,-0.003621585854867814,0.020678696034444947,-0.017179835085503428,False,0.04267124993224192,-0.04152590354853504,0.06727862585290967,1.2514695776464881,False,False,,False
2026-03-11,292.0,-0.004098574936934156,0.02025899495005642,-1.2018972944732262,False,0.01283389650952138,-0.0412892589116763,0.06754619196003611,0.8012761911614469,False,False,,False
2026-03-12,296.5,-0.004129578198212028,0.020294902114720015,0.9628298275037629,False,0.036713286713286664,-0.040824780975971454,0.06779990938258507,1.1436308454591293,False,False,,False
2026-03-13,290.3500061035156,-0.003990023756458016,0.020393885254755696,-0.8214200154126479,False,0.020203794366429495,-0.04066293274228957,0.06797240596272587,0.8954623018949284,False,False,,False
2026-03-16,297.75,-0.004053381215059939,0.020439001032519357,1.4452683594144393,False,0.03259924986132945,-0.040138522234881284,0.06829177132519947,1.065103023171559,False,False,,False
2026-03-17,302.04998779296875,-0.003961895484957258,0.020556898175088427,0.8952469388390376,False,0.05262232076520368,-0.03946918643667497,0.06876005343149948,1.3393169813869117,False,False,,False
2026-03-18,299.70001220703125,-0.003990226747577384,0.020529670126440698,-0.18460411501199292,False,0.030959751021924165,-0.03849943784454556,0.06954518434677295,0.9987634588776928,False,False,,False
2026-03-19,306.20001220703125,-0.004007046334249514,0.0205322861681172,1.2514631961662976,False,0.04505123620147189,-0.038345941918940515,0.06968736895019893,1.1967330576077708,False,False,,False
2026-03-20,309.75,-0.0037664709522191573,0.020727931721988,0.741036800889807,False,0.04082659155678314,-0.038120330961093,0.06993245204230035,1.1289025368383074,False,False,,False
2026-03-23,307.0,-0.003563462278630022,0.02080368822766174,-0.2554674529537798,False,0.0173985086992543,-0.0379661719235697,0.07009555615788628,0.7898457998980447,False,False,,False
2026-03-24,317.8500061035156,-0.0034890463132465368,0.020774147577492567,1.8692023628661296,False,0.05756120117517294,-0.03783355834891108,0.07019198686327104,1.3590548406886698,False,False,,False
2026-03-25,316.1000061035156,-0.002958640627601176,0.021251924417732566,-0.11985272103688561,False,0.08253426747779313,-0.03669369876571094,0.07104398245958722,1.6782275164729947,False,False,,False
2026-03-26,307.6499938964844,-0.0033028455523170398,0.0210783183083064,-1.1115326672212122,False,0.037605375704837796,-0.03583881293175179,0.07209411322261142,1.0187265693914482,False,False,,False
2026-03-27,301.70001220703125,-0.003474784552860043,0.021217540546679504,-0.7477452700215523,False,0.03909077273953665,-0.035329207840353136,0.07248050818308154,1.0267585375078947,False,False,,False
2026-03-30,292.54998779296875,-0.003397882923291524,0.021148413360711195,-1.2733975286412484,False,-0.01746435669867763,-0.0346763304635916,0.07293201486431711,0.23600025032813324,False,False,,False
2026-03-31,298.3500061035156,-0.003739978314605083,0.02137558077807984,1.1024595215203261,False,-0.01224956741924843,-0.034475597532232845,0.07295874509641931,0.3046383279154733,False,False,,False
2026-04-01,297.79998779296875,-0.0036988712942525453,0.021418424505385163,0.08662343614892905,False,-0.006339754209786164,-0.03420757071124159,0.07300356387532035,0.3817322747290759,False,False,,False
2026-04-02,295.3999938964844,-0.0038781431801267943,0.021344769219146686,-0.19587640789659952,False,-0.035271123056796805,-0.03409607038120866,0.0730401344148328,-0.016087767157086683,False,False,,False
2026-04-06,298.04998779296875,-0.0037142940970409893,0.021263646565862947,0.5965656226559746,False,-0.037772436503732854,-0.03405626363478374,0.07303864980843446,-0.05087953951361201,False,False,,False
2026-04-07,286.1000061035156,-0.00327578359470648,0.021180333280879243,-1.7383154501766849,False,-0.0680781560146071,-0.03378873410309699,0.07298709572053304,-0.4698011555741854,False,False,,False
2026-04-08,294.04998779296875,-0.003521484729458256,0.0215010106978758,1.4561597809878672,False,-0.0748781433176875,-0.03383341730308385,0.07300731526638535,-0.562200183157561,False,False,,False
2026-04-09,293.70001220703125,-0.0021878081653856985,0.020246640808073226,0.04927322953851348,False,-0.07086363006633056,-0.03311951164400441,0.07232851662007231,-0.5218428385665462,False,False,,False
2026-04-10,300.1000061035156,-0.0019592904552817223,0.020158526585364035,1.178172016035438,False,-0.024540835178788023,-0.031911995339481164,0.07089934038807959,0.10396655484163665,False,False,,False
2026-04-13,300.8500061035156,-0.00148347854013496,0.020293698481665994,0.19625035018906326,False,-0.002817388363021811,-0.03008618063385218,0.0692619643534481,0.39370515297077097,False,False,,False
2026-04-14,302.6499938964844,-0.001712400547074573,0.02014818858901287,0.38194043336129485,False,0.034524035292946786,-0.028484222748760016,0.06846966610829106,0.9202360931927646,False,False,,False
2026-04-15,304.25,-0.0016172730009130303,0.020167705425636943,0.34232590447524774,False,0.019775410678011918,-0.02642572881169564,0.06800449072256823,0.6793836553852034,False,False,,False
2026-04-16,296.45001220703125,-0.0014776093337370503,0.02017890912789463,-1.1972481873922327,False,-0.0045331619921892274,-0.024310759410792616,0.06691883454420858,0.2955460529656672,False,False,,False
2026-04-17,289.29998779296875,-0.002016448986048111,0.020278347615777282,-1.0899492995572295,False,-0.020649987236131206,-0.02255593423661179,0.06566036072102077,0.029027361098100165,False,False,,False
2026-04-20,292.20001220703125,-0.002410362305849807,0.02041831090550751,0.6089947161876716,False,-0.019627498156453593,-0.021319014397879102,0.06479361542736857,0.02610621787761852,False,False,,False
2026-04-21,289.0,-0.002202873742078705,0.020465119458941743,-0.4274869121960661,False,0.010136294423688685,-0.02029105746265335,0.06418989871308631,0.4740208739438134,False,False,,False
2026-04-22,302.3999938964844,-0.0022936859901640893,0.02048893140535208,2.374962652515018,True,0.028396553137742586,-0.01908199918860235,0.06389299231009266,0.7430948310562242,False,True,shock,False
2026-04-23,316.3500061035156,-0.002002343765397807,0.021023678964690047,2.289482137044013,True,0.07711948571700522,-0.01890798183295104,0.06400569829990117,1.5002956002450882,False,True,shock,False
2026-04-24,309.79998779296875,-0.0014637642090587467,0.02173016125143361,-0.8854609264630796,False,0.032322497474749357,-0.01841622005611373,0.06460513570835436,0.7853666271968198,False,False,,False
2026-04-27,304.1000061035156,-0.0022778389467269303,0.02128153295252839,-0.7575144979135255,False,0.010802725391608536,-0.019284730415215886,0.06345388938462793,0.47416251546770094,False,False,,False
2026-04-28,306.3999938964844,-0.0025802218308935815,0.02134811157597987,0.47514662114408923,False,0.012390550390305455,-0.02021933735135049,0.06246690197439791,0.5220346569295389,False,False,,False
2026-04-29,305.25,-0.0023692880202706456,0.021369411151630192,-0.06476340560607362,False,0.0032867707477404196,-0.021030255026131633,0.06162677392526519,0.3945854086628211,False,False,,False
2026-04-30,300.8999938964844,-0.0018929443789309408,0.020924572986805338,-0.5905826548820402,False,0.015010900678747108,-0.02146931326351492,0.061329999694045796,0.5948184269403103,False,False,,False
2026-05-01,302.0,-0.0020233039747060387,0.020971271116758904,0.2708001756022963,False,0.04389911076014186,-0.02148996212690726,0.06131728232186208,1.066405267993022,False,False,,False
2026-05-04,302.20001220703125,-0.0021318427855944845,0.020919783308763384,0.1335642353755385,False,0.034223133409435835,-0.021211328377642162,0.06156915306236978,0.9003609604784182,False,False,,False
2026-05-05,305.8500061035156,-0.001965714052012304,0.020891443255408003,0.6722267663845459,False,0.05830451938932746,-0.020975845654276935,0.06174908760819131,1.2839115218455062,False,False,,False
2026-05-06,299.45001220703125,-0.0018833249887659628,0.020935016737508427,-0.909573899625553,False,-0.009755230651436242,-0.02055591944033142,0.06218400610170453,0.1736891761400866,False,False,,False
2026-05-07,291.04998779296875,-0.0020580739733352025,0.021039671827112583,-1.2354486440530486,False,-0.07997476789132174,-0.02061135535201829,0.06217234293164992,-0.9548202583352133,False,False,,False
2026-05-08,289.70001220703125,-0.0021018571686938882,0.02109092321905182,-0.1202620389021191,False,-0.06488049185905642,-0.021200898581237217,0.06252654705771629,-0.6985767699198221,False,False,,False
2026-05-11,298.6000061035156,-0.0022021811351385285,0.021084771315213687,1.5614869257188944,False,-0.018086155506776946,-0.021126200750848406,0.06247019745037269,0.04866392885161791,False,False,,False
2026-05-12,294.79998779296875,-0.0018002366163538941,0.02142306512539793,-0.5100054219067777,False,-0.03785902850714362,-0.020381865437216127,0.06216459345306713,-0.28114336632994086,False,False,,False
2026-05-13,296.25,-0.0020926286058008834,0.021420505660488115,0.32731529321720554,False,-0.029484029484029506,-0.020118557524739854,0.06204650021028281,-0.1509427917376319,False,False,,False
2026-05-14,294.45001220703125,-0.0022303338878099394,0.02134057988499647,-0.18020008335450752,False,-0.021435632503442492,-0.020459485591269963,0.062026505524312735,-0.015737577087748488,False,False,,False
2026-05-15,284.6000061035156,-0.002723041903068285,0.02098956590983849,-1.464021532686399,False,-0.05761587382941846,-0.02116471124474073,0.06172822637115134,-0.5905104476112595,False,False,,False
2026-05-18,276.20001220703125,-0.0025791009796841888,0.02073644225245553,-1.2989685278828462,False,-0.08603573444658874,-0.021590568049628,0.06186978471927063,-1.041625838676758,False,False,,False
2026-05-19,270.1499938964844,-0.0027637085953690996,0.020915413668162644,-0.9151515778650975,False,-0.11672392183948,-0.022344452748616225,0.06231030486828524,-1.5146687099408034,False,False,,False
2026-05-20,268.29998779296875,-0.002544432133219619,0.020621426345074356,-0.20869739675759505,False,-0.10402412136996764,-0.022938284294657146,0.06300013772115089,-1.2870739653651222,False,False,,False
2026-05-21,273.3999938964844,-0.0026758701588154225,0.020616961963420943,1.0517779634293358,False,-0.06064248286118901,-0.023497803265375223,0.0635363476840875,-0.5846209445418998,False,False,,False
2026-05-22,272.3500061035156,-0.0017762609145363806,0.020056513114255187,-0.10292024397588453,False,-0.05988955944922991,-0.023175056807074792,0.06328146094574422,-0.5801778608372067,False,False,,False
2026-05-26,274.0,-0.0014721635673876172,0.019846113345546746,0.3794456702928726,False,-0.08238447957361239,-0.02248293655019582,0.06257904222863836,-0.957214122973642,False,False,,False
2026-05-27,269.8500061035156,-0.0013805857384504646,0.019865047801259434,-0.692944589165911,False,-0.08463359132489157,-0.02207434932430917,0.062077901590884145,-1.0077538125059455,False,False,,False
2026-05-28,274.25,-0.0010702099792622155,0.01945609212257456,0.8930643270794011,False,-0.07426160337552745,-0.021137631176575945,0.06055819229756425,-0.8772384079418474,False,False,,False
2026-05-29,265.6000061035156,-0.001001179339765807,0.01950906907562024,-1.5653931750570869,False,-0.09797930007634315,-0.020016908923702857,0.05873554072246534,-1.327346104142036,False,False,,False
2026-06-01,260.6000061035156,-0.0011704834591064492,0.019719951929517643,-0.8952768939907496,False,-0.08432888083379253,-0.01867115571871328,0.055656912560030906,-1.1796868007053316,False,False,,False
2026-06-02,259.20001220703125,-0.0014486787479452386,0.019820971158429367,-0.19794770056509095,False,-0.061549599017603596,-0.017660687531272822,0.053708105411492006,-0.8171748221254476,False,False,,False
2026-06-03,253.1000061035156,-0.001739666048574815,0.019714537385450693,-1.105494213826911,False,-0.0631130415627622,-0.016711932311092078,0.0522572548282057,-0.8879362186975284,False,False,,False
2026-06-04,247.1499938964844,-0.002071250627516981,0.019870647155050738,-1.0788421501579788,False,-0.0788296491194943,-0.016261239393196777,0.05169897607034247,-1.2102446601875816,False,False,,False
2026-06-05,246.5,-0.0016981464030165064,0.019180903932343535,-0.048580127509119705,False,-0.09839061630216916,-0.015365815004002963,0.04997459622196263,-1.661340112272459,False,False,,False
2026-06-08,245.8999938964844,-0.00187141730648024,0.019129082132318977,-0.02941513499954812,False,-0.09711772210123626,-0.015435178892898046,0.0500875549052658,-1.6307951818137318,False,False,,False
2026-06-09,244.3999938964844,-0.001896916968275327,0.019128533191303976,-0.21973058822843522,False,-0.10802921935589638,-0.01581210570347445,0.050598699891076945,-1.8225194293714326,False,False,,False
2026-06-10,248.3999938964844,-0.0020200042170246033,0.01912544040503438,0.9613695866689081,False,-0.07948864821890311,-0.016383493716792454,0.05139929889387923,-1.2277434879491205,False,False,,False
2026-06-11,253.9499969482422,-0.0014711089186664934,0.019053417610711425,1.2498606501448468,False,-0.07402006582227094,-0.016750935479234487,0.0517541290038677,-1.1065615719038882,False,False,,False
2026-06-12,257.20001220703125,-0.0015099147545737468,0.019001144659473196,0.7529951532966852,False,-0.031626482317212545,-0.01722205596700785,0.05211606183210035,-0.2763913051721118,False,False,,False
2026-06-15,262.95001220703125,-0.0013415889293452788,0.019072044253485274,1.2425375399011098,False,0.009017674783101004,-0.017376349505574217,0.052141684331576954,0.5061981527261677,False,False,,False
2026-06-16,277.25,-0.0009371369171256264,0.019250218539109167,2.873736233025643,True,0.06963729530441398,-0.016858104427174603,0.052209140201613775,1.6567099055370964,False,True,shock,False
2026-06-17,277.8500061035156,-0.0001467636218387532,0.020275147389175237,0.11397685079221165,False,0.09778743343798069,-0.015259937515222356,0.053002461566962186,2.132870202837304,True,True,trend,False
2026-06-18,275.1000061035156,-0.00029359367255012386,0.020217150693546883,-0.47503394146263855,False,0.11308926925864182,-0.013436192514121946,0.05450666763126657,2.321284115710372,True,True,trend,False
2026-06-22,277.0,-0.0003608234997500581,0.02024089449600772,0.35904443783746043,False,0.12373225152129819,-0.012038431915485637,0.05638236287903326,2.4080346495601104,True,True,trend,False
2026-06-23,287.95001220703125,-0.0004429824489130822,0.020198108139060113,1.9790820092151271,False,0.1710045520710688,-0.010534731254630718,0.058469124797888336,3.10487430679407,True,True,trend,False
2026-06-24,291.54998779296875,-2.1397974128246253e-05,0.02069863165161547,0.6050391825343544,False,0.19292142010631452,-0.008514471359349707,0.0620296864213507,3.2474110879324023,True,True,trend,False
2026-06-25,288.79998779296875,-6.403256525142176e-05,0.020669084202540672,-0.4532524084856059,False,0.16264088119631848,-0.006372294149853691,0.06609762558354453,2.5570234006749133,True,True,trend,False
2026-06-26,286.75,-0.0003757287844413012,0.020631203858585127,-0.3258446401719616,False,0.12915929689277705,-0.005180689326918292,0.06832101230935718,1.9663055578187951,False,False,,False
2026-06-29,291.1000061035156,-0.00041734816496841485,0.020641712345694778,0.7551397823718456,False,0.13180401355967608,-0.00402751536744449,0.06985235215750392,1.9445519689994981,False,False,,False
2026-06-30,311.20001220703125,0.00016422298382752517,0.020454905663337717,3.3676143333288926,True,0.18349495250074677,-0.0024412471401090946,0.07157014703665428,2.5979574912097023,True,True,shock+trend,False
2026-07-01,324.29998779296875,0.0008793896182070501,0.02188299635511635,1.8834553226449053,False,0.16970239059682135,-0.0004841582629429597,0.0745981204129653,2.281378510847648,True,True,trend,False
2026-07-02,315.6499938964844,0.0017172163498792262,0.022243932962556667,-1.276304526584737,False,0.13604458147424348,0.001509156353462265,0.07711333887564475,1.7446453114646872,False,False,,False
2026-07-06,363.9500122070313,0.0010217593331517778,0.022306038272837555,6.814113852995501,True,0.3229734792157106,0.002888427441634452,0.07858796654599116,4.072952461325696,True,True,shock+trend,False
2026-07-07,331.6000061035156,0.0028694398538881183,0.028352511636521693,-3.236231441700939,True,0.1971119353917532,0.006493109554307878,0.08668329417520261,2.1990260943725812,True,True,shock+trend,False
2026-07-08,324.25,0.0017880297015860113,0.030247607883574987,-0.7919074837480101,False,0.12606350496304075,0.008708472012572264,0.08939771076775467,1.312729732591742,False,False,,False
2026-07-09,356.95001220703125,0.0012033146151167336,0.030281564288058744,3.2906105216167574,True,0.2243183918790057,0.00978863559605985,0.09032735150741789,2.375025423670572,True,True,shock+trend,False
2026-07-10,343.0,0.002393374073947559,0.0323767782563979,-1.2809956075062383,False,0.187673180394611,0.012235192933689484,0.09360490503546115,1.8742392548174567,False,False,,False
2026-07-13,341.3999938964844,0.0019906672854741415,0.032705039766793786,-0.20349793669438476,False,0.1905841112344704,0.014505521889627572,0.09577170478381448,1.8385241209008978,False,False,,False
2026-07-14,337.20001220703125,0.0014572435487846954,0.032479201703145034,-0.4236395638906075,False,0.15836484073147838,0.016279160690418206,0.09779032878347396,1.452962494437097,False,False,,False
2026-07-15,334.45001220703125,0.0013666236861191742,0.03250835990009456,-0.29290991026371227,False,0.07471079398458547,0.017290235000467346,0.09887065757831798,0.5807644086784173,False,False,,False
2026-07-16,321.29998779296875,0.0016143128571464887,0.032361815691941735,-1.2648446106610158,False,-0.009250694150242045,0.01778497391086398,0.09906632851588708,-0.27290471410546285,False,False,,False
2026-07-17,328.45001220703125,0.0013479361214947423,0.032617836411033496,0.6409219246961574,False,0.040551302258996946,0.017140421019000263,0.09908309389074545,0.23627523445938042,False,False,,False
2026-07-20,334.3999938964844,0.0020490246927611882,0.03249264298298167,0.4944599109535109,False,-0.081192519080718,0.017913963138435924,0.099035736369536,-1.0007143466814237,False,False,,False
2026-07-21,331.95001220703125,0.0020262193568485833,0.032480595587900306,-0.28794791440216955,False,0.0010555069272415452,0.016994723782949663,0.09963762619359934,-0.15997186469233693,False,False,,False
2026-07-22,316.6499938964844,0.0019531131350548772,0.03249559017478704,-1.478491239866423,False,-0.023438723526647998,0.017093327264776702,0.09961787914331828,-0.4068752631554426,False,False,,False
2026-07-23,309.3999938964844,0.0014460164367815173,0.03294754817504804,-0.7388094142987044,False,-0.1332119811862279,0.01725109259184535,0.09954317013184708,-1.5115358851720482,False,False,,False
2026-07-24,313.79998779296875,0.0010211256529220015,0.03305449974496499,0.3993383063462547,False,-0.08513123092428931,0.015978565329412085,0.10085743615582399,-1.002502146668566,False,False,,False
2026-07-27,324.54998779296875,0.0017453248232546592,0.032734983308308,0.9931932773441294,False,-0.049355613370704154,0.015751190997282984,0.10106849702528965,-0.6441849466871553,False,False,,False
2026-07-28,339.3999938964844,0.0018315923949834604,0.03281297281369846,1.3386196388505225,False,0.006524263374291905,0.016091491396576098,0.1008018376561817,-0.09491124611156808,False,False,,False
2026-07-29,325.79998779296875,0.0024575373682892494,0.03320004001952375,-1.280970416605384,False,-0.02586342980519296,0.017123329975784394,0.10029451643745274,-0.4286052847942633,False,False,,False
2026-07-30,323.04998779296875,0.0016327153259034347,0.03348049164066053,-0.3008760132159815,False,0.005446623300613407,0.017105695380765666,0.10030205715630963,-0.11623961073881953,False,False,,False
2026-07-31,332.1000061035156,0.0014868496137304646,0.03350049095122518,0.791852496894258,False,0.011112783561669337,0.017215882202947466,0.10028441255256777,-0.060857898909054936,False,False,,False
2026-08-03,319.5,0.0017806001428849116,0.03363676248253676,-1.1808805097862511,False,-0.044557398829070394,0.016903732179863767,0.10026624418516104,-0.6129792883777941,False,False,,False
2026-08-04,324.1000061035156,0.001204239448416103,0.03394480880365755,0.38866843583854993,False,-0.02364815729730929,0.016045961386436006,0.10051621496086303,-0.3949026403272406,False,False,,False
2026-08-05,326.8999938964844,0.001738029940437887,0.033831609246647916,0.20398796396134783,False,0.03237012536735051,0.015791094782367735,0.100593304257683,0.16481246646907438,False,False,,False
2026-08-06,321.6499938964844,0.002174804484361088,0.03370449857370554,-0.541018639330485,False,0.03959276096203945,0.016498029617080825,0.10052002501729537,0.22975254274941706,False,False,,False
2026-08-07,335.54998779296875,0.0018270146360626516,0.03375694503320024,1.2260481955068152,False,0.06931166617619389,0.017287633071994067,0.1004649955254772,0.5178324333972314,False,False,,False
2026-08-10,332.29998779296875,0.00254922931135793,0.034057948890173995,-0.359235388020728,False,0.023879218276057212,0.018076638028694133,0.10064028818449214,0.05765663385945283,False,False,,False
2026-08-11,335.75,0.0018018646172128234,0.033696513277548634,0.2546363536568813,False,-0.010754254455283219,0.018016406897204996,0.1006353801118473,-0.2858901245318711,False,False,,False
2026-08-12,340.1000061035156,0.0013252143266788297,0.03331162886550161,0.3491535164006372,False,0.0438920161029408,0.01684475702824115,0.10044933641712832,0.26926269539882824,False,False,,False
2026-08-13,333.1000061035156,0.0017740284547461222,0.033237479290658456,-0.6726204957100388,False,0.031109793190853052,0.01699901727661704,0.10048230507587787,0.14043045592535372,False,False,,False
2026-08-14,338.1000061035156,0.0017449181528021611,0.033256336798649984,0.3988890600795748,False,0.018066847003097575,0.017269778180606963,0.1004927421389304,0.007931605860537377,False,False,,False
2026-08-17,345.1000061035156,0.0018442147638403632,0.03328504952201087,0.5666123043423531,False,0.08012521472148859,0.017345462135444193,0.10049115527321882,0.624729135766791,False,False,,False
2026-08-18,363.3999938964844,0.0021703104603190684,0.03334921220902823,1.5250063691292326,False,0.1212588307709459,0.018369974721760832,0.10073727388615714,1.0213583520778955,False,False,,False
2026-08-19,359.5,0.0030673598700561478,0.033803304007580595,-0.40822397230418034,False,0.09972470698129987,0.01978661378965682,0.10143405501572923,0.7880794391907843,False,False,,False
2026-08-20,363.6000061035156,0.002875524148786283,0.03384072465498761,0.25204015888983133,False,0.1304213057766508,0.02053095507260559,0.10181749233708842,1.0792875387289038,False,False,,False
2026-08-21,358.75,0.0030187568646731357,0.03385396186191034,-0.48318147746547047,False,0.06914025644770838,0.021813597370835124,0.10259526586567069,0.4612947651876907,False,False,,False
2026-08-24,377.75,0.0026798645481597855,0.03388924743766313,1.4837097819359237,False,0.13677404115749692,0.021958073864946873,0.10265495963162649,1.1184648818192797,False,False,,False
2026-08-25,371.3999938964844,0.0036650237784970553,0.03426562934719213,-0.5975404476535895,False,0.106180175417675,0.02391179748906598,0.10343464508579873,0.7953657873565249,False,False,,False
2026-08-26,357.6000061035156,0.0038149095422664752,0.034149408332087544,-1.1997742756982357,False,0.05145545335472157,0.026393863399852602,0.10314116069601842,0.2429834004751163,False,False,,False
2026-08-27,341.8999938964844,0.003381331175499248,0.03446317839089101,-1.3720489491076995,False,0.02641845581423974,0.027945009336036306,0.10262342269478897,-0.014875293395121612,False,False,,False
2026-08-28,345.8500061035156,0.002386327840512923,0.03473932731288307,0.2638736692928719,False,0.022922211949405247,0.028538404153649864,0.10248223332884748,-0.05480161801532216,False,False,,False
2026-08-31,343.8999938964844,0.002710051008399567,0.03470970893792841,-0.24051969758586655,False,-0.003477288281099833,0.02934882069307052,0.10218998386586563,-0.32122628590741176,False,False,,False
2026-09-01,342.25,0.00256929169941334,0.03472203514963191,-0.21217593879536834,False,-0.0582003143965627,0.029695577242442914,0.10203165238535897,-0.8614571026159157,False,False,,False
2026-09-02,328.3999938964844,0.00258633195883433,0.034718048451676545,-1.2400997819278219,False,-0.08650905731158731,0.02920538148386798,0.10236838377880225,-1.1303728214122362,False,False,,False
2026-09-03,324.3500061035156,0.002492794705524502,0.03482573876201686,-0.42569891137935284,False,-0.10794829301742548,0.028820139037439057,0.10275317670532921,-1.3310384792003334,False,False,,False
2026-09-04,324.25,0.0027218960718236513,0.03466849216085848,-0.08740569953802847,False,-0.09616724738675964,0.028527971589827898,0.10311468714044833,-1.2092866926584884,False,False,,False
2026-09-08,318.45001220703125,0.0030098448008645117,0.03455067311856473,-0.6048287284824334,False,-0.1569820987239411,0.02880206058253084,0.10275005193883044,-1.808117424768541,False,False,,False
2026-09-09,319.20001220703125,0.0028626538040540574,0.034616688329885285,-0.014660446254270777,False,-0.14054922602934172,0.028095954217811196,0.10385124367212317,-1.6239110316251553,False,False,,False
2026-09-10,315.29998779296875,0.0026406079586956763,0.034565094579086686,-0.4298767085791073,False,-0.1182886397890669,0.02703053097556916,0.10517537042188953,-1.3816844208080072,False,False,,False
2026-09-11,313.6499938964844,0.002528906105453988,0.03459984142770333,-0.22433623833279678,False,-0.08262650045133701,0.026251876571037995,0.10604018990658255,-1.0267652021209392,False,False,,False
2026-09-14,307.3500061035156,0.002378353433706389,0.03460884116300725,-0.6490942014863424,False,-0.11131993442404808,0.026248649626001666,0.10604354416089252,-1.2972839142506067,False,False,,False
2026-09-15,299.6499938964844,0.0023124856795796143,0.03464732385666499,-0.7898271258021347,False,-0.12867112761077704,0.02589283171801292,0.10646456139140184,-1.451787874845579,False,False,,False
2026-09-16,295.8500061035156,0.0017610424478643413,0.034750578485446,-0.4156035468563512,False,-0.13557339341558616,0.025167371394876254,0.10733803916869589,-1.4975191093051097,False,False,,False
2026-09-17,290.54998779296875,0.0020124974038171674,0.03457413638963476,-0.5763569158183074,False,-0.11525580635499766,0.02466611681701968,0.10800658706495023,-1.2954943487648092,False,False,,False
2026-09-18,294.54998779296875,0.0020246408112760696,0.034566877846397434,0.3396995659274817,False,-0.09187611453608624,0.02425375781007028,0.10848631579741522,-1.070456411876081,False,False,,False
2026-09-21,276.3999938964844,0.0022798299929145884,0.03458217687286722,-1.8477504037246466,False,-0.14757133725062643,0.023849404269823845,0.10886629795839367,-1.5745987944401634,False,False,,False
2026-09-22,272.29998779296875,0.0017720242831927473,0.035239722321877734,-0.47121884420447796,False,-0.1449207807976448,0.02272329366065232,0.1102065588719713,-1.5211805556242066,False,False,,False
2026-09-23,275.8999938964844,0.0018876902217246569,0.03516979093417121,0.32223806096381535,False,-0.13565168124888016,0.021842078571610316,0.111288475325049,-1.4151848101116136,False,False,,False
2026-09-24,275.3500061035156,0.002099032789973253,0.03518989589941789,-0.11629657838230589,False,-0.1267046724901396,0.021345264372320833,0.11191388475148709,-1.3228915892895337,False,False,,False
2026-09-25,278.6000061035156,0.002104908391880736,0.0351891655621902,0.27560332297114226,False,-0.1117487278017818,0.02095077170046879,0.11238824690993496,-1.1807239916162457,False,False,,False
2026-09-28,288.75,0.0023436177275040658,0.035193478130923196,0.9686033373497741,False,-0.06051734418137977,0.02090117825452365,0.11244673632977671,-0.724063010571728,False,False,,False
2026-09-29,289.45001220703125,0.002611158068544578,0.03537731012779342,-0.005282294447886617,False,-0.03403965258539854,0.021154128975023962,0.1122390023241555,-0.4917522467013588,False,False,,False
2026-09-30,290.70001220703125,0.0023455750911570692,0.035301864330396567,0.05588826304263661,False,-0.017407449012126874,0.02168720115151559,0.11187522268032417,-0.34944869138140416,False,False,,False
2026-10-01,288.25,0.002232517489685749,0.03528150959474693,-0.3021552032954311,False,-0.00791597965788804,0.021876788262250067,0.11179567452615612,-0.266493028879822,False,False,,False
2026-10-02,288.75,0.0018220626065824138,0.03522325213959272,-0.0024829402168533125,False,-0.019691013523468248,0.021651006203036883,0.11183908682335195,-0.3696562704576101,False,False,,False
2026-10-05,292.54998779296875,0.0011200851637144446,0.03468205802659627,0.34715488082606716,False,0.05842979107493318,0.02045996208533178,0.11179679345388249,0.33963254058144704,False,False,,False
