date,price,expected_value,rolling_std,z_score,daily_anomaly_flag,cumulative_return,cumulative_expected_value,cumulative_rolling_std,cumulative_z_score,cumulative_anomaly_flag,anomaly_flag,anomaly_type
2013-01-02,93.12000274658205,,,,False,,,,,False,False,
2013-01-03,92.91999816894533,,,,False,,,,,False,False,
2013-01-04,93.08999633789062,,,,False,,,,,False,False,
2013-01-07,93.19000244140624,,,,False,,,,,False,False,
2013-01-08,93.1500015258789,,,,False,,,,,False,False,
2013-01-09,93.0999984741211,,,,False,,,,,False,False,
2013-01-10,93.81999969482422,,,,False,,,,,False,False,
2013-01-11,93.55999755859376,,,,False,,,,,False,False,
2013-01-14,94.13999938964844,,,,False,,,,,False,False,
2013-01-15,93.27999877929688,,,,False,,,,,False,False,
2013-01-16,94.23999786376952,,,,False,0.012027438618482877,,,,False,False,
2013-01-17,95.48999786376952,,,,False,0.02765819786340784,,,,False,False,
2013-01-18,95.55999755859376,,,,False,0.02653347639780468,,,,False,False,
2013-01-22,96.23999786376952,,,,False,0.03272878358685505,,,,False,False,
2013-01-23,95.2300033569336,,,,False,0.02232959524404121,,,,False,False,
2013-01-24,95.9499969482422,,,,False,0.03061222901000704,,,,False,False,
2013-01-25,95.87999725341795,,,,False,0.02195691286819934,,,,False,False,
2013-01-28,96.44000244140624,,,,False,0.030782438627243502,,,,False,False,
2013-01-29,97.56999969482422,,,,False,0.03643510014248985,,,,False,False,
2013-01-30,97.94000244140624,,,,False,0.049957158266425994,,,,False,False,
2013-01-31,97.48999786376952,,,,False,0.034486418438783195,,,,False,False,
2013-02-01,97.7699966430664,,,,False,0.023876833493594152,,,,False,False,
2013-02-04,96.16999816894533,,,,False,0.006383430576978988,,,,False,False,
2013-02-05,96.63999938964844,,,,False,0.004156291923916422,,,,False,False,
2013-02-06,96.62000274658205,,,,False,0.014596233756692945,,,,False,False,
2013-02-07,95.83000183105467,,,,False,-0.0012506005315691127,,,,False,False,
2013-02-08,95.72000122070312,,,,False,-0.0016687112776186952,,,,False,False,
2013-02-11,97.02999877929688,,,,False,0.00611775531890002,,,,False,False,
2013-02-12,97.51000213623048,,,,False,-0.000614918097585293,,,,False,False,
2013-02-13,97.01000213623048,,,,False,-0.009495612436115075,,,,False,False,
2013-02-14,97.30999755859376,,,,False,-0.001846346385475206,,,,False,False,
2013-02-15,95.86000061035156,,,,False,-0.019535604973862863,,,,False,False,
2013-02-19,96.66000366210938,,,,False,0.005095201232126811,,,,False,False,
2013-02-20,94.45999908447266,,,,False,-0.02255795032019936,,,,False,False,
2013-02-21,92.83999633789062,,,,False,-0.03912240013701651,,,,False,False,
2013-02-22,93.12999725341795,,,,False,-0.028174940269715787,,,,False,False,
2013-02-25,93.11000061035156,,,,False,-0.027267034862793693,,,,False,False,
2013-02-26,92.62999725341795,,,,False,-0.04534681625511616,,,,False,False,
2013-02-27,92.76000213623048,,,,False,-0.04871295145049648,,,,False,False,
2013-02-28,92.0500030517578,,,,False,-0.05112873905009707,,,,False,False,
2013-03-01,90.68000030517578,,,,False,-0.06813274503912947,,,,False,False,
2013-03-04,90.12000274658205,,,,False,-0.059878967527877025,,,,False,False,
2013-03-05,90.81999969482422,,,,False,-0.060417998613985446,,,,False,False,
2013-03-06,90.43000030517578,,,,False,-0.04266354878632772,,,,False,False,
2013-03-07,91.55999755859376,,,,False,-0.013787148101970126,,,,False,False,
2013-03-08,91.9499969482422,,,,False,-0.012670464296963613,,,,False,False,
2013-03-11,92.05999755859376,,,,False,-0.011277016914132298,,,,False,False,
2013-03-12,92.54000091552734,,,,False,-0.0009715679645806441,,,,False,False,
2013-03-13,92.5199966430664,,,,False,-0.00258738128112157,,,,False,False,
2013-03-14,93.02999877929688,,,,False,0.010646341065171372,,,,False,False,
2013-03-15,93.4499969482422,,,,False,0.030546941263169813,,,,False,False,
2013-03-18,93.73999786376952,,,,False,0.04016860859810345,,,,False,False,
2013-03-19,92.16000366210938,,,,False,0.014754503102707206,,,,False,False,
2013-03-20,92.95999908447266,,,,False,0.02797742752138488,,,,False,False,
2013-03-21,92.4499969482422,,,,False,0.009720395515289137,,,,False,False,
2013-03-22,93.70999908447266,,,,False,0.019140861279431487,,,,False,False,
2013-03-25,94.80999755859376,,,,False,0.02987182351650297,,,,False,False,
2013-03-26,96.33999633789062,,,,False,0.041063274095188396,,,,False,False,
2013-03-27,96.58000183105467,,,,False,0.04388246147102004,,,,False,False,
2013-03-28,97.2300033569336,,,,False,0.04514677666072808,,,,False,False,
2013-04-01,97.06999969482422,,,,False,0.03873732332583146,,,,False,False,
2013-04-02,97.19000244140624,,,,False,0.036803975424135826,,,,False,False,
2013-04-03,94.4499969482422,,,,False,0.024848016440285114,,,,False,False,
2013-04-04,93.26000213623048,,,,False,0.0032272273527587103,,,,False,False,
2013-04-05,92.6999969482422,,,,False,0.00270416450246036,,,,False,False,
2013-04-08,93.36000061035156,,,,False,-0.0037349106556451295,,,,False,False,
2013-04-09,94.1999969482422,,,,False,-0.00643392707582946,,,,False,False,
2013-04-10,94.63999938964844,,,,False,-0.017645806652097362,,,,False,False,
2013-04-11,93.51000213623048,,,,False,-0.03178711572396198,,,,False,False,
2013-04-12,91.29000091552734,,,,False,-0.061092278477049566,,,,False,False,
2013-04-15,88.70999908447266,,,,False,-0.08612342264998807,,,,False,False,
2013-04-16,88.72000122070312,,,,False,-0.08714889400079495,,,,False,False,
2013-04-17,86.68000030517578,,,,False,-0.08226571618974554,,,,False,False,
2013-04-18,87.7300033569336,,,,False,-0.05929657573049252,,,,False,False,
2013-04-19,88.01000213623047,,,,False,-0.05059325745857712,,,,False,False,
2013-04-22,88.76000213623047,,,,False,-0.04927162000908403,,,,False,False,
2013-04-23,89.18000030517578,-0.0005872488950332308,0.010223616707133384,0.5202747230242761,False,-0.05329083657852596,,,,False,False,
2013-04-24,91.43000030517578,-0.0004955201500502844,0.010240275107125467,2.5121778431968473,True,-0.03391799561680642,,,,False,True,shock
2013-04-25,93.63999938964844,-0.00018351533707954725,0.01065995813201905,2.284718407117909,True,0.0013901962404894164,,,,False,True,shock
2013-04-26,93.0,0.0001244472279567092,0.01102419902014124,-0.6312591756858861,False,0.018731504735715276,,,,False,False,
2013-04-29,94.5,3.904137274485168e-05,0.01105331988299409,1.455670428038064,False,0.06526886456186198,,,,False,False,
2013-04-30,93.45999908447266,0.00026125248826139205,0.011208025617859142,-1.0052219334438335,False,0.05342648555626295,,,,False,False,
2013-05-01,91.02999877929688,1.140003898673599e-05,0.01124799370225,-2.312575223470747,True,0.05018456920634495,,,,False,True,shock
2013-05-02,93.98999786376952,-0.0002983218891376893,0.011638683327716717,2.819482587733649,True,0.07135522930925742,,,,False,True,shock
2013-05-03,95.61000061035156,5.257801652186108e-05,0.01221946691908122,1.4062256453669628,False,0.0863538039955627,,,,False,False,
2013-05-06,96.16000366210938,0.00040419458548933917,0.012330424861985064,0.43375420571770956,False,0.08337090297182792,-0.0005337006838231254,0.039042739533181214,2.149044986567685,True,True,trend
2013-05-07,95.62000274658205,0.00034367435496341985,0.01229232006849682,-0.48480060946746034,False,0.07221352791397662,0.00041754550755480847,0.04020474001472585,1.7857591512872608,False,False,
2013-05-08,96.62000274658205,9.194559499205113e-05,0.012217239598584555,0.8484827679497942,False,0.056764764563961956,0.0010116165748957255,0.04093523291980083,1.361984383924143,False,False,
2013-05-09,96.38999938964844,0.00022161232822250909,0.012275604330905918,-0.21197380318474562,False,0.02936779173349713,0.0014147004171111558,0.041336811388809847,0.6762275651467656,False,False,
2013-05-10,96.04000091552734,9.499305250276683e-05,0.012252485008909625,-0.3041064163701226,False,0.032688181887390755,0.001369887192399717,0.04130421402185162,0.758234854158522,False,False,
2013-05-13,95.16999816894533,0.0001865060357191206,0.012197833208632734,-0.7579428182509548,False,0.007089927713707089,0.0015080016809777108,0.041392471350207266,0.13485365455719348,False,False,
2013-05-14,94.20999908447266,-3.5085019402432135e-05,0.012213009918396427,-0.8230663840247974,False,0.008024823532494674,0.0011943709970270448,0.04125786398188366,0.1655551663669957,False,False,
2013-05-15,94.3000030517578,-0.00015985381206227908,0.01226787636186928,0.09090477431019653,False,0.035922270859182204,0.0010086098058843158,0.04119443400494589,0.8475334568040448,False,False,
2013-05-16,95.16000366210938,-0.00022499159449702007,0.012248539601435357,0.7629340643554692,False,0.012448194754038466,0.0010771409023101653,0.04124887446264984,0.2756694334053793,False,False,
2013-05-17,96.0199966430664,-0.00025962178835417553,0.012217952977496178,0.7609260220601632,False,0.004288212844864914,0.0007573154971308135,0.04106359564346122,0.08598607336755089,False,False,
2013-05-20,96.70999908447266,-0.00018968633261270038,0.012256409951525877,0.6017842871680997,False,0.005719586121230469,0.00014839622484333237,0.04066079718597102,0.13701624862164125,False,False,
2013-05-21,96.16000366210938,-3.260999923204278e-05,0.012274669515222002,-0.46065993826693336,False,0.005647363522446991,-0.00023516153939070398,0.04046772759942111,0.14536336510088213,False,False,
2013-05-22,94.27999877929688,-0.00014673180572604582,0.012287081033382968,-1.5792251167768794,False,-0.024218628656248353,-0.00047822113900599945,0.04037558823125515,-0.5879891428768006,False,False,
2013-05-23,94.25,-0.00018921014853099383,0.012349257237940005,-0.010444191789422774,False,-0.022201466990342755,-0.0008862485954490306,0.04045984987746072,-0.5268239615186501,False,False,
2013-05-24,94.1500015258789,-0.0002586152138609628,0.012334960708201073,-0.06504897526497051,False,-0.019679293748766202,-0.0012376853809724863,0.04052987014772359,-0.4550127671413108,False,False,
2013-05-28,95.01000213623048,-0.0002700028520030173,0.012335306572481376,0.7623944484224351,False,-0.001681160405517912,-0.0016946924143786083,0.04054215748084951,0.000333776239389538,False,False,
2013-05-29,93.12999725341795,-3.919303009063106e-05,0.012347316349821277,-1.5993960273702865,False,-0.01146377074142979,-0.0017004332126979256,0.04054212423112161,-0.24081958491057978,False,False,
2013-05-30,93.61000061035156,-0.0002877206219409463,0.012555763222548156,0.4334139159714036,False,-0.007317098823713897,-0.0018310340055487403,0.04055779434231367,-0.13526536408419976,False,False,
2013-05-31,91.97000122070312,-0.0004014753224726686,0.012465779125358293,-1.3732004755873963,False,-0.03352251280625407,-0.0020101653941169257,0.040551880936310375,-0.7770871950829983,False,False,
2013-06-03,93.4499969482422,-0.0007010279549653016,0.012604679961328493,1.33229763211094,False,-0.026765254995557042,-0.002448933323565843,0.04071428397334324,-0.5972430139729772,False,False,
2013-06-04,93.30999755859376,-0.00041809680281755285,0.01274138866105352,-0.08476501928823052,False,-0.035156670024462655,-0.002679195224358402,0.040803412568036795,-0.7959499648699816,False,False,
2013-06-05,93.73999786376952,-0.0004793039801165966,0.012735321523502497,0.39948754279463494,False,-0.025166448691530507,-0.003123332872878235,0.04097515161260143,-0.5379630080947198,False,False,
2013-06-06,94.76000213623048,-0.0002191826504367948,0.012635627469736769,0.8784992403352395,False,0.005091253321473532,-0.0031984107891138034,0.041010773008436724,0.20213381759183105,False,False,
2013-06-07,96.02999877929688,-0.0001853737058947047,0.012662217978565928,1.0730835185370975,False,0.018885928692805143,-0.003198463427922514,0.04101076222196492,0.5385023570446954,False,False,
2013-06-10,95.7699966430664,0.0002967927016893901,0.012478150154073993,-0.2407650323188575,False,0.01720653309540543,-0.0026458783744157874,0.0410255923929877,0.4839031032057563,False,False,
2013-06-11,95.37999725341795,0.0004893611839675627,0.012315647095256513,-0.37039153250072143,False,0.003894275432779759,-0.001894825931316828,0.04086408234670288,0.14166723028257802,False,False,
2013-06-12,95.87999725341795,0.00039341566664050196,0.012322875028438705,0.3934774645777653,False,0.029528616784094908,-0.0014672363886168874,0.040753009431323796,0.7605782641634214,False,False,
2013-06-13,96.69000244140624,0.00046617442424151445,0.012335339347986063,0.6470790771833674,False,0.03290248703100729,-0.0007099610333250395,0.04079478618578077,0.8239398022889531,False,False,
2013-06-14,97.8499984741211,0.000647552333956624,0.012351566270861756,0.9188721681550632,False,0.06393386077387953,0.0003333630104899399,0.0406380841478014,1.5650466575164688,False,False,
2013-06-17,97.7699966430664,0.0007888000278981888,0.012420706145796087,-0.12933215390988181,False,0.04622792761798444,0.0018353205068149532,0.04088181367072249,1.0858766557845074,False,False,
2013-06-18,98.44000244140624,0.0008799540889551238,0.012382935921403009,0.4823511425685031,False,0.05497808398924353,0.003133409395722707,0.04072269659682844,1.2731149684610668,False,False,
2013-06-19,98.23999786376952,0.0011697690538508073,0.012262799967087297,-0.26107495408934833,False,0.0480051216401749,0.004774887116101014,0.040290152906921714,1.0729727093353143,False,False,
2013-06-20,95.4000015258789,0.0012250196483658653,0.01223856923087666,-2.462197763449698,True,0.006753898007815007,0.006213341638341706,0.03987437724231344,0.013556484310422775,False,True,shock
2013-06-21,93.69000244140624,0.0007360043782874159,0.012697742660220517,-1.4695937141029771,False,-0.024367347366822223,0.007108966926632379,0.03910448182689588,-0.804928561201528,False,False,
2013-06-24,95.18000030517578,0.0005542668209496042,0.012867123662403095,1.1929023103411514,False,-0.006160555064959827,0.007352916278892452,0.03884600028402531,-0.3478729147157382,False,False,
2013-06-25,95.31999969482422,0.0005997023627340129,0.012915785174960235,0.06745145227071297,False,-0.0006290371180691645,0.007454604186052589,0.0387998684642466,-0.208341977024244,False,False,
2013-06-26,95.5,0.0005625209682891826,0.012909119285966218,0.10270710236856848,False,-0.003963258910131051,0.007615156548437849,0.038740334150367484,-0.2988723693922777,False,False,
2013-06-27,97.0500030517578,0.0005717485708023211,0.012909825778825663,1.2129249569429688,False,0.003723245436566325,0.007712673321824532,0.03870132174193536,-0.10308247123599934,False,False,
2013-06-28,96.55999755859376,0.000718633517059759,0.013025510803277927,-0.4427952108874052,False,-0.013183453609030948,0.007775270833839824,0.03869088099541131,-0.5416967487857527,False,False,
2013-07-01,97.98999786376952,0.0006541957655717049,0.013042141297453165,1.085347287015855,False,0.0022501915542278983,0.0076339898694677,0.03874853487918614,-0.13894198405245306,False,False,
2013-07-02,99.5999984741211,0.0007781571454391859,0.013132808284864033,1.1918317153833078,False,0.011783787118507139,0.007522041209321787,0.03875184281195526,0.10997530955793845,False,False,
2013-07-03,101.23999786376952,0.0009370318322169155,0.013250171860032372,1.171971647603261,False,0.030537459947425294,0.007271865820726284,0.038661650136444396,0.6017744727550494,False,False,
2013-07-05,103.22000122070312,0.0011151996175810094,0.013369000580734463,1.3794839039106912,False,0.08197064538518806,0.007143450505383909,0.03856678509888518,1.9401978849921593,False,False,
2013-07-08,103.13999938964844,0.0016007008238826748,0.013368753066835626,-0.1777100779991748,False,0.10086451811282893,0.008039665735816987,0.03951536006405512,2.3490827927808615,True,True,trend
2013-07-09,103.52999877929688,0.001474626598996509,0.013345650086593898,0.17283801612414712,False,0.08772849808098848,0.009011493610369575,0.0408848775255837,1.9253330139331288,False,False,
2013-07-10,106.5199966430664,0.0015981934783941003,0.013323213534383156,2.0477269903486324,True,0.11749891926248446,0.0100516016445789,0.04188322649449058,2.565402109888536,True,True,shock+trend
2013-07-11,104.91000366210938,0.0018015466148161607,0.013622356162946278,-1.2417832478338564,False,0.09853406976030765,0.011363042417686271,0.04367330584479181,1.9959795956920177,False,False,
2013-07-12,105.9499969482422,0.0014435093803027705,0.01371026105865335,0.6177625083043033,False,0.09170524076890496,0.012278539034270335,0.04477237000720944,1.7740115549354432,False,False,
2013-07-15,106.31999969482422,0.0013605182985260693,0.013638765300672883,0.1562986814870853,False,0.1010770752174881,0.012953765256586555,0.04558681408760626,1.9330877080278295,False,False,
2013-07-16,106.0,0.0013738650336960194,0.0136403764494713,-0.32137265265678405,False,0.08174305858610564,0.013716360106539463,0.04657878837674043,1.460465178470292,False,False,
2013-07-17,106.4800033569336,0.001243998813977818,0.013635055975382044,0.24087431308895144,False,0.06907635530335998,0.014204310532211165,0.047101254419179305,1.1649805392190427,False,False,
2013-07-18,108.04000091552734,0.0013263181980133106,0.013636011705764374,0.9771403337638065,False,0.06716715917860894,0.014608830958578208,0.04744383368416365,1.1078010383797097,False,False,
2013-07-19,108.0500030517578,0.0015051764066137795,0.013722515448482272,-0.10294018821670656,False,0.046793274306665245,0.015013673408637853,0.04776425008335601,0.6653428210966794,False,False,
2013-07-22,106.91000366210938,0.0018823075364659007,0.013276753026804495,-0.9364467765754969,False,0.0365523007055526,0.015306276846856252,0.04789235576852266,0.4436203548095317,False,False,
2013-07-23,107.2300033569336,0.0019096213938916673,0.013248635481154075,0.08178559047687022,False,0.03573847794129992,0.01575061115822684,0.0479333483554707,0.41699291764147817,False,False,
2013-07-24,105.38999938964844,0.002029593958614204,0.01321670024594451,-1.45187581637268,False,-0.010608311012292204,0.016191068670744702,0.04796361096658959,-0.5587439966041083,False,False,
2013-07-25,105.48999786376952,0.001705871367409039,0.0133865879430562,-0.05655131955759975,False,0.005528492816835318,0.016099423332656074,0.04800874392188147,-0.2201876085952486,False,False,
2013-07-26,104.6999969482422,0.0015985573958549448,0.013359578832646391,-0.6802181298985792,False,-0.011798018272814459,0.01625892226455827,0.04795270856946362,-0.5850960534738061,False,False,
2013-07-29,104.5500030517578,0.0014364266044726204,0.01339552566572882,-0.214178463689482,False,-0.016647824004391798,0.01633689277628204,0.047901561856173266,-0.6885937640136252,False,False,
2013-07-30,103.08000183105467,0.0015765245730931603,0.013308399965031682,-1.1749567287722225,False,-0.027547152537220065,0.016538749999209644,0.047727609418970425,-0.923698108351238,False,False,
2013-07-31,105.02999877929688,0.001705598164885623,0.013104926441653206,1.3133776615123087,False,-0.013617623327603856,0.016986018345074037,0.047143887627947446,-0.6491539669828946,False,False,
2013-08-01,107.88999938964844,0.002334650425504825,0.012775200431847576,1.9487499224027198,False,-0.0013883887875583145,0.01795276233603916,0.045722923744561675,-0.4230077505902699,False,False,
2013-08-02,106.94000244140624,0.0026962180299143724,0.013091299960386002,-0.878557091356668,False,-0.010273027107827626,0.019096235738882313,0.044102614225219,-0.6659302030652833,False,False,
2013-08-05,106.55999755859376,0.002885397518244659,0.012814637674496919,-0.502459584642112,False,-0.0032738386636091965,0.02005613825997455,0.042625364446173764,-0.5473261572471539,False,False,
2013-08-06,105.3000030517578,0.002676504236027095,0.012789846296002397,-1.133772599427409,False,-0.017998696677752224,0.020803108087533,0.041696748314446155,-0.930571479403396,False,False,
2013-08-07,104.37000274658205,0.0024762926409293614,0.012898739369996838,-0.876690643221648,False,-0.009678305806751664,0.02123770223127733,0.04110825627510329,-0.7520632310729486,False,False,
2013-08-08,103.4000015258789,0.0022449103721521417,0.01294439553767723,-0.8914112813020806,False,-0.01981227016981879,0.021765613087308427,0.04043932719324079,-1.028154673752256,False,False,
2013-08-09,105.97000122070312,0.0020579009015475203,0.013009134783709875,1.7523861856320104,False,0.012129936098171479,0.022211993972757853,0.03977901884021835,-0.253451647841876,False,False,
2013-08-12,106.11000061035156,0.002052901660230654,0.013000178722925467,-0.0562899041160377,False,0.014921066600270594,0.02282596639562423,0.039252854114055845,-0.20138407699946115,False,False,
2013-08-13,106.83000183105467,0.0017482301351663236,0.012739959312325992,0.39538530477274814,False,0.036379510413146354,0.02300637800042131,0.039184035501227336,0.34129033014749505,False,False,
2013-08-14,106.8499984741211,0.0019298315003497576,0.012713006334735879,-0.13707612119591472,False,0.017328379662734594,0.02324168474278706,0.039210997605525794,-0.15080731022306698,False,False,
2013-08-15,107.33000183105467,0.0017172734956188318,0.012605206015082547,0.22015006165828702,False,-0.005190449177511991,0.02260247827746536,0.038906195595658895,-0.7143573672384058,False,False,
2013-08-16,107.45999908447266,0.0019239083098917071,0.012520569439294556,-0.05692362351386054,False,0.004862508240088381,0.021820919147681694,0.038867364013266154,-0.4363149222521263,False,False,
2013-08-19,107.0999984741211,0.002286729958418931,0.012087211812728958,-0.4663457136509138,False,0.005067576275331609,0.02121662500146494,0.03877262724105559,-0.41650643444232255,False,False,
2013-08-20,104.97000122070312,0.0018085055243130185,0.011573629542999411,-1.8746440141445386,False,-0.0031339204320105507,0.020332789627679263,0.038367665665014684,-0.6116272557360138,False,False,
2013-08-21,103.8499984741211,0.001313521049763094,0.011698101928011361,-1.024376631485927,False,-0.004982315404585713,0.019139619968644953,0.037671928932079844,-0.6403159078135081,False,False,
2013-08-22,105.02999877929688,0.001094556924087177,0.011767379959808639,0.8725806717063822,False,0.015763996415512738,0.017961577056959437,0.037011871570209104,-0.05937502072214943,False,False,
2013-08-23,106.41999816894533,0.0013209328592825656,0.011799812387531208,1.00962414465434,False,0.004246456006969268,0.017208916636979918,0.0364636225625442,-0.3554902041829991,False,False,
2013-08-26,105.91999816894533,0.0013579494657068396,0.011833170829868971,-0.5118082551677713,False,-0.001790617663870786,0.016508672522886684,0.036197034306676576,-0.5055466708050761,False,False,
2013-08-27,109.01000213623048,0.0013270445211516421,0.011846086313753322,2.350645894872408,True,0.020406255432096287,0.016093227064255113,0.03622624741050549,0.11905810499683196,False,True,shock
2013-08-28,110.0999984741211,0.0017644320536858485,0.012258956197746041,0.671722508527774,False,0.03041647212364862,0.015929468044851187,0.03617794469962154,0.4004374543407653,False,False,
2013-08-29,108.8000030517578,0.0020185360924292483,0.012229060103069634,-1.1305809552989599,False,0.013696088657643157,0.01624048863698374,0.036201185828202385,-0.07028498987340849,False,False,
2013-08-30,107.6500015258789,0.0019956000466917596,0.012253660085922498,-1.0254459996364182,False,0.0017681224923229433,0.016316105505319055,0.03618971432044712,-0.4019922037565389,False,False,
2013-09-03,108.54000091552734,0.001841930428169083,0.012338852882737134,0.5207613316955018,False,0.013445401138396873,0.015860716860427598,0.03615453878848441,-0.0668053252224041,False,False,
2013-09-04,107.2300033569336,0.001830566313248192,0.012332450160026964,-1.1270937041296423,False,0.02152998104171444,0.015874012945552376,0.03615345019881065,0.15644338410468306,False,False,
2013-09-05,108.37000274658205,0.0015491450174196465,0.012406372599399087,0.7320594356728171,False,0.043524355694500194,0.016103903188177036,0.03613359607469857,0.7588630937711588,False,False,
2013-09-06,110.52999877929688,0.0015950825980593282,0.012433874648287888,1.4747290145796017,False,0.052365991277952384,0.016607966782487295,0.036250277128128464,0.9864207208423956,False,False,
2013-09-09,109.5199966430664,0.0019366657554712808,0.012582131207286684,-0.8801748802464766,False,0.02912984897067683,0.01723088181922737,0.03646018034424158,0.3263551370043826,False,False,
2013-09-10,107.38999938964844,0.0020755056049695407,0.012397923239222699,-1.7360958980006567,False,0.013878410556223963,0.017942194854253034,0.03615975954899459,-0.11238416263589515,False,False,
2013-09-11,107.55999755859376,0.001820435072772327,0.012642218832225643,-0.018781270844790955,False,-0.013301573701692382,0.018423259888207262,0.03585721149082854,-0.8847546217589769,False,False,
2013-09-12,108.5999984741211,0.0018556882715012376,0.012637760944293553,0.6182536950518861,False,-0.013623978390449931,0.018508296155501577,0.03577309303501464,-0.8982246660779512,False,False,
2013-09-13,108.20999908447266,0.0018628171284885387,0.012642072335546775,-0.43141437851331044,False,-0.0054228304295586005,0.018349058582369154,0.03589056506251857,-0.6623436819821302,False,False,
2013-09-16,106.58999633789062,0.002078767623120636,0.012403324521571443,-1.3746059000817459,False,-0.009846773552840693,0.018429604453194103,0.035829481334475374,-0.7891930598176723,False,False,
2013-09-17,105.41999816894533,0.0018104337920644565,0.012552686608305483,-1.0186708908875388,False,-0.028745188135848587,0.018395875456805745,0.035855227618354656,-1.3147612419150378,False,False,
2013-09-18,108.06999969482422,0.0018976720119008824,0.012438751427867415,1.8683457171430877,False,0.007833594251550613,0.018459573119077817,0.035765879151998574,-0.29709821537920816,False,False,
2013-09-19,106.38999938964844,0.00201827738067069,0.012620760352867261,-1.3916562504154721,False,-0.01827076964797858,0.018920891109039252,0.03539589331986667,-1.0507337792247002,False,False,
2013-09-20,104.68000030517578,0.0018309792234578604,0.012776919311205427,-1.4012697004817052,False,-0.05292679398108202,0.019146036447392375,0.035099734494916,-2.0533725244820227,True,True,trend
2013-09-23,103.58999633789062,0.0015552295035266479,0.012938319896668053,-0.9250005989900582,False,-0.05414536602390596,0.01877589851019835,0.035714328669137145,-2.0417929512173605,True,True,trend
2013-09-24,103.12999725341795,0.001271310428410617,0.012964515669522645,-0.44057834174981697,False,-0.039668518115673956,0.01798607691892663,0.0366634505932012,-1.5725359752497479,False,False,
2013-09-25,102.66000366210938,0.0010334061870521409,0.012902462853094803,-0.43330479034298847,False,-0.045555913050435826,0.017205350961480237,0.0372625753695076,-1.6842975395435051,False,False,
2013-09-26,103.02999877929688,0.0010087424103724007,0.012911475290896632,0.20101033986891703,False,-0.05128913234885102,0.016368518346202354,0.03796075842083255,-1.7823050305002184,False,False,
2013-09-27,102.87000274658205,0.0011110935125615636,0.012901074747070279,-0.20649448367913,False,-0.04934845562397627,0.01563273957578061,0.03873275858677471,-1.6776805363391982,False,False,
2013-09-30,102.33000183105467,0.001020492225289833,0.012895529969234449,-0.48620295807631864,False,-0.03996617556240223,0.01458104527700633,0.03941519689973244,-1.3839134427812243,False,False,
2013-10-01,102.04000091552734,0.0008378593317165824,0.012885906333320403,-0.2849498254927802,False,-0.03206220178453445,0.013609463109094205,0.03985314247704683,-1.1459990870213803,False,False,
2013-10-02,104.0999984741211,0.0006401121284811998,0.01282600232447331,1.5240933827374776,False,-0.03673546064508093,0.012329515608315349,0.03975646904446257,-1.2341381775761657,False,False,
2013-10-03,103.30999755859376,0.0009201885824706105,0.013021596407496897,-0.6534570793404908,False,-0.0289501066709692,0.011223337098141144,0.039954227650019006,-1.0054866814348553,False,False,
2013-10-04,103.83999633789062,0.0007276320070930191,0.013039447612588642,0.33763293639738445,False,-0.008024493359154339,0.010104294556004974,0.03988745843993843,-0.4544984469857162,False,False,
2013-10-07,103.02999877929688,0.0008231242721342798,0.01304519002810232,-0.6610530982712893,False,-0.0054059038361884415,0.009357233022680584,0.039692230485315116,-0.3719402179812224,False,False,
2013-10-08,103.48999786376952,0.0011045685271508458,0.012615700711739458,0.26634601837635935,False,0.0034907458541566516,0.009195102331427205,0.03972782660264881,-0.1435859186137865,False,False,
2013-10-09,101.61000061035156,0.00140309157514045,0.01242275463987642,-1.5752602667643498,False,-0.010227966241007969,0.00956654357437359,0.039539574649192305,-0.5006252594016186,False,False,
2013-10-10,103.01000213623048,0.0009488319940991848,0.01250796951968572,1.0256944070562881,False,-0.0001940856381957845,0.009512311425359615,0.03956421904121653,-0.24533270967496254,False,False,
2013-10-11,102.0199966430664,0.0011129292680201145,0.012595338319399185,-0.8514022830799598,False,-0.008262915143587679,0.009518110778424594,0.0395627442767745,-0.4494386384730825,False,False,
2013-10-14,102.41000366210938,0.0009596072715192901,0.012655616127727984,0.2262427584021165,False,0.0007818023025816245,0.009460782028645172,0.039585652162686114,-0.21924559156927198,False,False,
2013-10-15,101.20999908447266,0.0007941732758634117,0.012533808499194155,-0.9982459249588429,False,-0.008134082944019183,0.00942156278685871,0.03959286985879639,-0.4434042238788997,False,False,
2013-10-16,102.29000091552734,0.0007052579465743743,0.012599303072417226,0.7909677629145165,False,-0.017387104564114964,0.009488887729058865,0.03955819001760383,-0.6794039939950164,False,False,
2013-10-17,100.66999816894533,0.0006500773075397915,0.012545645244221136,-1.3141953998782319,False,-0.02555415208630818,0.009227057114147627,0.03967157536554222,-0.8767287126859582,False,False,
2013-10-18,100.80999755859376,0.00021984255377567615,0.012550458462390366,0.09329012480838865,False,-0.029179496207197286,0.00872921792475009,0.03987282407221665,-0.9507406363614495,False,False,
2013-10-21,99.22000122070312,1.884013793686486e-05,0.012406648317705892,-1.2727892824613285,False,-0.03697949727006444,0.007932991842688456,0.04002739574536319,-1.1220437471992069,False,False,
2013-10-22,97.8000030517578,-0.0004522229234255744,0.012325209785197641,-1.1244749101362015,False,-0.05498110860434857,0.0063469899406184225,0.039405916131364745,-1.556317034744778,False,False,
2013-10-23,96.86000061035156,-0.0006327102669278295,0.012428679883454221,-0.722423171514966,False,-0.0467473671042975,0.004269048251056055,0.03845194880481567,-1.3267576011378732,False,False,
2013-10-24,97.11000061035156,-0.00081128011879353,0.012460574442124886,0.27224466457975127,False,-0.05727600624720097,0.0024760367152522425,0.03763425575154053,-1.5877035899668963,False,False,
2013-10-25,97.8499984741211,-0.0011619394873302622,0.0119742752454754,0.7334174093251006,False,-0.04087432176198491,0.00014570437512310353,0.03578118800422026,-1.146413197132243,False,False,
2013-10-28,98.68000030517578,-0.0008588105605821446,0.011903850876770851,0.7847208838899926,False,-0.036422255869068554,-0.001713074178507464,0.03418648292271792,-1.015289632719013,False,False,
2013-10-29,98.1999969482422,-0.0008778879581857597,0.011887489388974576,-0.33534024336278584,False,-0.02974016563045534,-0.003421440800347111,0.03262063110846753,-0.8068122515041262,False,False,
2013-10-30,96.7699966430664,-0.0009893077031856276,0.011885137106737954,-1.1419989404779836,False,-0.05396426066140558,-0.00516567067831969,0.030377884148781287,-1.6063854132857247,False,False,
2013-10-31,96.37999725341795,-0.0011433389399510708,0.011986106469017347,-0.2408479801992947,False,-0.04261449283358343,-0.00697510160161984,0.02914803657993271,-1.222702981527748,False,False,
2013-11-01,94.61000061035156,-0.0012574523003436703,0.011972112104317654,-1.428930770117844,False,-0.06150180635247593,-0.00846431291011242,0.02804219926562691,-1.8913457157896638,False,False,
2013-11-04,94.62000274658205,-0.0016976574589689308,0.011986247113199905,0.15045385705612432,False,-0.046361604691869784,-0.010179899117193551,0.027278126811166148,-1.326399932999265,False,False,
2013-11-05,93.37000274658205,-0.0016974822380716045,0.011986273733431294,-0.9605366373316028,False,-0.04529652522435301,-0.011421964170507351,0.026764889233563984,-1.2656342702650132,False,False,
2013-11-06,94.8000030517578,-0.0017329498682748534,0.01201672142575746,1.4187201221270402,False,-0.021267783869636014,-0.012513281849572759,0.026449140538361175,-0.330993818395193,False,False,
2013-11-07,94.1999969482422,-0.0015686532582653637,0.012165527267322182,-0.3913126608085781,False,-0.029966055440423522,-0.013273365340385238,0.02585622933734505,-0.6455964588745527,False,False,
2013-11-08,94.5999984741211,-0.0014242501196341775,0.012041611886515445,0.47091294836542064,False,-0.03321410373715583,-0.01353146859942699,0.025925789925581397,-0.7591913378233334,False,False,
2013-11-11,95.13999938964844,-0.001380284003873357,0.01205640429221448,0.5879480187581101,False,-0.035873539770770235,-0.014048036553480206,0.025926861259928474,-0.8418104682429361,False,False,
2013-11-12,93.04000091552734,-0.0012043223325800057,0.012062349184075064,-1.7300441538610527,False,-0.05254578608016158,-0.01436904350678628,0.026047389134400162,-1.4656648455777934,False,False,
2013-11-13,93.87999725341795,-0.001479523832811919,0.012300723718973275,0.8542472391028735,False,-0.02986462219594921,-0.014847683001129876,0.026417031827801002,-0.5684567173445908,False,False,
2013-11-14,93.76000213623048,-0.001171675766703905,0.01227049287487488,-0.008679340354520155,False,-0.027184013196208667,-0.014878582596579601,0.026433437196900993,-0.46552517964147816,False,False,
2013-11-15,93.83999633789062,-0.0014409489848345395,0.012043174198709818,0.1904920917027402,False,-0.008138719664871119,-0.015059467794827664,0.026471082691584734,0.2614456012468534,False,False,
2013-11-18,93.02999877929688,-0.001792644195724257,0.01157044224154364,-0.5910788487296215,False,-0.016804099779447634,-0.015149472206525167,0.026435423355252292,-0.06259130223438314,False,False,
2013-11-19,93.33999633789062,-0.0017903302155881028,0.011569038105525533,0.44278205159652007,False,-0.0003213709736398229,-0.0152365531754801,0.02642989920662461,0.5643298933997377,False,False,
2013-11-20,93.33000183105467,-0.0016985212526974757,0.011582171458937722,0.1374047086624327,False,-0.015506341491366316,-0.015197186939613841,0.026450148987327535,-0.011688196989007228,False,False,
2013-11-21,95.44000244140624,-0.0015422919635299456,0.011522613935034298,2.095900155971211,True,0.013163540693587716,-0.015163955537128697,0.02644814726119787,1.071057868475942,False,True,shock
2013-11-22,94.83999633789062,-0.001123093725473865,0.01182184371083585,-0.43678824100270974,False,0.0025369753450386057,-0.01485939758379084,0.02664296736639361,0.6529442719196715,False,False,
2013-11-25,94.08999633789062,-0.0010829986082147869,0.011798834238022868,-0.5784518395775838,False,-0.011036399605779845,-0.01456140764359274,0.026711717628277103,0.13196485852640605,False,False,
2013-11-26,93.68000030517578,-0.0015198384077029958,0.011426153829260469,-0.24834687716907372,False,0.0068787551950855175,-0.014870292119645427,0.026532238337785893,0.8197215416897953,False,False,
2013-11-27,92.3000030517578,-0.0015955532193787174,0.011425888455601394,-1.1496188336633462,False,-0.016829934468310048,-0.014977522938381227,0.02642624854266159,-0.07009740814850637,False,False,
2013-11-29,92.72000122070312,-0.001882438454177883,0.011482592154432888,0.5602217319398218,False,-0.011092159682507985,-0.01568698220346731,0.02573403097356868,0.17855043874310442,False,False,
2013-12-02,93.81999969482422,-0.001824262756757989,0.011504251856626556,1.189814157122611,False,-0.00021309296511906606,-0.016065922728070548,0.02544897239250448,0.6229261252065579,False,False,
2013-12-03,96.04000091552734,-0.0017259781088605796,0.011590113221700598,2.190515557238762,True,0.032355177638681454,-0.015999557978571975,0.025484181754437108,1.8974411689256718,False,True,shock
2013-12-04,97.1999969482422,-0.0014266294010674718,0.011951304848382145,1.1299928214214836,False,0.04135419714800914,-0.0156329890532574,0.025981203483330054,2.1934005573618025,True,True,trend
2013-12-05,97.37999725341795,-0.0012209180844719781,0.012050121348896771,0.2549993518874839,False,0.0433943570438855,-0.015149167441621699,0.026699824597952594,2.192655770854632,True,True,trend
2013-12-06,97.6500015258789,-0.0009310542862045187,0.011854913706800578,0.3124224758910724,False,0.02315589928687878,-0.014528790408609753,0.027511000234131826,1.3698044191332095,False,False,
2013-12-09,97.33999633789062,-0.0007518219074901008,0.011807207376036221,-0.20519960975898907,False,0.02636018659356698,-0.014153614212723558,0.0278329291102584,1.4556067974663272,False,False,
2013-12-10,98.51000213623048,-0.0009456512606505996,0.011724682502593576,1.1058240557290906,False,0.046976362741762534,-0.014012331677016168,0.02801315601758356,2.177144709453542,True,True,trend
2013-12-11,97.44000244140624,-0.0009618449093388944,0.011705656354880708,-0.8457443901034094,False,0.040136658027131844,-0.013442599587218924,0.028812634302906273,1.85957511038643,False,False,
2013-12-12,97.5,-0.001044024550060588,0.011753779542897923,0.1412110053528325,False,0.05633799324282007,-0.012883569244672224,0.02944164035196606,2.351144897497867,True,True,trend
2013-12-13,96.5999984741211,-0.0014247880195138215,0.01121172856024144,-0.6962349132297745,False,0.041846389153752606,-0.012404479407195907,0.030271329662410792,1.792153472145432,False,False,
2013-12-16,97.4800033569336,-0.0016811858027615178,0.011166740246346053,0.9663489168885862,False,0.03901091104257692,-0.012252080513461187,0.030517591849165242,1.6797849518863766,False,False,
2013-12-17,97.22000122070312,-0.0014022899640844673,0.011171622718813324,-0.11322846088673001,False,0.012286550332435642,-0.011914549548328737,0.030945456548067338,0.782056643539028,False,False,
2013-12-18,97.8000030517578,-0.0012969215499620808,0.01112114150872867,0.6530616440321473,False,0.006172902493351895,-0.0117743038437939,0.031032018632156072,0.578344791226327,False,False,
2013-12-19,98.7699966430664,-0.0013276103296918907,0.011097542429548513,1.013354530703914,False,0.014273972364480247,-0.0118712704923945,0.030963435466277042,0.8443908908412345,False,False,
2013-12-20,99.31999969482422,-0.0010344450604974798,0.011100365794440384,0.5948424337427588,False,0.01710187550281539,-0.011968017274757622,0.030868852704410168,0.9417224882290445,False,False,
2013-12-23,98.91000366210938,-0.0011019493751265482,0.011043713915353937,-0.27400941370583387,False,0.01612910810854018,-0.012320317010646753,0.030373778599568222,0.9366442514199189,False,False,
2013-12-24,99.22000122070312,-0.001422745498536453,0.010770538567238933,0.42308776304646745,False,0.007207380662633378,-0.012803475452905583,0.02960949872891268,0.6758255618829181,False,False,
2013-12-26,99.5500030517578,-0.0012591195299520516,0.01074493471406014,0.42672016311624755,False,0.021654357117041112,-0.013095775030346162,0.02929649952463515,1.1861530459694072,False,False,
2013-12-27,100.31999969482422,-0.0009554603454416899,0.010543873947165558,0.8241973548458403,False,0.02892307379306902,-0.0129920957428686,0.029406801988696375,1.4253562679834861,False,False,
2013-12-30,99.29000091552734,-0.0008734366849772238,0.01058772513757528,-0.887225177426526,False,0.027846816603489755,-0.012429100442938448,0.02980233385099954,1.351434999949757,False,False,
2013-12-31,98.41999816894533,-0.001139252200593209,0.010569712540773962,-0.7212104448933463,False,0.009642950139936213,-0.011876156509685919,0.030162408220677405,0.7134412641119954,False,False,
2014-01-02,95.44000244140624,-0.0012081999957031808,0.010602737081585099,-2.7417595695224835,True,-0.018308977133789983,-0.011675279435425987,0.030255989918285115,-0.21925237667913622,False,True,shock
2014-01-03,93.95999908447266,-0.0014122992011353134,0.011010726880623408,-1.2801026329555758,False,-0.03926384302107777,-0.011788108816505312,0.030264856134301025,-0.9078428816131895,False,False,
2014-01-06,93.43000030517578,-0.0014727063613156589,0.011076141273729818,-0.37630242955040444,False,-0.0540649642541573,-0.011928357548308368,0.03036869174812284,-1.3875015445291117,False,False,
2014-01-07,93.66999816894533,-0.0018830829640013673,0.0106384197351734,0.4184670527747814,False,-0.056886845985092416,-0.012753671661717807,0.030664030248558613,-1.4392489821343404,False,False,
2014-01-08,92.33000183105467,-0.0016415599261593603,0.010529113252600497,-1.2027548457209623,False,-0.06652513989922515,-0.01326855267954599,0.031079309968607187,-1.7135704516436483,False,False,
2014-01-09,91.66000366210938,-0.0016179942093465004,0.0104983100505119,-0.5370926794785736,False,-0.07619429011875778,-0.013449863958454565,0.03135226231047978,-2.0012726845338467,True,True,trend
2014-01-10,92.72000122070312,-0.001575912016460587,0.010468864620920027,1.2551850474066628,False,-0.06860875561705038,-0.013743849613052592,0.03183861736127385,-1.7232188628495977,False,False,
2014-01-13,91.8000030517578,-0.0013625116870485865,0.01057229596867965,-0.8096458243501825,False,-0.08492819646116878,-0.014129719446404275,0.03232865882275477,-2.1899602270210003,True,True,trend
2014-01-14,92.58999633789062,-0.0014340454763481602,0.010612279184307688,0.946039617702749,False,-0.06747914710300851,-0.014654683225214047,0.03315497416822316,-1.59325908715149,False,False,
2014-01-15,94.16999816894533,-0.0013673586947571673,0.010659973617154076,1.7290715355385837,False,-0.04318228082776998,-0.014870550088602814,0.033448127917707744,-0.8464369309045447,False,False,
2014-01-16,93.95999908447266,-0.00111912662125721,0.010870285720394883,-0.10219356563303944,False,-0.015507159671776072,-0.014788334424653398,0.03336972217605745,-0.02154124158811326,False,False,
2014-01-17,94.37000274658205,-0.0010788685850806833,0.010860369301619483,0.5011308927812334,False,0.004363597978973788,-0.014462214212778383,0.0332396000695261,0.5663669885430295,False,False,
2014-01-21,94.98999786376952,-0.0009829009129706412,0.010876439502049182,0.6944123098718423,False,0.016696966215329345,-0.013976536882598272,0.03324507998609257,0.9226478958919417,False,False,
2014-01-22,96.7300033569336,-0.0011644783107487451,0.010629085176716922,1.8329191912705924,False,0.032667932612416406,-0.01326410452445947,0.03332320099044056,1.3783801007007825,False,False,
2014-01-23,97.31999969482422,-0.0008190564218203663,0.010836417690533735,0.6384462681076983,False,0.054045248183794525,-0.01244253066734766,0.03368882267050887,1.9735857053071033,False,False,
2014-01-24,96.63999938964844,-0.0008061332882360202,0.010844183572674825,-0.5699948139583861,False,0.05433117530626608,-0.011614934113441677,0.034550209874425815,1.90870358412848,False,False,
2014-01-27,95.72000122070312,-0.000795290923873259,0.01083750039958376,-0.8050341330629723,False,0.032355478435111884,-0.010818439724875615,0.03537402758045268,1.2204976677251465,False,False,
2014-01-28,97.41000366210938,-0.0009817517084515556,0.01086604395285295,1.7152000689837956,False,0.06111111572827066,-0.010433576623796213,0.03568744587051162,2.0047579928151693,True,True,trend
2014-01-29,97.36000061035156,-0.0005041294705597939,0.010887753247946238,-0.0008446335893529067,False,0.05151749066987388,-0.009482388864205831,0.036631231050224394,1.6652424116034736,False,False,
2014-01-30,98.2300033569336,-0.0006946829639829532,0.010758709155633903,0.8951463367628087,False,0.043113574035590796,-0.008792901180098235,0.0372891808746234,1.3919982686187997,False,False,
2014-01-31,97.48999786376952,-0.00044739354187281884,0.010764150135036123,-0.6582964891200959,False,0.03756916574811053,-0.008107881324375855,0.037767881057983836,1.2094151377558053,False,False,
2014-02-03,96.43000030517578,-0.0005988101359749987,0.010783125967105567,-0.952791902184893,False,0.021828944565420727,-0.007617383145102137,0.038122113918342034,0.7724211667169666,False,False,
2014-02-04,97.19000244140624,-0.0005875466060416808,0.010771790059706103,0.7862141211305396,False,0.023160381378172668,-0.007217876111642938,0.038273327270692416,0.793718750266,False,False,
2014-02-05,97.37999725341795,-0.0006247401215522593,0.01073715107114496,0.240251842471429,False,0.0067196720141307065,-0.00667724296574577,0.038413860278948164,0.34875211401803186,False,False,
2014-02-06,97.83999633789062,-0.0003875103593242028,0.010592070342422476,0.4825556765871863,False,0.005343163221301017,-0.006246925311073251,0.038380294174822686,0.30198019013562744,False,False,
2014-02-07,99.87999725341795,-0.0003430693337096965,0.010606614171221872,1.9981350388605332,False,0.03352646817293503,-0.00578662318535994,0.03830849406212127,1.0262238785618834,False,False,
2014-02-10,100.05999755859376,0.00014523182572482974,0.010728996177354011,0.15443512580130064,False,0.04534053784520786,-0.0048465436461199475,0.03839768004389297,1.3070342123263228,False,False,
2014-02-11,99.94000244140624,0.000360082196246719,0.010596100510942437,-0.14715921737364737,False,0.025972679233980722,-0.003508921693459195,0.038374986879508875,0.7682504497006677,False,False,
2014-02-12,100.37000274658205,0.00047224546216566575,0.010533459902759924,0.3636354123533209,False,0.030916209093680536,-0.0025393210756154854,0.0381859645862022,0.8761211228217752,False,False,
2014-02-13,100.3499984741211,0.0004951993249221879,0.010539991078536565,-0.06589233418807025,False,0.021581950979724374,-0.0013634248710703986,0.03783389851136801,0.6064766453792844,False,False,
2014-02-14,100.3000030517578,0.00039093922183797445,0.010507182799193377,-0.08462303676781023,False,0.028823522920935263,-0.0005306745678476081,0.03763933675597813,0.779880837940659,False,False,
2014-02-18,102.43000030517578,0.0002711978842961556,0.010464812050792674,2.00338669349785,True,0.062221300228264775,0.0003392691493524428,0.03755247838518976,1.6478814112923594,False,True,shock
2014-02-19,103.30999755859376,0.0006192046128250513,0.010722537279868872,0.7434808922984768,False,0.06296938947889363,0.001565422027468711,0.0380550478574683,1.613556437543,False,False,
2014-02-20,102.91999816894533,0.0009279156512768057,0.01061228258065724,-0.4431615700869016,False,0.05689054294292384,0.0031245373626727006,0.038144533436803386,1.409533706037561,False,False,
2014-02-21,102.1999969482422,0.0009313173621313986,0.01061071259012878,-0.7470802846445428,False,0.044562559010062675,0.0044512711730261304,0.038262448898001476,1.0483199322647547,False,False,
2014-02-24,102.81999969482422,0.0010829044934583321,0.010410643034060047,0.47870806342031075,False,0.02943534763969624,0.005865462711193312,0.037748495822655485,0.6243926920753492,False,False,
2014-02-25,101.83000183105467,0.0011623824082371793,0.010425824453348562,-1.0350105796140818,False,0.017689429498780607,0.006876088742280859,0.03734381743784846,0.2895617400255466,False,False,
2014-02-26,102.58999633789062,0.0012101461562630464,0.010367127670338618,0.603177600243104,False,0.026515847826179995,0.0077159014719226406,0.03685976751718707,0.510039743074648,False,False,
2014-02-27,102.4000015258789,0.0011054521659354382,0.010261871808646777,-0.28819635237156965,False,0.020225154167050174,0.008353016561200188,0.036764863226986993,0.32292076085122834,False,False,
2014-02-28,102.58999633789062,0.001165148115876229,0.01023101430967007,0.06746837817198673,False,0.02232185249456875,0.009022232689299838,0.03651387926503574,0.36423464372913417,False,False,
2014-03-03,104.91999816894533,0.001133269678829391,0.010225007192519042,2.1103666582488247,True,0.046061764472763445,0.009762712105722831,0.036207610552914694,1.0025254860160486,False,True,shock
2014-03-04,103.33000183105467,0.001359983397831992,0.01051228624039549,-1.5709572338276818,False,0.00878650320411456,0.010855182828969946,0.03604778742333682,-0.057387145584312696,False,False,
2014-03-05,101.4499969482422,0.0014522280685617945,0.010332707247196012,-1.9013807151769686,False,-0.018004071767561913,0.011672946686093628,0.03527751401351557,-0.8412446081740806,False,False,
2014-03-06,101.55999755859376,0.0010892611662962715,0.01053905301902384,-0.00047225760681826183,False,-0.013214153075664536,0.011831087358472126,0.03511500445222597,-0.7132347218753954,False,False,
2014-03-07,102.58000183105467,0.0011207606272165653,0.010535411396524334,0.8469157482418241,False,0.0037182474966699353,0.01201735216007938,0.03494187948274169,-0.237511684725159,False,False,
2014-03-10,101.12000274658205,0.0012432964404715152,0.010585582541146008,-1.4619961743432761,False,-0.016533718666483788,0.012175445055566595,0.03487621335615287,-0.823173187664466,False,False,
2014-03-11,100.02999877929688,0.0011686151489684422,0.010675567425060107,-1.1191841862638652,False,-0.01767654934097096,0.01217905013707278,0.034873191163932483,-0.8561189406985451,False,False,
2014-03-12,97.98999786376952,0.0009804612382440785,0.010760933666224637,-1.9862916302684055,False,-0.04483866496076816,0.011947647758841698,0.03501455304535001,-1.6217917345985133,False,False,
2014-03-13,98.1999969482422,0.0007099703731887767,0.011039990034329353,0.1298095514642334,False,-0.041015669092302365,0.011556550112583008,0.03548598741934686,-1.4814923587619588,False,False,
2014-03-14,98.88999938964844,0.00043710517515691254,0.01074028154929762,0.6135217641122648,False,-0.03606586490222563,0.01083416064877114,0.036000564889415526,-1.3027580454657195,False,False,
2014-03-17,98.08000183105467,0.0006146150112060219,0.01073766848259578,-0.8200578729998662,False,-0.06519249387401516,0.010319456112140949,0.03639459230140701,-2.074812361155007,True,True,trend
2014-03-18,99.6999969482422,0.0006108438300388341,0.010740751408234307,1.4809238522940462,False,-0.03513021212123424,0.009597374855231145,0.0373487556735424,-1.1975656529877405,False,False,
2014-03-19,100.37000274658205,0.0008891713875229298,0.01087982936688569,0.5359502673123792,False,-0.010645581411019123,0.009037255291013548,0.03770339844640142,-0.522044099818044,False,False,
2014-03-20,99.43000030517578,0.0011751872358468373,0.010744771051575614,-0.9809943333974,False,-0.02097279740666702,0.009119713331777428,0.03765279061320137,-0.7992106361405726,False,False,
2014-03-21,99.45999908447266,0.0009896441493249923,0.010805677566475632,-0.06366436719518859,False,-0.030415311862837968,0.008987971495455306,0.03774164542052468,-1.0440266426981204,False,False,
2014-03-24,99.5999984741211,0.0008354847967327217,0.010730660846611714,0.05331546056623233,False,-0.015031687412729311,0.008585275243485721,0.038001377990920474,-0.6214764807175609,False,False,
2014-03-25,99.19000244140624,0.0005387547928462766,0.010393307477970891,-0.44790177689352045,False,-0.008397444248139818,0.007953450376133578,0.037994765362597646,-0.4303459823539099,False,False,
2014-03-26,100.26000213623048,0.0003228256544654536,0.010318283317089286,1.0141753663484778,False,0.023165673251843932,0.007290095157518259,0.03783772271983223,0.419570126137762,False,False,
2014-03-27,101.27999877929688,0.0004419659127054487,0.010387531568956119,0.936849057625905,False,0.031364581739020236,0.007020379373624371,0.03764850981298771,0.6466179534414873,False,False,
2014-03-28,101.66999816894533,0.0005406436176200114,0.010444965543871094,0.3169049518626628,False,0.02811203151436059,0.007129828472986257,0.037707936704412366,0.5564399666269493,False,False,
2014-03-31,101.58000183105467,0.0006343150999387293,0.01044269792883793,-0.1455079889128052,False,0.035685154309324396,0.007153186405263506,0.03772055027199622,0.7564038090198025,False,False,
2014-04-01,99.73999786376952,0.0004622488923252129,0.010358541979758898,-1.7933112196091352,False,0.00040121280593496955,0.007002636959497663,0.0375817382123612,-0.1756551045153996,False,False,
2014-04-02,99.62000274658205,0.000365555524927732,0.0104985777287695,-0.14941402244739696,False,-0.007472352092025236,0.0064728310232150385,0.03738790541117851,-0.3729864768265634,False,False,
2014-04-03,100.29000091552734,0.00034130462253583924,0.010500092570783303,0.6080169184844779,False,0.008649307127748251,0.005622026418750434,0.03696143871693663,0.08190375737756778,False,False,
2014-04-04,101.13999938964844,0.0005540556016296335,0.0104651175259698,0.7569289465664626,False,0.016891215771567936,0.005179398658403709,0.036719759477952155,0.3189513569716168,False,False,
2014-04-07,100.44000244140624,0.0005455972609201002,0.010458363171904166,-0.7139421793300604,False,0.008433774901145163,0.0048844693881235895,0.036532711398454966,0.0971541770965207,False,False,
2014-04-08,102.55999755859376,0.0004888794779319472,0.010487516520227134,1.9659754517705,False,0.03397514904970644,0.004833099049039716,0.03652487027670427,0.7978686790642391,False,False,
2014-04-09,103.5999984741211,0.0006907622792585292,0.010737134481223105,0.8800907282691737,False,0.033313347962553586,0.00520379566979111,0.036679409647049646,0.766357816640146,False,False,
2014-04-10,103.4000015258789,0.000693726015437092,0.01073974626159815,-0.24434455464125754,False,0.020932096881258966,0.005457654011098755,0.036808690647701814,0.42040188330161027,False,False,
2014-04-11,103.73999786376952,0.0005937394014915516,0.01072865073642464,0.2511430709977378,False,0.020359985562156346,0.005508723629478003,0.03682771672383143,0.40326317387653865,False,False,
2014-04-14,104.0500030517578,0.0006926220234289785,0.010718715341930004,0.21417378899853645,False,0.024315821777707525,0.005565135328859552,0.03684743966979878,0.5088735232862481,False,False,
2014-04-15,103.75,0.0006906773878386385,0.01071827962713008,-0.3334430500090758,False,0.04020455406172729,0.00579324787706054,0.036910646413076995,0.932286739158143,False,False,
2014-04-16,103.76000213623048,0.0006078877981614801,0.010721629177653279,-0.047705591878281765,False,0.04155791282379262,0.0060405838363230225,0.0370801297511806,0.9578534170673649,False,False,
2014-04-17,104.3000030517578,0.0005060429109708394,0.010689245530872143,0.4395336834532272,False,0.03998406720135561,0.006209048356732671,0.0372139557962976,0.9075901263897133,False,False,
2014-04-21,104.37000274658205,0.0007123290359201295,0.010627640392003418,-0.0038758407682898863,False,0.03193596377719765,0.006370878364704216,0.03733551388035327,0.6847390796446576,False,False,
2014-04-22,102.12999725341795,0.000838107399633965,0.0105696573108003,-2.109838075151155,True,0.01682591368909625,0.006668118546534368,0.037450479900862414,0.27123270968626406,False,True,shock
2014-04-23,101.44000244140624,0.0009556567038510015,0.010263513000790297,-0.7513705355932889,False,-0.01092038946810292,0.007136583757506185,0.03735344532303202,-0.4834085067509216,False,False,
2014-04-24,101.94000244140624,0.0010723382387197293,0.010122601587441007,0.3809972852685369,False,-0.01602312796490546,0.007514496471545849,0.037019544556828925,-0.6358161538243281,False,False,
2014-04-25,100.5999984741211,0.0012132676680004417,0.01010143313145076,-1.4214115295903527,False,-0.027079332789536115,0.00802172095540254,0.03642017340640615,-0.9637805222191647,False,False,
2014-04-28,100.83999633789062,0.0010037507208112769,0.010235017638845767,0.13501822995648843,False,-0.027954516923040185,0.008419154464676625,0.035860628055891915,-1.0143065908111055,False,False,
2014-04-29,101.27999877929688,0.0012262996087826247,0.010077896095365269,0.31128249473016933,False,-0.02662185671520867,0.008933429437692424,0.035038477788439534,-1.014749737919039,False,False,
2014-04-30,99.73999786376952,0.0013812320345339864,0.010034950583089161,-1.6528843234509618,False,-0.03865062299981192,0.009594395216406412,0.03385863069312181,-1.4248957275764562,False,False,
2014-05-01,99.41999816894533,0.0010243009573352928,0.010143350939199977,-0.41728218614329093,False,-0.0418273311288776,0.009993836984636259,0.03309159912406832,-1.5659916560461133,False,False,
2014-05-02,99.76000213623048,0.0011138208009951814,0.010074831896292063,0.22889257441467326,False,-0.04352829130095415,0.010568515189066808,0.03176868739574178,-1.702834171778592,False,False,
2014-05-05,99.4800033569336,0.0010446779202538936,0.010040457552307685,-0.38358827478616836,False,-0.04685253675351264,0.010887859933094199,0.031086592490589995,-1.8574051403055845,False,False,
2014-05-06,99.5,0.0007797282918998164,0.009872793685005293,-0.05861730992133568,False,-0.025751466994482275,0.01083892318741763,0.031175621733601902,-1.1736859811351195,False,False,
2014-05-07,100.7699966430664,0.0008121417794084929,0.009866767682165677,1.2113028261165657,False,-0.006604946591231009,0.01070233242311488,0.03131474399935577,-0.5526878653295695,False,False,
2014-05-08,100.26000213623048,0.000924144277788194,0.009954910396144209,-0.6012228904918565,False,-0.01648028511811539,0.010556085162178817,0.03137031098202677,-0.8618457845631291,False,False,
2014-05-09,99.98999786376952,0.0007690668339215575,0.00995636562832699,-0.347728048995377,False,-0.0060636244493432745,0.01011372181106622,0.03151612905812369,-0.5133037192027735,False,False,
2014-05-12,100.58999633789062,0.0004889226118361348,0.009749362393036433,0.5653356695398611,False,-0.002479175020616897,0.009597301050242757,0.031458837379680284,-0.3838818302503456,False,False,
2014-05-13,101.6999969482422,0.00048760489070990805,0.009748600482188037,1.0819292187306244,False,0.004146901402127368,0.008843642074183939,0.031054082374663162,-0.15124390459814757,False,False,
2014-05-14,102.37000274658205,0.000727900387781828,0.009783913170460002,0.598958786234607,False,0.02636860777162564,0.008174518422128756,0.03059802824122631,0.5946163983528535,False,False,
2014-05-15,101.5,0.0009426725185499229,0.00973258139557751,-0.9700697385565671,False,0.020921362596689086,0.00809469347994894,0.030541849610592746,0.4199702794781462,False,False,
2014-05-16,102.0199966430664,0.0005939485478779064,0.009593216015273031,0.4721222873574082,False,0.022654314940267595,0.007558830104861185,0.02994584863638204,0.5040927381522422,False,False,
2014-05-19,102.61000061035156,0.0006691011514617455,0.009606493061255226,0.5323605255553271,False,0.03146358210491362,0.007173987761799768,0.02955621921852048,0.8218099264838833,False,False,
2014-05-20,102.44000244140624,0.0006270649210792915,0.009576681682980051,-0.2384756790039392,False,0.029547763230213464,0.007018654536057406,0.029394959094755767,0.7664276252786275,False,False,
2014-05-21,104.06999969482422,0.0007054203215893548,0.009532952630978333,1.5951307320630417,False,0.032747872994842275,0.006911702502485444,0.029296729130090227,0.8818790103711917,False,False,
2014-05-22,103.73999786376952,0.001062548471832514,0.0095948471453715,-0.44122732193718256,False,0.03470971128457112,0.007057288214877732,0.02939881201552541,0.9405966150975842,False,False,
2014-05-23,104.3499984741211,0.0009151838440022579,0.009573554582285586,0.518606432473416,False,0.04360436747175278,0.007211279280296378,0.02951432069832241,1.2330654180878702,False,False,
2014-05-27,104.11000061035156,0.0009675199856799447,0.009590030018310198,-0.34071338938689466,False,0.03499358187306156,0.007703075219731339,0.02981182306544668,0.9154256213522619,False,False,
2014-05-28,102.72000122070312,0.0008738708529145696,0.009587147361301009,-1.4837706632754597,False,0.010029540836466566,0.008098414135088145,0.029976250824009846,0.06442188893854801,False,False,
2014-05-29,103.58000183105467,0.00041784904982435626,0.009436335701607443,0.8429576042450667,False,0.011819859841832647,0.0077851217706019,0.02982932923351683,0.1352607710232128,False,False,
2014-05-30,102.70999908447266,0.0005054505736324547,0.009479757249669075,-0.9393470309700211,False,0.011921173246036032,0.007338179397223564,0.02950841962531149,0.15531139610341263,False,False,
2014-06-02,102.47000122070312,0.00040944924575239276,0.009533558788367032,-0.28804611238660793,False,0.004410944838697972,0.007150825984050968,0.02943301877713921,-0.09308868947826299,False,False,
2014-06-03,102.66000366210938,0.00032092604844760804,0.009527743171724145,0.16092992401526854,False,0.00048731167976212575,0.0067974224606512,0.029302646878273962,-0.2153426892492643,False,False,
2014-06-04,102.63999938964844,0.0003483064527499306,0.009529178515024904,-0.05700028683886281,False,0.001952332521239386,0.006516160603318371,0.029260027280680213,-0.1559748402932073,False,False,
2014-06-05,102.4800033569336,0.00035235113326405126,0.009528878727870354,-0.20056493511042298,False,-0.015278143005219014,0.0061578780646557585,0.029147486835564302,-0.7354329102473293,False,False,
2014-06-06,102.66000366210938,4.8416854500364556e-05,0.009212030729656132,0.1854125759048518,False,-0.010410586310965475,0.005124552154875975,0.0284996293682163,-0.5450996665650233,False,False,
2014-06-09,104.41000366210938,-4.271331877916988e-05,0.009160038802035222,1.86563338267998,False,0.0005750377466766654,0.004146152477677853,0.02773632048094056,-0.12875228830208874,False,False,
2014-06-10,104.3499984741211,0.00023490802810502754,0.009358764868945935,-0.08650877629116387,False,0.00230523352571832,0.0033952790750612248,0.027042747287334613,-0.04030824005271921,False,False,
2014-06-11,104.4000015258789,0.00032052175546075053,0.009321018847482838,0.017022192936328107,False,0.01635514296350271,0.0028318480686032998,0.02661019606387357,0.5081997465347072,False,False,
2014-06-12,106.52999877929688,0.0002460233911593157,0.009296769974659067,2.1680915961034115,True,0.02848037165565831,0.002657445339587386,0.026476006386525294,0.9753331351820964,False,True,shock
2014-06-13,106.91000366210938,0.0006464331037766749,0.009509994309263081,0.3071172269976972,False,0.040891876302934005,0.0028013245683457554,0.02658788334901927,1.4326282101727843,False,False,
2014-06-16,106.9000015258789,0.0005944831149624038,0.009482855657227552,-0.07255617271760434,False,0.04323216797503804,0.0029930049480358088,0.02681203490067229,1.5007873582170097,False,False,
2014-06-17,106.36000061035156,0.000617928785093893,0.009478898174861486,-0.5981061433476654,False,0.036041270370690714,0.0032997651321423137,0.027141444221247372,1.206328777925424,False,False,
2014-06-18,105.97000122070312,0.0005258370983757359,0.009500240602256337,-0.44131759830078326,False,0.032443509848564256,0.00348269070382394,0.027317044553454285,1.0601739543261892,False,False,
2014-06-19,106.43000030517578,0.00017412282896550095,0.009149599330330585,0.45539913994051706,False,0.03854407512541269,0.003301113975501284,0.02707437880209076,1.3017089480623594,False,False,
2014-06-20,107.26000213623048,0.0004340589784372728,0.008983659200459833,0.819767433151365,False,0.04480808796053948,0.0036978816011185925,0.027372257866087834,1.5018931416086554,False,False,
2014-06-23,106.16999816894533,0.0007806290110816845,0.008753740637504595,-1.2500814093053583,False,0.016856569726131143,0.004535377064159945,0.027658698460463014,0.44547261251587245,False,False,
2014-06-24,106.02999877929688,0.0006306750985472443,0.008844328079150619,-0.2204021913416646,False,0.016099667750282043,0.004936320034850553,0.027615843416436067,0.40423707315733914,False,False,
2014-06-25,106.5,0.00047918175662482314,0.008777980805358099,0.450392592455067,False,0.020114927619043543,0.005101405638232049,0.02764545522488833,0.5430737840516837,False,False,
2014-06-26,105.83999633789062,0.0007280551436374871,0.008618381701335219,-0.8035467525370448,False,-0.006477071710436766,0.005590054255372413,0.02758169372531327,-0.4375048931362217,False,False,
2014-06-27,105.73999786376952,0.0007891497250769186,0.008551688007294524,-0.20276204099555725,False,-0.010943838352467705,0.0057393806237795355,0.02748417127672532,-0.6070118981675554,False,False,
2014-06-30,105.37000274658205,0.0010484708350450797,0.008187798306831775,-0.5554085986816378,False,-0.014312429910737334,0.006191311645223541,0.026914019408535952,-0.7618238377824006,False,False,
2014-07-01,105.33999633789062,0.0009732419113576806,0.008203510186266296,-0.1533506650839147,False,-0.009590111570210613,0.006547354834311075,0.0264537754661274,-0.61002507657876,False,False,
2014-07-02,104.4800033569336,0.0008757582648233697,0.008173993688993013,-1.1059137688305671,False,-0.014060562863128845,0.006900364878737942,0.02605102856642723,-0.8046103703129706,False,False,
2014-07-03,104.05999755859376,0.0008761172070025832,0.008173590748596405,-0.5990122140865941,False,-0.022268183217009407,0.007582123958883093,0.024776752171300452,-1.204770785513562,False,False,
2014-07-07,103.52999877929688,0.00060228997678384,0.007984334044081422,-0.7133336088764296,False,-0.03477534292975448,0.00775361767760609,0.024520306695207893,-1.7344383631087363,False,False,
2014-07-08,103.4000015258789,0.0004447776742988522,0.007978534128574664,-0.2131250949150921,False,-0.026090201477244057,0.0074318875240229525,0.024920029196916445,-1.3451865861142318,False,False,
2014-07-09,102.29000091552734,0.0005529073291023767,0.007898335447702253,-1.429152106722529,False,-0.03527301619190237,0.007363655469748592,0.02500571189801611,-1.7050772973607542,False,False,
2014-07-10,102.93000030517578,0.000405751023228742,0.008005170614232001,0.7308981061066655,False,-0.03352112389506312,0.0072988860786944,0.025110958414357752,-1.6255855033560873,False,False,
2014-07-11,100.83000183105467,0.0004704059584591658,0.00803290576748041,-2.5983880273653353,True,-0.047335550644216906,0.007052360258929949,0.025421983937720365,-2.1394046600134824,True,True,shock+trend
2014-07-14,100.91000366210938,0.0002532623035474553,0.008371550005584037,0.06452455039270034,False,-0.045678024392272865,0.006533185506982254,0.026129524176678198,-1.9981691800517372,False,False,
2014-07-15,99.95999908447266,0.00012000974869526744,0.008280654278389055,-1.1514047140110135,False,-0.0513429203861806,0.005615269538394031,0.02673944059203004,-2.1301189801835867,True,True,trend
2014-07-16,101.1999969482422,-0.00014116211392711502,0.008268173366819306,1.5173971668074173,False,-0.03930130561585443,0.004512502843391353,0.02736140253360368,-1.6012998019906406,False,False,
2014-07-17,103.19000244140624,-2.7105636499789773e-05,0.008382198922172996,2.34916783926788,True,-0.012346869009185912,0.003613658348321819,0.02768108627088422,-0.5765860198302797,False,True,shock
2014-07-18,103.12999725341795,0.00024688459507788086,0.008684180713289294,-0.09539029366162034,False,-0.008937154785652823,0.0029732313707416815,0.027483986572259447,-0.433357297897099,False,False,
2014-07-21,104.58999633789062,0.0004806491111498179,0.008415061431800468,1.625208783352042,False,0.010238554728986715,0.0028487198028538446,0.02751692933671545,0.2685559437139928,False,False,
2014-07-22,104.41999816894533,0.000685448578697329,0.008559205429235956,-0.2699813136752308,False,0.009864570870544265,0.003084865227134004,0.027503151267746197,0.24650650310610164,False,False,
2014-07-23,103.12000274658205,0.0005741030387196059,0.008533849303713847,-1.526132139231966,False,0.008114202987837826,0.003101068743704617,0.027506831607945644,0.18225051563863542,False,False,
2014-07-24,102.06999969482422,0.0002951019101689845,0.00861372050588308,-1.2163667367327131,False,-0.008355198754510407,0.0029840419065882157,0.02746600953705673,-0.4128463090278873,False,False,
2014-07-25,102.08999633789062,0.0002516182853897142,0.008658755344970466,-0.00643362828722215,False,0.012496226162398871,0.002760188924512808,0.027489399637313932,0.35417424048324536,False,False,
2014-07-28,101.66999816894533,-2.7197293739164388e-05,0.008307682659118056,-0.49193043711703094,False,0.007531408970915754,0.002473803286015374,0.02727082151943262,0.18545850117850082,False,False,
2014-07-29,100.97000122070312,-0.00021725614760624326,0.00823466156731795,-0.8097156232651636,False,0.010104063080042192,0.002130044099460203,0.02703832848827343,0.29491538221529984,False,False,
2014-07-30,100.2699966430664,-0.0002833163845282642,0.008268395098152524,-0.804204575614424,False,-0.00918972661285189,0.0019856703154439792,0.026965386686234525,-0.4144348849260434,False,False,
2014-07-31,98.16999816894533,-0.0004195958945355945,0.00829292898300573,-2.4748604876221223,True,-0.04864816507114034,0.0015916741531105361,0.02690910762597529,-1.8670198923934025,False,True,shock
2014-08-01,97.87999725341795,-0.0007386856020374566,0.008614221200820798,-0.2571774060901435,False,-0.05090662406495894,0.0006188209951258979,0.02739108079672396,-1.8811030292111512,False,False,
2014-08-04,98.29000091552734,-0.0007396297380917168,0.008614463303754195,0.5721157211511622,False,-0.060235162472043524,-0.0005959947132299186,0.027631072078065692,-2.158409474316301,True,True,trend
2014-08-05,97.37999725341795,-0.0006850639512260666,0.008632772193734576,-0.9931097743442885,False,-0.06742004442613636,-0.0019532357171744004,0.028029654987264563,-2.3356266332463664,True,True,trend
2014-08-06,96.91999816894533,-0.0008778996948127664,0.008660924513953486,-0.4440465460948582,False,-0.06012417002037196,-0.0033852905388742933,0.02859604783567719,-1.9841510899526729,False,False,
2014-08-07,97.33999633789062,-0.0009498315788826355,0.008670283515638673,0.609355352985488,False,-0.046340779573583624,-0.004612758989508555,0.02903190718224836,-1.4373158581048986,False,False,
2014-08-08,97.6500015258789,-0.0006058901104924234,0.008351361574962845,0.45389687294447895,False,-0.04349098806230256,-0.005454981566344287,0.029316407997712523,-1.2974306572253365,False,False,
2014-08-11,98.08000183105467,-0.0004733459591613117,0.00833129467825098,0.5853629029735288,False,-0.03531028231086564,-0.005889256214266949,0.029637940003260477,-0.9926812083890472,False,False,
2014-08-12,97.37000274658205,-0.0004803531202834736,0.008326909384563186,-0.8116608069923178,False,-0.03565413915616478,-0.006146418272213084,0.029810232140664576,-0.989852099933827,False,False,
2014-08-13,97.58999633789062,-0.0004016058304258774,0.008232917677008419,0.32321017570364347,False,-0.026727838784276092,-0.006260749023768133,0.02990788423084634,-0.6843376015010333,False,False,
2014-08-14,95.58000183105467,-0.00040328993372545105,0.00823235271489803,-2.452886535533091,True,-0.02638276852601551,-0.006244393315251278,0.02989619338343692,-0.6736100129028898,False,True,shock
2014-08-15,97.3499984741211,-0.000736085791203284,0.008535958523410873,2.255700842551449,True,-0.0054147813053637694,-0.006241205472728703,0.029894003830653396,0.027645148239310652,False,True,shock
2014-08-18,96.41000366210938,-0.00028643427769797704,0.00865092203471136,-1.0830514234496875,False,-0.019127044825583805,-0.005798060916802727,0.029652444583185573,-0.44950708436158016,False,False,
2014-08-19,94.4800033569336,-0.00037240079775333317,0.0087121685568416,-2.2550380816760938,True,-0.029780180512200327,-0.00549539043275881,0.029394445962685693,-0.8261693419998272,False,True,shock
2014-08-20,96.06999969482422,-0.0006849147667925962,0.0089902416768884,1.9480937829433567,False,-0.008770104108333121,-0.005312082288908759,0.029196261537715536,-0.11844056866518038,False,False,
2014-08-21,93.95999908447266,-0.000423106193173776,0.009210819493720284,-2.338559789702244,True,-0.034723622155123035,-0.004804316520306366,0.028792410903653805,-1.0391386027010283,False,True,shock
2014-08-22,93.6500015258789,-0.0007186284595213769,0.009540195760302366,-0.27049988719125007,False,-0.04096262096770098,-0.0049239452557815755,0.028899061264755735,-1.2470535074393883,False,False,
2014-08-25,93.3499984741211,-0.0009328022687736034,0.009412885537216623,-0.24122754228829613,False,-0.048225971335941975,-0.005382047580801175,0.029196849598166517,-1.4674159830528868,False,False,
2014-08-26,93.86000061035156,-0.0009080352526081148,0.009404316622124011,0.6774940280308183,False,-0.036048085007923,-0.005805323397038863,0.029587419647396473,-1.022149344934354,False,False,
2014-08-27,93.87999725341795,-0.0007992836011722071,0.00943051955692819,0.10734627545438319,False,-0.0380161822286309,-0.006205116204486593,0.029792822925341814,-1.067742593706546,False,False,
2014-08-28,94.5500030517578,-0.0008764507662258921,0.009397748241581808,0.8526811824987951,False,-0.010776300058222277,-0.006678942967260113,0.030014530926927924,-0.1365124479518741,False,False,
2014-08-29,95.95999908447266,-0.0009284250099177393,0.009341593665975877,1.6957628125292405,False,-0.014278370944381114,-0.006877918986731442,0.029991249401733443,-0.2467537066735852,False,False,
2014-09-02,92.87999725341795,-0.0008174297966695058,0.009480532895139823,-3.29931839256235,True,-0.03661452416352062,-0.007419878702944865,0.029748622301220475,-0.9813780673593752,False,True,shock
2014-09-03,95.54000091552734,-0.0011320713457036158,0.010109619587595948,2.944840365509245,True,0.011219279434074636,-0.008187023859747662,0.029749749515416986,0.6523182080496348,False,True,shock
2014-09-04,94.4499969482422,-0.0008185243475746888,0.010656143201380329,-0.9938258959224782,False,-0.016862732921079537,-0.008339490999830234,0.029618565005848092,-0.2877668759295535,False,False,
2014-09-05,93.29000091552734,-0.0010477522710154875,0.010697045766140296,-1.0501812238307813,False,-0.007130674494185141,-0.008983841866843477,0.029264501372661626,0.06332475476207948,False,False,
2014-09-08,92.66000366210938,-0.0011894169128714956,0.010775287902278398,-0.5163378476996799,False,-0.010571253044731277,-0.009472887703168792,0.028916288593203422,-0.03798431247572514,False,False,
2014-09-09,92.75,-0.0014916146716347281,0.010605685406324304,0.23222148457662575,False,-0.006427407433621246,-0.010050476050363105,0.028491066014249354,0.12716507746427735,False,False,
2014-09-10,91.66999816894533,-0.0014363851572761824,0.010607607164687002,-0.962313109622627,False,-0.023332648915034282,-0.01059897096660567,0.02800962940354058,-0.4546178660549861,False,False,
2014-09-11,92.83000183105467,-0.0016700426962840797,0.010637232468071023,1.346606671129786,False,-0.011184442406074413,-0.011491464518429497,0.02731703629177128,0.01123921750060304,False,False,
2014-09-12,92.2699966430664,-0.001470655267567289,0.010764654538426071,-0.4237881550758513,False,-0.024114292280279392,-0.012107171508817977,0.02677007140468615,-0.44852778275965105,False,False,
2014-09-15,92.91999816894533,-0.0013730730170093313,0.010688402797563546,0.7875482575186146,False,-0.03167987645405501,-0.012562422617041257,0.026678696430932472,-0.7165812575028264,False,False,
2014-09-16,94.87999725341795,-0.0013907759503937929,0.010673132318721199,2.1066149590364502,True,0.021533161704808235,-0.013142419100986425,0.02661422654764835,1.3028964318656335,False,True,shock
2014-09-17,94.41999816894533,-0.0009975394769916543,0.010951111662143008,-0.3516246090042318,False,-0.011722867237276668,-0.013014259254869463,0.02675929806120604,0.048259562513150285,False,False,
2014-09-18,93.06999969482422,-0.0010310270040971004,0.01095909905367453,-1.2105717182128164,False,-0.01461087663321159,-0.013229376749215791,0.02668206243100182,-0.05177635302999055,False,False,
2014-09-19,92.41000366210938,-0.001246387369546147,0.01105987463638196,-0.5284875979258977,False,-0.009432921479063938,-0.013430685926722107,0.026634087919613955,0.15009954385237734,False,False,
2014-09-22,91.5199966430664,-0.0013383411627934001,0.011079665708943498,-0.748463622069472,False,-0.012303118648689826,-0.013582489313392818,0.026577611959512956,0.04813715644023713,False,False,
2014-09-23,91.55999755859376,-0.0014459712971955578,0.011120967120243595,0.1693237857379732,False,-0.012830215001684464,-0.013542822321972429,0.026577267107385793,0.0268126635221246,False,False,
2014-09-24,92.8000030517578,-0.0014635629004586103,0.011116875718151524,1.3498986162065783,False,0.012326877990440188,-0.013575084037848682,0.02657488202302597,0.9746783449817747,False,False,
2014-09-25,92.52999877929688,-0.001510275815244304,0.01104517496724954,-0.1266845379357183,False,-0.0032317466965452457,-0.013418392834598503,0.02669382115877756,0.3816106385617125,False,False,
2014-09-26,93.54000091552734,-0.001541406767698774,0.011045792765861581,1.1277423955627361,False,0.013764000419050237,-0.013492219237562017,0.0266573789476388,1.022464350683153,False,False,
2014-09-29,94.56999969482422,-0.0014022572198278708,0.011136950244186605,1.1146297541311248,False,0.01775722727500373,-0.013526767804821382,0.026619825987267736,1.175214109017401,False,False,
2014-09-30,91.16000366210938,-0.0015274699311812541,0.010939530595995854,-3.156482302969851,True,-0.0392073534885623,-0.01366974306323011,0.026419197430370498,-0.9666308180874236,False,True,shock
2014-10-01,90.7300033569336,-0.002055803542448465,0.011625512066268691,-0.22890869087394017,False,-0.03908064905285469,-0.014737732793783393,0.02579538235325283,-0.943692786782888,False,False,
2014-10-02,91.01000213623048,-0.0021174492450127015,0.011627224422386518,0.44752858157097863,False,-0.022133851567083362,-0.015835237020821964,0.02503550426671364,-0.25158728496776567,False,False,
2014-10-03,89.73999786376953,-0.0020089489189619933,0.011637438983971737,-1.0264808441321658,False,-0.02889303855135128,-0.016610905313325618,0.02429682300339657,-0.5055036716655789,False,False,
2014-10-06,90.33999633789062,-0.0021461191968723168,0.01171759875654327,0.753745222138613,False,-0.012893360450807911,-0.017428725958657822,0.02364694936348052,0.1917949515658947,False,False,
2014-10-07,88.8499984741211,-0.002114850898392168,0.011738253838447241,-1.2249159076225327,False,-0.02959806855322822,-0.018114558433007435,0.022729765419564642,-0.5052190336437152,False,False,
2014-10-08,87.30999755859375,-0.002438741498049799,0.011796015398800694,-1.2626172148252508,False,-0.0591595400067183,-0.01910664051985767,0.02153887749170232,-1.8595629926532011,False,False,
2014-10-09,85.7699966430664,-0.002534345953852141,0.011888156184744222,-1.2705052911336954,False,-0.07305741084417894,-0.020120188649628997,0.021612107563487148,-2.449424334903154,True,True,trend
2014-10-10,85.81999969482422,-0.0027519416484834912,0.012014288663838697,0.277580450935673,False,-0.08253154955252551,-0.02130894969755514,0.022040699865252242,-2.777706707557388,True,True,trend
2014-10-13,85.73999786376953,-0.002803271372104487,0.011991380116991072,0.15603428249021783,False,-0.0933700101464413,-0.022677569393176063,0.022613206638571914,-3.1261572886652607,True,True,trend
2014-10-14,81.83999633789062,-0.0027330712053696498,0.011986653050782618,-3.566742245492387,True,-0.10223789984436571,-0.02383614190565612,0.02395793604224338,-3.2724754670214145,True,True,shock+trend
2014-10-15,81.77999877929688,-0.0033269587391618746,0.012960701125644904,0.2001319745555732,False,-0.09864437613241595,-0.02505339605888143,0.025559738144560546,-2.879175821650413,True,True,trend
2014-10-16,82.69999694824219,-0.0032900788095941635,0.012964139557077441,1.1215361285860326,False,-0.0913087022627388,-0.026177822008503812,0.026900631662191657,-2.4211654608012507,True,True,trend
2014-10-17,82.75,-0.003136286224108451,0.01306827096425204,0.2862596038604944,False,-0.077891665145577,-0.02726740321773752,0.027857624311140153,-1.8172497899469136,False,False,
2014-10-20,82.70999908447266,-0.0030193714808094095,0.01306190556074663,0.19415059460047887,False,-0.08445868455517946,-0.028118484581503497,0.028418105427200937,-1.982545955359461,False,False,
2014-10-21,82.80999755859375,-0.002972217231012387,0.01306462787832825,0.3200429802723187,False,-0.06797975260839861,-0.02894769126601243,0.02914316671956608,-1.339321210971247,False,False,
2014-10-22,80.5199966430664,-0.0028881875103100897,0.013071067569436523,-1.8946799292006498,False,-0.07776888220585021,-0.029390416728394354,0.029483121183186283,-1.640886837484671,False,False,
2014-10-23,82.08999633789062,-0.0032401612265528902,0.013378320812836846,1.6996467545544633,False,-0.04290545003155566,-0.03007946580477577,0.030004234728596712,-0.42747246656338084,False,False,
2014-10-24,81.01000213623047,-0.002837050910020141,0.013603038290823712,-0.7585930949475489,False,-0.056047513116966874,-0.03018123158930448,0.030035015535283725,-0.8612042000536309,False,False,
2014-10-27,81.0,-0.0030958900685798445,0.013612355295666527,0.2183620752534995,False,-0.05528339143769068,-0.030481583445596528,0.030181143097964564,-0.8217650309529462,False,False,
2014-10-28,81.41999816894531,-0.002825506971305368,0.013464550017901665,0.5949452109596428,False,-0.0051319426654331535,-0.030587554656176175,0.030254982777204228,0.8413692441405943,False,False,
2014-10-29,82.19999694824219,-0.002766950574294381,0.013490026781244916,0.9152607168322157,False,0.005135707693989744,-0.03004694023315165,0.03034381384018312,1.1594669052625939,False,False,
2014-10-30,81.12000274658203,-0.002513693032559301,0.013541741225478257,-0.7846053820026779,False,-0.01910513010839643,-0.02929389185874938,0.030508538823478117,0.3339642651949001,False,False,
2014-10-31,80.54000091552734,-0.002854273789990156,0.013482547083466514,-0.3186081898454774,False,-0.026706937576708834,-0.029024609518649942,0.030508145502279177,0.07596895529975632,False,False,
2014-11-03,78.77999877929688,-0.0032117939260511525,0.013230514036344801,-1.408919408007471,False,-0.0475154195221551,-0.02921607709955024,0.03044706278699119,-0.6010216010203597,False,False,
2014-11-04,77.19000244140625,-0.003495407525736476,0.013400265566842297,-1.245298738895207,False,-0.06786614277111858,-0.0297304539627036,0.03042570398713721,-1.2534036623947056,False,False,
2014-11-05,78.68000030517578,-0.003953269155063743,0.013375606935657923,1.7387068495031581,False,-0.022851420946365275,-0.03077184992937168,0.030375801059061357,0.2607479871100774,False,False,
2014-11-06,77.91000366210938,-0.003674224259232668,0.013640511141687843,-0.4480924389118315,False,-0.05091963530581711,-0.031208063153597133,0.030017146183488656,-0.6566770882124231,False,False,
2014-11-07,78.6500015258789,-0.0036387143326950034,0.013620809898600076,0.9644672705238835,False,-0.029132212666565183,-0.031995180997512536,0.02974485867106649,0.09625086347215456,False,False,
2014-11-10,77.4000015258789,-0.0033763083032919074,0.013682476002857628,-0.9148116976146372,False,-0.04444442560643325,-0.032272207849673266,0.029618196954360725,-0.4109709235682508,False,False,
2014-11-11,77.94000244140625,-0.0035908297496266782,0.013751663963562316,0.7684586865016109,False,-0.04274128968067681,-0.03303141653992436,0.029181700598054756,-0.3327384265398057,False,False,
2014-11-12,77.18000030517578,-0.0034429530145241097,0.013805488267119427,-0.45693166001288205,False,-0.061070521039402026,-0.03370171918861226,0.028812427636003984,-0.9498957254330674,False,False,
2014-11-13,74.20999908447266,-0.0034811680467206774,0.01381910509560848,-2.532748630189155,True,-0.08518248801958439,-0.03465071364353818,0.02852076139331722,-1.7717540453841618,False,True,shock
2014-11-14,75.81999969482422,-0.003901817246622179,0.014393807295173722,1.778335261935586,False,-0.058604434654198734,-0.03566395046229462,0.0289506343931878,-0.7924000517688863,False,False,
2014-11-17,75.63999938964844,-0.003333302100207196,0.014552790468871256,0.06591548746483347,False,-0.039857824807095876,-0.03579670072340207,0.029033684407290292,-0.1398762908187453,False,False,
2014-11-18,74.61000061035156,-0.0033255684889608853,0.014553148835923629,-0.7071699321064052,False,-0.0334240413195106,-0.03564938339996389,0.028983968706226274,0.076778377143888,False,False,
2014-11-19,74.58000183105469,-0.0035629812611003685,0.014574129580649678,0.216884770749445,False,-0.052109792300692015,-0.035291901784596784,0.028841627160397447,-0.5831117094249088,False,False,
2014-11-20,75.58000183105469,-0.0034448975292552617,0.014563234437229327,1.1572510049718405,False,-0.029906324239949433,-0.03508776508959086,0.028664795798543235,0.18075973350923902,False,False,
2014-11-21,76.51000213623047,-0.0032031352163207154,0.014691656101818322,1.0555638792157478,False,-0.027209146193650002,-0.034684860479185224,0.028520137312693095,0.26212055726001365,False,False,
2014-11-24,75.77999877929688,-0.0030968499603561193,0.014775510357269156,-0.4361561755125766,False,-0.020930267631072086,-0.03442977203411945,0.028500027213906785,0.47366636886789304,False,False,
2014-11-25,74.08999633789062,-0.0032665305849193323,0.014775470392689252,-1.2882771425488724,False,-0.04939704879288376,-0.03412896242836971,0.028522148645919298,-0.5353063176991217,False,False,
2014-11-26,73.69000244140625,-0.003622596134805414,0.014909304406600947,-0.11913104417327854,False,-0.04521894078737765,-0.03431678598146328,0.02857636341552393,-0.3815095240562289,False,False,
2014-11-28,66.1500015258789,-0.0035980598418127617,0.014904786032359394,-6.623542326346482,True,-0.10861066780797446,-0.03444431666987945,0.0286037422113036,-2.592889790091382,True,True,shock+trend
2014-12-01,69.0,-0.004992458480890051,0.0187462748513692,2.564580698195071,True,-0.08994987763485551,-0.035536087723528766,0.02984115319486911,-1.8234479598021252,False,True,shock
2014-12-02,66.87999725341797,-0.004143389237825396,0.01945857463890693,-1.366044982335039,False,-0.11581176899677903,-0.0363836491783133,0.03047368994250516,-2.606449037458972,True,True,trend
2014-12-03,67.37999725341797,-0.0047999647115418605,0.01951428651106349,0.629079703561202,False,-0.09690394448181372,-0.03785560901419883,0.03160290850739109,-1.86844623664322,False,False,
2014-12-04,66.80999755859375,-0.004571539317360651,0.019556900490875502,-0.19880144230307828,False,-0.1041834819213634,-0.03889263434294856,0.03224951986304166,-2.0245525470051704,True,True,trend
2014-12-05,65.83999633789062,-0.004417416739687482,0.019478912721533088,-0.5185806220100356,False,-0.12887014100550132,-0.0398846783617374,0.03309862002837155,-2.6884946432052805,True,True,trend
2014-12-08,63.04999923706055,-0.004835386373900965,0.01935277193917974,-1.939775227938917,False,-0.17592474870414476,-0.04148601218703298,0.034450582608998484,-3.902364672404594,True,True,trend
2014-12-09,63.81999969482422,-0.00510754978299536,0.01973662444106239,0.8775607491101598,False,-0.15782527417696568,-0.04336869387435327,0.03777396549060996,-3.0300387797798085,True,True,trend
2014-12-10,60.93999862670898,-0.0049007259498903616,0.01983685102558965,-2.027852626980067,True,-0.177486818209715,-0.04492686258381014,0.04001705557933849,-3.312586438627132,True,True,shock+trend
2014-12-11,59.95000076293945,-0.005459705775228857,0.02037184119595954,-0.5294438925320624,False,-0.18645679499592904,-0.04665034054212711,0.04284470228884673,-3.2630978157174906,True,True,trend
2014-12-12,57.810001373291016,-0.005749156252197585,0.020368768340481996,-1.4702531979342426,False,-0.1260770969041498,-0.048655790008633855,0.04576249938092534,-1.6918067837830248,False,False,
2014-12-15,55.90999984741211,-0.006227948926752741,0.020646874669811886,-1.2901886228737682,False,-0.18971014713895495,-0.04982993553764077,0.04660772628328899,-3.0012236759008704,True,True,trend
2014-12-16,55.93000030517578,-0.006761324180631097,0.020812990484887918,0.34204840169283207,False,-0.1637260376484626,-0.05221572016538387,0.04909493293881956,-2.27132029331905,True,True,trend
2014-12-17,56.470001220703125,-0.006955390529823496,0.020675568302640977,0.8033797380211268,False,-0.1619174306535226,-0.0542083557214383,0.05054575586810654,-2.130922232385623,True,True,trend
2014-12-18,54.11000061035156,-0.006398701616950339,0.02055119806992229,-1.7222066649690928,False,-0.19009126496530748,-0.05587906114130498,0.05200610566460129,-2.5807009024972234,True,True,trend
2014-12-19,56.52000045776367,-0.007337785035641836,0.020537681559036382,2.52592697965237,True,-0.14155523084018362,-0.05856320173329676,0.05366479727134729,-1.546489194531961,False,True,shock
2014-12-22,55.2599983215332,-0.006591814711300478,0.02138634702899229,-0.7341700998979717,False,-0.12355275193958148,-0.06022576837221814,0.054283392102812786,-1.16659960098702,False,False,
2014-12-23,57.119998931884766,-0.00672530060944653,0.02145347901863996,1.8824163145829689,False,-0.1049827764803769,-0.06177806273815675,0.05440902513877361,-0.7940725574851568,False,False,
2014-12-24,55.84000015258789,-0.006186471487093422,0.021954422202217876,-0.7389158774984655,False,-0.0836888511494952,-0.06303688305063203,0.05430033746497615,-0.380328540539619,False,False,
2014-12-26,54.72999954223633,-0.006498207433386643,0.02201731490341868,-0.6077047540562467,False,-0.08707257972096782,-0.06406703563351035,0.05394357061517761,-0.4264742549501277,False,False,
2014-12-29,53.61000061035156,-0.00660799423042886,0.022063801574458666,-0.6280007029381475,False,-0.07265180181919018,-0.06491690137758946,0.05379503724807255,-0.1437846470099406,False,False,
2014-12-30,54.119998931884766,-0.007049570265578932,0.02200441501329892,0.7526984639237636,False,-0.032015756043866195,-0.06573646616976433,0.05343236713431807,0.6310914513880913,False,False,
2014-12-31,53.27000045776367,-0.006842294165993493,0.022087186850414046,-0.4012967738360518,False,-0.04755944632394271,-0.0658418190199455,0.05335692791095834,0.3426429034016404,False,False,
2015-01-02,52.68999862670898,-0.0071456324456474615,0.022050083977724788,-0.16971959171879195,False,-0.06693824176168628,-0.06605354661821067,0.05325093764424774,-0.01661370076497005,False,False,
2015-01-05,50.040000915527344,-0.007572050684950283,0.021804469993122452,-1.9593267191310295,False,-0.07521714376114064,-0.06723316533109726,0.05225509199640797,-0.15278852500330878,False,False,
2015-01-06,47.93000030517578,-0.00817799617169177,0.022352339088048286,-1.5205693733724501,False,-0.1519816009026227,-0.06807975568474878,0.051856428672073386,-1.6179642016701041,False,False,
2015-01-07,48.650001525878906,-0.008549575852180379,0.02268461753562811,1.0390965655736302,False,-0.11961630467655249,-0.06991136534167426,0.05236586332108141,-0.9491859043765263,False,False,
2015-01-08,48.790000915527344,-0.008254731501914626,0.02284695505655029,0.4872604108539868,False,-0.14583330133270644,-0.07138047711764077,0.052191520562365014,-1.426531042070331,False,False,
2015-01-09,48.36000061035156,-0.008087948127296882,0.02288240160690874,-0.03169856839304569,False,-0.13395414616397827,-0.07316087955342768,0.052426010650880296,-1.1596012333532344,False,False,
2015-01-12,46.06999969482422,-0.008211286266714246,0.022860749927008123,-1.7121886483197428,False,-0.15823131591165096,-0.07477586530225824,0.052408018086512055,-1.592417604337363,False,False,
2015-01-13,45.88999938964844,-0.009023236867138627,0.02315716558164972,0.2209308520308382,False,-0.14400300564839896,-0.07704997455428614,0.052277647929174574,-1.2807200351634098,False,False,
2015-01-14,48.47999954223633,-0.009036537878367642,0.023153892798926868,2.8278550790371177,True,-0.10421285108942668,-0.07892692467364418,0.05211834765118426,-0.48516362385498507,False,True,shock
2015-01-15,46.25,-0.008429552365759705,0.02425455620033849,-1.5489373687534471,False,-0.13178149798083139,-0.08049994936042389,0.05105244123661203,-1.004487687135932,False,False,
2015-01-16,48.68999862670898,-0.00918968116202124,0.024528833129197198,2.5254527151665864,True,-0.07591573551441255,-0.08249379903050168,0.05007389090008371,0.13136713360690985,False,True,shock
2015-01-20,46.38999938964844,-0.008005486072365009,0.02534448942016482,-1.547954852673942,False,-0.07294167584130307,-0.08298324412417966,0.04982384977925746,0.2015413968885455,False,False,
2015-01-21,47.77999877929688,-0.008572427767946013,0.025742390992186517,1.4969770752088647,False,-0.003129595763067483,-0.08343472448135898,0.049573436129432324,1.619922583308955,False,False,
2015-01-22,46.310001373291016,-0.008214064095945012,0.026091596593067482,-0.864335503673539,False,-0.04809866555385722,-0.0831813344039721,0.04993823121709342,0.7025212546596241,False,False,
2015-01-23,45.59000015258789,-0.008438216099519611,0.026213507676158945,-0.2712039860077169,False,-0.06558722490044178,-0.0834374094306722,0.04970478385949535,0.35912407507271377,False,False,
2015-01-26,45.150001525878906,-0.008734661282844242,0.026165832856291097,-0.03502842329216363,False,-0.06637715144663481,-0.08413999429000064,0.049062424960227,0.3620457581900096,False,False,
2015-01-27,46.22999954223633,-0.008643434408165694,0.026150339889235426,1.2452478852636681,False,0.0034729726171474073,-0.08463038206191273,0.04869231238099957,1.8093894163350377,False,False,
2015-01-28,44.45000076293945,-0.008093396879569026,0.02639778349112453,-1.1519798091519542,False,-0.03137935597867558,-0.08379528189359453,0.0496624808051641,1.055443164842231,False,False,
2015-01-29,44.52999877929688,-0.008371594201959903,0.0266088333174709,0.38225368438581814,False,-0.08147691419629988,-0.0832395744953878,0.05001618043476456,0.03524180142837846,False,False,
2015-01-30,48.2400016784668,-0.008355370997235167,0.026614736901245512,3.444334546120769,True,0.04302706331820105,-0.08322551269063815,0.05001653043405158,2.5242169921263797,True,True,shock+trend
2015-02-02,49.56999969482422,-0.007232079107540203,0.02863355019167979,1.2154454380850404,False,0.01807354883827239,-0.08140688504444289,0.05207986227828297,1.9101516311842879,False,False,
2015-02-03,53.04999923706055,-0.006257988282569907,0.02855714868371342,2.677498814621147,True,0.14356542218231283,-0.07980273239534107,0.053268889516431654,4.193219656076224,True,True,shock+trend
2015-02-04,48.45000076293945,-0.005312163595925979,0.029886400487840963,-2.7235952770914973,True,0.014022645474258244,-0.07657326841781135,0.05913071146121166,1.5321296100334993,False,True,shock
2015-02-05,50.47999954223633,-0.006618300861173635,0.03126176282299461,1.551964298688835,False,0.0900453043681042,-0.07516885044798471,0.060020176131466145,2.75264361860934,True,True,trend
2015-02-06,51.68999862670898,-0.006067711433054542,0.03175051483736486,0.9460502525020037,False,0.1338012382913938,-0.07292969085446896,0.06297698632924063,3.282642457120502,True,True,trend
2015-02-09,52.86000061035156,-0.005741667887781498,0.031933660793786144,0.8886123676179426,False,0.17076409355276478,-0.07001955854984798,0.06732946965762181,3.5762000402947725,True,True,trend
2015-02-10,50.02000045776367,-0.005455988516773812,0.032092127546037026,-1.5041333503756544,False,0.08198141797654035,-0.06683630726769914,0.07284504829310778,2.0429353639171084,True,True,trend
2015-02-11,48.84000015258789,-0.00580363052951955,0.03247477536062644,-0.5477155402195518,False,0.0987626392418115,-0.06470630326526727,0.0748295905369262,2.1845494721290994,True,True,trend
2015-02-12,51.209999084472656,-0.006378148235973514,0.03240217103564808,1.6944520377995849,False,0.15001123935088612,-0.06281739540828904,0.0771397313996308,2.7590015015296485,True,True,trend
2015-02-13,52.77999877929688,-0.005555721591543419,0.033004999754401285,1.0972213617520592,False,0.09411270611245914,-0.060069945375384334,0.08095910581067155,1.904451018127723,False,False,
2015-02-17,53.52999877929688,-0.005145301096866922,0.033263834053395065,0.5818700693816139,False,0.0798870104670617,-0.058077997408049004,0.08289326203174324,1.6643693889411448,False,False,
2015-02-18,52.13999938964844,-0.005024970886838805,0.03331798820486742,-0.6285423295264014,False,-0.017153626022606727,-0.0569444113662824,0.08419815401023358,0.4725850086789247,False,False,
2015-02-19,51.15999984741211,-0.005498926591050178,0.03336022546167968,-0.39857690128185697,False,0.05593393275125802,-0.057241602482503685,0.0840152091676534,1.3470838953446929,False,False,
2015-02-20,50.34000015258789,-0.005574352268408491,0.033384118253648405,-0.31313658562676294,False,-0.002773363528486228,-0.05624108164437497,0.08491747429393318,0.6296432926256813,False,False,
2015-02-23,49.45000076293945,-0.005692728499898574,0.03340551425623132,-0.358834075802427,False,-0.04333522776710008,-0.055921967323731996,0.08507478619891862,0.1479491176998327,False,False,
2015-02-24,49.27999877929688,-0.005637091745298114,0.033381702847775425,0.06588147161120574,False,-0.06772610271884127,-0.05586623143366461,0.08508173711064515,-0.13939385452078176,False,False,
2015-02-25,50.9900016784668,-0.005413826607962283,0.033339073022062814,1.203199668934668,False,0.019392267329589208,-0.05586436423296757,0.08508147173849344,0.8845243273866452,False,False,
2015-02-26,48.16999816894531,-0.005208536677635006,0.03354012450864581,-1.4936286856595893,False,-0.013718304290526895,-0.05530111505595484,0.08544203963229384,0.4866785828660301,False,False,
2015-02-27,49.7599983215332,-0.005815451272296699,0.03403230419379875,1.1407852903270532,False,-0.02831479767354861,-0.054805097309084304,0.08557569735595723,0.3095540025265317,False,False,
2015-03-02,49.59000015258789,-0.005501984742491472,0.034282614247470075,0.06083616307947475,False,-0.06043953581825923,-0.05479419844251075,0.08557906320970385,-0.06596633760660688,False,False,
2015-03-03,50.52000045776367,-0.005335626937535525,0.034261774901566115,0.7030988355755635,False,-0.056230121243667,-0.05500746657866844,0.08557285257334522,-0.014287880188995827,False,False,
2015-03-04,51.52999877929688,-0.005178599854555743,0.034345851872214256,0.7328584798791411,False,-0.011699283035907726,-0.05518731766617497,0.08556089810263896,0.5082699643720305,False,False,
2015-03-05,50.7599983215332,-0.004782024299564053,0.034463854204357706,-0.2948229954978166,False,-0.007818638136668055,-0.054529034492795045,0.08570482624182608,0.5450147722641453,False,False,
2015-03-06,49.61000061035156,-0.0044681746126897836,0.03425939117167714,-0.5308738649818728,False,-0.014501381406904934,-0.05349751649435616,0.08579641999047947,0.45451937378947155,False,False,
2015-03-09,50.0,-0.005059518450500648,0.03418437070415848,0.37797461434095875,False,0.011122330203738873,-0.05290947578439224,0.08591200590228758,0.7453184839026805,False,False,
2015-03-10,48.290000915527344,-0.0049230470677623815,0.03421565311702079,-0.855659090345605,False,-0.020089242863079115,-0.05222974038424778,0.08621779913372203,0.3727826254451174,False,False,
2015-03-11,48.16999816894531,-0.005197485253445818,0.03436853354615024,0.07892224672411255,False,-0.05530502876434262,-0.05205194307149536,0.0862708372044278,-0.0377078257063709,False,False,
2015-03-12,47.04999923706055,-0.005225258171595713,0.03436544752520932,-0.5245299545732568,False,-0.0232509648008834,-0.052094546224344035,0.0862716551065827,0.33433439277160465,False,False,
2015-03-13,44.84000015258789,-0.0057140499710590775,0.03435754138696245,-1.2008204541591634,False,-0.098874564608179,-0.05200580809848982,0.08629820482519032,-0.5431023345691689,False,False,
2015-03-16,43.880001068115234,-0.0065043984339092364,0.03461823422274357,-0.4305545113214493,False,-0.11514416347858547,-0.052961347010683536,0.0864166101985127,-0.7195701882434189,False,False,
2015-03-17,43.459999084472656,-0.006662640504622102,0.03465940413821328,-0.08392998487745772,False,-0.13974666091290722,-0.05421753228865039,0.08662920524137274,-0.9873013192946789,False,False,
2015-03-18,44.65999984741211,-0.006492909470056442,0.03461292281070108,0.9853118924370156,False,-0.13332037831611443,-0.055422193783584026,0.08718766455483283,-0.8934541936668091,False,False,
2015-03-19,43.959999084472656,-0.006052771174803205,0.034836184158674795,-0.2761848745956866,False,-0.13396374038444125,-0.056596879617300526,0.08764065946824154,-0.8827736034457414,False,False,
2015-03-20,45.720001220703125,-0.004897483939280218,0.03298820482079528,1.362121107721898,False,-0.0784115972946946,-0.056934920584986747,0.08789252734093686,-0.24435156616215392,False,False,
2015-03-23,47.45000076293945,-0.004938116339453722,0.03293013201024403,1.299026843439867,False,-0.050999984741210924,-0.05678107684711794,0.08784404300568285,0.06581086102256269,False,False,
2015-03-24,47.5099983215332,-0.0040239338516328185,0.03315552662242584,0.15950195498510217,False,-0.016152465918536252,-0.05591691972371036,0.08757386124453158,0.4540676092166387,False,False,
2015-03-25,49.209999084472656,-0.00410675571028404,0.0331341630142368,1.2038545732950183,False,0.021590221197015147,-0.05484023334286666,0.0875595348345804,0.8728969915643806,False,False,
2015-03-26,51.43000030517578,-0.0035168698795022793,0.033447952714625535,1.4538910017779356,False,0.0930924790465284,-0.053163250634621614,0.0878058112548283,1.665672551634305,False,False,
2015-03-27,48.869998931884766,-0.00272178173263448,0.033888736991759406,-1.3885037906759152,False,0.08987508397821209,-0.05020374903392789,0.08895276477741176,1.574755246367687,False,False,
2015-03-30,48.68000030517578,-0.002820461833080324,0.0340162995239802,-0.03137836661389093,False,0.10938922334139134,-0.04665975126482979,0.08917082743481308,1.7500002982511098,False,False,
2015-03-31,47.59999847412109,-0.003035133498371003,0.0339709197584355,-0.563735296544169,False,0.09525999716662592,-0.04309689129791836,0.0900035854838212,1.5372375191587777,False,False,
2015-04-01,50.09000015258789,-0.0027292508798260197,0.03368890653639185,1.6337785297044352,False,0.12158531848921239,-0.03946026709290048,0.0900103491088373,1.7891896562625516,False,False,
2015-04-02,49.13999938964844,-0.0018151653600311784,0.034242736489447693,-0.5008569121875656,False,0.11783440430064607,-0.0353530389130986,0.09023994742444144,1.6975568757064006,False,False,
2015-04-06,52.13999938964844,-0.0015920916744340508,0.03407311031798292,1.8384630254819068,False,0.14041990370809931,-0.03210088556370132,0.09131491846091046,1.8892946758272835,False,False,
2015-04-07,53.97999954223633,-0.0003398733606742077,0.034629437057735836,1.02887845247768,False,0.1376185178988889,-0.027699151552407267,0.09157128809163917,1.8053439336340442,False,False,
2015-04-08,50.41999816894531,0.00012588506999631656,0.03487300297596639,-1.8947683713319192,False,0.061250262054696636,-0.023681224145109245,0.09213152297838476,0.9218504530716582,False,False,
2015-04-09,50.790000915527344,-0.000882185864654601,0.035677308063867416,0.2304153212743846,False,0.03210733307152669,-0.020705654908999654,0.09120574858784991,0.5790532811608532,False,False,
2015-04-10,51.63999938964844,-0.0002271122054391735,0.03536569093778911,0.47963603370188085,False,0.0040832020849030926,-0.017743006935175196,0.08921637720549462,0.24464352514343146,False,False,
2015-04-13,51.90999984741211,-0.0005978235572891544,0.035034269732910704,0.16630395218392713,False,0.06220587235462216,-0.015801161162840707,0.08806260782706296,0.8858133485060176,False,False,
2015-04-14,53.290000915527344,-0.00023086962119315342,0.03494798628464679,0.7672935196833816,False,0.09470009411362756,-0.01332437950558466,0.08760216451188431,1.2331256221934719,False,False,
2015-04-15,56.38999938964844,-0.0003251974147772163,0.03486472641866786,1.6778400049581632,False,0.18466389069962363,-0.010661941230997934,0.08781296806416729,2.224339254629131,True,True,trend
2015-04-16,56.709999084472656,0.0007492182914361504,0.03541230453476923,0.1390912410835309,False,0.13216208647870697,-0.007083904673009682,0.0902310667258608,1.543215615246715,False,False,
2015-04-17,55.7400016784668,0.0010899248787768542,0.035334000967498384,-0.514927435645072,False,0.13431018255585658,-0.004160775790347351,0.09115120838883123,1.519134642247604,False,False,
2015-04-20,56.380001068115234,0.001134718952085909,0.0353084272531118,0.29305043342469805,False,0.08131955750096509,-0.001401282665346728,0.09217669884966967,0.897415954342438,False,False,
2015-04-21,55.2599983215332,0.0011609689487216768,0.03531547146576386,-0.5953826139339619,False,0.02371246369306368,0.00010985484858435572,0.09259607634079063,0.2548985850935225,False,False,
2015-04-22,56.15999984741211,0.001105509778419059,0.03534557002817621,0.4295068170644985,False,0.11384375023643245,0.001060146982144441,0.09246587828718081,1.219732136259003,False,False,
2015-04-23,57.7400016784668,0.0014678382684759036,0.035360244108606304,0.7541265118027745,False,0.13683797278323584,0.0034705735421193575,0.09302397674686148,1.4336884307154298,False,False,
2015-04-24,57.150001525878906,0.0025135458305233656,0.034966283824157694,-0.36411555329446327,False,0.10670027500687729,0.006297975096044377,0.09381923388386902,1.0701675525842869,False,False,
2015-04-27,56.9900016784668,0.00293951991667607,0.03460738018915829,-0.16583651187543344,False,0.0978617192446003,0.00974706677483771,0.09266968220429743,0.9508466024034384,False,False,
2015-04-28,57.060001373291016,0.0027018988550829627,0.03458447454195285,-0.04260925173865277,False,0.07074498767113346,0.01264677376045308,0.09196696436470649,0.6317291683161864,False,False,
2015-04-29,58.58000183105469,0.0026799067893146056,0.034584885670923576,0.6927513604566005,False,0.03883671688438195,0.01553448428050428,0.09030880358783433,0.25802836133482737,False,False,
2015-04-30,59.630001068115234,0.003152599067830786,0.03466785033453274,0.42608911193515736,False,0.05149007284047169,0.017838362454482417,0.0886321257356134,0.3796784755718392,False,False,
2015-05-01,59.150001525878906,0.0040229643400092755,0.03419897608751538,-0.3530104507054919,False,0.061176888136504015,0.02063464763784405,0.08627923240447125,0.4698957022311078,False,False,
2015-05-04,58.93000030517578,0.003967730645639338,0.03421529810681537,-0.22466876449885773,False,0.04522879015166703,0.023370379554976093,0.08421663178161916,0.2595498078499701,False,False,
2015-05-05,60.400001525878906,0.003165614731245503,0.03366937424607492,0.6468565621885869,False,0.09301489975512345,0.025362934771524005,0.08291506381327067,0.8159188677217378,False,False,
2015-05-06,60.93000030517578,0.004111524214366797,0.03326359019002996,0.14019201667904155,False,0.08493590581773258,0.02836022007467007,0.08120309992848727,0.696718300075819,False,False,
2015-05-07,58.93999862670898,0.0035250987069149887,0.03277855973373763,-1.1039397821737977,False,0.02078276607826468,0.03050490862576534,0.08053320374829684,-0.12072216297127343,False,False,
2015-05-08,59.38999938964844,0.0037194607612261138,0.03251565586923464,0.12041692495910378,False,0.03919506218657243,0.03175456785135958,0.07962839128046437,0.09344021919275246,False,False,
2015-05-11,59.25,0.0034217481565008787,0.03237403129540263,-0.17850841804676373,False,0.03965604939413647,0.032318896624021445,0.0795277397387218,0.09225903809438445,False,False,
2015-05-12,60.75,0.0038005304021411844,0.032133926277444734,0.6695703820408525,False,0.06466874409218337,0.03348895948999469,0.07897220805012926,0.3948197140745598,False,False,
2015-05-13,60.5,0.004345382129671054,0.03214786972971372,-0.2631778882474318,False,0.0327756590804249,0.035225705743229696,0.07819232878385267,-0.03133359372858004,False,False,
2015-05-14,59.880001068115234,0.004419195233864093,0.032121643327377554,-0.4566114913200428,False,0.004192520468252692,0.03654774321692382,0.07728420341163773,-0.4186524712733076,False,False,
2015-05-15,59.68999862670898,0.003963620070299678,0.03208360400080202,-0.22243989413471135,False,0.009129282956887419,0.03655733718827189,0.07728008661561461,-0.35491748822448366,False,False,
2015-05-18,59.43000030517578,0.0044346874977744845,0.031708838363532735,-0.27722548131178193,False,0.008484642752599525,0.037097452374079395,0.07693966544680148,-0.3718863274920746,False,False,
2015-05-19,57.2599983215332,0.00435261361977122,0.03172371363300536,-1.2881906774943714,False,-0.05198680670563127,0.038296939800064725,0.07575829287594668,-1.1917341729642004,False,False,
2015-05-20,58.97999954223633,0.0027549034159657887,0.030693943041935286,0.8888900322237645,False,-0.032003951307609135,0.03703008819974696,0.07646921424909421,-0.9027690448404707,False,False,
2015-05-21,60.720001220703125,0.002787810143785389,0.030722217038736937,0.8695252836322654,False,0.03020024831129753,0.036362388197801875,0.07685462982957746,-0.08017916292315352,False,False,
2015-05-22,59.720001220703125,0.0022451142926010227,0.02986271946688589,-0.626672737907579,False,0.00555652187988076,0.03485085254618834,0.07582564025735525,-0.3863380588265586,False,False,
2015-05-26,58.02999877929688,0.0031816687584249738,0.02808365406320737,-1.1209522943318726,False,-0.02059073790216237,0.034737970898263304,0.07586335860573859,-0.7293205813358282,False,False,
2015-05-27,57.5099983215332,0.0022457006697430824,0.027945283453956582,-0.40101905093790274,False,-0.053333360962416365,0.03326282366799308,0.07584903210489269,-1.14169136015677,False,False,
2015-05-28,57.68000030517578,0.0018066238494089978,0.027857908079002867,0.04126003921693762,False,-0.04661156520370613,0.030767695677942283,0.07557452034460631,-1.0238802777551588,False,False,
2015-05-29,60.29999923706055,0.0015442380386404301,0.02775155279287174,1.5811283465449795,False,0.007013997352263823,0.02786935356118933,0.07429034810933118,-0.2807276683941933,False,False,
2015-06-01,60.20000076293945,0.00286623580748532,0.027442909312057395,-0.16487265489710604,False,0.008544180733190299,0.026869787952865647,0.07405640895629276,-0.24745471023974322,False,False,
2015-06-02,61.2599983215332,0.003158665409495714,0.027273509020628344,0.5297912792750195,False,0.030792495489824878,0.025666875172750698,0.07360419597615281,0.06963761031687435,False,False,
2015-06-03,59.63999938964844,0.002746427491353609,0.026808212443050976,-1.0888854651587871,False,0.041564812048207944,0.02407729192126988,0.07215561170083117,0.2423584211224506,False,False,
2015-06-04,58.0,0.0019850579637752,0.026815667453399777,-1.0994830292950468,False,-0.016615794334391865,0.02337665333374653,0.07172017952969904,-0.5576177852647131,False,False,
2015-06-05,59.130001068115234,0.0014289480750800277,0.026990626228935374,0.6688925558175797,False,-0.0261857727375302,0.02208994926972715,0.07155812531414811,-0.6746364832130743,False,False,
2015-06-08,58.13999938964844,0.002034941593009747,0.026877204244535643,-0.6986492967496818,False,-0.0264568285123703,0.021969520646861505,0.07163262425736638,-0.6760376247733497,False,False,
2015-06-09,60.13999938964844,0.002062311508084386,0.026856742643401415,1.2040705786481274,False,0.0363605144707384,0.02087097716334646,0.07173640295508942,0.21592297173150946,False,False,
2015-06-10,61.43000030517578,0.0027346830578956474,0.02702841344430195,0.6924299325976726,False,0.06816209525387573,0.02139276220333612,0.07170441419450767,0.6522517975486367,False,False,
2015-06-11,60.77000045776367,0.0032564128031235652,0.02700668005871054,-0.5184030922317295,False,0.05357143093341166,0.022879393176949137,0.07149982097528498,0.4292603441213048,False,False,
2015-06-12,59.959999084472656,0.003158998434944548,0.027044303383097906,-0.6096650337920971,False,-0.005638476897010025,0.02449669362564584,0.07079100151839787,-0.42569210600621377,False,False,
2015-06-15,59.52000045776367,0.002518615732067642,0.026855333100165385,-0.36703392907298843,False,-0.01129568598933317,0.024162950369291183,0.07087434596627429,-0.5003028370166185,False,False,
2015-06-16,59.970001220703125,0.0031581734130288774,0.026017760366640573,0.16920454166529028,False,-0.02105773973514191,0.024195251946640434,0.07085739799807925,-0.6386487926498378,False,False,
2015-06-17,59.91999816894531,0.0028188720248035317,0.02578814233930642,-0.14164157527452736,False,0.00469481526093829,0.02429201271915252,0.07078964544117058,-0.2768370619188988,False,False,
2015-06-18,60.45000076293945,0.0028533061708275595,0.025781427439855533,0.2324101037532623,False,0.04224139246447334,0.025160470733541822,0.07013258843715656,0.24355185102339624,False,False,
2015-06-19,59.61000061035156,0.002721191281447878,0.02572416997038108,-0.6459674029179246,False,0.008117698859558375,0.02647342424965036,0.06950723839526622,-0.26408365249254523,False,False,
2015-06-22,59.68000030517578,0.002269353509111774,0.02571432602842572,-0.042585562044529755,False,0.02648780412270746,0.02673765067492324,0.06939774695634919,-0.00360021129177196,False,False,
2015-06-23,61.0099983215332,0.002484247582646278,0.02563576589314497,0.7724068762429983,False,0.014466227813672239,0.027195069905048243,0.06927986055535675,-0.18373076950992515,False,False,
2015-06-24,60.27000045776367,0.0030834619753421586,0.025565335715841936,-0.5950473961274585,False,-0.01888327920640387,0.02758130469465595,0.06912483545600673,-0.6721836456396539,False,False,
2015-06-25,59.70000076293945,0.0028169229039236797,0.025619001510921433,-0.47911154057167626,False,-0.01760736690413367,0.02718122990252071,0.06930797194041799,-0.6462257595007659,False,False,
2015-06-26,59.630001068115234,0.003146823508077962,0.025293120988822314,-0.17077163772763038,False,-0.005503636114011834,0.027214321581973313,0.06928568616960883,-0.47221813775348614,False,False,
2015-06-29,58.33000183105469,0.0031643237638505524,0.025289625477558867,-0.98718019475459,False,-0.019993256343360133,0.027878340150644394,0.06872048942226859,-0.6966131483704471,False,False,
2015-06-30,59.470001220703125,0.0031836553793242422,0.025269706832249716,0.6474276727218102,False,-0.008337501914663759,0.02792177626341137,0.06868875766033923,-0.5278779150057503,False,False,
2015-07-01,56.959999084472656,0.004070525396487358,0.024645170861272526,-1.877719374530939,False,-0.04939918516230413,0.0291289370993249,0.06720992648486071,-1.1684006569969658,False,False,
2015-07-02,56.93000030517578,0.0037932353422759535,0.02504940746535523,-0.1724551496513734,False,-0.05822994893858968,0.030005536810208653,0.06571490416184322,-1.3427012771941542,False,False,
2015-07-06,52.52999877929688,0.003913834539595472,0.025005929041832853,-3.2473001986868297,True,-0.11877204761888904,0.03109242630319956,0.06350636180110686,-2.359834033501138,True,True,shock+trend
2015-07-07,52.33000183105469,0.0025151740220804206,0.02654861984814736,-0.23814662431368577,False,-0.1231568102636833,0.03128640404582923,0.0630177215927196,-2.450790196885748,True,True,trend
2015-07-08,51.650001525878906,0.0026733967974552986,0.02647400865905721,-0.5918204765305086,False,-0.15341742424455584,0.03143049644743934,0.06264602383643138,-2.950672833995541,True,True,trend
2015-07-09,52.77999877929688,0.0019663180004446446,0.0261690448742416,0.7608857503784772,False,-0.12427412678909255,0.030430418754774518,0.0649785052773936,-2.38085725246268,True,True,trend
2015-07-10,52.7400016784668,0.0017535041637299553,0.025937249264224055,-0.09682260648283958,False,-0.11658289774752029,0.029453430194136095,0.06674621689432131,-2.1879341592179586,True,True,trend
2015-07-13,52.20000076293945,0.0017265408920201948,0.025938815621068458,-0.4612957642342491,False,-0.12460171343429138,0.02811435776974964,0.06865370213583018,-2.2244404373400704,True,True,trend
2015-07-14,53.040000915527344,0.001112929120687669,0.025665204522277343,0.583631725094712,False,-0.09069090947140968,0.026165131974665554,0.07088067184137366,-1.6486305562621,False,False,
2015-07-15,51.40999984741211,0.0007259844421643002,0.02520755839354243,-1.2479402779550808,False,-0.1355305398999237,0.02371468679442638,0.07170763340274101,-2.220756970181405,True,True,trend
2015-07-16,50.90999984741211,0.0009799161557758943,0.02478431308000703,-0.4319526808357497,False,-0.10621487595335621,0.020709278476051238,0.07359598210434502,-1.7246071157723433,False,False,
2015-07-17,50.88999938964844,0.0009020775348237079,0.024808962648383184,-0.052196324113039594,False,-0.10609522015017836,0.017834557152121268,0.07429279926870785,-1.668126366514485,False,False,
2015-07-20,50.150001525878906,0.001192649280180924,0.02466208370970372,-0.6379742638859629,False,-0.045307392132588054,0.015149820921230545,0.07509097068555408,-0.8051196102789132,False,False,
2015-07-21,50.36000061035156,0.0003012881237947681,0.023988465720259772,0.16199998888111597,False,-0.03764573192760812,0.012924584779606538,0.07436356732799505,-0.6800415650336459,False,False,
2015-07-22,49.18999862670898,0.0006099987361513055,0.02388592562896988,-0.9981929358156938,False,-0.04762832190696764,0.01085151629656315,0.07356230458330612,-0.7949701757549603,False,False,
2015-07-23,48.45000076293945,-0.0005137722678546819,0.02296899563765474,-0.6325872068570747,False,-0.08203861531834444,0.00834420662169559,0.07227995178652204,-1.2504549284562974,False,False,
2015-07-24,48.13999938964844,-0.001184882578682059,0.022641742374593994,-0.23026030382371931,False,-0.08722036675050948,0.005415444845465813,0.07141606766833375,-1.297128428103729,False,False,
2015-07-27,47.38999938964844,-0.0003908558996784025,0.021346977153666992,-0.7115154434417029,False,-0.09214561883121619,0.0034358364613963975,0.0719035392172078,-1.329301121101675,False,False,
2015-07-28,47.97999954223633,-0.0006964288643503528,0.02139880841267141,0.6143480483943623,False,-0.09539972258578355,0.0017791304360264926,0.07266144296230716,-1.3374198069837562,False,False,
2015-07-29,48.790000915527344,-0.0007535710003923442,0.021357311883671133,0.8257422123430647,False,-0.05096282706985167,0.0004526914404173373,0.07352175394258643,-0.6993238837911795,False,False,
2015-07-30,48.52000045776367,-0.0005981903470195515,0.021443638430155124,-0.23017268421903425,False,-0.046945578409188116,-0.0010562245519089805,0.07339844174436204,-0.6252088295975853,False,False,
2015-07-31,47.119998931884766,-0.0010264359996183625,0.021212917148053134,-1.3118269294984262,False,-0.0740813618192051,-0.002944833518879856,0.07272045322559322,-0.978218989912586,False,False,
2015-08-03,45.16999816894531,-0.0021867872969522145,0.020291130041309904,-1.9317273577766816,False,-0.09930215763530459,-0.006394770219130906,0.06977785959123163,-1.3314737362314928,False,False,
2015-08-04,45.7400016784668,-0.0028142336702423475,0.020766750232890617,0.7431739011967009,False,-0.09173945345296752,-0.00948096014065106,0.06867684948434186,-1.1977616027810243,False,False,
2015-08-05,45.150001525878906,-0.00241791907362888,0.02077397034925378,-0.5045293667269224,False,-0.08213045768690974,-0.012494955287435381,0.06722601742319631,-1.0358415546336774,False,False,
2015-08-06,44.65999984741211,-0.0027429972875021667,0.020744261227423115,-0.3909395765147313,False,-0.07822499186473497,-0.014674288823273712,0.06679159775410115,-0.951477508824216,False,False,
2015-08-07,43.869998931884766,-0.0026228306371286585,0.02066970536077642,-0.7289120480749685,False,-0.08869963672417192,-0.016033454897377696,0.06703662738418584,-1.0839772921502373,False,False,
2015-08-10,44.959999084472656,-0.003075842649972788,0.020621935567012927,1.3539942918639734,False,-0.05127664774156071,-0.018734033390185752,0.0658021807811053,-0.4945522164323067,False,False,
2015-08-11,43.08000183105469,-0.0031196799222347133,0.02055809024039779,-1.8822374066132386,False,-0.10212583905650563,-0.021242228330516373,0.06333087097604417,-1.2771592981341544,False,False,
2015-08-12,43.29999923706055,-0.0035409687813077926,0.021023993333826912,0.4113246375606161,False,-0.11252309029409369,-0.024026576518028146,0.06221047229636022,-1.4225340285873904,False,False,
2015-08-13,42.22999954223633,-0.0034355505818965087,0.02104756945918222,-1.0108416196968735,False,-0.1296372806303402,-0.026831707311877402,0.061377794567927794,-1.6749636255614595,False,False,
2015-08-14,42.5,-0.0037814117826668364,0.0211825873301444,0.4803465041538212,False,-0.0980475177548984,-0.02950347088923038,0.06143417612781139,-1.1157315225171216,False,False,
2015-08-17,41.869998931884766,-0.004051345961317261,0.02091702872652012,-0.514997073600267,False,-0.07305732501289586,-0.03132859401775412,0.06140976309544236,-0.6795129779329618,False,False,
2015-08-18,42.619998931884766,-0.004487982590296736,0.020793532008471793,1.077285456632714,False,-0.0682116885022076,-0.03298922598913235,0.06082110389804723,-0.5791158044766453,False,False,
2015-08-19,40.79999923706055,-0.0041418196748731675,0.02094896148140288,-1.8407180054095302,False,-0.09634556238774528,-0.034714407010981836,0.05994270241328927,-1.0281677818232606,False,False,
2015-08-20,41.13999938964844,-0.00466160063702441,0.021416741514768096,0.6067654062652609,False,-0.07881774450941126,-0.03660206504484067,0.05961947815096745,-0.7080853568975016,False,False,
2015-08-21,40.45000076293945,-0.004883087746064951,0.02119112846891402,-0.5610308669830772,False,-0.07795756216578464,-0.0388931669683678,0.05784644174583697,-0.6753119814880953,False,False,
2015-08-24,38.2400016784668,-0.005223711465110575,0.021173937252634407,-2.333605534391878,True,-0.1494661375188211,-0.0410650798748147,0.05616796698850581,-1.9299444764698275,False,True,shock
2015-08-25,39.310001373291016,-0.005516709748273328,0.02170413152645084,1.543386891424441,False,-0.08751161322017464,-0.043335065256109175,0.05706768964240003,-0.7741078750670726,False,False,
2015-08-26,38.59999847412109,-0.00524542619780166,0.021995931185586983,-0.5826627096652099,False,-0.10854505417442872,-0.045024487594865804,0.05646377136131723,-1.1249791689097168,False,False,
2015-08-27,42.560001373291016,-0.005454817479243892,0.02204276515652346,4.901634139394486,True,0.007814393431963884,-0.04700050230911334,0.0560519636710188,0.977929980523034,False,True,shock
2015-08-28,45.220001220703125,-0.004424493518678235,0.025095152734349913,2.666829272775569,True,0.0640000287224265,-0.04775856031791626,0.05489380756063918,2.0359052142063043,True,True,shock+trend
2015-08-31,49.20000076293945,-0.003536290575538121,0.026258166996677264,3.486550722211473,True,0.17506572768199335,-0.047342235389356245,0.0556263657926536,3.9982472322634157,True,True,shock+trend
2015-09-01,45.40999984741211,-0.002226129818735765,0.028291450132419647,-2.6441348029201626,True,0.06546224742957696,-0.045063925959839705,0.061004853507961046,1.8117603278072483,False,True,shock
2015-09-02,46.25,-0.003210922943160406,0.029580951877248584,0.733886273208274,False,0.1335784525698953,-0.04431281976687051,0.06201946493554848,2.8683135612606945,True,True,trend
2015-09-03,46.75,-0.002906203715595336,0.029686521893744537,0.46206202853613676,False,0.13636365322268662,-0.042644902302639905,0.06506584241730302,2.7511909302156763,True,True,trend
2015-09-04,46.04999923706055,-0.002275211857614295,0.029464653267219355,-0.430959304997453,False,0.13844248129784575,-0.04013356283692899,0.06825701673573434,2.616229842364111,True,True,trend
2015-09-08,45.93999862670898,-0.0028753681481107234,0.02925524280247588,0.016634520231056944,False,0.2013597439923258,-0.03786094373552293,0.07130098534512208,3.3550824938804937,True,True,trend
2015-09-09,44.150001525878906,-0.0033005718260847713,0.0290090235169562,-1.229384095680836,False,0.12312388663197571,-0.03557881712644255,0.07608734860941371,2.0857962152565164,True,True,trend
2015-09-10,45.91999816894531,-0.0036005020406445548,0.029262199056690225,1.4930875414451044,False,0.18963730528983924,-0.034011252263081285,0.07812993330217552,2.8625207791735443,True,True,trend
2015-09-11,44.630001068115234,-0.0026886448339360713,0.02954634147270361,-0.8597892794696496,False,0.048637209305243845,-0.03120821168718793,0.08227890018118744,0.9704240189964028,False,False,
2015-09-14,44.0,-0.002943729928610243,0.029683490017127313,-0.37638293497915415,False,-0.026979239004190303,-0.029848604083619133,0.0827495094924828,0.03467531224084768,False,False,
2015-09-15,44.59000015258789,-0.00317135834528933,0.029703088629134046,0.5582063511746747,False,-0.0936991979444054,-0.029586839734292245,0.0827268147579399,-0.7749888400478978,False,False,
2015-09-16,47.150001525878906,-0.003598210484530555,0.02922144509603035,2.0878576218621068,True,0.03831758829142462,-0.030929682338247836,0.0829417938490108,0.8348899561508377,False,True,shock
2015-09-17,46.900001525878906,-0.002810605739331414,0.030058508389338538,-0.08289237084276878,False,0.014054087046030395,-0.030532703570804714,0.08320411450026644,0.535872425115375,False,False,
2015-09-18,44.68000030517578,-0.0031160745314324024,0.029964466274533325,-1.4757047346894057,False,-0.04427806833848591,-0.030755882350055306,0.08305972222600773,-0.16280076101911795,False,False,
2015-09-21,46.68000030517578,-0.003394609650104785,0.030279682040447075,1.59041850789222,False,0.013680805180301014,-0.031900454088544555,0.08264006988172502,0.5515636583328372,False,False,
2015-09-22,45.83000183105469,-0.002431128711430501,0.03064974272777785,-0.514781534732732,False,-0.002394357835055261,-0.03149649942834865,0.08278970403935249,0.3515188504534362,False,False,
2015-09-23,44.47999954223633,-0.002933686409410088,0.03059453210146599,-0.866921253325048,False,0.0074744734983529515,-0.03117928056298232,0.08285588112728544,0.46651792890783855,False,False,
2015-09-24,44.90999984741211,-0.003103205586379071,0.0307070958774352,0.41588038103174246,False,-0.02199473784422412,-0.030726863202839343,0.08297456796998487,0.1052385757738922,False,False,
2015-09-25,45.70000076293945,-0.003432971613256693,0.030430462143678942,0.690877745766645,False,0.023974897360884206,-0.031504933233705505,0.08260977709484256,0.6715891574298097,False,False,
2015-09-28,44.43000030517578,-0.003484427721018696,0.03039105531355254,-0.7997588742961217,False,0.009772734208540523,-0.03209409587227873,0.08204499685752266,0.51029108031443,False,False,
2015-09-29,45.22999954223633,-0.0037117078577791184,0.03050958765090375,0.7118268104029554,False,0.01435298020763276,-0.03267807849527701,0.08158157109996744,0.5764912108064139,False,False,
2015-09-30,45.09000015258789,-0.003293910493679536,0.030590550966577902,0.006493286790735302,False,-0.04369037765906236,-0.03241152573388177,0.08170367971487105,-0.13804582565364806,False,False,
2015-10-01,44.7400016784668,-0.00323733815475843,0.030586893710627207,-0.14793529844118014,False,-0.046055432348338976,-0.03284345495614483,0.08167616479211218,-0.16176050168151485,False,False,
2015-10-02,45.540000915527344,-0.0034416410352284613,0.030564961344488006,0.6976195329638676,False,0.019247999204958344,-0.033176757524320796,0.08167842496141758,0.6418433846397382,False,False,
2015-10-05,46.2599983215332,-0.0031921093805283083,0.030662776786541623,0.6197197636086322,False,-0.008997471741575946,-0.03298271507173386,0.08178682680442641,0.2932653615173611,False,False,
2015-10-06,48.52999877929688,-0.0030992420604725756,0.030710237026505143,1.6987731140205788,False,0.05891330657579541,-0.03366589992781452,0.08136287691848397,1.137855616835715,False,False,
2015-10-07,47.810001373291016,-0.002259691834980681,0.03126673222377416,-0.40223067766316356,False,0.07486514984993775,-0.03298862515826469,0.08192486262218927,1.3164962571324512,False,False,
2015-10-08,49.43000030517578,-0.0024731641710907743,0.031297610007796045,1.1616626799308183,False,0.10064574645114654,-0.03234359388190162,0.08258724598884463,1.6102890796359952,False,False,
2015-10-09,49.630001068115234,-0.0023185160122944012,0.03144988616536382,0.20237457214016655,False,0.08599562887453671,-0.031194533633401966,0.08383738414799195,1.3978270397973238,False,False,
2015-10-12,47.09999847412109,-0.0021028458027241084,0.031437158992171005,-1.5546709196015596,False,0.060094489097590076,-0.029796148192322753,0.08491328029728124,1.058616943959836,False,False,
2015-10-13,46.65999984741211,-0.0026564437534555892,0.03193013122489996,-0.20937443844223283,False,0.031616191015886086,-0.028760123445633105,0.08553574263807816,0.7058606449117485,False,False,
2015-10-14,46.63999938964844,-0.002765367391610649,0.03193893346122083,0.07316227138937334,False,0.03437567602162872,-0.028265192417234464,0.08577917479191438,0.7302572983573137,False,False,
2015-10-15,46.380001068115234,-0.0024804013760570095,0.031862049741213185,-0.09711166731254278,False,0.03665622101301258,-0.027540273319034612,0.08607923641289457,0.7457837337696298,False,False,
2015-10-16,47.2599983215332,-0.002815315256250496,0.03175926435944844,0.6860659904466171,False,0.03776893657064928,-0.026940357013332264,0.08637116922724906,0.7492001574475218,False,False,
2015-10-19,45.88999938964844,-0.0019995842519742314,0.0315186293520872,-0.8562862211442817,False,-0.00799824784499692,-0.025778115390226213,0.08665090102208525,0.20518964414112242,False,False,
2015-10-20,45.54999923706055,-0.0023790760960366326,0.031671628016015155,-0.15881560930082905,False,-0.06140530841116809,-0.02510835937564498,0.08659078809634765,-0.4191779499123659,False,False,
2015-10-21,45.20000076293945,-0.0014473574452453283,0.03044216204432268,-0.20486301404041496,False,-0.05459110092830144,-0.02434346951954203,0.08600362043997077,-0.35170183829495644,False,False,
2015-10-22,45.380001068115234,-0.001499044649786779,0.030449513146012894,0.18001444531859798,False,-0.08193403220829987,-0.023429260061736942,0.0853006005338938,-0.6858658881694077,False,False,
2015-10-23,44.59999847412109,-0.0012726877005569811,0.03042599544575378,-0.5230907798637225,False,-0.1013500400108931,-0.022476148167920196,0.0842210729289065,-0.9365101761355223,False,False,
2015-10-26,43.97999954223633,-0.0017935705903259999,0.03035863378560277,-0.3988239824455808,False,-0.0662420176849694,-0.022170493677544204,0.08388757363643035,-0.525364152245381,False,False,
2015-10-27,43.20000076293945,-0.0019688174423697293,0.030390493097024133,-0.5187967559085006,False,-0.0741534311141786,-0.021499281943376858,0.08332142732276557,-0.6319400766723936,False,False,
2015-10-28,45.93999862670898,-0.0020687691995475116,0.03043036167403678,2.1522795311181824,True,-0.015008592883790306,-0.020826638179108688,0.0826790009701029,0.07036908074666036,False,True,shock
2015-10-29,46.060001373291016,-0.001437650284279884,0.031290784116830485,0.1294251008936068,False,-0.006899518918817127,-0.019817540624607097,0.0822756519853874,0.15700904695455078,False,False,
2015-10-30,46.59000015258789,-0.0009930675430382448,0.031105274478126103,0.40185374535151974,False,-0.014176855538313493,-0.01810246034485901,0.0811641396540582,0.04836624675968258,False,False,
2015-11-02,46.13999938964844,-0.0007099683719983855,0.031121339109197094,-0.2875446004706929,False,0.005447810052845448,-0.016875286739325108,0.08050703895928119,0.277281304600721,False,False,
2015-11-03,47.900001525878906,-0.0008335134689555298,0.031138450328188925,1.2517751085225064,False,0.051591708631826716,-0.015388046336618123,0.07986429356903102,0.8386695978291052,False,False,
2015-11-04,46.31999969482422,-0.00013103414908556784,0.03141806803235162,-1.0457164079669727,False,0.02477873701283384,-0.014096058326425923,0.0801569850360491,0.4849832528229019,False,False,
2015-11-05,45.20000076293945,-0.0006266720517641033,0.03164143868247616,-0.7443696008565261,False,-0.003966511699847741,-0.013263732073886696,0.08023321004512851,0.11587745733729932,False,False,
2015-11-06,44.290000915527344,-0.0006392965003275656,0.03165076756185864,-0.6158916401867169,False,-0.006950618143487519,-0.012681574604458432,0.08013884292783717,0.07151284260656823,False,False,
2015-11-09,43.869998931884766,-0.0007071508281219415,0.03168749937537438,-0.2769498129869988,False,-0.002501150784367856,-0.011680401308793673,0.07972864413356762,0.1151311504689334,False,False,
2015-11-10,44.209999084472656,-0.0007482791054179823,0.03169698642915424,0.2681155115785249,False,0.023379590363333147,-0.010550811762578452,0.0792426030121491,0.42818384096632406,False,False,
2015-11-11,42.93000030517578,-0.00043721597952675644,0.03166392823867135,-0.9005668033769831,False,-0.06552020921879653,-0.00901047563998446,0.07875642245569768,-0.7175254006820855,False,False,
2015-11-12,41.75,-0.000989250458696415,0.03179684704639321,-0.8333330194308479,False,-0.09357362667796776,-0.008612082128424634,0.07838822529223825,-1.0838559519978792,False,False,
2015-11-13,40.7400016784668,-0.0015808328051014708,0.03187250792131848,-0.7094121308051974,False,-0.12556339246537107,-0.009180226123199514,0.07885236764477123,-1.4759628634929014,False,False,
2015-11-16,41.7400016784668,-0.0018296014237649209,0.03197642240482203,0.8248421575476147,False,-0.0953618935714331,-0.01022846364394862,0.07987709349181639,-1.0658053041978375,False,False,
2015-11-17,40.66999816894531,-0.0011176012665524437,0.03196106155535933,-0.7671010660044356,False,-0.15093952247637077,-0.01051220406731166,0.0801443271522288,-1.7521803900396693,False,False,
2015-11-18,40.75,-0.0009076178977304054,0.03174393615710883,0.09055949694782008,False,-0.12025042598276636,-0.011200702265192543,0.08113310706544623,-1.344084155801017,False,False,
2015-11-19,40.540000915527344,-0.0010496442460465572,0.0317064051585765,-0.12942834419825525,False,-0.10309734001670534,-0.011580848565589861,0.08158112460994742,-1.121785117435812,False,False,
2015-11-20,40.38999938964844,-0.0009463689738846688,0.0316798910545246,-0.08692321291935694,False,-0.08805602721294215,-0.011860406996653802,0.08186158979889441,-0.9307859815998517,False,False,
2015-11-23,41.75,-0.0008510001325835651,0.03166042615324075,1.0904059377419089,False,-0.04832457222477726,-0.011991487467963231,0.08197708127345359,-0.4432102752672615,False,False,
2015-11-24,42.869998931884766,-0.00016618754003546214,0.03184621634391477,0.847589207155029,False,-0.030309888720593148,-0.01145315327463797,0.08159823418302711,-0.23109244501123635,False,False,
2015-11-25,43.040000915527344,-0.00013978512234424332,0.03186804664747158,0.12882209447072052,False,0.002562324937563476,-0.011173596487691735,0.08149580648908386,0.16854758566129535,False,False,
2015-11-27,41.709999084472656,0.000470620341318632,0.03149527040171246,-0.9960908039776463,False,-0.000958105761133976,-0.009777754301104146,0.08081060240564036,0.1091397450015121,False,False,
2015-11-30,41.650001525878906,-9.489612433659645e-06,0.031697446972525356,-0.045081102064423104,False,0.022336765093779798,-0.008290221173998018,0.07991561272618886,0.3832415872567183,False,False,
2015-12-01,41.84999847412109,0.00030081524530120693,0.03156600185513254,0.1425911363829774,False,0.002635284888142131,-0.006263900564343084,0.07871487521736581,0.11305595578867038,False,False,
2015-12-02,39.93999862670898,0.00027959227637574933,0.03156238499770991,-1.4548576691003363,False,-0.017949337966622902,-0.004921463195769211,0.07798355160219464,-0.16705926446272623,False,False,
2015-12-03,41.08000183105469,-0.00013128280427427826,0.031959728587211425,0.8971971760574019,False,0.008098204443059753,-0.004186690035152238,0.07759152204507534,0.1583277934807789,False,False,
2015-12-04,39.970001220703125,1.0454641022736115e-05,0.03206423349399429,-0.8430239321286831,False,-0.014060179623871183,-0.003169224795882006,0.07724014441130239,-0.1410012230168167,False,False,
2015-12-07,37.650001525878906,0.00021955449047001086,0.03183221880781635,-1.830317832505365,False,-0.06783852203948693,-0.0020720863590303518,0.07647941409966244,-0.8599233722522314,False,False,
2015-12-08,37.5099983215332,-0.0006654703158066673,0.03251890905248878,-0.09388611815654131,False,-0.10155692643034242,-0.0019256967260980274,0.07634091200349481,-1.305083042493432,False,False,
2015-12-09,37.15999984741211,-0.000491424709541346,0.03246642948181075,-0.27226215748956767,False,-0.13319335728338022,-0.002240354916292131,0.07670629226504763,-1.7072002635011834,False,False,
2015-12-10,36.7599983215332,0.00011263560747842109,0.03186125217022664,-0.34138455400240886,False,-0.14591083783477643,-0.0020233845131529195,0.07630619482309298,-1.8856588728504915,False,False,
2015-12-11,35.619998931884766,-0.00040397060710845256,0.031717066709478665,-0.9650319816039905,False,-0.14600815838557546,-0.0028020408413476096,0.07747928287266471,-1.8483149589753376,False,False,
2015-12-14,36.310001373291016,-0.0005766415308473505,0.03184947094031271,0.6263165406584209,False,-0.128211283480264,-0.003301548897496233,0.07828677362499127,-1.5955407126765686,False,False,
2015-12-15,37.34999847412109,-0.0016862354482918374,0.0295751074881425,1.0254705531336652,False,-0.10752688564093205,-0.005115224589659272,0.07959057152305524,-1.2867310674054764,False,False,
2015-12-16,35.52000045776367,-0.00213767315511182,0.028831170231739874,-1.6252638826684822,False,-0.11066595695848447,-0.007402250114504052,0.0800408439000066,-1.2901376573813448,False,False,
2015-12-17,34.95000076293945,-0.003964474133225177,0.027344041483853374,-0.44188107206965876,False,-0.14922105148206743,-0.011212005909710422,0.07801281751177172,-1.7690560343052881,False,False,
2015-12-18,34.72999954223633,-0.003151337476690254,0.0260163700772849,-0.1208240822059498,False,-0.1310983617321646,-0.014074449895199015,0.07909257440545935,-1.479581524771914,False,False,
2015-12-21,34.7400016784668,-0.003481909118044859,0.0258947969169202,0.1455854682329792,False,-0.07729082946814514,-0.017603474085893148,0.0783164215620459,-0.7621307791108013,False,False,
2015-12-22,36.13999938964844,-0.0036222133019769634,0.02584476827704412,1.6994353257144603,False,-0.036523566867191715,-0.020452200521770905,0.0765050996810112,-0.21006921646309248,False,False,
2015-12-23,37.5,-0.002885245605382532,0.02630074758765685,1.540515010430972,False,0.00914962739461811,-0.022785081163971405,0.07422817583638078,0.4302235397645007,False,False,
2015-12-24,38.09999847412109,-0.0023516433112650992,0.026713689994293268,0.6869737061814032,False,0.03645267175659628,-0.025347882718607505,0.06955584583943406,0.8885026661578821,False,False,
2015-12-28,36.810001373291016,-0.00161879313421233,0.026448323417284654,-1.2189581674410548,False,0.03340826718388912,-0.026503498916945898,0.06775237551156066,0.8842755054486939,False,False,
2015-12-29,37.869998931884766,-0.002604776011345934,0.02625005064496701,1.1962350747904704,False,0.042963302109408685,-0.028586552758358568,0.06327071647147327,1.1308526101490692,False,False,
2015-12-30,36.59999847412109,-0.0018462596411471877,0.02632543102373212,-1.2037612476297224,False,-0.020080322105492376,-0.028662204854303035,0.06318046083410966,0.13583127814378806,False,False,
2015-12-31,37.040000915527344,-0.002105189031986976,0.02654235398524803,0.532247975052517,False,0.04279280512879158,-0.028570219295653735,0.06318796588796208,1.1293768270841056,False,False,
2016-01-04,36.7599983215332,-0.002123684621949765,0.026531878272189197,-0.20487733344977965,False,0.05178819797088674,-0.02675032592134444,0.06325235867297932,1.2416694893273905,False,False,
2016-01-05,35.970001220703125,-0.002989970908280585,0.025606261664402392,-0.722506950215762,False,0.03570405110310437,-0.02657071779228494,0.06345840857469272,0.9813477881672652,False,False,
2016-01-06,33.970001220703125,-0.003205816857162369,0.02569409500284822,-2.0392262001973855,True,-0.022164663804289608,-0.02628205160485729,0.06369450676957683,0.06464274565250765,False,True,shock
2016-01-07,33.27000045776367,-0.0033160449810574213,0.02590285230874518,-0.6675092749910144,False,-0.07941336414927602,-0.025987206211068006,0.06366124987972507,-0.839225714844522,False,False,
2016-01-08,33.15999984741211,-0.004187634264070503,0.025357254280497194,0.03475668219957612,False,-0.1157333374023437,-0.027228461802129036,0.06378480502445025,-1.3875542233967577,False,False,
2016-01-11,31.40999984741211,-0.003988930929718371,0.025304230209147686,-1.927958129150945,False,-0.17559052216899873,-0.028739648196359546,0.06452678094862879,-2.275812799177917,True,True,trend
2016-01-12,30.440000534057617,-0.00429983347291364,0.02576050479002522,-1.031890864838631,False,-0.17305081775561704,-0.03118051480525757,0.06656850600119033,-2.131192533415466,True,True,trend
2016-01-13,30.479999542236328,-0.0048404886220720315,0.025888604414168365,0.23773071597486603,False,-0.19514126216218097,-0.03319459587074281,0.06854271192766644,-2.362711683517009,True,True,trend
2016-01-14,31.200000762939453,-0.005057511683862793,0.02576595619398841,1.1130811182055815,False,-0.14754092722161816,-0.036116144664383676,0.07070856266590218,-1.5758315309521473,False,False,
2016-01-15,29.420000076293945,-0.004372017929790334,0.025836797091535465,-2.038924737754467,True,-0.20572355968919698,-0.03821366015011913,0.07165585799210829,-2.337700004339161,True,True,shock+trend
2016-01-19,28.459999084472656,-0.00537277976006417,0.026405668579116144,-1.0322827897498188,False,-0.22578889053426832,-0.04114801401541019,0.0739437440639923,-2.4970452721337244,True,True,trend
2016-01-20,26.549999237060547,-0.005766588022903588,0.026590837991376744,-2.3070030573657365,True,-0.2618849503463664,-0.0435759941870796,0.07695661969218241,-2.836779435381873,True,True,shock+trend
2016-01-21,29.530000686645508,-0.006557914865072895,0.027517968716250327,4.317143773497806,True,-0.13070357299109092,-0.046453721093719966,0.08098075610439005,-1.0403687980977456,False,True,shock
2016-01-22,32.189998626708984,-0.00529978100621126,0.03063139260725573,3.1137205308241045,True,-0.03246173177622136,-0.04845307538966729,0.08118754121220129,0.19696795068160863,False,True,shock
2016-01-25,30.34000015258789,-0.004309546397657619,0.03246840358776356,-1.6373355984698976,False,-0.085042210729814,-0.04876593219012922,0.08107858085333698,-0.447421232067504,False,False,
2016-01-26,31.450000762939453,-0.005730102428894209,0.0324320459271829,1.3047431022582292,False,0.0012735089373341335,-0.050685339087537355,0.08019413311145084,0.647913332421226,False,False,
2016-01-27,32.29999923706055,-0.0050444822087291185,0.03277862021233371,0.9784261770248069,False,0.06110376709494081,-0.05166656096637207,0.07907966491390399,1.4260344702280765,False,False,
2016-01-28,33.220001220703125,-0.005135910521958753,0.032677979357445194,1.0287950909175831,False,0.08989506954125637,-0.05219378735778814,0.07817713532977504,1.8175244756624849,False,False,
2016-01-29,33.619998931884766,-0.004810085282254633,0.03289189623273462,0.5123132766508157,False,0.0775640419797643,-0.05214179481556521,0.07827152133834363,1.657126814165924,False,False,
2016-02-01,31.6200008392334,-0.003969843248458109,0.03249916424467144,-1.7083055198901211,False,0.07477908760143648,-0.051908867443802895,0.07863518652518038,1.611084816396686,False,False,
2016-02-02,29.8799991607666,-0.004638463886743311,0.033121071351298687,-1.5213895166256683,False,0.049894593182495006,-0.05133336215599555,0.07940888127847501,1.274768687188771,False,False,
2016-02-03,32.279998779296875,-0.005366462182025794,0.03362352844054276,2.5484457100733593,True,0.2158191979997479,-0.05112644326051734,0.07965507229026653,3.351269838630035,True,True,shock+trend
2016-02-04,31.71999931335449,-0.004221184144956109,0.03504901075995754,-0.37453277292935744,False,0.07416182105608193,-0.04873760356736087,0.08484095196832069,1.4485861105063156,False,False,
2016-02-05,30.88999938964844,-0.004705475121431901,0.03497504548478717,-0.6136083380770398,False,-0.04038519082078795,-0.0482523651075551,0.08544432955620039,0.09207368502543603,False,False,
2016-02-08,29.690000534057617,-0.0046678471531652445,0.0349500766170425,-0.9779560832276963,False,-0.02142385020636961,-0.048684191013898974,0.08531988999265135,0.3195074537704785,False,False,
2016-02-09,27.940000534057617,-0.005087026649073601,0.03517122916035125,-1.53123386434023,False,-0.11160572794064938,-0.04815110490450167,0.0853642255511091,-0.7433397611995705,False,False,
2016-02-10,27.450000762939453,-0.005770474292731228,0.03571617893548763,-0.3294612710699908,False,-0.15015475506749476,-0.04891129993133297,0.08567564916997633,-1.1817063088171025,False,False,
2016-02-11,26.209999084472656,-0.006057406020357819,0.03572321061882817,-1.0949658523743997,False,-0.21101751591332718,-0.04982090956945556,0.08639015285988418,-1.8659141233991763,False,False,
2016-02-12,29.440000534057617,-0.006430537439007776,0.035986227758436365,3.6032118802255564,True,-0.12433071179734312,-0.05128314258148803,0.0881836125790592,-0.828357640149589,False,True,shock
2016-02-16,29.040000915527344,-0.004602046935501112,0.038962445888772,-0.23060401310229975,False,-0.08159392331529758,-0.05205765850298634,0.08857101699705566,-0.3334755071548191,False,False,
2016-02-17,30.65999984741211,-0.00454673542411668,0.03894649108721523,1.549095160239782,False,0.02610444138397683,-0.052156865065667926,0.0886002626030352,0.8833078384912567,False,False,
2016-02-18,30.770000457763672,-0.004648612623164611,0.038775903774506106,0.21240946595240898,False,-0.046778140602088736,-0.05160869127543103,0.08895966170120473,0.054300461366040435,False,False,
2016-02-19,29.63999938964844,-0.004635604706067021,0.03877853596687392,-0.8274812485399448,False,-0.06557376950605243,-0.05214040623120799,0.08880787069505995,-0.15126320639947158,False,False,
2016-02-22,31.479999542236328,-0.005278682300342632,0.03890692659024184,1.7312331565194823,False,0.01910003769004942,-0.05282569841744451,0.08870921267332882,0.810803454792909,False,False,
2016-02-23,31.8700008392334,-0.004322188694699712,0.039672064621142,0.421229611628193,False,0.0734254047141254,-0.05264366871561512,0.08884430894679331,1.4189887334847775,False,False,
2016-02-24,32.150001525878906,-0.004665601546588823,0.039410100865087484,0.34131642493676384,False,0.15068006125087519,-0.05235255276785114,0.08922542605388517,2.275501759959213,True,True,trend
2016-02-25,33.06999969482422,-0.004108653058799244,0.03929947542831165,0.8326945215435955,False,0.20473583882272184,-0.05067386844467726,0.09184216266240615,2.7809635559893695,True,True,trend
2016-02-26,32.779998779296875,-0.0034047143659424696,0.039407793769447336,-0.13613019600871742,False,0.25066768120249283,-0.04789117043770966,0.09632858435493165,3.0993796248487837,True,True,trend
2016-02-29,33.75,-0.003253201904727526,0.03936443068353814,0.8343688408697685,False,0.14639943572542968,-0.04445625977976325,0.1022210693461175,1.8670876437318538,False,False,
2016-03-01,34.400001525878906,-0.002732211900056165,0.03953905225838258,0.5561973571554152,False,0.18457301795350967,-0.04247091862629928,0.10446821100771621,2.173330378587981,True,True,trend
2016-03-02,34.65999984741211,-0.0025787568354701143,0.039602568267294185,0.2559643903406172,False,0.1304631448110598,-0.04032167292509693,0.10745666263771575,1.5893367013634918,False,False,
2016-03-03,34.56999969482422,-0.0020919463151664384,0.039498253403028004,-0.012778066312821064,False,0.12349688594501651,-0.03770856153803218,0.10920434001320088,1.4761816926283495,False,False,
2016-03-04,35.91999816894531,-0.0017600802431683427,0.039386407849758096,1.0361756539868199,False,0.21187580663345473,-0.03481428803639239,0.11057170428288672,2.231041804680111,True,True,trend
2016-03-07,37.900001525878906,-0.0009168438000694638,0.039576209680584035,1.4159879116820218,False,0.20393907487288687,-0.030315098715074717,0.11365154975257652,2.061161278468629,True,True,trend
2016-03-08,36.5,-0.0005091545884088215,0.039997306108180926,-0.9108162952445252,False,0.14527766045951473,-0.02632441913581711,0.11655432849832634,1.4722926364574782,False,False,
2016-03-09,38.290000915527344,-0.0006598797497597737,0.04011439752971224,1.2389816071972348,False,0.19097975422197377,-0.022374856696671972,0.1172910374140303,1.8190188749504945,False,False,
2016-03-10,37.84000015258789,-3.2226096672429704e-05,0.04052225682758772,-0.2892289383544342,False,0.14423950716002643,-0.01822512096060877,0.11927035560887712,1.3621543030642493,False,False,
2016-03-11,38.5,-0.00012021387870497927,0.04054068707356647,0.43319616683283074,False,0.17449668803269613,-0.014927296331585682,0.12030685429461248,1.5745070010758688,False,False,
2016-03-14,37.18000030517578,0.00016167869798318672,0.040588933368073614,-0.8486890932726342,False,0.10162963867187491,-0.011426593461643838,0.12195874444275669,0.9270039032468355,False,False,
2016-03-15,36.34000015258789,-0.000744420273955746,0.04058928686961441,-0.5382793626894106,False,0.05639530641443535,-0.009427203983021808,0.12257329023915461,0.5370053318225354,False,False,
2016-03-16,38.459999084472656,-0.0014033418401416158,0.04053675639521485,1.4737546158906838,False,0.10963644702220843,-0.008271134714554762,0.12278237882340431,0.9602972581786149,False,False,
2016-03-17,40.20000076293945,-0.0006783769519140318,0.04111613246577319,1.116842187950831,False,0.1628580016724197,-0.006843479753426163,0.12353027300192823,1.373764319481403,False,False,
2016-03-18,39.43999862670898,0.0003368681582973387,0.04129943628283444,-0.4659238795560123,False,0.0979955633964058,-0.004659264987645447,0.12507435860520522,0.8207503882396809,False,False,
2016-03-21,39.90999984741211,0.00010397375878409203,0.0413587900957661,0.2856198955407889,False,0.05303425436963982,-0.0036504810102771,0.12559904824717855,0.45131500732681934,False,False,
2016-03-22,41.45000076293945,0.0001988406887139386,0.04137786714127774,0.9277424235841315,False,0.1356164592586151,-0.0029784947505237976,0.125767843239006,1.1019903851396782,False,False,
2016-03-23,39.790000915527344,0.001321854409057206,0.04125978850495678,-1.0026736053288612,False,0.03917471831116415,-0.0009309507875206243,0.1267669031050484,0.31637334443242066,False,False,
2016-03-24,39.459999084472656,0.00040730585014991347,0.0414081792998643,-0.21012497808710198,False,0.04281181092368391,-0.0005165972692792324,0.12684757792472554,0.3415785220485273,False,False,
2016-03-28,39.38999938964844,0.0006569975120421227,0.04129686663105859,-0.05886495319838632,False,0.02311686726359574,0.00024169593802150224,0.12693548002327754,0.18021101209354054,False,False,
2016-03-29,38.27999877929688,0.0014072586138055066,0.04072316721715719,-0.7265401396408356,False,0.029585757533411527,0.0014544344620626044,0.1267105470793777,0.2220124821474102,False,False,
2016-03-30,38.31999969482422,0.0010811091134143795,0.04086249013279859,-0.000884749900519434,False,0.054485402694620655,0.0032030035815793236,0.12617353781238427,0.4064433795087564,False,False,
2016-03-31,38.34000015258789,0.0012194525917553988,0.040844323322040604,-0.017077525516202143,False,-0.003120097107158104,0.005705387047952669,0.12528986039076254,-0.07044052988474289,False,False,
2016-04-01,36.790000915527344,0.0013699357433906512,0.04082035876773097,-1.0239416957693488,False,-0.08482586524117186,0.00760926359098758,0.1240334081096358,-0.7452438035924486,False,False,
2016-04-04,35.70000076293945,0.0012443920461809126,0.04093561212369504,-0.754160254479562,False,-0.09482753534470911,0.008425027499579628,0.12320786756537237,-0.8380354670898299,False,False,
2016-04-05,35.88999938964844,0.0005910743323063553,0.041033290533156234,0.11529701558149137,False,-0.10072664678359655,0.008870144141387027,0.12276708166578831,-0.8927213177824124,False,False,
2016-04-06,37.75,0.0002801399840891058,0.04090601566480128,1.2600811387496955,False,-0.08926419046649647,0.008960813992818166,0.12268243671941616,-0.800644387949047,False,False,
2016-04-07,37.2599983215332,0.0016244196055895074,0.04092140957572369,-0.35689377932087035,False,-0.06358387875801363,0.009246170879378006,0.12242504715836956,-0.594895009868188,False,False,
2016-04-08,39.720001220703125,0.001665314426733504,0.040905039983249174,1.5733345002562136,False,0.006589005125769987,0.010387999849032057,0.12132147340458985,-0.031313456856833274,False,False,
2016-04-11,40.36000061035156,0.0026295459811381417,0.04156194012616403,0.32441285568182576,False,0.024625570848778366,0.012223831407137852,0.12018802073601834,0.10318615254410227,False,False,
2016-04-12,42.16999816894531,0.0028405430031280244,0.04159005139587259,1.009995827730365,False,0.10161963201922242,0.013582716744696834,0.11973756778168179,0.7352489022914163,False,False,
2016-04-13,41.7599983215332,0.0029011699697295513,0.04164866681474346,-0.30310017861058824,False,0.08977031978352579,0.015424626063182352,0.12001856341667244,0.6194516215148737,False,False,
2016-04-14,41.5,0.00226978331346727,0.041473618166621935,-0.2048482236648516,False,0.08242044430974826,0.016499568628367788,0.12032225624440752,0.5478693446994302,False,False,
2016-04-15,40.36000061035156,0.0019734370067097345,0.04145358663653323,-0.7102715158443476,False,0.09703722767012724,0.017112472262409816,0.12054214343474906,0.6630440867428383,False,False,
2016-04-18,39.77999877929688,0.002058614715616778,0.041385473150472765,-0.3969828695783769,False,0.11428565627911458,0.017960858402226325,0.12088181905140784,0.7968509957309946,False,False,
2016-04-19,41.08000183105469,0.00148305252282069,0.04130869483127286,0.7552105890878964,False,0.1446085965357573,0.01891182312448907,0.12136076264720824,1.0357282755107977,False,False,
2016-04-20,42.630001068115234,0.0023659273176935376,0.041257705306894876,0.8571806951234144,False,0.1292715514732512,0.021107675373039068,0.12213316986903576,0.8856224416036774,False,False,
2016-04-21,43.18000030517578,0.0027087181270544214,0.041445392944704965,0.24593749359825193,False,0.1588835815975147,0.022260725324298528,0.1227473395106292,1.1130412831586092,False,False,
2016-04-22,43.72999954223633,0.002981533584158953,0.04144423201530693,0.23539649786088535,False,0.10095665151800359,0.02368866377265357,0.12371459635598636,0.6245664620123957,False,False,
2016-04-25,42.63999938964844,0.0034379073653182986,0.041359477111964506,-0.6857821570077801,False,0.05649154471796769,0.024558698444852225,0.12402928492385708,0.2574621493038469,False,False,
2016-04-26,44.040000915527344,0.003846923425532866,0.04091704171981963,0.7084122470528558,False,0.044344387663719065,0.025607447891815655,0.12396139568111711,0.15115141023503,False,False,
2016-04-27,45.33000183105469,0.004559450039384772,0.04095074007823738,0.6039481393130096,False,0.08548859322344948,0.027257551249322252,0.12336679722669902,0.47201551214077303,False,False,
2016-04-28,46.02999877929688,0.004994088353367657,0.04103902394131599,0.25459074390668873,False,0.10915659709149117,0.029940510324332835,0.12239930900359033,0.6471939050312342,False,False,
2016-04-29,45.91999816894531,0.005903643970049568,0.04049371417207048,-0.20480717268842075,False,0.13776009599880235,0.03373713858113936,0.12033673624251641,0.8644322645415942,False,False,
2016-05-02,44.77999877929688,0.006283538688692063,0.040277015221393445,-0.7723837078818618,False,0.12569130601889822,0.03788128409786495,0.11845630382369371,0.7412861881266082,False,False,
2016-05-03,43.650001525878906,0.005935008028541126,0.04043339389730735,-0.7708832738356657,False,0.06256084664731953,0.042159051673612676,0.11568824273224391,0.17635149857817484,False,False,
2016-05-04,43.77999877929688,0.005283587939481393,0.04053801445821868,-0.05687044689572785,False,0.026976253398261818,0.04496040865853184,0.11355677974051463,-0.1583714799007607,False,False,
2016-05-05,44.31999969482422,0.006083980947548615,0.039877870104130055,0.1567395540714377,False,0.026401097304109777,0.048063072833031295,0.10972936690447604,-0.19741274501090636,False,False,
2016-05-06,44.65999984741211,0.006683518514363442,0.03962516307469876,0.024932771225946608,False,0.021266872053761432,0.05142560600420967,0.10498557553927652,-0.28726550095603803,False,False,
2016-05-09,43.43999862670898,0.007680628063790407,0.03867257435525834,-0.9049867031091834,False,0.01876170845477909,0.05520096363621138,0.09845446913086857,-0.37011275875142,False,False,
2016-05-10,44.65999984741211,0.005819846064586218,0.036889960733195275,0.6035489610304764,False,0.014078086262395484,0.05719383405548964,0.09612578766680471,-0.44853466317013485,False,False,
2016-05-11,46.22999954223633,0.004993271777850574,0.035650215013690055,0.8460319851957838,False,0.019854349764554247,0.05781436496267121,0.09568842525567128,-0.39670435684034977,False,False,
2016-05-12,46.70000076293945,0.00622828128952964,0.03505649735142983,0.1123416206829439,False,0.01455576800805658,0.05921298576926277,0.0943291090958589,-0.47341926780867544,False,False,
2016-05-13,46.209999084472656,0.005876030612606132,0.034879627540920145,-0.4692874577510352,False,0.006315351199718933,0.05939008255687241,0.0942312790759742,-0.56323899959335,False,False,
2016-05-16,47.720001220703125,0.005375770359577493,0.034841211411613185,0.7835888928726972,False,0.06565436626955634,0.058659570344936116,0.09442997402285477,0.07407389440695264,False,False,
2016-05-17,48.310001373291016,0.005431689325095627,0.034882140467039476,0.19872927037150168,False,0.10675829746877152,0.05833636096798012,0.09436307937889479,0.5131449378242888,False,False,
2016-05-18,48.18999862670898,0.005435994949057098,0.03488298720483563,-0.22704504800399014,False,0.10073092668740635,0.05872561770783355,0.09450357719862391,0.4444837986533324,False,False,
2016-05-19,48.15999984741211,0.0061960526872445465,0.034060581359682734,-0.20018927738612696,False,0.08664260331744389,0.059071642228979815,0.09461060192584526,0.2914151324190273,False,False,
2016-05-20,47.75,0.006921466075744789,0.03331011032853318,-0.4633653812214564,False,0.06918943491145013,0.05956161569744579,0.094657577606552,0.10171208113969238,False,False,
2016-05-23,48.08000183105469,0.005737005268745193,0.0322266412210146,0.03643035072429782,False,0.10681407345839133,0.057606552189601826,0.09288425013075302,0.5297724985615985,False,False,
2016-05-24,48.619998931884766,0.006060461541337283,0.0321133506276598,0.16101586502197132,False,0.08866993054193051,0.058041915554965955,0.09303928971587495,0.32919441969620505,False,False,
2016-05-25,49.560001373291016,0.00655909720969628,0.031895796163998,0.4005092374019823,False,0.07203118892554516,0.05976265050646886,0.09238543001544719,0.13279732980649608,False,False,
2016-05-26,49.47999954223633,0.007334845814999536,0.03148135263514821,-0.28426630279329335,False,0.05952888081113361,0.061008717694894396,0.09190460875243196,-0.016101878935659206,False,False,
2016-05-27,49.33000183105469,0.008099221306790845,0.030532035420185902,-0.3645581702715308,False,0.0675179140531601,0.0632905124782515,0.0896580421886114,0.0471502775625584,False,False,
2016-05-31,49.09999847412109,0.008292635844683144,0.030413151831288843,-0.4259729799935676,False,0.028918634076213312,0.06619281473319355,0.08610811965048995,-0.43287649072207035,False,False,
2016-06-01,49.0099983215332,0.008832776600860017,0.029804406469220602,-0.35785895171424537,False,0.014489690091981533,0.06939196339972077,0.07990342292783022,-0.6871079022149985,False,False,
2016-06-02,49.16999816894531,0.007165197094201705,0.0266487709572711,-0.1463692352881588,False,0.020336160410122428,0.07124290209157842,0.07690693343334655,-0.6619265573184723,False,False,
2016-06-03,48.619998931884766,0.007389884830009036,0.026542264668559915,-0.6998480457027346,False,0.009551476036754547,0.07260196987458403,0.07504772586037436,-0.8401386333162764,False,False,
2016-06-06,49.68999862670898,0.006496941461286134,0.0260133928137046,0.5962489098156555,False,0.040628243491287463,0.0723812636699544,0.07521048094725885,-0.4221887664956385,False,False,
2016-06-07,50.36000061035156,0.00674253669032165,0.026072439618259315,0.2585527864252451,False,0.04742093786328083,0.07354668212453275,0.0740066690320705,-0.3530187833468147,False,False,
2016-06-08,51.22999954223633,0.007411973419215164,0.02558124777828843,0.38558012553616305,False,0.05368162623796224,0.07505327822279054,0.07226591843684359,-0.2957362536463981,False,False,
2016-06-09,50.560001373291016,0.006814604287454974,0.024798577745798134,-0.8021767746098533,False,0.020177561991330473,0.07551436607009604,0.07201397169513264,-0.7684176108635004,False,False,
2016-06-10,49.06999969482422,0.006475042974098527,0.02489538792365618,-1.4438422164884328,False,-0.008286173225651172,0.07480439483379211,0.07229676925589054,-1.149298494450681,False,False,
2016-06-13,48.880001068115234,0.005964967210191691,0.025236967884049707,-0.38978370369172155,False,-0.00912225311648307,0.07268484504077176,0.07237243011494424,-1.1303627365742197,False,False,
2016-06-14,48.4900016784668,0.005531796591105088,0.02512148028471635,-0.5378069755904025,False,-0.012423560379045573,0.06983340381491569,0.07130444927412805,-1.1536021248509551,False,False,
2016-06-15,48.0099983215332,0.005542337848610105,0.02511556346164776,-0.6148122058136417,False,-0.020403999882624646,0.0663255205938285,0.06871231556016884,-1.2622121634149748,False,False,
2016-06-16,46.209999084472656,0.005015800920347538,0.02501833520453905,-1.6990729047148871,False,-0.06019929214360087,0.06410147478572112,0.06878496558205446,-1.8070920858576576,False,False,
2016-06-17,47.97999954223633,0.0042591145334509315,0.02543645305234174,1.3384056965228577,False,-0.013163295016625942,0.060837843984426314,0.06879856336540788,-1.0756204109671896,False,False,
2016-06-20,49.369998931884766,0.004669052103998276,0.025736318767989645,0.9442430366850845,False,-0.006439921587202635,0.05892282478672384,0.06883326608094034,-0.9495807782397988,False,False,
2016-06-21,48.84999847412109,0.005089946097424558,0.025873647731211966,-0.6038061557103039,False,-0.029984156432279585,0.057190334019627566,0.0688212270201195,-1.266680270411659,False,False,
2016-06-22,49.130001068115234,0.0044288277195297905,0.025626448801121818,0.050848157309523634,False,-0.040991577061986084,0.053965534512084454,0.06712056335038999,-1.4147245916033988,False,False,
2016-06-23,50.11000061035156,0.0037702849824847655,0.024931315228533348,0.6488540334059816,False,-0.008900331303732356,0.05069979248628615,0.06566782622861352,-0.907600071647398,False,False,
2016-06-24,47.63999938964844,0.004528770611608206,0.02453829926046539,-2.1933204241888986,True,-0.02914204838127632,0.04864408592944285,0.0650776821310395,-1.195281266380848,False,True,shock
2016-06-27,46.33000183105469,0.0032176679008804484,0.024753879970629552,-1.2408365058823445,False,-0.05216855935635256,0.04570912856139952,0.06351664399566209,-1.5409770063487092,False,False,
2016-06-28,47.84999847412109,0.0030077290394102466,0.024948561113333913,1.1944702046476894,False,-0.013198663274741063,0.04309035434118113,0.06344825500497024,-0.8871641562327092,False,False,
2016-06-29,49.880001068115234,0.003212611513754064,0.025131125924022245,1.5602837132267386,False,0.03895027727470901,0.04058774965708197,0.06187733073738088,-0.026463203290437717,False,False,
2016-06-30,48.33000183105469,0.004235411571715755,0.025145364354748387,-1.4042339614658763,False,0.045877576035148415,0.03975202483845309,0.06146364414123766,0.09966137352057075,False,False,
2016-07-01,48.9900016784668,0.0041223213412290086,0.025286331684686757,0.37703330470537444,False,0.02105048240655716,0.039611788433395925,0.06143715041363022,-0.3021186025372821,False,False,
2016-07-05,46.59999847412109,0.0035265642816242116,0.024506049983800026,-2.1346603991513122,True,-0.05610695802496202,0.03843064223852058,0.0609221004218565,-1.5517784122486715,False,True,shock
2016-07-06,47.43000030517578,0.002272865820962176,0.024747084938441938,0.6278853809329364,False,-0.029068540702157142,0.03551110944255549,0.060120047289735044,-1.0741782991867177,False,False,
2016-07-07,45.13999938964844,0.002762422142196746,0.024685559950826674,-2.067772394008038,True,-0.0812131404787666,0.033816921387907976,0.06012577359309521,-1.9131572866762172,False,True,shock
2016-07-08,45.40999984741211,0.001959774617924969,0.025353518978765723,0.15862203722444806,False,-0.09379366804414968,0.03202695612326257,0.061527883284067005,-2.0449366604489416,True,True,trend
2016-07-11,44.7599983215332,0.0015250353914721738,0.0249939789691714,-0.6337164966236721,False,-0.0604534236988471,0.028968154425892366,0.06200900930664479,-1.4420739683573238,False,False,
2016-07-12,46.79999923706055,0.0018681578593222703,0.02458889941607602,1.7775611291502986,False,0.010144558330037023,0.027639779199092215,0.06284885091473721,-0.2783697810607512,False,False,
2016-07-13,44.75,0.0025864247471594215,0.025070142959073304,-1.8504014132776418,False,-0.06478575910086337,0.027204215831176926,0.06285547989231058,-1.4635155930659576,False,False,
2016-07-14,45.68000030517578,0.0020260319124134588,0.0256323653551516,0.731734958998445,False,-0.08420209849642957,0.02603218081298414,0.06374595527156585,-1.7292748824580588,False,False,
2016-07-15,45.95000076293945,0.0026788570685116384,0.02547568563775786,0.12685962495022696,False,-0.04924479573650564,0.024515009399252927,0.06500195391479155,-1.134732122551998,False,False,
2016-07-18,45.2400016784668,0.0027437335613720794,0.0254776639865671,-0.714166384796734,False,-0.07654623130270855,0.02313194008683791,0.06545760080862494,-1.5227898694449629,False,False,
2016-07-19,44.650001525878906,0.0025307536915185895,0.02556310976768944,-0.6091712967253775,False,-0.04184542944406089,0.022152924964230564,0.06639788933137297,-0.9638612771091845,False,False,
2016-07-20,44.93999862670898,0.00289590265953399,0.025133168679628757,0.1431969458223801,False,-0.052498453772834686,0.022725997441525383,0.06564328203779027,-1.1459581068943812,False,False,
2016-07-21,44.75,0.0033775361963819515,0.024845961077495756,-0.3061006620584883,False,-0.008639773923831084,0.02329038519581704,0.06479541507073366,-0.49278423611904776,False,False,
2016-07-22,44.18999862670898,0.0032502039402594655,0.024860327706931088,-0.6341107524652143,False,-0.02686635597451248,0.024518210167280577,0.06326811614591728,-0.8121715845511062,False,False,
2016-07-25,43.130001068115234,0.002392350127549876,0.02426443791504255,-1.0871722298731537,False,-0.03641638325606922,0.02535018129384036,0.06215208681622764,-0.9937971146896808,False,False,
2016-07-26,42.91999816894531,0.0022455888470947045,0.024391628108808076,-0.29168436849238377,False,-0.08290600708050211,0.025712414567199627,0.06170431462020534,-1.7603051312741453,False,False,
2016-07-27,41.91999816894531,0.0013003662756138601,0.023232814681842524,-1.0588268721062442,False,-0.0632402643811103,0.024519147737782663,0.0629322593839573,-1.3945059811608258,False,False,
2016-07-28,41.13999938964844,0.0007748737970894659,0.023338730971570392,-0.830452852925984,False,-0.09938705965842431,0.023347603268050812,0.0637428841203757,-1.9254645380446858,False,False,
2016-07-29,41.59999847412109,-7.116838037685369e-05,0.022864821690040296,0.49213059615350285,False,-0.0946681657582652,0.020667514045682192,0.06462700271910149,-1.7846360646686494,False,False,
2016-08-01,40.060001373291016,0.00020754973068445686,0.02287298893733023,-1.627540338876689,False,-0.11450044458423048,0.018208334238458312,0.06546565175613693,-2.027151265781881,True,True,trend
2016-08-02,39.5099983215332,-0.000203025585829959,0.02326307901530509,-0.5814559631359001,False,-0.1151176490188155,0.015582722386538593,0.06679102166017728,-1.9568553999718408,False,False,
2016-08-03,40.83000183105469,-1.9820476354959204e-05,0.023098967372710257,1.4472150923467668,False,-0.0914552051902292,0.012753990697352693,0.06777991250883139,-1.5374643021854588,False,False,
2016-08-04,41.93000030517578,0.0006172470289460227,0.023355285381467306,1.1270977311924035,False,-0.06301675295696574,0.010010779211094775,0.0677785653987079,-1.0774428720713625,False,False,
2016-08-05,41.79999923706055,0.000540728627785363,0.023258018501842156,-0.1565550184912312,False,-0.05408462240150158,0.007242441217858467,0.06643354549067391,-0.9231339854948624,False,False,
2016-08-08,43.02000045776367,-3.693595157231814e-06,0.02285001507260057,1.277475139923001,False,-0.0025504430240527176,0.004797692232861763,0.06524531946354711,-0.11262317844914409,False,False,
2016-08-09,42.77000045776367,0.0002134389170812486,0.023050797633168613,-0.26136576843229586,False,-0.003494821006077564,0.0026452385712408643,0.06270679100402626,-0.09791697962863687,False,False,
2016-08-10,41.709999084472656,-3.3875898603890066e-05,0.023014087053066165,-1.0754231875112121,False,-0.005009520363677522,0.0012525522709197824,0.061644751589890204,-0.10158322441231622,False,False,
2016-08-11,43.4900016784668,-3.198356118567928e-05,0.023012018403080522,1.855885185687176,False,0.05712207884499043,0.00043253806983117947,0.061308151106502486,0.9246656399192347,False,False,
2016-08-12,44.4900016784668,9.925142005200597e-05,0.02322901939750939,0.9856007684603572,False,0.06947123342188455,0.0006029072855814644,0.06144941795829177,1.120731951977915,False,False,
2016-08-15,45.7400016784668,1.5280986394550962e-05,0.023133251710657617,1.2138768772510853,False,0.1417873217788448,0.0003893424882272652,0.0611776475599813,2.311268656611626,True,True,trend
2016-08-16,46.58000183105469,0.0001840004043385409,0.023292881015517915,0.7805248358424464,False,0.17894213641786694,0.0008244188173919801,0.062071124584281455,2.869574521058065,True,True,trend
2016-08-17,46.790000915527344,0.00046072616002465445,0.02338499286599999,0.17308650565529218,False,0.1459710707125066,0.0013735126896461747,0.06346534938417257,2.27837015672242,True,True,trend
2016-08-18,48.220001220703125,0.0008518478204299414,0.023200939827554203,1.2805620910374726,False,0.15001194537913976,0.0016439095522276196,0.06404274320399278,2.3167033203796623,True,True,trend
2016-08-19,48.52000045776367,0.0015958012987144683,0.023247691640815995,0.19897319932897053,False,0.16076558237697447,0.0028099242019852225,0.06593498337251255,2.395627481735878,True,True,trend
2016-08-22,47.04999923706055,0.0016390452445881212,0.02325331360481116,-1.3733894227403158,False,0.093677329995695,0.004593781921701391,0.06836275931718931,1.3031005325672134,False,False,
2016-08-23,48.09999847412109,0.0010706288415359656,0.02350799272215235,0.9037794053397054,False,0.12462001307717796,0.005490798357589194,0.06909027774085534,1.724254390269208,False,False,
2016-08-24,46.77000045776367,0.001265897973330595,0.023624102036600318,-1.224028969077938,False,0.12131386920060372,0.006868840237901415,0.07042697768347071,1.6250169001581716,False,False,
2016-08-25,47.33000183105469,0.001261455976194572,0.02362957984218583,0.453332671125488,False,0.08829616013763442,0.008236202381179076,0.0716459932805899,1.1174380323392756,False,False,
2016-08-26,47.63999938964844,0.0010466396160087636,0.02345502301726047,0.2346220495736841,False,0.07080237339496986,0.009225776699515596,0.07223787685280103,0.8524142649005143,False,False,
2016-08-29,46.97999954223633,0.0006652424324164574,0.023123127526164265,-0.627905704912099,False,0.0271097030666112,0.00990508368125447,0.07257792684417388,0.2370503007380654,False,False,
2016-08-30,46.34999847412109,0.0003449692820947418,0.023156075868802254,-0.5940105703594337,False,-0.004937813393993018,0.010072469482035199,0.07260326970550905,-0.2067438964789385,False,False,
2016-08-31,44.70000076293945,0.0003060700363794947,0.02317696856280391,-1.5491554571274606,False,-0.044667666417897434,0.009922427287452372,0.0726227644050576,-0.7516939647308171,False,False,
2016-09-01,43.15999984741211,-0.0006042714826645964,0.023229128827290856,-1.457120937619307,False,-0.10493573714632176,0.008451466851619656,0.0725959409268805,-1.5618945432795803,False,False,
2016-09-02,44.43999862670898,-0.0012284809907802355,0.023503337734175855,1.3140917711261202,False,-0.0840890723941008,0.005628879723418412,0.07283705690338138,-1.2317624562525966,False,False,
2016-09-06,44.83000183105469,-0.0007999333071124267,0.023771626245992848,0.40282827821550005,False,-0.0471837926037032,0.0031646130689983163,0.07270237303761594,-0.6925276792086476,False,False,
2016-09-07,45.5,-0.0006746205011598269,0.023797332401652577,0.656373070698661,False,-0.05405402404575843,0.001380261123383022,0.07226682793462093,-0.7670778800377441,False,False,
2016-09-08,47.619998931884766,-0.0003618392540009685,0.02384702492919741,1.9690180436242688,False,0.018174010387036477,-0.00026298499604642553,0.07210511692744263,0.25569607496282876,False,False,
2016-09-09,45.880001068115234,0.00016725874609574643,0.024443333981478667,-1.5016971067922227,False,-0.030635975213253896,-0.0014448525036644903,0.07104496189490378,-0.41088237548457823,False,False,
2016-09-12,46.290000915527344,-0.00046968052917959466,0.02477133109532564,0.3797144638567972,False,-0.0283374998198348,-0.003035597913733616,0.07033205714321075,-0.3597492087367959,False,False,
2016-09-13,44.900001525878906,-0.0006083112762591547,0.024687959181680905,-1.191664266266526,False,-0.04427411742495757,-0.004373847097005348,0.0698375641221022,-0.5713296394214383,False,False,
2016-09-14,43.58000183105469,-0.0009871623180536737,0.024920522318414424,-1.1400841932669608,False,-0.05976260483833651,-0.005757887073486565,0.06958214300520384,-0.7761289812647922,False,False,
2016-09-15,43.90999984741211,-0.001338724641261364,0.025134815962071174,0.35452655321072774,False,-0.01767339825600922,-0.007454960658706519,0.06932250174523465,-0.14740433971722802,False,False,
2016-09-16,43.02999877929688,-0.0011755942399380907,0.025152648990166,-0.7500372267862245,False,-0.0030120729512240763,-0.008076187756469486,0.06920079657096027,0.07318000740139655,False,False,
2016-09-19,43.29999923706055,-0.0014183678436736772,0.025246775864227983,0.3047149773337867,False,-0.025652552314960664,-0.00830954459704556,0.06915316534035183,-0.2507912346825752,False,False,
2016-09-20,43.43999862670898,-0.0013782336300239557,0.025256711490009867,0.18258417941612423,False,-0.031006092963904885,-0.008922727433380002,0.06909960148511249,-0.319587451387585,False,False,
2016-09-21,45.34000015258789,-0.0011859815028381338,0.0252359184877239,1.7801812089634401,False,-0.0035164801629035125,-0.009463495020055461,0.06911176916047224,0.08604923487551644,False,False,
2016-09-22,46.31999969482422,-0.0008962331319997722,0.025627529283895455,0.8783793074302056,False,-0.027299438601837367,-0.010052091335444675,0.06886694107433172,-0.25044450932961754,False,False,
2016-09-23,44.47999954223633,-0.0007878222028129844,0.02570625859226532,-1.5146444862322361,False,-0.03051441790074083,-0.011048363021646251,0.06856407463926076,-0.2839104149149858,False,False,
2016-09-26,45.93000030517578,-0.001547812325348811,0.02600583667683001,1.3130418029190924,False,-0.007777070711415868,-0.012170976943495625,0.06817810822416424,0.06444746483186276,False,False,
2016-09-27,44.66999816894531,-0.0009387832963515234,0.026265714259884096,-1.0087033257014157,False,-0.005122569022654178,-0.012543705379532243,0.06807520558972281,0.10901379279856954,False,False,
2016-09-28,47.04999923706055,-0.0009116249965686851,0.026236852030285703,2.0654633806212623,True,0.07962361771938187,-0.012501523990158948,0.06807885936392714,1.3532121802609847,False,True,shock
2016-09-29,47.83000183105469,-0.00014960334728378801,0.02696943608679225,0.6202490511967419,False,0.08927355949133786,-0.011318245712347417,0.06890462582359855,1.459870132104171,False,False,
2016-09-30,48.2400016784668,0.00017782164658331084,0.027022117684294317,0.31064185487857227,False,0.1210783882633204,-0.009962284114075638,0.06987636806148007,1.8753217434269212,False,False,
2016-10-03,48.810001373291016,0.0004241021736536791,0.027013207314325577,0.42171265908854777,False,0.12725178367935053,-0.008075852272129704,0.07148199883992243,1.89317084227785,False,False,
2016-10-04,48.68999862670898,0.0010815433497529789,0.026675857466705002,-0.1327084670385391,False,0.12085635741185419,-0.005576504594490351,0.07289795221610398,1.7343815314803053,False,False,
2016-10-05,49.83000183105469,0.0005380503230912007,0.026320121995687017,0.8691239375106774,False,0.09902959116356591,-0.0037895758954439498,0.07433784020626186,1.3831336338763964,False,False,
2016-10-06,50.43999862670898,0.0004639584097200533,0.0262467215905141,0.44872645550899853,False,0.0889464369393147,-0.0023833157254337027,0.07527866350118632,1.2132222919089035,False,False,
2016-10-07,49.810001373291016,0.0007676154554683749,0.026249519546282074,-0.5050625232224043,False,0.11982917908966129,-0.0007975744804791122,0.07593913239844573,1.5884663119038913,False,False,
2016-10-11,50.790000915527344,0.0005246565416096234,0.026287252214797798,0.7284937076292546,False,0.10581320657652804,0.0013467022682095194,0.07705123313138387,1.355805742007886,False,False,
2016-10-12,50.18000030517578,0.0005210256742005355,0.02628455195320704,-0.47675439676692777,False,0.12334905668433715,0.0028762161066129915,0.07797806689935696,1.5449580294573528,False,False,
2016-10-13,50.43999862670898,0.001018110104796405,0.02567524643082414,0.16214853385141104,False,0.07205099776023327,0.004909430840821171,0.07911173493940499,0.8486928895041761,False,False,
2016-10-14,50.34999847412109,0.001453832287446201,0.025461174977671155,-0.12717926568797813,False,0.052686526167561976,0.006565691602375649,0.07920088057832311,0.582327295206985,False,False,
2016-10-17,49.93999862670898,0.0009926010449410447,0.025197471421988398,-0.3625600805386092,False,0.03524039985680627,0.00744416079493969,0.07934395746610626,0.3503258464734436,False,False,
2016-10-18,50.290000915527344,0.0003183704554578363,0.024746364597286796,0.2703462011335391,False,0.030321645166889732,0.007394695762700986,0.07932520452640171,0.28902477517795744,False,False,
2016-10-19,51.59999847412109,0.0008261440440559061,0.024482816069690848,1.0302214887747136,False,0.059765864232656174,0.0071872833511242035,0.0792435182663769,0.6635063918387519,False,False,
2016-10-20,50.43000030517578,0.000991380800383741,0.02461205563403371,-0.9615517265963158,False,0.012040908129109518,0.007703488442138857,0.07946084686536842,0.05458562119680915,False,False,
2016-10-21,50.84999847412109,0.0013395294186345464,0.024077291055121436,0.29026563548263906,False,0.008128466664846457,0.008612126657526477,0.07911017428956522,-0.006113752080859924,False,False,
2016-10-24,50.52000045776367,0.001213091297740337,0.024014440611067268,-0.32075400479930966,False,0.014254147056766975,0.009108086755753192,0.07898725598852559,0.06515051366971586,False,False,
2016-10-25,49.959999084472656,0.0017703187717867156,0.02332543523021905,-0.551117895584119,False,-0.016341835323750553,0.01038098392289364,0.0782780945889943,-0.34138310835176294,False,False,
2016-10-26,49.18000030517578,0.0015427701390531054,0.023367005734252492,-0.7341649237665039,False,-0.019928258149031097,0.011413675025832294,0.07739105804039388,-0.4049813243088707,False,False,
2016-10-27,49.720001220703125,0.001525458079760719,0.023379390136681912,0.4044003548922878,False,-0.01427433436971981,0.011954010566496509,0.07702310584265874,-0.34052567277402523,False,False,
2016-10-28,48.70000076293945,0.0010641735741377144,0.022833426954265497,-0.9450646925343602,False,-0.03277056129464828,0.01162842533049975,0.0770824457896632,-0.575993485550532,False,False,
2016-10-31,46.86000061035156,0.0013746870563441328,0.022368644750098858,-1.7505320906807906,False,-0.06167397078601777,0.012055294634582618,0.07674145179490441,-0.9607489003159043,False,False,
2016-11-01,46.66999816894531,0.0005938274146329222,0.022701725556150007,-0.20476462309099333,False,-0.07198255479578508,0.012355669670721442,0.07640293995559767,-1.1038609838249747,False,False,
2016-11-02,45.34000015258789,0.000460955736549525,0.022699348981846636,-1.2757581199936658,False,-0.12131780051646257,0.01205249954993105,0.07669522948131327,-1.7389647435488693,False,False,
2016-11-03,44.65999984741211,0.00028700419755444794,0.022872269299246673,-0.668267985127593,False,-0.11441603059382655,0.011455545293747663,0.07756347739689153,-1.6228201740297257,False,False,
2016-11-04,44.06999969482422,0.00026092096970976956,0.022888783888780233,-0.5885787336276057,False,-0.13333331332836496,0.010487937278417453,0.07868199111661282,-1.8278801612128517,False,False,
2016-11-07,44.88999938964844,-1.8233785451634195e-06,0.02292932337477321,0.8115624804115926,False,-0.11144103359266777,0.009410139151010384,0.0800973619312611,-1.508803409123407,False,False,
2016-11-08,44.97999954223633,0.0003026377429556929,0.02302385784974013,0.07393489672126352,False,-0.09967973645908434,0.008039455688759228,0.08128127384338908,-1.3252645665395757,False,False,
2016-11-09,45.27000045776367,0.0004962230958052357,0.022975626090751957,0.2590182838073534,False,-0.07950385976310403,0.007068610615631603,0.08213420819248736,-1.0540367075293025,False,False,
2016-11-10,44.65999984741211,0.0009020178062371942,0.02280549337367964,-0.6304068159618926,False,-0.10176993662631006,0.006494110928871139,0.08259189621377251,-1.310831358986619,False,False,
2016-11-14,43.31999969482422,0.0007872757680561253,0.022856513892921697,-1.3471764640846626,False,-0.11047229946266035,0.006242591868260366,0.08289599116158103,-1.407967860634175,False,False,
2016-11-15,45.810001373291016,0.0006978715070517704,0.022964859517804952,2.4725338283193232,True,-0.02240715372138935,0.0056128314005063655,0.08360734398318063,-0.33513784539708047,False,True,shock
2016-11-16,45.56999969482422,0.0017123529130430863,0.023767096196021655,-0.292480836434812,False,-0.023569713247879265,0.006639230146333499,0.08276922002570927,-0.3649779880108746,False,False,
2016-11-17,45.41999816894531,0.0014934145502313238,0.023754318470068415,-0.20144073166865042,False,0.0017644026486147713,0.007587209513138644,0.08199678898798649,-0.07101262057197122,False,False,
2016-11-18,45.68999862670898,0.0019431144128024085,0.02333085100253064,0.17150740615608687,False,0.023063116498343472,0.009137407476243248,0.08074696113339816,0.1724610911250794,False,False,
2016-11-21,47.4900016784668,0.002205434542826959,0.023262757960431618,1.598716823884736,False,0.07760385766565459,0.0109798176831387,0.07943936399501489,0.8386779127121006,False,False,
2016-11-22,48.02999877929688,0.002285256454041235,0.023381244704118818,0.38858055332138175,False,0.06994875099892561,0.013233938521217152,0.07889011157154817,0.7189090159451966,False,False,
2016-11-23,47.959999084472656,0.002077654017571387,0.02322798987072304,-0.15219010188721127,False,0.06625165790493392,0.0150068119072957,0.07864706907472761,0.6515798567006638,False,False,
2016-11-25,46.060001373291016,0.0020995608810560657,0.023223814710533117,-1.796253603879221,False,0.017450870500087756,0.016611295644714842,0.07844571883147539,0.010702621734865726,False,False,
2016-11-28,47.08000183105469,0.0011821884464491565,0.023496681145201263,0.8921621281841593,False,0.054187236719903664,0.016877979825036717,0.07841368796362978,0.47580030813206875,False,False,
2016-11-29,45.22999954223633,0.0015549389534025664,0.023605733948853434,-1.7305034218107136,False,0.04409048616960898,0.0176470739280498,0.07849400431141146,0.3368844852996605,False,False,
2016-11-30,49.43999862670898,0.0013614575445416487,0.02388238120767484,3.840418450777689,True,0.07924027820558832,0.018301740681826953,0.07850724130780141,0.7762154994701844,False,True,shock
2016-12-01,51.060001373291016,0.002033512404503653,0.0257006561736942,1.1958268358232491,False,0.12047403368954468,0.018596650006634925,0.07869635429169837,1.294562938777162,False,False,
2016-12-02,51.68000030517578,0.0021638224840563975,0.025832804193271372,0.3862814720325304,False,0.13782479939663617,0.019276687343537057,0.07935948754495692,1.493811461243899,False,False,
2016-12-05,51.790000915527344,0.00195110722780267,0.025681624644586978,0.006907177580380241,False,0.13350848045883912,0.019223853711774277,0.07927810111883672,1.4415661466935723,False,False,
2016-12-06,50.93000030517578,0.001734624857596033,0.025609727875786404,-0.7161403174500518,False,0.07243627090181315,0.018618071632320574,0.07820752060368218,0.688146086898946,False,False,
2016-12-07,49.77000045776367,0.001453106368887318,0.025694732839514692,-0.9429739198736491,False,0.036227393768263116,0.01763760763484466,0.07704161025743188,0.2412953996068012,False,False,
2016-12-08,50.84000015258789,0.0007419270566615399,0.025616197504540313,0.8103061169331006,False,0.06005006511869704,0.016120480280032972,0.07550463631887173,0.5818130777180399,False,False,
2016-12-09,51.5,0.0009456259860702865,0.025720888187952602,0.4679572065422452,False,0.11810678385831519,0.014777606716589273,0.07377308731395908,1.400635121883727,False,False,
2016-12-12,52.83000183105469,0.0015226754617531269,0.025494978511810013,0.9532309587904021,False,0.12213253560681081,0.015103332768090874,0.07417897072888521,1.4428510100240965,False,False,
2016-12-13,52.97999954223633,0.0015694569250626407,0.02553683428376609,0.04972407671335621,False,0.17134645320442576,0.015070166401819313,0.07412988256333136,2.108141567189115,True,True,trend
2016-12-14,51.040000915527344,0.001975989454661657,0.025307037101656965,-1.5250127954160266,False,0.03236250674072627,0.015737267521870272,0.07531455647094573,0.22074403671579154,False,False,
2016-12-15,50.900001525878906,0.0013281083551542035,0.025667058527212884,-0.15860964558140048,False,-0.0031335652782767953,0.014991485476578165,0.07486192607346644,-0.2421130700947739,False,False,
2016-12-16,51.900001525878906,0.001204206489953131,0.025663940697482054,0.7186019700121461,False,0.004256989539551004,0.014005672960934875,0.07460341683562347,-0.13067341731630758,False,False,
2016-12-19,52.119998931884766,0.0016508767044879401,0.025689835007724142,0.10074000831134601,False,0.006371848050276574,0.013700970113907408,0.07459584107304691,-0.09825108153756046,False,False,
2016-12-20,52.22999954223633,0.0018861947771373,0.025630777307624534,0.008752414018991371,False,0.025525215575709304,0.013851765599831,0.07456908004725282,0.15654544710060914,False,False,
2016-12-21,52.4900016784668,0.0023889838870589262,0.02525258766034431,0.10252569338729145,False,0.05465142044777349,0.014787670693079088,0.07426455461751666,0.5367802979497275,False,False,
2016-12-22,52.95000076293945,0.0029147164791432653,0.024882973879315828,0.23505389030878684,False,0.04150276561799249,0.016915499461000363,0.07306443207814393,0.33651484665884396,False,False,
2016-12-23,53.02000045776367,0.0026361364067729997,0.024695784785240902,-0.053213141924660624,False,0.029514571995411076,0.018590057301161606,0.0721517479988255,0.15141025681633247,False,False,
2016-12-27,53.900001525878906,0.002536750355334491,0.024685738581961263,0.5695912226260074,False,0.020253637284472825,0.01961270216248313,0.07174932349325423,0.008932977912327698,False,False,
2016-12-28,54.060001373291016,0.002558779991786627,0.024697695990012657,0.016587668935466655,False,0.020385085700004524,0.020603470980219547,0.07122949621930656,-0.003065938856883703,False,False,
2016-12-29,53.77000045776367,0.0019771143128265102,0.02415434164282047,-0.3039429157464967,False,0.05348745088689477,0.02063295198439245,0.07122893467366956,0.4612521449748327,False,False,
2016-12-30,53.720001220703125,0.002392778292296076,0.023747379904134953,-0.13991651553520665,False,0.055402742834702146,0.02175459766572777,0.07107286729940449,0.4734316546879531,False,False,
2017-01-03,52.33000183105469,0.0022612286318469763,0.02373796697182575,-1.185279415054821,False,0.008285169412979076,0.02287113423445493,0.07093293015001581,-0.2056303721082443,False,False,
2017-01-04,53.2599983215332,0.002316604299380384,0.02366636119929978,0.6530433844153484,False,0.021872590426148975,0.023571924725627417,0.0705190213362332,-0.02409753095375576,False,False,
2017-01-05,53.7599983215332,0.0029455432435804064,0.023437809954454214,0.2748706231004118,False,0.02929348636236595,0.024660393995820554,0.0698421368510647,0.0663366353813782,False,False,
2017-01-06,53.9900016784668,0.002969752225480574,0.023443590452326833,0.05581841924945231,False,0.028576870871302562,0.02528661912406556,0.069667771994816,0.0472277446662401,False,False,
2017-01-09,51.959999084472656,0.0032940102750927142,0.023288691779278448,-1.7559428847620346,False,-0.018696915282383042,0.025707805041699245,0.06958982049417982,-0.6380921808498715,False,False,
2017-01-10,50.81999969482422,0.0027090195385368063,0.02375909815987066,-1.037453602965674,False,-0.04149378996501518,0.025800546868800282,0.06952505269007496,-0.967914934689752,False,False,
2017-01-11,52.25,0.0023733770750332672,0.02392879597531389,1.0767427355760528,False,-0.030612272340784563,0.025660710908785477,0.06965128443150394,-0.8079245588774417,False,False,
2017-01-12,53.0099983215332,0.0021653771808011735,0.023630311912205926,0.5239052826252446,False,-0.019422919442924402,0.025299433679747064,0.06987458421006373,-0.6400374847057808,False,False,
2017-01-13,52.369998931884766,0.0020711233692032064,0.023565697103933716,-0.6002074079214844,False,-0.026036851663756355,0.025404453935199238,0.06980034041973904,-0.7369778612771402,False,False,
2017-01-17,52.47999954223633,0.0024397964683476867,0.023114981974304314,-0.014680763694461774,False,-0.023082681502041957,0.02546415481835903,0.06975376547622568,-0.695974417853432,False,False,
2017-01-18,51.08000183105469,0.0020331499687338953,0.022843922900229987,-1.2567865852968094,False,-0.02388687093945796,0.025260080007817348,0.0698746164532998,-0.703359151604393,False,False,
2017-01-19,51.369998931884766,0.002043234111859095,0.02283090286564719,0.15917363328896109,False,-0.035486283312260336,0.0250098893155933,0.07001831928090707,-0.8640049239849437,False,False,
2017-01-20,52.41999816894531,0.0014085365088922477,0.022035086966279368,0.8636859290304147,False,-0.024925598854625752,0.023475090635171402,0.0700665966635136,-0.690781225214001,False,False,
2017-01-23,52.75,0.0014600267391558337,0.02207548836554498,0.21903549610395337,False,-0.022967246525598006,0.021952435190558554,0.06985792260024365,-0.6430148513462937,False,False,
2017-01-24,53.18000030517578,0.0014296710041993067,0.022067140329089133,0.3046155255574803,False,0.02347962359890987,0.02003182672670631,0.06907151991303297,0.04991633131201742,False,False,
2017-01-25,52.75,0.0013808143494314043,0.022047882360859142,-0.42936398189557834,False,0.037977180573897984,0.01864819792563377,0.06792453342696543,0.28456555640602726,False,False,
2017-01-26,53.77999877929688,0.0013057852372740663,0.022070687251330046,0.8255410338908888,False,0.0292822732879785,0.017543142234461014,0.06690578707372694,0.17545763329234185,False,False,
2017-01-27,53.16999816894531,0.0012539525015630721,0.022022578330406203,-0.5719798302937151,False,0.0030182956513529202,0.016613177996119853,0.06623926172841997,-0.20523903784594938,False,False,
2017-01-30,52.630001068115234,0.0009394981699329967,0.02203194249811743,-0.5036118381231155,False,0.004964715324295543,0.015467469445613696,0.06571227379805242,-0.1598294125933812,False,False,
2017-01-31,52.810001373291016,0.0009706179596794762,0.02201435848963673,0.1112678515549317,False,0.006288144701470433,0.013935943262075484,0.06457581340805098,-0.11843131595229063,False,False,
2017-02-01,53.880001068115234,0.0007538893458291884,0.021907483275296305,0.8904454358563371,False,0.05481595804012396,0.012608942437074716,0.06367863017066357,0.6628128697167517,False,False,
2017-02-02,53.540000915527344,0.0011841767841752615,0.021970228323675532,-0.34112065694430393,False,0.04224259351299464,0.011695167788485207,0.06254977078241186,0.48836990675430186,False,False,
2017-02-03,53.83000183105469,0.0010309549761133747,0.021982043854808474,0.1995070649437927,False,0.026898201285033396,0.011297722398522026,0.062255091492524624,0.2505896066088767,False,False,
2017-02-06,53.0099983215332,0.0011269660331376292,0.021985306787103674,-0.7441411775949512,False,0.004928878133330761,0.010953878066754979,0.06209441476533647,-0.09702965969151237,False,False,
2017-02-07,52.16999816894531,0.0010324299021240346,0.022040879594465625,-0.7657816009496355,False,-0.01899214235491775,0.010549724443775305,0.06203281874484619,-0.47622963773748317,False,False,
2017-02-08,52.34000015258789,0.0007277028851071835,0.022115004722687587,0.11444324838860577,False,-0.007772508955679824,0.00989220727681787,0.06208174568379384,-0.28453961849705184,False,False,
2017-02-09,53.0,0.00042383286642625845,0.021918076270727258,0.5559804906100692,False,-0.01450351054297816,0.008991695634306724,0.06183789120243507,-0.37994837340701043,False,False,
2017-02-10,53.86000061035156,0.0008942893924830593,0.021793913366303767,0.7035054677986046,False,0.012977289169990192,0.008637770052012222,0.061896138661229394,0.07010969039165871,False,False,
2017-02-13,52.93000030517578,0.000999597219189153,0.02184933124872499,-0.8360251840362347,False,0.005700156393162237,0.008702421018747472,0.06189813178442624,-0.04850331567423194,False,False,
2017-02-14,53.20000076293945,0.0008558991224182177,0.021934525872331568,0.19353900856409983,False,0.0073849532192151734,0.00858836780989941,0.061895644683979206,-0.019442637633528395,False,False,
2017-02-15,53.11000061035156,0.0010717102093375263,0.02189504540633766,-0.12621313750636215,False,-0.014291025287661685,0.008904724990472285,0.0618270985503038,-0.3751712569733711,False,False,
2017-02-16,53.36000061035156,0.001257319991700796,0.0218105398666714,0.15817542450716557,False,-0.003361977999585375,0.008979888095290545,0.06179499091080758,-0.19972275928787941,False,False,
2017-02-17,53.400001525878906,0.001173681586976021,0.021784763722440915,-0.019464946050738084,False,-0.007988116116461108,0.00912538618022567,0.061752330275829576,-0.27713127942291044,False,False,
2017-02-21,54.060001373291016,0.0014572087121265758,0.021636547959704645,0.5038853082920748,False,0.019807641671463427,0.009455818782601499,0.061591212782654454,0.16807304842968196,False,False,
2017-02-22,53.59000015258789,0.0021257672555255215,0.021177490316381678,-0.5109119687341659,False,0.027218747047759173,0.010542240282034581,0.061035714435062866,0.2732253881203777,False,False,
2017-02-23,54.45000076293945,0.002063908813492475,0.021202547958421396,0.6595373661637771,False,0.040313347424536294,0.011864924306615171,0.060293547277712,0.4718319687990445,False,False,
2017-02-24,53.9900016784668,0.0026578515400999705,0.020957363565911113,-0.5299307859852251,False,0.018679276952203727,0.014020006279161824,0.05832532510768443,0.07988417834687798,False,False,
2017-02-27,54.04999923706055,0.0027451808803104693,0.020896355755613483,-0.07819110868081336,False,0.003527638777495179,0.01579461037977556,0.056356265914233095,-0.21766828236897587,False,False,
2017-02-28,54.0099983215332,0.0029361435752733333,0.02081384861543059,-0.17662355945470753,False,0.020404269981683987,0.017619423074520364,0.053611177704116955,0.051945266387046114,False,False,
2017-03-01,53.83000183105469,0.0026781858735829235,0.020736754679436416,-0.28986392782474346,False,0.011842125170684392,0.01937736045551172,0.051439691511405,-0.14648678993645683,False,False,
2017-03-02,52.61000061035156,0.002607018465805084,0.02074825248203291,-1.2179812460601804,False,-0.009414422787683896,0.020864318610575302,0.04952796875009898,-0.611346319309707,False,False,
2017-03-03,53.33000183105469,0.0022188678753908998,0.020946790242743183,0.5474235496883534,False,-0.0005621960073789456,0.02179884443691424,0.04825341151801666,-0.46340848741739454,False,False,
2017-03-06,53.20000076293945,0.0025810059394249657,0.020906547467354857,-0.24005294251716797,False,-0.0037453325322945874,0.023148280978499986,0.04611899804416368,-0.583135251226429,False,False,
2017-03-07,53.13999938964844,0.0029485633994452815,0.020565464534327144,-0.19821622502520245,False,-0.017018164266956792,0.024571307204238196,0.04351329685272674,-0.9557876437622492,False,False,
2017-03-08,50.27999877929688,0.002167135281127092,0.019554034332112398,-2.863206859967338,True,-0.06176528016171623,0.024643160396963962,0.04343905941812687,-1.989187650840857,False,True,shock
2017-03-09,49.27999877929688,0.0015193880451721852,0.02058039958974494,-1.0402136334581742,False,-0.09494953004962037,0.024133886171446135,0.04422866331651636,-2.6924489073717277,True,True,trend
2017-03-10,48.4900016784668,0.001298095359206477,0.02072157597191905,-0.8362723523090323,False,-0.10187071363240208,0.022844367068803002,0.046253221437956855,-2.696354477028057,True,True,trend
2017-03-13,48.400001525878906,0.0010050911742192615,0.020810164005469048,-0.13748796263220453,False,-0.10453279909220792,0.021178582667059728,0.04844310778359957,-2.5950313163398504,True,True,trend
2017-03-14,47.720001220703125,0.0004550638016717645,0.02032116832279981,-0.7137707936117395,False,-0.11645986477141446,0.018750093910288226,0.050112790379289854,-2.6981127504243108,True,True,trend
2017-03-15,48.86000061035156,0.00011612585370214923,0.020348619757330842,1.1682962086251028,False,-0.09232771784592275,0.016264645700017025,0.05212157198383386,-2.0834437529938854,True,True,trend
2017-03-16,48.75,0.0004540826176279452,0.020531792009175848,-0.13176762221730876,False,-0.0733700924837486,0.014150254023338936,0.05327022047352139,-1.6429507092164297,False,False,
2017-03-17,48.77999877929688,0.0009522820468716893,0.01999260008850138,-0.016852358875762547,False,-0.08531788665921791,0.01293930785022112,0.05421802214757818,-1.8122607689743622,False,False,
2017-03-20,48.220001220703125,0.0006652196745130779,0.019838162985275794,-0.6122182140872501,False,-0.09360901260936694,0.011079239538499498,0.05516848224665445,-1.8976097924864515,False,False,
2017-03-21,47.34000015258789,0.0010360836662509094,0.019334636578157826,-0.9974738445652561,False,-0.10914563988855397,0.009243246221446486,0.05633402054609165,-2.1015522230148025,True,True,trend
2017-03-22,48.040000915527344,-0.00044830974171760593,0.01619055654977163,0.9409791152657658,False,-0.04455047569913373,0.006731433980191256,0.057361321870523604,-0.894015479543496,False,False,
2017-03-23,47.70000076293945,-0.0006880481539726298,0.015820982889061693,-0.40385546224657143,False,-0.03206164885339258,0.00453110718834221,0.0560903132361405,-0.6523899391982195,False,False,
2017-03-24,47.970001220703125,-0.0009443147489911781,0.015765911494763474,0.4189229158024227,False,-0.010723869658981533,0.0022659545450084933,0.05402703556898918,-0.24043192574211897,False,False,
2017-03-27,47.72999954223633,-0.0008972228543924773,0.01578048188507769,-0.2601909746778454,False,-0.01384301575454161,0.0003428565434375515,0.05181397134133928,-0.2737846941807585,False,False,
2017-03-28,48.369998931884766,-0.0007425245613761818,0.015680966197627752,0.9024488235509734,False,0.013621074906838837,-0.0008075339453138452,0.05114518392219269,0.2821108019496609,False,False,
2017-03-29,49.5099983215332,-0.00026005654120669387,0.015549993650277748,1.5323718102314694,False,0.013303268584976768,-0.0011089515301328356,0.050990353219176124,0.28264601449533694,False,False,
2017-03-30,50.34999847412109,-0.00023246418399869,0.015590907304007012,1.103126132835107,False,0.03282048152043249,-0.0017322421505824393,0.05051616585194215,0.6839933927742163,False,False,
2017-03-31,50.59999847412109,-0.00017933922232707438,0.015643243230805137,0.3288693139790649,False,0.03731036778124408,-0.0028693928484208753,0.048709682995452516,0.8248824085637365,False,False,
2017-04-03,50.2400016784668,-0.0004574730200005546,0.015357471580963827,-0.43347554565781327,False,0.04189133983050142,-0.004000355086095099,0.04671186238516374,0.9824419873948824,False,False,
2017-04-04,51.02999877929688,-0.0005901905376737293,0.015371600019627464,1.0613504500566016,False,0.0779467388004913,-0.00572642326441409,0.04233137527331315,1.9766228128585097,False,False,
2017-04-05,51.150001525878906,0.00010770319566868766,0.014894601530514391,0.15065247539454715,False,0.06473773003918404,-0.005118633503617223,0.04320389754044794,1.6168995743358805,False,False,
2017-04-06,51.70000076293945,0.0001756304821649568,0.014893042263734243,0.7102002576826641,False,0.08385744100674741,-0.004213682899384411,0.04395040683336991,2.0038750549008046,True,True,trend
2017-04-07,52.2400016784668,5.704792352641282e-05,0.014770821344651587,0.7032678591850925,False,0.08901397434029668,-0.0031523435464884592,0.04510371213575546,2.043430873480618,True,True,trend
2017-04-10,53.08000183105469,0.00013979486929043716,0.014811890860926278,1.0761515967260198,False,0.11208888204752943,-0.0020504485292881913,0.046332286297582216,2.463494459214153,True,True,trend
2017-04-11,53.400001525878906,0.0003260496548643784,0.014924408227518421,0.3820975895313091,False,0.10399013241818444,-0.000896266309663923,0.048073962589825596,2.1817714429483415,True,True,trend
2017-04-12,53.11000061035156,0.000340057749757996,0.014929325829933343,-0.3865403177282667,False,0.07271263201098965,-0.00023841681672511031,0.04916945172534429,1.4836661029944391,False,False,
2017-04-13,53.18000030517578,0.00015080061786544086,0.01491105758672572,0.0782783393809572,False,0.056206592191045734,0.00017771473518151854,0.049657139404462106,1.1283146417175525,False,False,
2017-04-17,52.650001525878906,0.0001507475157069482,0.014911053366520743,-0.6784817239025456,False,0.04051389552523954,0.0005336083377899806,0.04996493566973262,0.8001668900710407,False,False,
2017-04-18,52.40999984741211,-0.0002034346183366879,0.01483037883318124,-0.29365410935591074,False,0.04319263727006173,0.0008037451143335369,0.05012749767594497,0.8456215474739256,False,False,
2017-04-19,50.43999862670898,-0.0003037931983679284,0.014834091416128048,-2.513431775119529,True,-0.01156182964337582,0.0011078458019342997,0.050316718409031805,-0.25179852434565614,False,True,shock
2017-04-20,50.27000045776367,-0.0007334444410967637,0.015437054850113882,-0.17081369301554228,False,-0.017204321444057147,0.00024052206153069171,0.049961014269954765,-0.34916912237465736,False,False,
2017-04-21,49.619998931884766,-0.0007659835401947227,0.015440046238228358,-0.787835965774166,False,-0.04023214314042545,-0.0007275721288527655,0.04957969009264365,-0.7967893897229935,False,False,
2017-04-24,49.22999954223633,-0.0005933877042584272,0.015226447814978639,-0.47721794544230284,False,-0.057618722042866666,-0.0013744696295648257,0.04977663288876699,-1.1299328449754258,False,False,
2017-04-25,49.560001373291016,-0.0009351408610674161,0.015095761847637224,0.50599684416969,False,-0.0663150025685244,-0.0024343537958183676,0.05012006044864947,-1.2745525085340825,False,False,
2017-04-26,49.619998931884766,-0.00097093608341003,0.01507412035526094,0.1447209183587676,False,-0.07078656340791045,-0.0037091336482302393,0.05051648321640609,-1.3278325308658,False,False,
2017-04-27,48.970001220703125,-0.0010118391757861244,0.015063842744831085,-0.8024294872435178,False,-0.07795140918980747,-0.005033979438619746,0.050959320014961965,-1.4308948732004023,False,False,
2017-04-28,49.33000183105469,-0.0006851712882566652,0.01451535836553724,0.5536634386376338,False,-0.07239560834952441,-0.005824039357385405,0.05162894263168439,-1.2894234434947427,False,False,
2017-05-01,48.84000015258789,-0.00029461936308199376,0.014328604311785759,-0.672676673305993,False,-0.07236469635083098,-0.006236063602512195,0.052039127881444366,-1.270748289613407,False,False,
2017-05-02,47.65999984741211,-0.0008022416505111396,0.013977776513222365,-1.6711018852615236,False,-0.09063155912667964,-0.006792762589312814,0.05252448521088986,-1.59618502115247,False,False,
2017-05-03,47.81999969482422,-0.0013183210205805981,0.014117304407719319,0.3311843803623336,False,-0.05194288269661884,-0.007742211118429551,0.053392302367803166,-0.8278472667034369,False,False,
2017-05-04,45.52000045776367,-0.001112583789947424,0.014070810795042027,-3.339141701081587,True,-0.09448975446083197,-0.008087624865534384,0.053595666632769684,-1.612110363087997,False,True,shock
2017-05-05,46.220001220703125,-0.001781883333465856,0.015074009782502758,1.138367035345438,False,-0.06852071310700636,-0.009039719171651583,0.0544923941706798,-1.0915467165757078,False,False,
2017-05-08,46.43000030517578,-0.0012211545550493271,0.014916808421559244,0.38645145340631937,False,-0.05687587371716951,-0.009634837067218896,0.054898942045042136,-0.8605090533655722,False,False,
2017-05-09,45.880001068115234,-0.0012362724768174023,0.014910295612071287,-0.7115553339548868,False,-0.07425343428579922,-0.009920031605951018,0.05509027751369206,-1.1677814232077315,False,False,
2017-05-10,47.33000183105469,-0.0016667485290448702,0.014741125229093863,2.2570155761668427,True,-0.0461506882330579,-0.010577736078366665,0.05556426016609058,-0.6402128283245005,False,True,shock
2017-05-11,47.83000183105469,-0.0013292970832021241,0.015208140541762234,0.782043069364681,False,-0.023279545869532847,-0.01088684863446613,0.0556984408584398,-0.22249630409876892,False,False,
2017-05-12,47.84000015258789,-0.001297130959571303,0.015230998394325767,0.09888843943668825,False,-0.03020477646787345,-0.011510304227378698,0.05557011391826596,-0.33641234329645414,False,False,
2017-05-15,48.84999847412109,-0.0011865337473566542,0.015211140513008928,1.4659347015905533,False,0.0002047158374685054,-0.012419396987935651,0.05530667179374021,0.2282565993572044,False,False,
2017-05-16,48.65999984741211,-0.0011653875903964738,0.015241396035643116,-0.17872653760503865,False,0.020981955585430034,-0.012807097753942452,0.055111966308912366,0.6130983088133499,False,False,
2017-05-17,49.06999969482422,-0.0010660130759647594,0.015198380560188057,0.6245284939428285,False,0.026139690672881688,-0.012567582288154756,0.055220600338236656,0.7009571196971249,False,False,
2017-05-18,49.34999847412109,-0.0008182549755030773,0.015199652923250253,0.4292442900713288,False,0.08413879564678672,-0.012285249283506942,0.055365393261375996,1.7415941484436452,False,False,
2017-05-19,50.33000183105469,-0.0007877749632272553,0.015210555169061356,1.357346881760648,False,0.08892255520994197,-0.011247240604236057,0.05643771942619995,1.774873202400812,False,False,
2017-05-22,50.72999954223633,-0.0007931494055481799,0.01520308663550856,0.5749260031764614,False,0.09261251795816183,-0.01079248597530515,0.057110623866559435,1.8106089013328879,False,False,
2017-05-23,51.470001220703125,-0.0006030451073539996,0.015222295922727721,0.9978854552261173,False,0.12183958200630296,-0.010120886982702922,0.05803146575586429,2.2739468540077463,True,True,trend
2017-05-24,51.36000061035156,-0.0004807713131935746,0.015307892545132724,-0.10820612775677502,False,0.08514681224146226,-0.008855001906419328,0.05985671437397529,1.5704472778203815,False,False,
2017-05-25,48.900001525878906,-0.0003061576203991108,0.015211730492776285,-3.1285737194065293,True,0.022370889689774076,-0.00778542945164424,0.06081537076103603,0.4958667317825389,False,True,shock
2017-05-26,49.79999923706055,-0.0007335057231555097,0.01607964906735279,1.1902228859624282,False,0.0409698803975993,-0.007233922357715016,0.06089986141463752,0.7915256559800371,False,False,
2017-05-30,49.65999984741211,-0.0005315557934041593,0.01622492230984124,-0.140504646493476,False,0.01658140017589016,-0.0065840238330046276,0.06115358708860325,0.37880728035350125,False,False,
2017-05-31,48.31999969482422,-0.0007371703058253143,0.01615369137191132,-1.6247877938195356,False,-0.006987261686273394,-0.00616955835675305,0.06120450486852403,-0.013360182085891986,False,False,
2017-06-01,48.36000061035156,-0.001313302538924536,0.016310293641680264,0.13127513874978128,False,-0.01446910717114891,-0.006435752368169898,0.06116350674278537,-0.1313422861243416,False,False,
2017-06-02,47.65999984741211,-0.0010720381725107823,0.016204603441186908,-0.8270952145781078,False,-0.03424516066794214,-0.006704675882360713,0.061153765849680915,-0.45034814132750794,False,False,
2017-06-05,47.400001525878906,-0.0013330498211231194,0.016261384992285362,-0.25349768273295853,False,-0.058215779824746794,-0.0072597440675228105,0.06121305293194835,-0.8324374184354556,False,False,
2017-06-06,48.18999862670898,-0.0013832303686891908,0.016268312224323064,1.1095087853012224,False,-0.05006901120534446,-0.007845407461350613,0.06149073258983316,-0.6866661359467211,False,False,
2017-06-07,45.720001220703125,-0.001223771787724144,0.016386994992446568,-3.053129817622085,True,-0.11171555981403669,-0.008468167904094067,0.061680935627221205,-1.6738947109028157,False,True,shock
2017-06-08,45.63999938964844,-0.0019171722831478396,0.017372973489734315,0.009632835928211608,False,-0.11137073895498095,-0.009851200486728409,0.062822372254549,-1.61597747466312,False,False,
2017-06-09,45.83000183105469,-0.0021052971982293686,0.01729249342759639,0.362490561123933,False,-0.06278117789422788,-0.011600245561747666,0.06380388730352778,-0.8021600954970399,False,False,
2017-06-12,46.08000183105469,-0.0019338687387301986,0.017290022429921625,0.4273453506696375,False,-0.07469874423687706,-0.01280024456097416,0.06391018195117591,-0.9685232898130405,False,False,
2017-06-13,46.459999084472656,-0.002075106598600603,0.01718409048402016,0.6006471191272393,False,-0.06443819518268101,-0.014333739116459672,0.06399829396084912,-0.7829029957716167,False,False,
2017-06-14,44.72999954223633,-0.001852512352573812,0.017208531509958217,-2.0561784041100752,True,-0.07429636124299133,-0.015441972078258136,0.06413839811856666,-0.9176155141251671,False,True,shock
2017-06-15,44.459999084472656,-0.0023638136174563185,0.017682448955730987,-0.20768695508550378,False,-0.08064519182499974,-0.016479625411864623,0.06445609893278559,-0.9954925519157863,False,False,
2017-06-16,44.7400016784668,-0.0024344290194082048,0.01768645159371803,0.4937272588993377,False,-0.06126727189034742,-0.01782695156928707,0.06473023173384475,-0.6710978650544087,False,False,
2017-06-19,44.20000076293945,-0.002306022278958196,0.01771477911169889,-0.5511631798434603,False,-0.06751056244570697,-0.01880174353010083,0.06482781304659901,-0.751356811629503,False,False,
2017-06-20,43.22999954223633,-0.002164766176538917,0.0175920666011646,-1.1244251666560072,False,-0.10292590217513731,-0.019576358725541136,0.0650608011456489,-1.2811023224722522,False,False,
2017-06-21,42.52999877929688,-0.0026398510130859537,0.017639292404740523,-0.7683202611724039,False,-0.06977257997013642,-0.020941208141111247,0.06572681767326648,-0.7429444107848034,False,False,
2017-06-22,42.7400016784668,-0.0028232484059180093,0.017708531039652062,0.438263780294732,False,-0.06354070442514914,-0.02182157144028247,0.06593524201401083,-0.6327288974840134,False,False,
2017-06-23,43.0099983215332,-0.0027423736766190063,0.01773021607497122,0.5109673815646336,False,-0.061531821882028215,-0.022441871975725038,0.06610805136586365,-0.5913039198503458,False,False,
2017-06-26,43.380001068115234,-0.0019405430317603637,0.01672011338766299,0.6305733417331527,False,-0.05859376422853879,-0.02243875919866253,0.06610618022428671,-0.546923221205773,False,False,
2017-06-27,44.2400016784668,-0.0015606585126756566,0.016630241678917326,1.2859389878084169,False,-0.04778298428223182,-0.02195401565438144,0.0656993306972702,-0.39313899173288797,False,False,
2017-06-28,44.7400016784668,-0.0010825838011916404,0.016723756280534928,0.7405377305634908,False,0.00022361136447202057,-0.02123284592971251,0.0651044070593754,0.3295699671239795,False,False,
2017-06-29,44.93000030517578,-0.0009071432065486092,0.016784439668133665,0.3070624641934711,False,0.010571327718881252,-0.01983609379029011,0.06441319123705137,0.47206823517355223,False,False,
2017-06-30,46.040000915527344,-0.0006631922620517298,0.016723694033217627,1.5169078342160014,False,0.029056754320289535,-0.018142344557086167,0.06350182806206499,0.7432714981251337,False,False,
2017-07-03,47.06999969482422,-0.0006523153411581051,0.01674013574702223,1.3753854386238702,False,0.06493210141053174,-0.016523884928203336,0.06313129923952772,1.2902631075226458,False,False,
2017-07-05,45.130001068115234,-0.00032400645580924256,0.01694851057733585,-2.412670767535108,True,0.04395099574365191,-0.014679855676279593,0.06346738499902396,0.9237949762832227,False,True,shock
2017-07-06,45.52000045776367,-0.0008817470165336116,0.017593197424812496,0.5413134865851947,False,0.07030335679017918,-0.012956270577574664,0.06327814002108813,1.3157723558247234,False,False,
2017-07-07,44.22999954223633,-0.000613456975723244,0.01758281450603666,-1.5768666846002724,False,0.03486190466202577,-0.01077077231891405,0.06328551485448321,0.7210603735446603,False,False,
2017-07-10,44.400001525878906,-0.0007479836527520793,0.017757305230290253,0.25857378619493393,False,0.03231814132970534,-0.00885067172490632,0.06243941826657439,0.6593401123445525,False,False,
2017-07-11,45.040000915527344,-0.0008938913306571949,0.017672692450043794,0.8662116169515764,False,0.03826647779020509,-0.007825756831188465,0.06247637412164822,0.7377546355626692,False,False,
2017-07-12,45.4900016784668,-0.0006073334815343564,0.017745166529583835,0.5972594962835157,False,0.028254971803231665,-0.006888048475940497,0.06263527741519911,0.5610739144047334,False,False,
2017-07-13,46.08000183105469,-0.0005495901631781708,0.017772862079874146,0.7606808891588496,False,0.029950829287358482,-0.006368330589777654,0.06276459996386184,0.5786567571218127,False,False,
2017-07-14,46.540000915527344,-0.0003099495207302372,0.017833068748857112,0.5771619169802322,False,0.035833532148142444,-0.005784412655885653,0.0628976935385252,0.6616768034353575,False,False,
2017-07-17,46.02000045776367,-0.0003556312048877726,0.017801812504254267,-0.6076663691514967,False,-0.0004344147994342906,-0.005488246559334938,0.063042432180572,0.08016555810259655,False,False,
2017-07-18,46.400001525878906,-0.0008188513295733853,0.01762197130664481,0.5150475927480627,False,-0.014234080588256037,-0.005671415671127085,0.06300704322948952,-0.13590012287898193,False,False,
2017-07-19,47.119998931884766,-0.0009349709365903418,0.017531655238103138,0.9384257035131491,False,0.04409478875850237,-0.006298809832576266,0.06285266405868024,0.8017734704774069,False,False,
2017-07-20,46.790000915527344,-0.0007942783830359268,0.01762175311978839,-0.35235286872815,False,0.027899834028825676,-0.0062083508862128215,0.06292112037041568,0.5420784740361285,False,False,
2017-07-21,45.77000045776367,-0.0007927956130803186,0.017621218787991933,-1.1921277302406263,False,0.03481801789431982,-0.006394904296901832,0.06279720305243891,0.6562859520480033,False,False,
2017-07-24,46.34000015258789,-0.0012931156561753927,0.017678523164034524,0.7775921634033963,False,0.043693661262111494,-0.006969953908984118,0.06220914546375091,0.8144078301255103,False,False,
2017-07-25,47.88999938964844,-0.001158422941102497,0.01774502593273902,1.9502271332419197,False,0.06327705186921007,-0.007250541492678419,0.06192816904034367,1.1388612719349518,False,False,
2017-07-26,48.75,-0.0008558131387363795,0.018140014956806175,1.037135093959133,False,0.07166406245872614,-0.0075249466811789165,0.06156353458625878,1.2862973133706388,False,False,
2017-07-27,49.040000915527344,-0.0007556405900840346,0.01822381324198429,0.36789102422342923,False,0.06423608869038344,-0.007756278839599857,0.06122755659630354,1.1758164384160588,False,False,
2017-07-28,49.709999084472656,-0.0008907192319645911,0.018134668537454223,0.8024959532736745,False,0.06811341011142291,-0.008394316084361803,0.060202554420736125,1.2708385372005486,False,False,
2017-07-31,50.16999816894531,-0.0007889372477043052,0.01819534927616046,0.5519317129803418,False,0.09017813276621833,-0.00887267238178529,0.0594351481000825,1.6665358515000679,False,False,
2017-08-01,49.15999984741211,-0.0005931454924166275,0.018223709950572202,-1.0721403358854817,False,0.059482720490728,-0.008639799038382242,0.059792270839004215,1.139319824673258,False,False,
2017-08-02,49.59000015258789,-0.0008791392716709056,0.018361103069824147,0.5242655742867375,False,0.05241938193321438,-0.008596117327719812,0.05984146153264939,1.0196191352653419,False,False,
2017-08-03,49.02999877929688,-0.0006296314763191547,0.018363097201997646,-0.5806752193771206,False,0.047873430646294235,-0.008437377508946813,0.059989103320406224,0.9386839448904724,False,False,
2017-08-04,49.58000183105469,-0.0007194206852061847,0.018398996147267838,0.6487911066330008,False,0.08324232762039996,-0.008374966930597047,0.060045951191204906,1.525786380821234,False,False,
2017-08-07,49.38999938964844,-6.867462780874393e-05,0.017934614174736196,-0.20984922424891164,False,0.0658178512519969,-0.00711091150041337,0.06096874893845277,1.1961662986726365,False,False,
2017-08-08,49.16999816894531,-7.48337572787768e-05,0.01793584262438525,-0.24417776680397454,False,0.026727892996665004,-0.006003949197799316,0.06153407787820322,0.5319303274398898,False,False,
2017-08-09,49.560001373291016,3.817743638573568e-05,0.017880364881074463,0.441464910251488,False,0.01661541278545675,-0.005111148715971443,0.061516508997539285,0.3531826148050319,False,False,
2017-08-10,48.59000015258789,0.00024873014252947044,0.01787908245429831,-1.10861337295124,False,-0.009176198094176025,-0.004121360251593797,0.06125691435785361,-0.08251864945486204,False,False,
2017-08-11,48.81999969482422,-0.00010161021422489943,0.018007867212275704,0.2684984833262163,False,-0.017903830336750803,-0.0033595095252691525,0.06082676755555306,-0.23911053300996685,False,False,
2017-08-14,47.59000015258789,-5.463860939347143e-05,0.018015928949898567,-1.3954287132028345,False,-0.05142511681322748,-0.0026544064176536905,0.06033914511821581,-0.8082764563538767,False,False,
2017-08-15,47.54999923706055,-0.00021590624106902081,0.0181875926957621,-0.03434350643587715,False,-0.03275021593467964,-0.0023007225192992905,0.059968424318689,-0.5077587707418026,False,False,
2017-08-16,46.77999877929688,-0.00032513269287346434,0.018166118426632315,-0.8735139432690385,False,-0.05666467764962013,-0.0017721172871013602,0.05951522671365416,-0.9223280056820342,False,False,
2017-08-17,47.09000015258789,-0.00040860406872628374,0.018225149689341493,0.38602685257018493,False,-0.03956758464224486,-0.0015627837044185488,0.059290762921781134,-0.6409902498297051,False,False,
2017-08-18,48.5099983215332,1.8935771002759338e-06,0.018028601412158972,1.672514081898085,False,-0.021581352763308748,-0.0008819307112927518,0.058542609695833234,-0.35357873794084166,False,False,
2017-08-21,47.369998931884766,0.00035919855875077587,0.01835852811214294,-1.2996410092762578,False,-0.04089897717607671,-0.00047711031218195053,0.058289179306059875,-0.6934711955996335,False,False,
2017-08-22,47.63999938964844,0.0006871547912569091,0.01768868752503116,0.28338252909279266,False,-0.031116510804818143,0.00023743338494811952,0.057443481094367706,-0.5458224953020908,False,False,
2017-08-23,48.40999984741211,0.0005581140886572082,0.017615217650095143,0.8858695002430335,False,-0.02320422707854619,0.0007361560823106291,0.05699911014955783,-0.42001327912033265,False,False,
2017-08-24,47.43000030517578,0.00071303982739552,0.017701626953986502,-1.183890146412003,False,-0.023873221728119898,0.0011851113708256067,0.05667085768368203,-0.442173175476059,False,False,
2017-08-25,47.869998931884766,0.0006010669067493953,0.01780838124268037,0.4871713477182484,False,-0.019459253766447082,0.0018568475382613311,0.05605987097071279,-0.38023814424839697,False,False,
2017-08-28,46.56999969482422,0.00030336823040513365,0.017466443481654267,-1.5721710119670218,False,-0.021433083725430624,0.002212733331149475,0.055835258336878274,-0.42349257012324815,False,False,
2017-08-29,46.43999862670898,-0.0001995783258484544,0.017708404541561366,-0.14636786130177182,False,-0.023343861790988907,0.002237352826404172,0.05582427210511291,-0.45824537701495816,False,False,
2017-08-30,45.959999084472656,-0.00023958577022671642,0.017710858217533695,-0.5700639611572625,False,-0.017528852420302443,0.0023288316887626324,0.05577599157880808,-0.35602565811864373,False,False,
2017-08-31,47.22999954223633,-0.000658891273461939,0.017570234319284617,1.610201968725104,False,0.0029730173963642414,0.002092384111992353,0.05582268673256683,0.0157755446023369,False,False,
2017-09-01,47.290000915527344,-0.0002385957514549301,0.017866435015582587,0.0844602650456115,False,-0.0251494011176725,0.0018522649361381422,0.05577905127354315,-0.4840825621323886,False,False,
2017-09-05,48.65999984741211,-0.00033400109225863785,0.017838625544663148,1.6427365349858185,False,0.027232445527015647,0.0011684103789307532,0.055791664367449846,0.4671671914360608,False,False,
2017-09-06,49.15999984741211,-2.3813737978334675e-05,0.01814471120021463,0.5676141022925179,False,0.03190597139457463,0.00040965904400047215,0.05502979505998565,0.5723501662370606,False,False,
2017-09-07,49.09000015258789,-0.00015158499723244123,0.01803622999085296,-0.07054305072287038,False,0.014046690917561167,-0.000350562073537759,0.054177727693512055,0.26574117453846335,False,False,
2017-09-08,47.47999954223633,-0.00027653721208679814,0.01801180787269083,-1.8055033118001338,False,0.0010541690225351896,-0.0013981064340791013,0.05310489144137993,0.046177958189053944,False,False,
2017-09-11,48.06999969482422,-0.0009083235929777533,0.018311928756533643,0.7281926363561426,False,0.004177998065636901,-0.003008578607196005,0.05111110670092575,0.14060694703569662,False,False,
2017-09-12,48.22999954223633,-0.0007141440306493862,0.01837582586087906,0.21999665261962434,False,0.035645262149241574,-0.004088162796207009,0.050068386770782375,0.7935830872153284,False,False,
2017-09-13,49.29999923706055,-3.1135310453932106e-05,0.017530964403818065,1.267271468344112,False,0.06158485561855076,-0.003911171163414109,0.050186506522078206,1.305052519508439,False,False,
2017-09-14,49.88999938964844,1.927129082618458e-05,0.017590025091845908,0.6792643879712291,False,0.08550914672458099,-0.003636304827134757,0.05049116549727186,1.7655653355146348,False,False,
2017-09-15,49.88999938964844,0.00021632171330845088,0.01764059436320197,-0.012262722494186189,False,0.05632013282221937,-0.002717268206485546,0.05148173193653485,1.1467640813149889,False,False,
2017-09-18,49.90999984741211,0.0005761015916022479,0.017351147253674853,-0.010097918506948621,False,0.055402809920955365,-0.0018731696130389755,0.05192783840554466,1.102991791930215,False,False,
2017-09-19,49.47999954223633,0.000570409026251526,0.017351133585030053,-0.5294134262953353,False,0.016851617291318677,-0.0009415440518109186,0.05232407014625429,0.34005690485076595,False,False,
2017-09-20,50.40999984741211,0.0006485326806214608,0.017295578794581497,1.0492245905618431,False,0.025427176645237637,-0.00026025367902077434,0.05221712329194199,0.49193499574156796,False,False,
2017-09-21,50.54999923706055,0.0009718760472160248,0.017406256756289182,0.10371779639044854,False,0.029741272762976223,0.0008549857405790181,0.05185455081089315,0.5570636823707482,False,False,
2017-09-22,50.65999984741211,0.0007866841762182138,0.01731064265091617,0.08026225614598304,False,0.06697557573367252,0.0019191228601566272,0.051613745232497295,1.26044821162396,False,False,
2017-09-25,52.220001220703125,0.0014991037792996028,0.01620402211497432,1.8078504631421577,False,0.08633246416112916,0.0043016713341260835,0.05040755309048282,1.6273512161908703,False,False,
2017-09-26,51.880001068115234,0.001933015431893706,0.01654792094897285,-0.5102715673981983,False,0.07567907029902621,0.0069377140423408845,0.04943682490801426,1.3904888994103177,False,False,
2017-09-27,52.13999938964844,0.0017906956108871446,0.01657436177480905,0.19432646198833853,False,0.05760649485878622,0.008783850684917606,0.04938336083797294,0.988645635805468,False,False,
2017-09-28,51.560001373291016,0.0017847834873488777,0.016573116100451604,-0.7788905052390691,False,0.03347368218226676,0.01054792053952645,0.04871953926962713,0.47056606007423296,False,False,
2017-09-29,51.66999816894531,0.0015265124589360038,0.016621917319495437,0.03650975380093975,False,0.03567846865250113,0.011853412237725753,0.04798940893071731,0.49646488559948293,False,False,
2017-10-02,50.58000183105469,0.002051441762639577,0.015990903901877147,-1.4474969630499095,False,0.01342420327972249,0.013319743302998985,0.04699128149115128,0.002222965056681328,False,False,
2017-10-03,50.41999816894531,0.0018506535563432625,0.016187167975100534,-0.3097534730143902,False,0.018997547198976728,0.014574001904395282,0.0456866492722518,0.09682358774488033,False,False,
2017-10-04,49.97999954223633,0.001724503793838923,0.016188908243120633,-0.6455761236290517,False,-0.008530059640495247,0.01564419949225294,0.04481791146738672,-0.5393883458924544,False,False,
2017-10-05,50.790000915527344,0.0017690782928901946,0.01615498077743885,0.8936830148108253,False,0.004747807756460665,0.016430606196322427,0.04384602075120743,-0.2664505977897673,False,False,
2017-10-06,49.290000915527344,0.0022777748104189904,0.015998062109763588,-1.988437522680163,False,-0.027043010975349446,0.017866255662077068,0.04158985252203698,-1.0798130773277135,False,False,
2017-10-09,49.58000183105469,0.002099896204840189,0.016277922859400433,0.23244173419099284,False,-0.050555329910673796,0.018435983248674227,0.04065525864930101,-1.6969837470345106,False,False,
2017-10-10,50.91999816894531,0.002112506944471121,0.016280517260234745,1.5303227055712203,False,-0.01850429605638404,0.018609121575533898,0.04032775850314961,-0.9202945814362424,False,False,
2017-10-11,51.29999923706055,0.002388637127944032,0.016526563208947312,0.3070251582112305,False,-0.016110474921767204,0.019182821919875817,0.03946918570216534,-0.8941987581899056,False,False,
2017-10-12,50.59999847412109,0.002373437035552078,0.016521294070880137,-0.9695775774837048,False,-0.018619140294810488,0.019749265777299446,0.03863389929494922,-0.9931279723847604,False,False,
2017-10-13,51.45000076293945,0.0019271696104119658,0.016495554021902677,0.9015335333574241,False,-0.004257739767795865,0.020138117030465058,0.038087909395934934,-0.6405144620740107,False,False,
2017-10-16,51.869998931884766,0.002000455956960946,0.0165498876260699,0.3723755579699936,False,0.025504093596889765,0.020078365682034822,0.03812307183348276,0.14232137269929102,False,False,
2017-10-17,51.880001068115234,0.002052675975601003,0.016563244586995776,-0.11228748757960595,False,0.028956821741202843,0.020277469227074935,0.03811174154599675,0.22773434542876683,False,False,
2017-10-18,52.040000915527344,0.0017258455838782465,0.0163506980430261,0.08306627034542416,False,0.04121651444894825,0.02027613679268711,0.03811143220901582,0.5494513441902974,False,False,
2017-10-19,51.290000915527344,0.001468675096971226,0.01617229119587886,-0.9819675782116294,False,0.009844457392934158,0.019959928966532665,0.03783328628764511,-0.26736962516792595,False,False,
2017-10-20,51.470001220703125,0.0018260509897209303,0.01549842503554766,0.1086181936612381,False,0.04422804351153986,0.019505175121856427,0.0377458965370435,0.6549816180792162,False,False,
2017-10-23,51.900001525878906,0.0017576213083876358,0.015479243723548104,0.426168470076018,False,0.04679305383508625,0.019157504278141238,0.0373900911018859,0.7391142610923223,False,False,
2017-10-24,52.470001220703125,0.002246869285931433,0.015090117892166407,0.5789075693818213,False,0.030439966761489634,0.01931658626711538,0.037483076705667404,0.29675740285995283,False,False,
2017-10-25,52.18000030517578,0.0023420567894421986,0.015122806983398965,-0.5203426790543448,False,0.017154017177440695,0.019291543939539166,0.03747489953389924,-0.05703889239689346,False,False,
2017-10-26,52.63999938964844,0.002076171652328805,0.01508293548295702,0.44682607929429735,False,0.040316224842787074,0.019010044464702308,0.03740967803582434,0.569536587769654,False,False,
2017-10-27,53.900001525878906,0.0020604981168226098,0.01507520823968178,1.4511051925493714,False,0.04761906174167141,0.01917086117189638,0.03747582315863323,0.7591080908177856,False,False,
2017-10-30,54.150001525878906,0.002206715779563274,0.015234788360018004,0.15960202108523336,False,0.043956094870721385,0.019406437604620554,0.03759982963747755,0.6529193749758646,False,False,
2017-10-31,54.380001068115234,0.002135457115144974,0.015210405470535126,0.13885199002693588,False,0.04818812545353768,0.019514738440921605,0.03765943557965546,0.7613865309257617,False,False,
2017-11-01,54.29999923706055,0.002341065730578428,0.015132096669018845,-0.25192995710487914,False,0.04342809918857782,0.0201630389776279,0.03772982204849373,0.6166225799063559,False,False,
2017-11-02,54.540000915527344,0.0022113528598378435,0.015122390411816414,0.146046197451129,False,0.06336517726627888,0.020931868041319017,0.03760672915391094,1.1283435220142506,False,False,
2017-11-03,55.63999938964844,0.0020633893333295563,0.01504453110805444,1.2034450097414535,False,0.08101803128125806,0.021188806554756037,0.037832276238248676,1.5814333863954582,False,False,
2017-11-06,57.34999847412109,0.0024256827848766274,0.015150040757675674,1.8684825312840148,False,0.10500957202331973,0.021897049184788468,0.03845173895956259,2.161476309977444,True,True,trend
2017-11-07,57.20000076293945,0.0031261202310061886,0.015229070048297762,-0.37701574142661537,False,0.09014673970257148,0.022832936573175134,0.039607317365330616,1.6995294709941144,False,False,
2017-11-08,56.810001373291016,0.00292519964005667,0.015203731566008126,-0.6408539018538727,False,0.08873133463082761,0.023452310952381268,0.04029518380240453,1.620020496706382,False,False,
2017-11-09,57.16999816894531,0.002388311917793134,0.014817358313263715,0.2664809715969803,False,0.08605620881119713,0.023791701389202835,0.04073988649009664,1.5283426829657472,False,False,
2017-11-10,56.7400016784668,0.002233365557522486,0.01471273778530231,-0.6630126816178655,False,0.05269016831519613,0.023983596673902447,0.04100148021979141,0.7001350070146254,False,False,
2017-11-13,56.7599983215332,0.0020537641854662544,0.014748942193663234,-0.11535324483650243,False,0.04819938544982216,0.023829651068899952,0.04086976825498452,0.5962777725794922,False,False,
2017-11-14,55.70000076293945,0.0018762994782958457,0.014687322535353282,-1.3992598238763223,False,0.02427362392234622,0.02356413074007861,0.04064223503751122,0.017457041464692524,False,False,
2017-11-15,55.33000183105469,0.0015039163594651806,0.014850891546805918,-0.5485614093560235,False,0.018968740487405933,0.022685403955493646,0.039887971490428185,-0.09317755025420611,False,False,
2017-11-16,55.13999938964844,0.001683767164295295,0.01466586122998266,-0.348956866465601,False,0.01100107194809885,0.02214521755544935,0.039656567216966684,-0.28101639625990077,False,False,
2017-11-17,56.54999923706055,0.0015213546204511986,0.014654027382778606,1.6411813210163873,False,0.016355137623912608,0.021592973422314476,0.039517426855029555,-0.13254496092614965,False,False,
2017-11-20,56.09000015258789,0.002012873255268034,0.014835530495073848,-0.6839830581033822,False,-0.021970328771704573,0.02117272951534939,0.03940159260557161,-1.094957219596075,False,False,
2017-11-21,56.83000183105469,0.0017548457533019723,0.014841561537372535,0.7706915914771809,False,-0.006468512708910579,0.019769894096787997,0.039033080117827725,-0.6722094881186332,False,False,
2017-11-22,58.02000045776367,0.0019818504457569963,0.014885090402031495,1.273607936302578,False,0.021299050435185096,0.018806075910642563,0.03877227139217198,0.064297871520776,False,False,
2017-11-24,58.95000076293945,0.0023204369453491878,0.015024867609282075,0.9123889858523615,False,0.031135257145434636,0.018733691343156163,0.03876234849640933,0.31993845273403043,False,False,
2017-11-27,58.11000061035156,0.00242840000604352,0.015094662853420713,-1.1048783559919129,False,0.024145204288999578,0.01892728926795587,0.0387878769771837,0.1345243779161478,False,False,
2017-11-28,57.9900016784668,0.0024993719192529513,0.01500205199232785,-0.3042518826019715,False,0.021670250058252183,0.019371574633064877,0.038652221371292164,0.05947071975776743,False,False,
2017-11-29,57.29999923706055,0.002408725179752732,0.015008908177864414,-0.9532585564336977,False,0.02872528639507066,0.019899229038331582,0.03840581999610348,0.2298104130476719,False,False,
2017-11-30,57.400001525878906,0.0025860043557204638,0.014754835736519941,-0.05698224669812,False,0.03741188552902597,0.02096790108110889,0.03749875695067612,0.4385207880236303,False,False,
2017-12-01,58.36000061035156,0.0026204813239026088,0.014749741054166378,0.9562365132857852,False,0.0583968309094256,0.021903395767291636,0.03701254963327283,0.98597463573079,False,False,
2017-12-04,57.470001220703125,0.0030593908267695456,0.014671896140067128,-1.247933558439492,False,0.01626882397974727,0.023437549214745577,0.036084929864161695,-0.19866257914271399,False,False,
2017-12-05,57.619998931884766,0.0027676981089584823,0.0148167671915768,-0.010642035972540943,False,0.027277567750662257,0.024182034663038803,0.03533569025323353,0.08760358338663517,False,False,
2017-12-06,55.959999084472656,0.0024004318986070835,0.014465967890029638,-2.157468562629044,True,-0.015308863602862322,0.02483348693655842,0.034928629908923106,-1.1492678253940243,False,True,shock
2017-12-07,56.68999862670898,0.0023296433438551923,0.014606729861094228,0.7335920467555052,False,-0.022923161333355813,0.025174688450867944,0.03439881360781853,-1.3982415304373044,False,False,
2017-12-08,57.36000061035156,0.002427579402530228,0.014654178987282277,0.6408491930173965,False,-0.02697201241747038,0.02528393311048744,0.034230223902914525,-1.526602504154479,False,False,
2017-12-11,57.9900016784668,0.002369656736341472,0.014607666293378003,0.5896647139506159,False,-0.0020650306423054543,0.025233695972635115,0.03430503110737765,-0.7957645200639302,False,False,
2017-12-12,57.13999938964844,0.002786017056362839,0.014397933751097224,-1.2115457680411446,False,-0.014657738648315766,0.02552447185377931,0.03397399474465575,-1.1827343473765595,False,False,
2017-12-13,56.59999847412109,0.0024668898744196104,0.014516883420600323,-0.8209323018059931,False,-0.012216418364046189,0.025588492055354396,0.033892508674688834,-1.11543559027348,False,False,
2017-12-14,57.040000915527344,0.00270297493103973,0.01416840298334191,0.35790342842384526,False,-0.0062717874700622955,0.025711380926839524,0.033736059926473085,-0.9480410120982816,False,False,
2017-12-15,57.29999923706055,0.0028438471251694877,0.014165558715473054,0.12102086324655613,False,-0.01816314876979286,0.02593900858445188,0.03345703757001483,-1.3181728137750717,False,False,
2017-12-18,57.15999984741211,0.003042434898909413,0.014082450826472824,-0.38954194298208056,False,-0.0053941424518247905,0.025930551299792003,0.033468252168465475,-0.9359524839821667,False,False,
2017-12-19,57.459999084472656,0.002641421499224134,0.013798105243791818,0.18893830664768324,False,-0.0027768110096851872,0.025818989168482815,0.03355963297789341,-0.852089180981353,False,False,
2017-12-20,58.09000015258789,0.0026944615532714846,0.013800409387020294,0.5992362944862432,False,0.0380629217827535,0.02611729036992265,0.033197951065106,0.35983038198362705,False,False,
2017-12-21,58.36000061035156,0.002454381645442843,0.013490261219743966,0.16260517486196346,False,0.02945849398655276,0.02626169671999915,0.033226410696150975,0.09621253694200353,False,False,
2017-12-22,58.470001220703125,0.002379349481559168,0.013461793031770112,-0.036732581085035125,False,0.01935147486995059,0.026229063687892195,0.03322199389955648,-0.2070191463743969,False,False,
2017-12-26,59.970001220703125,0.0024234665317164517,0.013454580360424564,1.7266026841407331,False,0.03414380901753877,0.02629979414059072,0.033201347423175015,0.23625591988693861,False,False,
2017-12-27,59.63999938964844,0.003202814492699792,0.013074392771643418,-0.6658509072867246,False,0.04375218807672754,0.0267409893405241,0.033080975349260154,0.5142290563262938,False,False,
2017-12-28,59.84000015258789,0.002963760227612721,0.013067377448745964,0.02982286677846789,False,0.05724384745254385,0.02726864520733864,0.03303179867985456,0.9074650319749765,False,False,
2017-12-29,60.41999816894531,0.0029640934374333275,0.013067387193066474,0.5148991652515038,False,0.0592566128886205,0.02755662634471601,0.03319954099142256,0.954832072892047,False,False,
2018-01-02,60.369998931884766,0.0027975217641546674,0.012897581117510104,-0.2810643079834553,False,0.05357765681851179,0.027525583108316938,0.033168366791231293,0.7854493974385928,False,False,
2018-01-03,61.630001068115234,0.0026269207392675175,0.012859212197236083,1.41878121495457,False,0.07820156110279464,0.027099829909569342,0.032614335903431615,1.566848742360824,False,False,
2018-01-04,62.0099983215332,0.0029052051318517944,0.013026345761184114,0.25030646243831717,False,0.0791855083459283,0.027391582286643682,0.03297513394541598,1.57069645706427,False,False,
2018-01-05,61.43999862670898,0.002982070365681122,0.013028377173681641,-0.9344319193893796,False,0.0576691076832756,0.027708684932309994,0.033360245051356076,0.8980876101132755,False,False,
2018-01-08,61.72999954223633,0.0029743830714392063,0.01303548087042811,0.1339178842659561,False,0.05774501193694315,0.028252918137536085,0.03351332471421553,0.8800109822257426,False,False,
2018-01-09,62.959999084472656,0.002786710909173872,0.012905298051876886,1.3280409093677092,False,0.07679147887856907,0.028683822608092158,0.033683834031311026,1.428212008934557,False,False,
2018-01-10,63.56999969482422,0.0030153543762174067,0.013056153883610965,0.51112653473322,False,0.060029988341542495,0.02931115868963339,0.034138858348817656,0.899820062464772,False,False,
2018-01-11,63.79999923706055,0.0031155227183103868,0.013078427695416233,0.03842426189187625,False,0.06975184255508471,0.029218550857738328,0.0340445965512196,1.1905939797631213,False,False,
2018-01-12,64.30000305175781,0.0027531827047716046,0.012671356544971542,0.4012094331027362,False,0.07453213382014079,0.02899747590299107,0.03372100157685778,1.3503352743946813,False,False,
2018-01-16,63.72999954223633,0.0029444889528881706,0.012637866612603089,-0.9344330185338338,False,0.054783208765343705,0.028982183416605932,0.033699798776446785,0.7656136322917879,False,False,
2018-01-17,63.970001220703125,0.00275947183838077,0.012708572278406254,0.07919393626432494,False,0.059632306650861944,0.028944539602026698,0.033668955105567125,0.9114558783489262,False,False,
2018-01-18,63.95000076293945,0.0029580021448731043,0.012604636568213092,-0.25948037693831133,False,0.03764399893908954,0.029293321261607965,0.033851502835042985,0.24668558197176924,False,False,
2018-01-19,63.369998931884766,0.0029253884345932695,0.01260996242156121,-0.9512322219327322,False,0.021931956896688032,0.02931952833209581,0.03385727321554396,-0.2181974723237938,False,False,
2018-01-22,63.4900016784668,0.0030857314870411877,0.012374658920088571,-0.09632973295841132,False,0.03336593583299097,0.029432965046988682,0.03381752624757044,0.11629977773092857,False,False,
2018-01-23,64.47000122070312,0.0031531589782415755,0.012353908558960978,0.9942064083497957,False,0.04438687346161507,0.02962454356210887,0.033798303505793506,0.4367772452536185,False,False,
2018-01-24,65.61000061035156,0.003475321149858499,0.012354970279680414,1.149926856666562,False,0.04209024085790469,0.03033010267013701,0.033542407664867276,0.350605070013665,False,False,
2018-01-25,65.51000213623047,0.0034950027907851328,0.012376681974604144,-0.40553174371451894,False,0.030517578271503476,0.030828001778156266,0.03343451537480706,-0.009284522391692696,False,False,
2018-01-26,66.13999938964844,0.0038684592914121534,0.011774540188033544,0.4882017272854825,False,0.0366771188177164,0.031595476301447635,0.032741619624621576,0.15520437212725396,False,False,
2018-01-29,65.55999755859375,0.0039182358957574335,0.011791053646117385,-1.0760311446792286,False,0.01959555905186683,0.03275857561782618,0.031301631648493894,-0.42052173873155585,False,False,
2018-01-30,64.5,0.003440952466126754,0.011565336125596624,-1.6955245380707598,False,0.012082229143173917,0.03326657368593619,0.03076296628088814,-0.6886314001495786,False,False,
2018-01-31,64.7300033569336,0.0031258715789571874,0.011774297964731055,0.037375641478701364,False,0.011880602184270339,0.03364247640680206,0.030320524846564247,-0.7177274909539587,False,False,
2018-02-01,65.80000305175781,0.0033553540158230296,0.011609581719794178,1.1348249324923112,False,0.02892888611020128,0.03404913963985648,0.029810353783903454,-0.17176091121803316,False,False,
2018-02-02,65.44999694824219,0.0033517771104201797,0.011605424516987511,-0.7471522085031478,False,0.032823071665081915,0.03449162798489644,0.029478518874488227,-0.05660244759646159,False,False,
2018-02-05,64.1500015258789,0.0031720108298318728,0.011634273564930773,-1.9798771394845145,False,0.010395335170324316,0.034589214359138996,0.029460473204435938,-0.8212318594112652,False,False,
2018-02-06,63.38999938964844,0.0029046074659566153,0.011930380534099987,-1.2364964797300035,False,-0.01675200574849478,0.03434172787152729,0.029586124361939563,-1.7269491939860333,False,False,
2018-02-07,61.790000915527344,0.0027055234239012284,0.012051313425381236,-2.318923492592044,True,-0.05822282669239176,0.033568814268894714,0.03015580490019427,-3.043912814301804,True,True,shock+trend
2018-02-08,61.150001525878906,0.0025611426256075477,0.012321009201233067,-1.0485176527004345,False,-0.06655473161617032,0.032661250481090365,0.031855810059873105,-3.114533327226145,True,True,trend
2018-02-09,59.20000076293945,0.0023762477597056007,0.012410310570433467,-2.7610153092987715,True,-0.10492891881996547,0.0311841468127209,0.03382007993765509,-4.024622824180224,True,True,shock+trend
2018-02-12,59.290000915527344,0.0018396718044736075,0.013004122168734047,-0.024561363862416256,False,-0.09563753625009896,0.029161187177320212,0.03723868210941789,-3.351319551554614,True,True,trend
2018-02-13,59.18999862670898,0.0017135067387616795,0.012960045880853291,-0.2623578968013522,False,-0.08232560268668254,0.02748015380383236,0.039928717659319234,-2.7500446527585036,True,True,trend
2018-02-14,60.59999847412109,0.0017647110250301242,0.012938621317781368,1.7047317401944708,False,-0.06380356355056671,0.026153758872310716,0.041880962318113925,-2.147928735247089,True,True,trend
2018-02-15,61.34000015258789,0.001964790610115211,0.013163203407192334,0.7784167880702791,False,-0.06778119593188647,0.024765495027066,0.04311272293313447,-2.1466213373367173,True,True,trend
2018-02-16,61.68000030517578,0.0018084577841801404,0.012966895463989455,0.28799649648988523,False,-0.057601173702845454,0.023226824924751897,0.04432822153261098,-1.823398183663528,False,False,
2018-02-20,61.900001525878906,0.001820519910253897,0.012969983749806806,0.13464135846615236,False,-0.03507404437227213,0.021872728010437673,0.045228443415399826,-1.259092024452029,False,False,
2018-02-21,61.68000030517578,0.0018114447630241163,0.012968500705291836,-0.4137397271719732,False,-0.026975849517864137,0.02076256574609354,0.04559416972610519,-1.0470289414355711,False,False,
2018-02-22,62.77000045776367,0.001783671743738003,0.012977852708699708,1.2242537909334394,False,0.01586016390542011,0.019823846430007647,0.04584527968010121,-0.08645781097302242,False,False,
2018-02-23,63.54999923706055,0.0019603642323337946,0.013103830685146828,0.7986927476552858,False,0.03924771302198504,0.019190446251862864,0.04556287741938256,0.44021071332930717,False,False,
2018-02-26,63.90999984741211,0.0018571328129717364,0.012988437003540786,0.2931613480612521,False,0.0795607943204828,0.01863350867507256,0.04504931071947418,1.352457666329448,False,False,
2018-02-27,63.0099983215332,0.001522887095975789,0.012550466263569239,-1.2433971707695295,False,0.06274240763304895,0.01829419163903473,0.0444821956394302,0.9992361068304403,False,False,
2018-02-28,61.63999938964844,0.001369995786062536,0.012670829721247485,-1.8240762811087108,False,0.04139214089851184,0.017928800544774432,0.043993873326813315,0.5333319978315483,False,False,
2018-03-01,60.9900016784668,0.001171003877880219,0.012915980584024968,-0.9070985635262455,False,0.006435696603396046,0.01729761129501022,0.04329842319693948,-0.2508616686157278,False,False,
2018-03-02,61.25,0.0009459116176930997,0.01297172040938613,0.25571432110573916,False,-0.0014672343065538218,0.016236004465572874,0.04255957131498084,-0.4159637474049277,False,False,
2018-03-05,62.56999969482422,0.0011030360506424867,0.012939101487258627,1.5803245221621067,False,0.014429302614217931,0.015513905763949539,0.04239181107003799,-0.02558520436741122,False,False,
2018-03-06,62.59999847412109,0.0013856839117115571,0.013152263400349648,-0.06890376125757536,False,0.011308512616910571,0.01506363799280815,0.04221894156540115,-0.08894409089059072,False,False,
2018-03-07,61.150001525878906,0.0016410775698464165,0.012941743404138076,-1.9165863444265228,False,-0.008592716872156014,0.01489076984206901,0.0422072627063027,-0.5563849728335568,False,False,
2018-03-08,60.119998931884766,0.0014208084835270495,0.013222187689343473,-1.3813657443305252,False,-0.042217643883275535,0.014523283743941514,0.042291178511664355,-1.341672888391306,False,False,
2018-03-09,62.040000915527344,0.0012420100456456895,0.013378469005469136,2.2942947543869074,True,-0.023760792126848895,0.013813700866189856,0.04279454428405826,-0.8780206360799109,False,True,shock
2018-03-12,61.36000061035156,0.0013268752545509063,0.013553922280469886,-0.9065678770096042,False,-0.039899847334513905,0.01327882180284637,0.043012495036797105,-1.236353973231872,False,False,
2018-03-13,60.709999084472656,0.001289191294136649,0.013584477406404286,-0.8747069202525658,False,-0.03650213138118019,0.013039761555342247,0.04326016705484121,-1.1452080819225188,False,False,
2018-03-14,60.959999084472656,0.0009720398603259032,0.013580470393852228,0.23164867249219775,False,-0.011031802594241746,0.01263931330637865,0.04358100743168794,-0.5431521044511015,False,False,
2018-03-15,61.18999862670898,0.0007477507681194462,0.013383722738683266,0.22603633664789702,False,0.0032791759753760807,0.012208235265986293,0.04365403065015946,-0.20454146289874373,False,False,
2018-03-16,62.34000015258789,0.0005843374049292398,0.013268949861954628,1.3723473762660021,False,0.01779592085857784,0.011836820850385513,0.04360929959105486,0.13664745969491923,False,False,
2018-03-19,62.060001373291016,0.0010249149010023591,0.013318248601857851,-0.4141981208658079,False,-0.008150844238782873,0.01175216373797989,0.043591241969821115,-0.4565827234411426,False,False,
2018-03-20,63.400001525878906,0.0009925622609916207,0.013328799099927058,1.545484128010428,False,0.012779601777283434,0.011354549147352755,0.043635535333920075,0.032658076015923514,False,False,
2018-03-21,65.16999816894531,0.001439104323376858,0.013451518827500933,1.9684634477595069,False,0.06573992710965237,0.011141940019115592,0.04358857616135891,1.2525756034889175,False,False,
2018-03-22,64.30000305175781,0.00178807348052845,0.013794686326726993,-1.0973572979771458,False,0.06952768120653063,0.011519647240190611,0.04394060247017438,1.3201465320306933,False,False,
2018-03-23,65.87999725341797,0.0013870821669975456,0.013791740754945605,1.6810890057465817,False,0.06189549131566108,0.011668058577485345,0.04411950510525336,1.1384405291571391,False,False,
2018-03-26,65.55000305175781,0.0019180473223655821,0.013908632894556941,-0.49804082386637194,False,0.06828556714028755,0.012276414141964197,0.04449675736658617,1.2587243725850046,False,False,
2018-03-27,65.25,0.0018164601596615364,0.013931316338118217,-0.45890606361294034,False,0.0747817655080234,0.0128231874671592,0.04493339114196343,1.3788983307560978,False,False,
2018-03-28,64.37999725341797,0.002139563275263165,0.013485294159928392,-1.1473934879215038,False,0.056102333010310534,0.014024395855304342,0.045373219390316466,0.927373850046586,False,False,
2018-03-29,64.94000244140625,0.0017878512802551032,0.013540898453891809,0.5103489420705049,False,0.06128458733222497,0.015078069113219895,0.04542116909774208,1.0172903766429482,False,False,
2018-04-02,63.0099983215332,0.0017462477642553745,0.013514430398724511,-2.3283298266717662,True,0.010747484236531601,0.016254823776549163,0.04546027210758518,-0.12114620710989203,False,True,shock
2018-04-03,63.5099983215332,0.001203539954571551,0.013948770676346043,0.4826022870601709,False,0.02336443628997764,0.01642565730826699,0.045414549115774784,0.15278757836000312,False,False,
2018-04-04,63.369998931884766,0.001504779784344481,0.013845175218137799,-0.2679018096386474,False,-0.0004732270232185032,0.016932619640777573,0.04527488227660377,-0.3844481926569407,False,False,
2018-04-05,63.540000915527344,0.0016013947301544047,0.013792877455856159,0.07839510138053733,False,-0.025011466920597414,0.01708919552532194,0.045192944588487084,-0.9315759977420128,False,False,
2018-04-06,62.060001373291016,0.0015335119811219666,0.013774604768372684,-1.802296260828543,False,-0.034836727405187284,0.01683933313264814,0.04537528403805163,-1.138859218919709,False,False,
2018-04-09,63.41999816894531,0.0011621708883673939,0.014064319473658628,1.4755106735985901,False,-0.037340606967694256,0.01661701875084288,0.04558943518418441,-1.1835554772842585,False,False,
2018-04-10,65.51000213623047,0.0014869374849892023,0.014259806537605125,2.2067641489434013,True,-0.0006102351436316766,0.01619106589063129,0.045945719280989776,-0.3656771794454107,False,True,shock
2018-04-11,66.81999969482422,0.0018563582207773654,0.01471034152623577,1.2331835299734464,False,0.024061298004968812,0.016219953568845334,0.04593431204026322,0.17070778004142595,False,False,
2018-04-12,67.06999969482422,0.0019767947724370063,0.014822465809916691,0.11904902053802008,False,0.04178320217718623,0.016033265251808208,0.04587274895514078,0.5613340711401236,False,False,
2018-04-13,67.38999938964844,0.00196470713082438,0.014820627584413767,0.18935925353006752,False,0.03772708432607086,0.016197594694349983,0.045943512662739355,0.46860782695837505,False,False,
2018-04-16,66.22000122070312,0.002003190691218865,0.014824164307475698,-1.30629893394673,False,0.05094434192474706,0.016442602820431588,0.04600950843539836,0.7498828020029629,False,False,
2018-04-17,66.5199966430664,0.0014296469520681916,0.014728574463136444,0.2105184864996331,False,0.047394085987759516,0.01666660992586103,0.04613757540874153,0.6659967670532738,False,False,
2018-04-18,68.47000122070312,0.0015634211647730823,0.014710310890303786,1.8865094843757226,False,0.08047975974088706,0.01671516856467479,0.04616837375098151,1.381131410868824,False,False,
2018-04-19,68.29000091552734,0.0019095691020135626,0.01505442173728441,-0.30147036902203694,False,0.07475605809818675,0.01702498072851937,0.04652063431790417,1.2409778631812143,False,False,
2018-04-20,68.37999725341797,0.0017452841264175574,0.015035559266107883,-0.028427865204167565,False,0.10183686336247666,0.01723163999798025,0.04674466298752862,1.8099440226378123,False,False,
2018-04-23,68.63999938964844,0.001773889236039293,0.01503263886197533,0.1349346275598028,False,0.08230844168108464,0.01787509608523312,0.04757649012310736,1.3543106149513326,False,False,
2018-04-24,67.69999694824219,0.0015463023469499623,0.01486791152955196,-1.0250919708085435,False,0.03342993040143005,0.01792985449294365,0.04764916936927312,0.325295826006187,False,False,
2018-04-25,68.05000305175781,0.0012814962397163932,0.014961095175132577,0.2599048507949096,False,0.01840771269905983,0.01731978012035034,0.047144529102186174,0.023076539302182585,False,False,
2018-04-26,68.19000244140625,0.0014729898206789086,0.014917076096771176,0.03917067359497604,False,0.016699012251053524,0.01679629485389413,0.04690782404576854,-0.0020739099461463957,False,False,
2018-04-27,68.0999984741211,0.0014374862826717176,0.014912411463465895,-0.1849054420905565,False,0.010535674297419861,0.016249014858082268,0.046662416321493864,-0.12243987798014437,False,False,
2018-04-30,68.56999969482422,0.0011542146237214974,0.014757453640865685,0.389458701182665,False,0.03548774434915569,0.01536560413033361,0.04612481925507961,0.4362540719681212,False,False,
2018-05-01,67.25,0.001117053720838368,0.014739170189350422,-1.3818586897570986,False,0.010974194133692716,0.015038374210435123,0.04589012800137369,-0.0885632761063719,False,False,
2018-05-02,67.93000030517578,0.000812141076380537,0.014922139079674226,0.6231940055956807,False,-0.007886678923616941,0.01425467223148323,0.045442832297280966,-0.48723528080851997,False,False,
2018-05-03,68.43000030517578,0.0008424674526562207,0.014938910580305836,0.436313656187848,False,0.0020500715737521435,0.013155754728233125,0.044959451718336145,-0.24701553800202747,False,False,
2018-05-04,69.72000122070312,0.0010588043732051178,0.014913898117440262,1.1930207484929243,False,0.01959643201386907,0.012452646232345236,0.04471130884579989,0.15977581435071117,False,False,
2018-05-07,70.7300033569336,0.001259944114095964,0.015051989159581463,0.8787279628452936,False,0.03044877601791396,0.011918834570518665,0.04437816999951701,0.41754631720048313,False,False,
2018-05-08,69.05999755859375,0.001457266801937053,0.015127907677639767,-1.6570872152471166,False,0.020088636213548172,0.01182289826490299,0.04432955672079405,0.1864611009017354,False,False,
2018-05-09,71.13999938964844,0.0012633817157242284,0.015356110198967191,1.8790815394643914,False,0.04540773253956232,0.01179832065579446,0.044324386915714734,0.7582600510116024,False,False,
2018-05-10,71.36000061035156,0.001639716129201118,0.015713465864797476,0.09245539739247502,False,0.04648772628611075,0.01195887794521541,0.044425262402926526,0.7772345389370338,False,False,
2018-05-11,70.69999694824219,0.0014751430201933324,0.01563144721179328,-0.6860576015993708,False,0.038179126760320425,0.011986889316208687,0.044446642647486025,0.5892961961569715,False,False,
2018-05-14,70.95999908447266,0.0011160555075101733,0.015563284375082958,0.16458514881081066,False,0.034854884064245306,0.011934741128240896,0.044413127582932276,0.5160668519280884,False,False,
2018-05-15,71.30999755859375,0.0011854111823654308,0.01556295000785677,0.2407592155124481,False,0.060371710908457166,0.011992571872144121,0.04444046686023716,1.0886280557866954,False,False,
2018-05-16,71.48999786376953,0.0011229515112736177,0.015538034814122501,0.09018148222295012,False,0.05240685326954875,0.01230849976668733,0.044701775384255425,0.8970192606037881,False,False,
2018-05-17,71.48999786376953,0.001273531505642837,0.015495537754532667,-0.08218698349273555,False,0.04471719340855107,0.012745983689589756,0.04493400983848761,0.7115147264595294,False,False,
2018-05-18,71.27999877929688,0.0014891096219876172,0.0153614918184297,-0.28816020789328534,False,0.022375179737238904,0.013181116546461452,0.04508525631059231,0.20392615997211047,False,False,
2018-05-21,72.23999786376953,0.001402397561023451,0.0153679638925454,0.7851139798285145,False,0.021348712500632416,0.0133210442471677,0.045097449422399676,0.17800714577612928,False,False,
2018-05-22,72.12999725341797,0.0013615682816542278,0.01533125349529588,-0.18813066267589096,False,0.04445409503844089,0.013219975265706781,0.04507048361381834,0.6930060933084355,False,False,
2018-05-23,71.83999633789062,0.0014121886929875046,0.015315156051210897,-0.3547283507203781,False,0.009839709787009765,0.013375055577351566,0.04515877000251767,-0.07828702575700579,False,False,
2018-05-24,70.70999908447266,0.0016234138940781687,0.015125848452929792,-1.1472265626395446,False,-0.009108765699542554,0.013367647238907375,0.04515931100638347,-0.497713814439569,False,False,
2018-05-25,67.87999725341797,0.0015716526251810252,0.015179117148871577,-2.74023227205556,True,-0.039886843232662006,0.013469557106226736,0.04509900612304431,-1.1830948157330932,False,True,shock
2018-05-29,66.7300033569336,0.0013745579098121768,0.015621491109270762,-1.1724956540300486,False,-0.05961098903769102,0.013714036885689798,0.044753488604527984,-1.6384203379390199,False,False,
2018-05-30,68.20999908447266,0.0012867723164214162,0.015706579245830174,1.3301491197572788,False,-0.04347214388240439,0.013806620120069522,0.04459208090586238,-1.2845052941887638,False,False,
2018-05-31,67.04000091552734,0.0020076746443290685,0.015401137863563168,-1.244100165221923,False,-0.06224642720960838,0.014626043785903674,0.0429137950708868,-1.7913230668257352,False,False,
2018-06-01,65.80999755859375,0.0017586992264022486,0.015559247613486616,-1.2922221510207221,False,-0.07945167820538368,0.015071258573110213,0.041916002756746173,-2.2550560779147983,True,True,trend
2018-06-04,64.75,0.0015365573390426028,0.015727129962781774,-1.1218509355772308,False,-0.0916105343872915,0.015109577566194196,0.041826979866831204,-2.5514658790393505,True,True,trend
2018-06-05,65.5199966430664,0.0010041769712631672,0.01563812335781753,0.6962256804715392,False,-0.0930232754626561,0.014738817955037866,0.04265105284757614,-2.526598670443327,True,True,trend
2018-06-06,64.7300033569336,0.000999918183533833,0.015635073245957372,-0.8351226235255781,False,-0.10259246053324533,0.014402256894627605,0.043403968471463036,-2.695484342746076,True,True,trend
2018-06-07,65.94999694824219,0.0007652493374964416,0.01569792119315501,1.1518831650195438,False,-0.08198774624020788,0.013802373070222274,0.04470401333248957,-2.1427633040010012,True,True,trend
2018-06-08,65.73999786376953,0.000968990728750887,0.015833352093179567,-0.26230752952036834,False,-0.07028710627991641,0.013176857045316464,0.04571396222007301,-1.8257871178049805,False,False,
2018-06-11,66.0999984741211,0.0009739230279212293,0.015831981596040445,0.2843740341540369,False,-0.026222729100173092,0.012599373621822434,0.046494941761252524,-0.8349747574982166,False,False,
2018-06-12,66.36000061035156,0.0008113132996878999,0.015720397814468382,0.19860523485111703,False,-0.005544773384813406,0.012038268381747857,0.04670849813716525,-0.3764420280636405,False,False,
2018-06-13,66.63999938964844,0.0006980755374548335,0.01566609585691324,0.22477299663137415,False,-0.02301714874500871,0.01144103522965721,0.04664220612035841,-0.7387768898784056,False,False,
2018-06-14,66.88999938964844,0.0006788028752493558,0.01566079130796304,0.1962032249154681,False,-0.002237492897231852,0.010073329322117325,0.04611874031307543,-0.2669375211850453,False,False,
2018-06-15,65.05999755859375,0.0009165872456838154,0.015568756981150912,-1.8161349960531878,False,-0.011396444732158506,0.009206930648380247,0.04572459469339322,-0.450597222757138,False,False,
2018-06-18,65.8499984741211,0.0008417097392518228,0.015692223208288832,0.7201619683696778,False,0.016988393422719517,0.00850308283997131,0.04562865825669706,0.1859644992191457,False,False,
2018-06-19,65.06999969482422,0.0011442126145778382,0.015688429164887795,-0.8279539474981813,False,-0.006868085642519728,0.008643785464228955,0.04563846635572215,-0.33988589769524113,False,False,
2018-06-20,66.22000122070312,0.000929438607400647,0.015755273476969128,1.0627463804074637,False,0.02301865883666654,0.008571774113082744,0.04565889211199298,0.3164090072126194,False,False,
2018-06-21,65.54000091552734,0.000877735714623018,0.01569292595668844,-0.7102908107181691,False,-0.006216771064244453,0.00868629886271539,0.04568454790549868,-0.326216863474008,False,False,
2018-06-22,68.58000183105469,0.0007344257295554109,0.01574560121606583,2.899189092067393,True,0.04320054851797206,0.008452628413633324,0.04571576347532722,0.7600861817191825,False,True,shock
2018-06-25,68.08000183105469,0.00166171629135292,0.01635529322736465,-0.5473745590794906,False,0.02995466569804517,0.009143205285501698,0.04584580548384685,0.4539446999110116,False,False,
2018-06-26,70.52999877929688,0.0017890911383935764,0.01624605934291083,2.104998903203725,True,0.06283903150378856,0.010105502746585974,0.04550938898987289,1.1587395464469379,False,True,shock
2018-06-27,72.76000213623047,0.0018431026974600048,0.016354015597977,1.820635218225855,False,0.09183677675022128,0.011260167061661141,0.045736560185395396,1.7617549147102207,False,False,
2018-06-28,73.44999694824219,0.0024108156940861347,0.01664007155483793,0.42501892175063627,False,0.0980714250030168,0.013016655382790943,0.04627174236873359,1.838157918118477,False,False,
2018-06-29,74.1500015258789,0.002678501108291956,0.016589456489348186,0.4130246419696671,False,0.13971725035954075,0.01481096946791357,0.04693011233809709,2.6615380758471,True,True,trend
2018-07-02,73.94000244140625,0.0027506666767772225,0.016607565139085106,-0.3361571263006878,False,0.12285503651855834,0.01682095684063067,0.04899130497955044,2.164344871445812,True,True,trend
2018-07-03,74.13999938964844,0.0026625994351517335,0.016619579227344188,0.0025424869687353403,False,0.13938834697037294,0.0184153016478731,0.0504680994209647,2.3970200326633866,True,True,trend
2018-07-05,72.94000244140625,0.002448078216018071,0.01651203517154773,-1.1284879068018092,False,0.1014799319967723,0.020036533996030368,0.0523652859617971,1.5552936741366918,False,False,
2018-07-06,73.80000305175781,0.0022921572140360866,0.01663321816709186,0.5710478521933997,False,0.12602993623507186,0.021498277679171104,0.053092901947997075,1.968844322321775,False,False,
2018-07-09,73.8499984741211,0.002161470694143414,0.016517634200183203,-0.08984494732729606,False,0.0768445100956534,0.023008282138608283,0.05443508474371648,0.9889986983672239,False,False,
2018-07-10,74.11000061035156,0.0017982642577073493,0.016240797426652794,0.10605481138332404,False,0.08857224760746552,0.023156343245088296,0.05456782380051523,1.198799948510308,False,False,
2018-07-11,70.37999725341797,0.0020232016603595727,0.016144705617592573,-3.2427866723966505,True,-0.0021267762437979787,0.023410270797100764,0.05483020606640764,-0.46574778526218796,False,True,shock
2018-07-12,70.33000183105469,0.0010244968541411644,0.017023779975789275,-0.10190809219689491,False,-0.033397474351719025,0.022556640562974642,0.05472120840260157,-1.0225306887052128,False,False,
2018-07-13,71.01000213623047,0.0010818122618494745,0.017010422999831975,0.5048020559896287,False,-0.03321980821498338,0.02120086667641455,0.05483245451799645,-0.9924902207968208,False,False,
2018-07-16,68.05999755859375,0.001271751117148526,0.017025911301894497,-2.51471173308394,True,-0.08213086772708555,0.019760845693441127,0.05482446554752623,-1.8585081022303591,False,True,shock
2018-07-17,68.08000183105469,0.0008956160188334932,0.017652987027207707,-0.034084592719301116,False,-0.0792534543800606,0.017917736350275847,0.05589926609897216,-1.7383267708432968,False,False,
2018-07-18,68.76000213623047,0.000783555841031481,0.01762944581545106,0.5221206377088818,False,-0.0725653803305687,0.01604389579411204,0.056774575461239,-1.5607210693310398,False,False,
2018-07-19,69.45999908447266,0.001312996600447794,0.017294059703344248,0.512736526766843,False,-0.04771049136897321,0.014933057599884038,0.057687307578597545,-1.085915630288464,False,False,
2018-07-20,70.45999908447266,0.0013429305220715934,0.017307614552796193,0.7542255317877231,False,-0.04525750446030097,0.013985391897764694,0.058129033371130234,-1.0191619045137714,False,False,
2018-07-23,67.88999938964844,0.001564279095718127,0.017367687258052707,-2.1902093346372555,True,-0.08070411926360688,0.013388268198603592,0.058508347970248537,-1.6081873907985984,False,True,shock
2018-07-24,68.5199966430664,0.001042182023523927,0.017913593825792357,0.4598460182377063,False,-0.0754284701288257,0.0126456995006968,0.059349658345535135,-1.483987811972776,False,False,
2018-07-25,69.30000305175781,0.0014764764702432502,0.017709328995049237,0.5594314315186136,False,-0.015345186754858964,0.01210447626438162,0.059970350025437914,-0.4577205737101272,False,False,
2018-07-26,69.61000061035156,0.0013360685682769372,0.017586418394036542,0.17838768578228534,False,-0.01023746910220047,0.012397748533886092,0.059778757681755654,-0.3786498501121374,False,False,
2018-07-27,68.69000244140625,0.00095631259126018,0.017197637901935292,-0.8241119004287015,False,-0.03267144944416944,0.012269385414438507,0.059817391039185375,-0.7513004843218247,False,False,
2018-07-30,70.12999725341797,0.000513467596937458,0.01712819802505013,1.1939496660693234,False,0.030414336895062677,0.011512948781783331,0.060024613728529706,0.3148939566485792,False,False,
2018-07-31,68.76000213623047,0.0007430979849407837,0.017286770080666217,-1.1730460947425865,False,0.009988253332648966,0.011361363911355017,0.059961458975767594,-0.02289988606282862,False,False,
2018-08-01,67.66000366210938,0.00041901518152806625,0.017437417560671246,-0.941461974042663,False,-0.015997650377347683,0.010991512831442724,0.05988212978576632,-0.45070479799810986,False,False,
2018-08-02,68.95999908447266,0.0004372011677006012,0.0174193249156461,1.0779089237856496,False,-0.007198387656065619,0.010098952934081461,0.05977737722319717,-0.28936265513226106,False,False,
2018-08-03,68.48999786376953,0.0006329793381573001,0.017547988282273337,-0.4244670245989061,False,-0.027959143433160416,0.009371053285497127,0.05964934815894785,-0.6258274041685019,False,False,
2018-08-06,69.01000213623047,0.00015124433531513493,0.017243252698112554,0.43154082704908203,False,0.016497315608354546,0.007925201243176493,0.05921509341146825,0.14476232107940715,False,False,
2018-08-07,69.16999816894531,0.0002875283998513201,0.017261365749180337,0.11765688960492023,False,0.009486304111555821,0.007148418009978731,0.05870649425311099,0.03982329606495282,False,False,
2018-08-08,66.94000244140625,0.00030086962291667223,0.017262559479823202,-1.8850170448796837,False,-0.034054841362545996,0.005917077219966453,0.057652656535200124,-0.6933231005254267,False,False,
2018-08-09,66.80999755859375,-0.00017968587037559954,0.017660838776482463,-0.09979280541946671,False,-0.04022414922003936,0.004365566779384711,0.057132480759724186,-0.7804617514676137,False,False,
2018-08-10,67.62999725341797,-2.2985018819015046e-05,0.01759130479876643,0.6990153814596137,False,-0.015431724418593307,0.0033835123844317854,0.05725902262216978,-0.32859863723451216,False,False,
2018-08-13,67.19999694824219,7.17303167346565e-05,0.01763870247458791,-0.3645313587584206,False,-0.0417795582479219,0.0029323198895297433,0.05727235762453983,-0.780688625227708,False,False,
2018-08-14,67.04000091552734,-4.047543796560138e-05,0.017652662075197813,-0.132581590479619,False,-0.025014560315099743,0.002152605616210071,0.05748009429764735,-0.47263607103062394,False,False,
2018-08-15,65.01000213623047,-5.462202063863941e-05,0.017654126314124552,-1.7121090227699012,False,-0.039166440769245026,0.0016786024880431432,0.057556559719176524,-0.7096505325643975,False,False,
2018-08-16,65.45999908447266,-0.0005503826116203363,0.01797529101910332,0.41570105493586273,False,-0.05075406099864743,0.0006832133531311335,0.057609473866258885,-0.8928613802512906,False,False,
2018-08-17,65.91000366210938,-0.0002014177914480116,0.017861037419881112,0.3961648353684291,False,-0.037669649322984555,-0.0001398300486334018,0.05790067139263391,-0.6481758910851882,False,False,
2018-08-20,66.43000030517578,-0.0002445782120345452,0.01783967816725096,0.4559540321534498,False,-0.037385911479347445,-0.0005369363206249699,0.058056442712760704,-0.6347094902289481,False,False,
2018-08-21,67.3499984741211,-0.00023752518759147042,0.017842829808062403,0.7894858744899802,False,-0.02631198124913825,-0.0010627494279996312,0.05821107426886993,-0.4337530639705336,False,False,
2018-08-22,67.86000061035156,-0.00030422195241038176,0.017779748637747523,0.44301171384890525,False,0.013743623175852093,-0.0016748616048397288,0.058232267829808386,0.26477561934826943,False,False,
2018-08-23,67.83000183105469,-0.0003964103913658956,0.017719845834539043,-0.0025766739460261405,False,0.015267240079845479,-0.0018975969760672202,0.058139610628557735,0.29523481272647983,False,False,
2018-08-24,68.72000122070312,-8.749136539705363e-05,0.01751038498400579,0.754324928540899,False,0.016117167108565367,-0.0019618822578499227,0.058117633182154134,0.31107683462868074,False,False,
2018-08-27,68.87000274658203,-0.0003141278503596882,0.017221764930585592,0.14498634080210004,False,0.02485127788958219,-0.0023524231302632158,0.05789299538365756,0.4698962428799229,False,False,
2018-08-28,68.52999877929688,-0.000326257424107211,0.01721965339022627,-0.2677543734420602,False,0.022225504824306075,-0.0026409091088835965,0.05769991791349685,0.43096099322826,False,False,
2018-08-29,69.51000213623047,-0.00026876362097441044,0.017196642596253895,0.8472071925766743,False,0.06922011770696623,-0.0028536240680304545,0.05757667375066423,1.2517871749089224,False,False,
2018-08-30,70.25,-0.00012712609174275524,0.017273161323109274,0.6236869472430815,False,0.07317447269356214,-0.0023954209527941753,0.05801588494784851,1.302572454325008,False,False,
2018-08-31,69.80000305175781,-5.0944967132247793e-05,0.017308340688601383,-0.36714701056458465,False,0.05901986304826656,-0.002224717462326109,0.058221534695758595,1.0519231557641215,False,False,
2018-09-04,69.87000274658203,-0.00017000956753796242,0.01732109647837058,0.06771340847405269,False,0.0517838691194199,-0.0021365439986098713,0.058310329227482326,0.9247146060121448,False,False,
2018-09-05,68.72000122070312,-0.00015663808869102348,0.01732161658001838,-0.9411662836262428,False,0.020341540870389974,-0.002042321655798287,0.058392713471379296,0.38333314544732583,False,False,
2018-09-06,67.7699966430664,-0.000336927402527604,0.0174210353910745,-0.7741992863553472,False,-0.0013263183978137194,-0.002069436840689606,0.058381692890184536,0.012728621012646654,False,False,
2018-09-07,67.75,-0.0007008244881866628,0.01741382029308482,0.02330092811283764,False,-0.001179446098998338,-0.002371770586002221,0.05831745831374679,0.020445412428456686,False,False,
2018-09-10,67.54000091552734,-0.0006844558977239931,0.017413614276603897,-0.13869387175482348,False,-0.01717113335586329,-0.0029802178011680775,0.058059791433251205,-0.2444189895344334,False,False,
2018-09-11,69.25,-0.0006721770461094264,0.01741155468288967,1.4927152399381793,False,0.0055176018333589205,-0.003340362376406385,0.05806296884097314,0.1525578933799632,False,False,
2018-09-12,70.37000274658203,-0.00012487468326089157,0.01757621509410276,0.9272872149317112,False,0.026849613308923992,-0.0031453441426343653,0.05806789532476463,0.5165497609961798,False,False,
2018-09-13,68.58999633789062,0.0006244050355105646,0.017042085800296636,-1.5209033328619614,False,-0.013235588693217948,-0.0022555247220798855,0.05800856541054105,-0.189283494487916,False,False,
2018-09-14,68.98999786376953,0.0005130265350865212,0.017185135970015416,0.30949711028884297,False,-0.017935973469472843,-0.0016371860508202444,0.05763489086455406,-0.28279375867919776,False,False,
2018-09-17,68.91000366210938,0.0002950653561940782,0.017009399624717102,-0.08551563983654095,False,-0.01275070703060699,-0.0012967037786478237,0.057459569791822,-0.19934021945269367,False,False,
2018-09-18,69.8499984741211,0.0005083104119325643,0.01688751751474566,0.777650981261037,False,-0.00028630702267884445,-0.0006367608429278052,0.05703273371876586,0.006144783835491453,False,False,
2018-09-19,71.12000274658203,0.0009348198808832168,0.01680862787769274,1.026083746385715,False,0.0349243522009115,0.0004187774395082592,0.056281986758923465,0.613083807954459,False,False,
2018-09-20,70.80000305175781,0.0013920041191349286,0.016805155706105312,-0.3505732007312909,False,0.04471014547410945,0.0021059092606842992,0.055375224958604696,0.7693736006539678,False,False,
2018-09-21,70.77999877929688,0.0011734538104295996,0.016773314260536847,-0.08680455137455907,False,0.044723229214713944,0.003942354873174506,0.05445396879818063,0.7489054561419217,False,False,
2018-09-24,72.08000183105469,0.0013304503303712511,0.016702759184204087,1.0199729989937676,False,0.06721943816976772,0.005906564069813963,0.0532017352780887,1.1524600425055245,False,False,
2018-09-25,72.27999877929688,0.0013240422399880428,0.016696038742424858,0.08688349116803075,False,0.04375449500789719,0.007895993195280305,0.052657542866622734,0.6809755993256948,False,False,
2018-09-26,71.56999969482422,0.001403493828220627,0.01668847188527029,-0.672703427068835,False,0.017052677297223484,0.00941654787911782,0.05201198839888457,0.1468147950726957,False,False,
2018-09-27,72.12000274658203,0.0011995068161595294,0.016731464807567882,0.3876122060326009,False,0.05146532434994966,0.009993553297749773,0.05185106733741031,0.799824828722054,False,False,
2018-09-28,73.25,0.0012495249521701209,0.016745349852318774,0.8610609545316401,False,0.06174811230814137,0.010753687934213281,0.05203774467793966,0.979950700967756,False,False,
2018-10-01,75.30000305175781,0.001402176965920073,0.016824785417908786,1.5800625184124208,False,0.09272963358093711,0.01188389141492195,0.05221457138194856,1.5483367961527474,False,False,
2018-10-02,75.2300033569336,0.0017253088212599366,0.017100972750647824,-0.15524962488013277,False,0.07702226199483375,0.013150119767964203,0.05301288966715359,1.204841739959787,False,False,
2018-10-03,76.41000366210938,0.002077692372852846,0.016762521198596548,0.8117837870524355,False,0.07438133733454588,0.01432903585765743,0.05344105079325707,1.1237110907344952,False,False,
2018-10-04,74.33000183105469,0.002124926815772404,0.01679622348632819,-1.7472092673788377,False,0.04985873767147009,0.015094275109815118,0.053888684657959214,0.6451161831525675,False,False,
2018-10-05,74.33999633789062,0.0019199067321194747,0.017060811547884754,-0.10465184799989394,False,0.0502966603559063,0.01585063275400165,0.053974293371831156,0.6381932110644697,False,False,
2018-10-08,74.29000091552734,0.0016860555695578227,0.016961877962307567,-0.1390517871454229,False,0.0306603638780778,0.016214339440924843,0.05411497127078702,0.2669506071594531,False,False,
2018-10-09,74.95999908447266,0.00181400598970782,0.01690658309529119,0.42614641114419394,False,0.03707803473211202,0.01670603457348914,0.05407592624601997,0.3767295647593697,False,False,
2018-10-10,73.16999816894531,0.001315803118737963,0.016107084748803208,-1.564232036075076,False,0.022355714418660355,0.01662440105634434,0.05403999875867521,0.106056874425741,False,False,
2018-10-11,70.97000122070312,0.0010946209890643002,0.016339093520166305,-1.9071772452727898,False,-0.015945666695546645,0.016523081705952545,0.05402178871587256,-0.6010306058592113,False,False,
2018-10-12,71.33999633789062,0.00021390159416317427,0.016212636569063927,0.30837057096015674,False,-0.026075135318899267,0.015472619063294737,0.05387478758764529,-0.7711910569411108,False,False,
2018-10-15,71.77999877929688,-0.00013815704403438527,0.01580299473737618,0.39902813175184565,False,-0.04674640278621833,0.013900460235706463,0.05333395774978849,-1.1371153685320738,False,False,
2018-10-16,71.91999816894531,-0.0001823634245953413,0.0157803379384383,0.13515293368603706,False,-0.04399847189004824,0.011969555865183331,0.05286488117385284,-1.0586995849129717,False,False,
2018-10-17,69.75,-0.00028342955650113725,0.015741517028842522,-1.898734378040664,False,-0.08716141006301215,0.009520012901855479,0.05109218035060012,-1.8922939342464764,False,False,
2018-10-18,68.6500015258789,-0.0006479669485871086,0.016113509614748955,-0.9385056921533227,False,-0.0764159850027436,0.006719793614101206,0.05054898399602381,-1.6446577565908007,False,False,
2018-10-19,69.12000274658203,-0.0008943061744719009,0.016202537851189632,0.47774279546418,False,-0.07021783492674183,0.003842402521126318,0.04901384844546327,-1.5110063746631424,False,False,
2018-10-22,69.16999816894531,-0.0005872142632195103,0.01612689027807896,0.08126350549464711,False,-0.06891913694285468,0.0015530989621461296,0.04839773369973555,-1.4561061131956654,False,False,
2018-10-23,66.43000030517578,-0.0007347770278850222,0.01606260712010643,-2.420388025373684,True,-0.11379400858429034,-0.0010462220135595576,0.046831833164553756,-2.407503165092152,True,True,shock+trend
2018-10-24,66.81999969482422,-0.0012719765435800772,0.0166767293819144,0.42830993130735473,False,-0.08678418249320319,-0.003588068929292141,0.04771237693074861,-1.743700878383501,False,False,
2018-10-25,67.33000183105469,-0.0012406411661545673,0.016688060524427697,0.5317046000394762,False,-0.05128926767703912,-0.005926154663967723,0.04743087694805269,-0.9564046868193908,False,False,
2018-10-26,67.58999633789062,-0.0004677996738004634,0.015696646838394727,0.2758101990496669,False,-0.052565183522560344,-0.006581654549744272,0.04771651496852594,-0.9636816310484335,False,False,
2018-10-29,67.04000091552734,-0.000406841544463387,0.015704567546089655,-0.49223829717832307,False,-0.06603507863442126,-0.00683722400535549,0.04791300778621481,-1.2355278318823841,False,False,
2018-10-30,66.18000030517578,-0.0006442540764192595,0.015684770350333305,-0.7767992053255424,False,-0.07981087333019476,-0.007274760944281328,0.04830541274986207,-1.5016145863720118,False,False,
2018-10-31,65.30999755859375,-0.00026138292202058987,0.015008823601874855,-0.8584699513655814,False,-0.06365594898073479,-0.007243827685656117,0.048257548601726596,-1.168980251372742,False,False,
2018-11-01,63.68999862670898,-0.00044058196382470587,0.015082158293293554,-1.615430587017876,False,-0.07225058687435226,-0.00703586094699844,0.0479758147278913,-1.3593250327740756,False,False,
2018-11-02,63.13999938964844,-0.0009044888321141113,0.0152906979514066,-0.5056066102063558,False,-0.08651624883260445,-0.007031663700915554,0.04797001771340981,-1.656963847846763,False,False,
2018-11-05,63.09999847412109,-0.0011553669587468182,0.015260698303827374,0.03419500298351702,False,-0.08775480490831389,-0.0075490738004306375,0.048619597055446835,-1.6496584909252725,False,False,
2018-11-06,62.209999084472656,-0.0013557709940381264,0.015152009319697162,-0.8413943843906173,False,-0.06352553366425817,-0.00811570447307081,0.049307773002364295,-1.123754447164557,False,False,
2018-11-07,61.66999816894531,-0.0010575042592372757,0.014663661234959931,-0.5198420057562594,False,-0.07707275590241913,-0.007886656665079494,0.049004993664092944,-1.4118173284865423,False,False,
2018-11-08,60.66999816894531,-0.001296970501157159,0.014639195750424909,-1.019070305910028,False,-0.09891583961070938,-0.007908580475394073,0.04903597681047002,-1.8559283419002617,False,False,
2018-11-09,60.18999862670898,-0.0016649567936104547,0.014662994376309413,-0.4260172885278864,False,-0.10948362349641438,-0.009022855846805412,0.05014423749492775,-2.0034359413635694,True,True,trend
2018-11-12,59.93000030517578,-0.001830088992894369,0.014662670962562378,-0.16978745915553442,False,-0.10605609357479573,-0.010346137905394931,0.05146875946814279,-1.8595737814244704,False,False,
2018-11-13,55.68999862670898,-0.0017114644752553435,0.014605183690719819,-4.72693613734602,True,-0.15850712647467913,-0.011324599827136614,0.05258437606914819,-2.7989782830930277,True,True,shock+trend
2018-11-14,56.25,-0.002934303261452822,0.016409022184987604,0.7916372659223225,False,-0.13872298112498704,-0.013843552672066505,0.05502619793028688,-2.2694540627926223,True,True,trend
2018-11-15,56.459999084472656,-0.0025397596568337926,0.016360146020705017,0.3834364746003168,False,-0.11351860100691469,-0.015826369131501653,0.056806374729231945,-1.7197406513100664,False,False,
2018-11-16,56.459999084472656,-0.0022766800910386004,0.016299340814502645,0.13967927396259372,False,-0.10579664823802548,-0.01712664847322921,0.05791562944129359,-1.5310202206241577,False,False,
2018-11-19,56.7599983215332,-0.0025328620502465633,0.01610686304102568,0.487142957884146,False,-0.10047544066404501,-0.018441291947655345,0.05879952964747789,-1.3951497436835092,False,False,
2018-11-20,53.43000030517578,-0.0023711414383864402,0.0161241630093079,-3.491461939825714,True,-0.14113484823195122,-0.019408175910733808,0.05954958915083395,-2.0441227900480436,True,True,shock+trend
2018-11-21,54.630001068115234,-0.003254614168554514,0.01734027036093086,1.4829019569226765,False,-0.11415594794642225,-0.02150993809527121,0.061028597322650244,-1.5180753600044854,False,False,
2018-11-23,50.41999816894531,-0.0029860693728344426,0.017582018697614478,-4.213274242070808,True,-0.16894676626587712,-0.023158501456044256,0.061844499981634764,-2.3573359773807843,True,True,shock+trend
2018-11-26,51.630001068115234,-0.0035837305280384617,0.019270623294024153,1.4313082564672823,False,-0.14221627768563017,-0.024957060454755337,0.06408649117866805,-1.8297025640546531,False,False,
2018-11-27,51.560001373291016,-0.0032378560984663183,0.019531514042205888,0.09636022800463648,False,-0.13966292156287374,-0.026316955500963215,0.065481763445799,-1.7309546978790515,False,False,
2018-11-28,50.290000915527344,-0.0034195814660336068,0.019448470674678857,-1.090673112334539,False,-0.09696530515969148,-0.02797337146288695,0.06676145318107024,-1.0334097058924825,False,False,
2018-11-29,51.45000076293945,-0.003663226474618543,0.019599655711011583,1.36377084180242,False,-0.08533331976996528,-0.02870918142171055,0.06721822574818241,-0.8423926355983273,False,False,
2018-11-30,50.93000030517578,-0.003323931728678278,0.019840930175003515,-0.3418678893424913,False,-0.09794542807241569,-0.029513431547775422,0.06753353341528498,-1.0133039552932963,False,False,
2018-12-03,52.95000076293945,-0.0030549516977186465,0.019605899721880087,2.178795292083018,True,-0.06216787776212529,-0.030297151378484367,0.06798661169217314,-0.46877944922367704,False,True,shock
2018-12-04,53.25,-0.0026184140245777746,0.020186926464147305,0.41037063906591537,False,-0.061839295724602006,-0.030449335601997404,0.06804577100075625,-0.46130655382324554,False,False,
2018-12-06,51.4900016784668,-0.0026345312148206754,0.020179726190781715,-1.5073088787031774,False,-0.03630916368385373,-0.030771597554018967,0.06813759946363153,-0.08127034373716732,False,False,
2018-12-07,52.61000061035156,-0.0031804126368557206,0.020443222131473145,1.2195820936961008,False,-0.036976028157953755,-0.030757240916745723,0.06813630041368855,-0.09126981070957414,False,False,
2018-12-10,51.0,-0.0030750441287845445,0.020552257138078477,-1.3393912881181447,False,0.011503408411702942,-0.03089942820886326,0.06813802553978338,0.6223079739199178,False,False,
2018-12-11,51.650001525878906,-0.003584043772172434,0.020756703521473893,0.7866938848786333,False,0.0003873805413501241,-0.030929297739051915,0.06811867926665001,0.45973701512639664,False,False,
2018-12-12,51.150001525878906,-0.003408214483974231,0.020839368274579936,-0.3009845239908729,False,-0.007951897526994545,-0.03112769586623185,0.06800388427978318,0.3408010966533454,False,False,
2018-12-13,52.58000183105469,-0.0037122354221176433,0.020761144856864547,1.5254086429270963,False,0.0455359092033798,-0.031448616728039315,0.06783449740185521,1.1348875407060015,False,False,
2018-12-14,51.20000076293945,-0.003368579401443975,0.021071048199732007,-1.0857153658520171,False,-0.0048590864196853545,-0.031172821643855344,0.06810798690848052,0.38635314914723334,False,False,
2018-12-17,49.880001068115234,-0.003652697338484039,0.021235501251941274,-1.0420543435421896,False,-0.020616517391888523,-0.03153394952710857,0.06789249187924706,0.16080470510108377,False,False,
2018-12-18,46.2400016784668,-0.0041871186628854706,0.021281886087092073,-3.2322326880876577,True,-0.12672330477413496,-0.03273177132842663,0.06687575142741148,-1.405465081730393,False,True,shock
2018-12-19,47.20000076293945,-0.005302065938896763,0.022641304022616295,1.1511391320271935,False,-0.11361500914667688,-0.035397075027995925,0.06658063401330375,-1.174785059917752,False,False,
2018-12-20,45.880001068115234,-0.004939840930490801,0.022839852753331773,-1.0081612213298419,False,-0.10895320309724665,-0.0376988733239285,0.0662557185153447,-1.0754442238342912,False,False,
2018-12-21,45.59000015258789,-0.005326093673034853,0.022982502152246412,-0.04328349863929106,False,-0.13343471538341733,-0.039842034286817395,0.06592094265519442,-1.4197715828510689,False,False,
2018-12-24,42.52999877929688,-0.005190916302127699,0.022945921709982945,-2.698915163700317,True,-0.16607845530790433,-0.04189238437020149,0.0664133719884633,-1.8698955830653392,False,True,shock
2018-12-26,46.220001220703125,-0.005901526059199863,0.024017150235646014,3.8582375714932327,True,-0.10513069012118259,-0.04408907952900269,0.0677644097293812,-0.9007915930493755,False,True,shock
2018-12-27,44.61000061035156,-0.004740760570486066,0.026288176058451452,-1.1447221404851082,False,-0.12785925162130218,-0.045475096115965154,0.06793775869251599,-1.2126416456893279,False,False,
2018-12-28,45.33000183105469,-0.005163877907213729,0.026515802116500415,0.8034372827035506,False,-0.1378851226231419,-0.04695093769283768,0.06851440633668181,-1.327227218221099,False,False,
2018-12-31,45.40999984741211,-0.005286256705694856,0.026394117435580632,0.2671446977250989,False,-0.11308595369628138,-0.04886297401892435,0.06902941538389522,-0.9303711949491674,False,False,
2019-01-02,46.540000915527344,-0.005478370479588673,0.026288033906024168,1.1550038657245982,False,-0.06696070731888815,-0.050728781578993756,0.06884624038586493,-0.23577069203661302,False,False,
2019-01-03,47.09000015258789,-0.004809312208105358,0.026415117007715993,0.6294534574642535,False,0.018382319274804937,-0.05144511649400269,0.06873026075860825,1.015963492617216,False,False,
2019-01-04,47.959999084472656,-0.004729498900585396,0.02645671415476175,0.8770830785227473,False,0.01610165909425021,-0.05096087259074566,0.06909650793577674,0.9705632554879418,False,False,
2019-01-07,48.52000045776367,-0.0044677023441344835,0.0265893308678138,0.6071656439523969,False,0.05754139773730582,-0.05057617437574755,0.06939180721270212,1.5580740213559754,False,False,
2019-01-08,49.77999877929688,-0.004493895399119183,0.026572213170162663,1.1464055732967302,False,0.09190608933286315,-0.0498051383122811,0.0702738126040726,2.0165581230600775,True,True,trend
2019-01-09,52.36000061035156,-0.0043900719574024565,0.026677015274128676,2.1073629423868647,True,0.2311310160638851,-0.049045381817188406,0.07149956906302683,3.918574636919814,True,True,shock+trend
2019-01-10,52.59000015258789,-0.0036390384300647657,0.02745542766489854,0.2925358108290986,False,0.1378190991702415,-0.04655977020932474,0.07776847872794473,2.3708689226720456,True,True,trend
2019-01-11,51.59000015258789,-0.003576702382430542,0.02746845568593718,-0.5620381286151843,False,0.1564671474274011,-0.04531849194325103,0.07995731197235993,2.523667121781263,True,True,trend
2019-01-14,50.5099983215332,-0.004075126856017987,0.02740397980116555,-0.6152098449871055,False,0.11427302627924885,-0.04412852248648259,0.08228503238944335,1.9250347744415952,False,False,
2019-01-15,52.11000061035156,-0.004391246554633046,0.027460585581206707,1.3134530026315867,False,0.14754461099874416,-0.04318827540286456,0.08369365681497473,2.2789407663626213,True,True,trend
2019-01-16,52.310001373291016,-0.0038379153488654837,0.02776607070654037,0.2764512469948613,False,0.12397937997974129,-0.04144838295351096,0.08627936286566452,1.9173503076375331,False,False,
2019-01-17,52.06999969482422,-0.003889205712575786,0.02774804498860188,-0.025185887333096194,False,0.10575492729028269,-0.04048152887844707,0.08772875757477526,1.6669158461988443,False,False,
2019-01-18,53.79999923706055,-0.004159290468940404,0.02765353156906571,1.35186304332905,False,0.12176814562280969,-0.03989477134535185,0.08856492222923897,1.825360570517047,False,False,
2019-01-22,52.56999969482422,-0.004089449041050763,0.027742287647613488,-0.6766924395204785,False,0.08347071720632071,-0.03950759118479354,0.08921365079052922,1.378469632185139,False,False,
2019-01-23,52.619998931884766,-0.004381886835235158,0.027824008103306555,0.19166847242512405,False,0.05705102897208225,-0.03942161178197372,0.08933050455683755,1.0799518174967224,False,False,
2019-01-24,53.130001068115234,-0.004578341995466177,0.027732271750032848,0.5145815383334724,False,0.014705890924138876,-0.03965268256013991,0.08905413961747634,0.6103991764759158,False,False,
2019-01-25,53.68999862670898,-0.004086158481070791,0.027652427899238677,0.5289335469615991,False,0.0209164949786933,-0.040121387183437655,0.08866833340405045,0.688384227139908,False,False,
2019-01-28,51.9900016784668,-0.0039474161208772176,0.027699954167047854,-1.0005713252722834,False,0.007753470143357699,-0.0405131227218005,0.08832771582129467,0.546449009989249,False,False,
2019-01-29,53.310001373291016,-0.00436062508217506,0.02788099857005097,1.06703912696061,False,0.05543462967339141,-0.040818547971596765,0.08811763641703504,1.092325912935862,False,False,
2019-01-30,54.22999954223633,-0.004142347674304062,0.028050725313080803,0.7628987422533252,False,0.04068314924301952,-0.04057379337237971,0.08836207946610064,0.9195906559280643,False,False,
2019-01-31,53.790000915527344,-0.0035938552711113274,0.028061764678410442,-0.16106291922152607,False,0.028292859938482184,-0.040329427574721584,0.08856357570287128,0.7748364603460673,False,False,
2019-02-01,55.2599983215332,-0.0033011437861478962,0.027895900456643835,1.097996276022033,False,0.06126365748809626,-0.03973958055293453,0.08887494024328674,1.1364647645843022,False,False,
2019-02-04,54.560001373291016,-0.003006276460257317,0.028103228389972524,-0.34377044098110743,False,0.014126433959257945,-0.038575063315507925,0.08962542922674827,0.5880194686871008,False,False,
2019-02-05,53.65999984741211,-0.0032574100349103308,0.02810429692973066,-0.47103895617807984,False,0.02073426210605822,-0.03776342549223491,0.0898258352404266,0.6512345523057929,False,False,
2019-02-06,54.0099983215332,-0.0035033570251390127,0.028138797849970566,0.3563008642409085,False,0.02641580041549907,-0.03690032237228682,0.09007576410830792,0.7029207402743096,False,False,
2019-02-07,52.63999938964844,-0.0030140915575499103,0.0279874323373426,-0.7986285490069579,False,-0.009222692802859034,-0.03538595956590667,0.09017403294225844,0.29014191679550233,False,False,
2019-02-08,52.720001220703125,-0.0031420257787893226,0.028068345139053714,0.1660880752568483,False,-0.018066631231450803,-0.03449004900324155,0.09009463601210976,0.1822907389246042,False,False,
2019-02-11,52.40999984741211,-0.003213046417604904,0.028049462759071626,-0.09508563190583334,False,0.008078441149950377,-0.033794699620637664,0.09001638027216749,0.4651724568793282,False,False,
2019-02-12,53.09999847412109,-0.0033010925600339054,0.028047303625493687,0.5870971791344715,False,-0.003939277691993093,-0.03276806524606694,0.09004944516695218,0.320143977573933,False,False,
2019-02-13,53.900001525878906,-0.0025973869701873165,0.027784809526543143,0.6357199688248781,False,-0.006085156170809292,-0.0313033355008363,0.08960602798156293,0.28143396039400187,False,False,
2019-02-14,54.40999984741211,-0.0024747851168084784,0.027842907180127236,0.42871673694707296,False,0.011526285951517723,-0.030227348483204384,0.08941512506039487,0.46696388789390925,False,False,
2019-02-15,55.59000015258789,-0.002450392345926411,0.027852681332652673,0.8666163082142052,False,0.005971803132069464,-0.02938980776815696,0.08950931784446035,0.39506066800412915,False,False,
2019-02-19,56.09000015258789,-0.0022127163471352875,0.027983021861838847,0.4004978388408591,False,0.028042498914706115,-0.02860931461276189,0.08955970289830723,0.6325591945274172,False,False,
2019-02-20,56.91999816894531,-0.0019842942862814184,0.028003921246967056,0.5992698441051795,False,0.06075285745067749,-0.02735494691210686,0.08968716807249691,0.9823903046148595,False,False,
2019-02-21,56.959999084472656,-0.0016159505202281643,0.02804102151589032,0.08268983049226329,False,0.054619530727948895,-0.025480763835028564,0.09004415129165347,0.8895668781810403,False,False,
2019-02-22,57.2599983215332,-0.001431300336423799,0.02800964957061843,0.2391369068175285,False,0.08776593817349632,-0.02390375743891278,0.09040153899490422,1.2352632140333775,False,False,
2019-02-25,55.47999954223633,-0.0010303456375972224,0.027885500386314297,-1.0778328048166828,False,0.05235201550885682,-0.021770203771608133,0.09113041826502748,0.8133641948718054,False,False,
2019-02-26,55.5,-0.0013296881168196354,0.028088008759959298,0.06017466926789429,False,0.05895821716436167,-0.019918626913721985,0.09120786029051078,0.8648031411640292,False,False,
2019-02-27,56.93999862670898,-0.0013164344387473486,0.028088576207242023,0.9705851745408809,False,0.07231638913246607,-0.017962453286086307,0.09130654286459475,0.9887445038022477,False,False,
2019-02-28,57.220001220703125,-0.0007824276687496271,0.02822255958528748,0.2019636205922793,False,0.061595539904209407,-0.016151227648796656,0.09173682302410342,0.8474979292947442,False,False,
2019-03-01,55.79999923706055,-0.0006011237490852868,0.02821481304645428,-0.8582515885054264,False,0.025546763343991197,-0.014302317038041608,0.09188965545327603,0.4336623114480523,False,False,
2019-03-04,56.59000015258789,-0.0007158063047222049,0.028296498636586575,0.5256314284607695,False,0.01798884686553559,-0.012642815665312265,0.0914638020863322,0.33490475829918803,False,False,
2019-03-05,56.560001373291016,-0.00042154805680793216,0.028335381249337942,-0.003831230215660305,False,0.00837941200614245,-0.010943182727152933,0.09082206431327174,0.21275220817098064,False,False,
2019-03-06,56.220001220703125,-0.0003710211339487479,0.028331714813468103,-0.19908067239457672,False,-0.012297908832753501,-0.009417375986073756,0.090161431459165,-0.03194861483520664,False,False,
2019-03-07,56.65999984741211,0.0004921510938697882,0.027118760021479196,0.2704482285895881,False,-0.005266840622936808,-0.007467919750848082,0.08845885520753222,0.024882518802073,False,False,
2019-03-08,56.06999969482422,0.0004624268472790612,0.027109356115190893,-0.4011684853619063,False,-0.020782372713788133,-0.005688504544154078,0.08711495903670723,-0.17326379231004427,False,False,
2019-03-11,56.790000915527344,0.00027380938672065666,0.027135490813850437,0.46313162467616226,False,0.02361213742068835,-0.004452021500245724,0.08621727886087636,0.325505041352784,False,False,
2019-03-12,56.869998931884766,0.00044502423117031377,0.02717422351115405,0.03546152959449998,False,0.024684665439365094,-0.0027265710247962064,0.08545321100710707,0.32077479758930927,False,False,
2019-03-13,58.2599983215332,0.00039295997661864903,0.027168509877772622,0.8851695959577923,False,0.023182292354412715,-0.0010577696100840717,0.08473761259163924,0.28606024200035657,False,False,
2019-03-14,58.61000061035156,0.001501089867083083,0.02641137913500277,0.17062728609370906,False,0.024292194337554696,0.0011331255977341142,0.08317681038127636,0.2784317964786233,False,False,
2019-03-15,58.52000045776367,0.0012817336687849826,0.026303057848177477,-0.10710961465419665,False,0.048745542256147356,0.00297910082818714,0.0821130937520859,0.5573586298689132,False,False,
2019-03-18,59.09000015258789,0.002288778457498856,0.024657326064792952,0.30220130001491463,False,0.04417741638556394,0.005881664941814133,0.07976770749378839,0.4800909120615249,False,False,
2019-03-19,59.02999877929688,0.002098668894154881,0.02454237896009979,-0.126886328916573,False,0.04367039154939367,0.008366914196096722,0.07797469954633462,0.45275554197318435,False,False,
2019-03-20,59.83000183105469,0.0021032071805163755,0.024541763003500867,0.4665221387653838,False,0.06421203365293016,0.010811358370926954,0.07612306307129434,0.7015045523324501,False,False,
2019-03-21,59.97999954223633,0.002612327026555247,0.02437515420448277,-0.0043184095558604155,False,0.05859512361039765,0.012960389555095242,0.07531006015779709,0.6059580082618975,False,False,
2019-03-22,59.040000915527344,0.002338205061679083,0.02425734117911933,-0.7424586554104057,False,0.0529695244670616,0.014879435466833414,0.07460195746656746,0.5105776080647494,False,False,
2019-03-25,58.81999969482422,0.0022640056056283785,0.02430438883570691,-0.24647044313999583,False,0.0357457078107184,0.016891634834026444,0.07354546179577831,0.25635943423737156,False,False,
2019-03-26,59.93999862670898,0.0016854909630374386,0.02391544696208466,0.7257080945536353,False,0.05398276336353125,0.018197149308331027,0.07299004266489259,0.4902807663710644,False,False,
2019-03-27,59.40999984741211,0.0018638298499574308,0.02399526619416582,-0.4461707200634613,False,0.019739127343123553,0.019741443429506136,0.07249737577760781,-3.194717543554474e-05,False,False,
2019-03-28,59.29999923706055,0.0021866226009704583,0.02367999001474205,-0.1705310273153828,False,0.011772711474552056,0.020488753976532503,0.07220005863701077,-0.1207207122337776,False,False,
2019-03-29,60.13999938964844,0.0018719115951677612,0.023573056662755217,0.5215001481947455,False,0.027682825003632505,0.021138737171632577,0.07189452380392439,0.09102345332792533,False,False,
2019-04-01,61.59000015258789,0.0024688158942196086,0.023304911687440987,0.9286285385819771,False,0.04230834309602738,0.02135446272619164,0.07188949516662568,0.2914734666208015,False,False,
2019-04-02,62.58000183105469,0.00262035314779161,0.023409351765771212,0.5747152758625067,False,0.06013896535947194,0.021913408893587335,0.07188724082735255,0.5317432694028238,False,False,
2019-04-03,62.459999084472656,0.0029637479081914557,0.023415367978720014,-0.2084672462701058,False,0.04395783341014159,0.02282128706540689,0.07193491968348895,0.2938287334959814,False,False,
2019-04-04,62.09999847412109,0.0025654201248002757,0.023237884105136632,-0.3584284483167924,False,0.035345097500241174,0.02280024605483038,0.07192841635758836,0.17440744674600817,False,False,
2019-04-05,63.08000183105469,0.0028385140126580386,0.023013991868523754,0.5623769616170168,False,0.06842819872763317,0.0233363018404294,0.07186928513948075,0.6274154084000056,False,False,
2019-04-08,64.4000015258789,0.0033926779658543346,0.02281507007388931,0.7684887676947116,False,0.09486572356350575,0.024523564722023026,0.07186888175587972,0.9787568294219066,False,False,
2019-04-09,63.97999954223633,0.004644690360381647,0.02107798680259772,-0.5297688172391436,False,0.06740075088568886,0.027478085099858232,0.07010010127190994,0.5695093881672919,False,False,
2019-04-10,64.61000061035156,0.004280917095055322,0.021031461426807528,0.26464764813248065,False,0.08752736536433381,0.02989162856695644,0.06826888999755659,0.8442459925661631,False,False,
2019-04-11,63.58000183105469,0.004785089610731754,0.0206985770771445,-1.0013671550307544,False,0.07217542409881306,0.032511369479777515,0.06661879472278545,0.5953883552544872,False,False,
2019-04-12,63.88999938964844,0.004656810559311433,0.02079791050832198,0.010524999205975572,False,0.06235450678513743,0.03525283800620725,0.06387151189870177,0.4243154416308883,False,False,
2019-04-15,63.400001525878906,0.005616753504660479,0.019026280493492486,-0.6983052721403131,False,0.029387909868595186,0.038298610834114476,0.05943343292662774,-0.14992741503792661,False,False,
2019-04-16,64.05000305175781,0.004357663587149374,0.016546808527251537,0.3562455052575893,False,0.02348995170488566,0.04009219216731152,0.05702758986477809,-0.29112646180195473,False,False,
2019-04-17,63.7599983215332,0.004958807687001463,0.01591050665711358,-0.5962471373294365,False,0.02081330861536501,0.04211018154499402,0.05357759342339763,-0.3974958852916403,False,False,
2019-04-18,64.0,0.004683238454271652,0.015893205908312225,-0.05782952809200363,False,0.030595838527607944,0.04422616062817411,0.04933897847491229,-0.27625870096797533,False,False,
2019-04-22,65.69999694824219,0.004709896454783262,0.015889921022872535,1.3752463483012627,False,0.041534480677482444,0.04614191785782597,0.04581162957349484,-0.10057352736059931,False,False,
2019-04-23,66.30000305175781,0.0047322703482781375,0.015919864912106427,0.2763995229435265,False,0.029503128584793537,0.04758852036444424,0.043863466783819714,-0.41231104392145346,False,False,
2019-04-24,65.88999938964844,0.004696466866859277,0.015906728535782615,-0.6840208443574063,False,0.029853076915876242,0.04773679782191076,0.0437821241756012,-0.4084708369631987,False,False,
2019-04-25,65.20999908447266,0.004367676141325674,0.01587289066228409,-0.9253457274123703,False,0.009286464455240395,0.047920150059532436,0.04367651813914228,-0.8845413336570224,False,False,
2019-04-26,63.29999923706055,0.004074387324403172,0.015939101266261083,-2.0932404554539317,True,-0.004403941269743417,0.047276750949104905,0.04388778312978789,-1.1775644275769117,False,True,shock
2019-04-29,63.5,0.003337605695820565,0.016188574460285498,-0.010997629438740946,False,-0.006104232170514368,0.04599261720773681,0.043973213089890224,-1.1847405663023665,False,False,
2019-04-30,63.90999984741211,0.002688692206593634,0.015161428474585521,0.24852528309910646,False,0.008044137370013082,0.042829480564611486,0.03869092082489764,-0.8990569997551985,False,False,
2019-05-01,63.59999847412109,0.0027162126485520454,0.015166435693491045,-0.49891783518400307,False,-0.0070258322591035816,0.041099147740608445,0.03726085961760916,-1.291569236286985,False,False,
2019-05-02,61.810001373291016,0.0029050717045120706,0.014979207215563686,-2.0728520833271054,True,-0.030583390833992974,0.038919241344788386,0.03514244022256512,-1.977740638914238,False,True,shock
2019-05-03,61.93999862670898,0.0028089345824142747,0.015156367265328359,-0.04656521638127353,False,-0.03218752145767223,0.036987822449945154,0.03492501355408506,-1.980681948784131,False,False,
2019-05-06,62.25,0.0024146176894826164,0.014775079223721952,0.17531195267433383,False,-0.05251137151437102,0.03459139401719293,0.03336807339353709,-2.610362441495783,True,True,trend
2019-05-07,61.400001525878906,0.002430175238242699,0.014777212443600194,-1.0884846693121326,False,-0.07390650528407472,0.032238183997271436,0.033201891787461364,-3.1969470282242023,True,True,trend
2019-05-08,62.119998931884766,0.00230928818338387,0.01487218183295352,0.6331992002473218,False,-0.05721658055373957,0.02984269822961334,0.034289440275317884,-2.538953044562225,True,True,trend
2019-05-09,61.70000076293945,0.0020226461160389375,0.014470016127533883,-0.6070293365667784,False,-0.05382607530765904,0.027456235213926015,0.03403268551714239,-2.388360168657359,True,True,trend
2019-05-10,61.65999984741211,0.0022373310116819327,0.01421297962799956,-0.20302879021434006,False,-0.025908363497866516,0.02562561131373962,0.03466566289274236,-1.4866000102480472,False,False,
2019-05-13,61.040000915527344,0.0022160055271192424,0.01421613514773016,-0.863183220907694,False,-0.03874014306256146,0.02451948608080697,0.03497157838454331,-1.8088868751582523,False,False,
2019-05-14,61.77999877929688,0.0019527082356298401,0.014258604332583228,0.713285413572202,False,-0.03332813445784222,0.02380687229431763,0.035710968762557874,-1.5999287818835255,False,False,
2019-05-15,62.02000045776367,0.001973815228085646,0.014272652830488168,0.13388992129607213,False,-0.024842736702270773,0.023083610568497157,0.03631451297780238,-1.3197574011267452,False,False,
2019-05-16,62.869998931884766,0.002447788235606015,0.01372007420302665,0.8205089318433256,False,0.017149288708021126,0.02264899447722211,0.03669354458093421,-0.14988210683953943,False,False,
2019-05-17,62.7599983215332,0.002291998107258554,0.013520944851082902,-0.2989177167948063,False,0.013238613383995679,0.022138523264350507,0.03649705748106872,-0.24385280607816875,False,False,
2019-05-20,63.09999847412109,0.002038569210686895,0.013414358753530921,0.2518865627516779,False,0.013654593961784478,0.021772596119563524,0.036446159419511105,-0.22273957769698913,False,False,
2019-05-21,62.9900016784668,0.002218982956518299,0.013366881960049915,-0.2964189320861525,False,0.02589576731391019,0.021577419239874218,0.036449965477254806,0.11847331039944797,False,False,
2019-05-22,61.41999816894531,0.0018313607571725694,0.013046582995266481,-2.050805718494349,True,-0.01126852503180198,0.021105847370885077,0.03615719637641761,-0.8953783934365613,False,True,shock
2019-05-23,57.90999984741211,0.0016679299494464347,0.013304873498452737,-4.420591694240099,True,-0.06142627015660973,0.020767247917670942,0.03634187517345072,-2.261675207511761,True,True,shock+trend
2019-05-24,58.630001068115234,0.0011259052213675085,0.014798994860450523,0.7640520062449555,False,-0.04914042794023854,0.019671774154168698,0.03756074873346205,-1.8320242384599736,False,False,
2019-05-28,59.13999938964844,0.0012047130342661457,0.014843791115252084,0.5048492380196479,False,-0.031127154282128866,0.018664357776092197,0.038381697715699194,-1.2972722683357212,False,False,
2019-05-29,58.810001373291016,0.001658902950315162,0.014537799803146012,-0.49793292476281265,False,-0.0480737692568739,0.018372298289701935,0.03867895560986804,-1.7178868068925746,False,False,
2019-05-30,56.59000015258789,0.0015642397787647274,0.014561813079651787,-2.699728504677066,True,-0.08755240672520914,0.017972203116029626,0.0392124906878393,-2.6910968415980876,True,True,shock+trend
2019-05-31,53.5,0.0011393257152516585,0.015231537656002376,-3.6596840268597184,True,-0.14903768237751214,0.016697125144360832,0.041050308207127864,-4.037358420931301,True,True,shock+trend
2019-06-03,53.25,0.0002357431868549383,0.016468380339270124,-0.2980645504896152,False,-0.15152961401960852,0.014762479748553912,0.045241231617273794,-3.675675657438768,True,True,trend
2019-06-04,53.47999954223633,-2.7441726106308313e-05,0.016385690398066123,0.26527304314315364,False,-0.15245640514286485,0.012823220310569922,0.04909963543916036,-3.366208811432698,True,True,trend
2019-06-05,51.68000030517578,-9.601099233011704e-05,0.016356177288140084,-2.051910814675438,True,-0.1795523269077377,0.010636784429311489,0.05267883642575756,-3.610351409433473,True,True,shock+trend
2019-06-06,52.59000015258789,-0.0008339393067442144,0.016606672336182536,1.1105352722084991,False,-0.1437642181634251,0.008163129362114059,0.05707340449487312,-2.6619639895353835,True,True,trend
2019-06-07,53.9900016784668,-0.0007190868714931753,0.016705059964842235,1.6366386280923049,False,-0.06769121359478802,0.005872373134405643,0.05965427436852944,-1.2331653935598295,False,False,
2019-06-10,53.2599983215332,-0.0005614408939219266,0.016908026189014547,-0.7664787793300908,False,-0.09159138067119021,0.004159785520466103,0.059900656872810244,-1.598499435406344,False,False,
2019-06-11,53.27000045776367,-0.0007510921067740561,0.016973300360848303,0.05531572350007846,False,-0.0992559856690195,0.002210306701810915,0.0606112589004266,-1.674050237721036,False,False,
2019-06-12,51.13999938964844,-0.0008188126713082747,0.016959091680139662,-2.309450879863441,True,-0.13042002728341995,-0.00028331894942262923,0.06089034316891879,-2.1372306602539406,True,True,shock+trend
2019-06-13,52.27999877929688,-0.0009374626598548951,0.0172030854860643,1.3502926060654372,False,-0.07616189011609165,-0.0027202795199863196,0.06239418979703572,-1.1770584862950566,False,False,
2019-06-14,52.5099983215332,-0.0006450461538177654,0.01741058743245622,0.2897332115505683,False,-0.0185047042704074,-0.004521880950392364,0.062539780285838,-0.22358286607510547,False,False,
2019-06-17,51.93000030517578,-0.0009323333797376821,0.017141576486029115,-0.5899774939061755,False,-0.024788726663365623,-0.005732828862430677,0.061907953112197704,-0.3078101737009355,False,False,
2019-06-18,53.900001525878906,-0.001145173117924916,0.017167043866249142,2.2765060400554784,True,0.007853440299880221,-0.006884619083331677,0.061440206725051634,0.23987646150289726,False,True,shock
2019-06-19,53.7599983215332,-0.0003084766139372238,0.017523275850071678,-0.13062542525407894,False,0.04024763939773246,-0.007120530057253157,0.0613478967191643,0.7721237725854815,False,False,
2019-06-20,56.650001525878906,-0.0005318790761740555,0.01744297656394259,3.112392006971038,True,0.07720101467029994,-0.006823746156823865,0.06152459677046196,1.3657100613045254,False,True,shock
2019-06-21,57.43000030517578,0.0001919557129572332,0.01853524456220078,0.7324844211679425,False,0.06371547545405964,-0.005906124787968432,0.06226320513532148,1.1181820802625566,False,False,
2019-06-24,57.900001525878906,0.0004556897338427331,0.01858643909652636,0.41579817742462205,False,0.08711985262060606,-0.00489261299747759,0.06277432431221565,1.4657659262160847,False,False,
2019-06-25,57.83000183105469,0.00046045674093296183,0.018588400803355436,-0.08981043919382596,False,0.08560167700592602,-0.0036607904208970183,0.06366698818319125,1.4020212039869866,False,False,
2019-06-26,59.380001068115234,0.0005831769647391131,0.01854597839233755,1.4137569882250183,False,0.1611263546501862,-0.002242336424634163,0.06446051138467121,2.534399550445851,True,True,trend
2019-06-27,59.43000030517578,0.0007693312338944761,0.01873973657450293,0.003878936998254927,False,0.13676361309920937,-0.0004088135282408582,0.06710725551962461,2.0440774334354352,True,True,trend
2019-06-28,58.470001220703125,0.0007617760036146389,0.018739589558922576,-0.90264614984831,False,0.11350224889887017,0.0010855724405570656,0.0688976424245792,1.6316476515342782,False,False,
2019-07-01,59.09000015258789,0.00022050745362282094,0.018632345109695064,0.5572676119861303,False,0.13787790882601803,0.002289838527816498,0.07006849685356499,1.9350789068811456,False,False,
2019-07-02,56.25,0.0002817890283924666,0.018659174950596942,-2.5909006960797734,True,0.04359922834126073,0.0038043147209960095,0.07175766018842274,0.5545737349262841,False,True,shock
2019-07-03,57.34000015258789,-0.0003385670198451744,0.01947596544833484,1.012342497864836,False,0.06659229804366906,0.0037356972021308542,0.07171655364843497,0.876458748278263,False,False,
2019-07-05,57.5099983215332,-0.00021006667262810197,0.019574905447360628,0.16218756602334758,False,0.015180878596471548,0.004034562290905589,0.07193374030414784,0.15495254741985437,False,False,
2019-07-08,57.65999984741211,-0.00015699783166826187,0.01957808754941167,0.14124293182800057,False,0.00400486750851714,0.003654702118199961,0.07179669880063977,0.004877179538428295,False,False,
2019-07-09,57.83000183105469,-0.00030292068890275324,0.01951520949446817,0.16660199444041465,False,-0.0012089756991272571,0.0028519399029411207,0.07144618851225187,-0.0568387997544753,False,False,
2019-07-10,60.43000030517578,-0.0002970368621416182,0.019516134654672487,2.318920908565337,True,0.04495933584295497,0.002054551912147455,0.07114875761500852,0.6030292779386064,False,True,shock
2019-07-11,60.20000076293945,0.0005113791871511323,0.020117164407750607,-0.21461415235873793,False,0.01380935803425798,0.001947749397159367,0.07107727172148579,0.16688328561031407,False,False,
2019-07-12,60.209999084472656,0.0005103159722294714,0.020117393506786197,-0.017111108301175595,False,0.013124663895196731,0.0016552647334732282,0.07098138248655773,0.16158320336879248,False,False,
2019-07-15,59.58000183105469,0.000258648781094899,0.020000162836159817,-0.5360947102132927,False,0.018984104449762285,0.0011104900738954345,0.07073069542428748,0.2526995425203951,False,False,
2019-07-16,57.619998931884766,0.0002370330827913403,0.020011004812095296,-1.6557902177666877,False,-0.024877326398834776,0.001100423101983951,0.07072806189607969,-0.36729056055554976,False,False,
2019-07-17,56.77999877929688,-0.00017690615067128174,0.020372621326215395,-0.7068981438703564,False,0.009422200520833535,0.0006117559303387932,0.07077991992582627,0.12447661144188403,False,False,
2019-07-18,55.29999923706055,-0.0005601533305398728,0.02036953191600509,-1.2521326115750906,False,-0.035577274330287456,0.00036828093723480687,0.07071691929665994,-0.5083020531017395,False,False,
2019-07-19,55.630001068115234,-0.0012291657372251988,0.02037229073113768,0.35325674942873997,False,-0.03268992015800576,-0.0006701939617827242,0.07066456256707217,-0.4531228246949255,False,False,
2019-07-22,56.220001220703125,-0.0013639201604351392,0.02028954765023961,0.5899446922030723,False,-0.02497396168088295,-0.0019079124353490935,0.07039753554392603,-0.327654214985144,False,False,
2019-07-23,56.77000045776367,-0.0011969417583316917,0.02033640768639674,0.5399145965176715,False,-0.018329609886365117,-0.002827003036562754,0.0702404349754083,-0.2207077284648072,False,False,
2019-07-24,55.880001068115234,-0.0009896526888722602,0.020368438135257745,-0.7210975471698274,False,-0.07529371527523954,-0.003542665801717505,0.07011958827022918,-1.023266839460116,False,False,
2019-07-25,56.02000045776367,-0.0014090971729021822,0.020342306149554124,0.1924292565845489,False,-0.06943522013622783,-0.0054589579884224745,0.07008999883917451,-0.9127730518957852,False,False,
2019-07-26,56.20000076293945,-0.001654703111237305,0.020179548135872836,0.24122674426444635,False,-0.06660020565533153,-0.007649637237752255,0.06947690429786492,-0.8484915816750183,False,False,
2019-07-29,56.869998931884766,-0.0015249042663823742,0.020179127586965752,0.6663608052726245,False,-0.04548510936361527,-0.009436316658299193,0.06924341798051291,-0.5206096659679805,False,False,
2019-07-30,58.04999923706055,-0.0014972398457994644,0.020196343167520517,1.1015024977095174,False,0.007462692001853455,-0.011209816321338516,0.06842492742920361,0.2728904366396534,False,False,
2019-07-31,58.58000183105469,-0.0010080282694259158,0.02028590673250851,0.4997623966958485,False,0.031701357704398525,-0.012072652749297976,0.06776405400036246,0.6459768545350365,False,False,
2019-08-01,53.95000076293945,-0.0009513029821264022,0.02030851736586996,-3.844984123670669,True,-0.024412269308249135,-0.01248136140370783,0.06740055665674179,-0.17701497578578096,False,True,shock
2019-08-02,55.65999984741211,-0.0019028740668733458,0.022210486487920247,1.5127481109221463,False,0.0005392554147203299,-0.013198697126065752,0.06723501648427568,0.20432734695616517,False,False,
2019-08-05,54.68999862670898,-0.0016169592980860234,0.02250514212236958,-0.7025194237820669,False,-0.02721455995683475,-0.013504706409934624,0.06711790371592133,-0.2042652226584358,False,False,
2019-08-06,53.630001068115234,-0.0017889522635961988,0.0225768654794682,-0.7792478857690783,False,-0.055310892448989235,-0.014145077990897287,0.06701508908236987,-0.6142767997740635,False,False,
2019-08-07,51.09000015258789,-0.0020975665144293935,0.022657983486077303,-1.9977065042789044,False,-0.0857194134568563,-0.015290501070585247,0.06697418979523166,-1.0515828948674397,False,False,
2019-08-08,52.540000915527344,-0.0030832201119586496,0.022999706692642962,1.3680401799982727,False,-0.06212066250981341,-0.0169872196590431,0.06712688211740189,-0.6723601845805076,False,False,
2019-08-09,54.5,-0.0028265695872060847,0.02324396272412675,1.726532714428579,False,-0.030249123485074803,-0.018208870206971192,0.06710309709457375,-0.17942917390436272,False,False,
2019-08-12,54.93000030517578,-0.0022467167940579784,0.02369710259802788,0.42775822945282377,False,-0.03411286553798942,-0.019010232878983874,0.06687987927281784,-0.2258172835121093,False,False,
2019-08-13,57.09999847412109,-0.002003914803776126,0.023706552239323792,1.7509381015338055,False,-0.016365215769597374,-0.019588890612226937,0.06681946468411903,0.048244547571117145,False,False,
2019-08-14,55.22999954223633,-0.0010866511366058726,0.02396601927598355,-1.3211577959410934,False,-0.057186790442236624,-0.019748374272224988,0.0667970024265601,-0.5604804828056957,False,False,
2019-08-15,54.470001220703125,-0.0015654393245193518,0.024237200988460807,-0.5031590792860188,False,0.0096385625655242,-0.020429475049181287,0.06691632587492789,0.44933784426397105,False,False,
2019-08-16,54.869998931884766,-0.0018350032921029562,0.024259191393771817,0.37834950015920926,False,-0.014193333052336943,-0.02040821604657447,0.06692574665781814,0.0928623632099817,False,False,
2019-08-19,56.209999084472656,-0.0016724160619549682,0.024279561749604276,1.074721988993653,False,0.02779302424449792,-0.020503782723817584,0.06691149493848751,0.7218013438903929,False,False,
2019-08-20,56.34000015258789,-0.0009715364351238816,0.024263768077473047,0.13535866325247084,False,0.05053140090433139,-0.019725430522771037,0.06713182967574244,1.0465502246319556,False,False,
2019-08-21,55.68000030517578,-0.0009687417722417398,0.02426413907146686,-0.44286943152570774,False,0.08984145897199403,-0.01862251155794432,0.06760217447114801,1.6044449957187366,False,False,
2019-08-22,55.34999847412109,-0.0011916678112869968,0.024285310577534015,-0.19497750149680465,False,0.053483013125781964,-0.016724473818126123,0.06862843380156984,1.0230087305635427,False,False,
2019-08-23,54.16999816894531,-0.0010886299850067823,0.02424808357166371,-0.8343032929570922,False,-0.006055079468893387,-0.0150259469059947,0.06877034976500089,0.13044673275264962,False,False,
2019-08-26,53.63999938964844,-0.0015292330221092806,0.024312222245179056,-0.3395312029555397,False,-0.02348445127180876,-0.01434379355819675,0.06859972435223298,-0.13324627467419953,False,False,
2019-08-27,54.93000030517578,-0.0015695385276235316,0.024323516072044096,1.0532512156394274,False,-0.03800347157502626,-0.013939238571052079,0.06845304837988782,-0.3515436284214406,False,False,
2019-08-28,55.77999877929688,-0.0012402378957380123,0.02450267885878837,0.6821478610249714,False,0.009958342234639206,-0.014100506678747543,0.06849586142640095,0.3512452929617955,False,False,
2019-08-29,56.709999084472656,-0.0008998467507283614,0.024555836741498267,0.7156137783390215,False,0.04112351410996751,-0.013451193541451537,0.06848995195311401,0.7968279447586576,False,False,
2019-08-30,55.09999847412109,-0.0008391869422460611,0.024594031514828137,-1.120226219366802,False,0.004191717636478298,-0.012458504893880739,0.06873706649850457,0.2422306242981911,False,False,
2019-09-03,53.93999862670898,-0.0012695182152772056,0.02479182482153322,-0.7979691418360443,False,-0.04038428206256173,-0.01207137883603075,0.06874813606511547,-0.41183521251709476,False,False,
2019-09-04,56.2599983215332,-0.0017329563627093147,0.024832949723504708,1.8017877451697937,False,-0.0014199827979768376,-0.012838493112971855,0.0687386647140377,0.16611481125648267,False,False,
2019-09-05,56.29999923706055,-0.0011361510296152518,0.025364708556873037,0.07282370438686432,False,0.011135038227130467,-0.013033941062064822,0.0686843347216479,0.3518848859371382,False,False,
2019-09-06,56.52000045776367,-0.0011989038952211484,0.025354095384368017,0.20140980020359112,False,0.021138247803017096,-0.013067535138526876,0.06867171974785932,0.4981058151322948,False,False,
2019-09-09,57.84999847412109,-0.0011235589177559676,0.025360851468803052,0.97216834134774,False,0.06793428889730802,-0.013130968732005449,0.06863743086384531,1.1810648593494266,False,False,
2019-09-10,57.400001525878906,-0.0004774775278070642,0.025363534626509646,-0.2878624035550883,False,0.07009698320309976,-0.01207493121295065,0.06927282899232994,1.1862069964711373,False,False,
2019-09-11,55.75,0.0001807731090286972,0.02449880824627343,-1.1807285985772218,False,0.014928084658083485,-0.01032128783482119,0.06967023307613944,0.3624126313071291,False,False,
2019-09-12,55.09000015258789,-0.00036827725568209385,0.024681262461229994,-0.46473656069071684,False,-0.012370000749535537,-0.009467041000176897,0.06958055187452146,-0.04172084973677287,False,False,
2019-09-13,54.84999847412109,-0.0006421059483960004,0.024693232669533452,-0.15042307704692526,False,-0.03279845953763805,-0.009216945619742319,0.06953534123102639,-0.3391299086251374,False,False,
2019-09-16,62.900001525878906,-0.0006257938385760179,0.02469033061586134,5.969533474560413,True,0.14156085785412964,-0.00901327482348584,0.069442299229583,2.1683344927823134,True,True,shock+trend
2019-09-17,59.34000015258789,0.0018343750059962834,0.029638136683190534,-1.9715196786949212,False,0.10011126554246963,-0.0059584312957613236,0.07096339989911185,1.4947099066424308,False,False,
2019-09-18,58.11000061035156,0.0018077816012518684,0.02969030970007452,-0.7590281863116602,False,0.03288308467848422,-0.0026364453234949004,0.07000009116356017,0.5074211963379479,False,False,
2019-09-19,58.130001068115234,0.0015937135595829944,0.029795360071184655,-0.04193709496568264,False,0.03250447346098806,-0.00017760934085366386,0.06790692807897175,0.481277591644764,False,False,
2019-09-20,58.09000015258789,0.0015407127927156712,0.029793981752555664,-0.07480844281718547,False,0.027777772153371627,0.0022885357071977083,0.06562208672901214,0.388424655732639,False,False,
2019-09-23,58.63999938964844,0.0019803034523036295,0.02950950039880632,0.25374032365143245,False,0.013656023100514947,0.005052937028012499,0.06213254902657652,0.13846343353501514,False,False,
2019-09-24,57.290000915527344,0.0018717660864062057,0.0294661813177239,-0.8448182728587963,False,-0.0019163868889788827,0.007151873578198366,0.05964655155349151,-0.15203327319006466,False,False,
2019-09-25,56.4900016784668,0.0012098612614229612,0.02946028835075499,-0.5150625184244678,False,0.013273572707924508,0.008028871267609155,0.05901141478948598,0.0888760498121424,False,False,
2019-09-26,56.40999984741211,0.0012039553296647092,0.029463325626598678,-0.08892979663660021,False,0.02396078582624961,0.009427070645997352,0.05785003606343563,0.25123087502167274,False,False,
2019-09-27,55.90999984741211,0.0011825685228724818,0.029464655329931064,-0.34095919627876997,False,0.019325458573916654,0.01106996093260094,0.05645461754005539,0.14623246070984922,False,False,
2019-09-30,54.06999969482422,0.0015975195254943457,0.02909386532806211,-1.1860767188739558,False,-0.14038158373369458,0.013066567410698761,0.05397658625872315,-2.8428650602110763,True,True,trend
2019-10-01,53.619998931884766,0.0008614958818188301,0.029261036956312214,-0.31386635073770686,False,-0.09639368395676806,0.012210304829130724,0.055886775799213605,-1.9432859962450542,False,False,
2019-10-02,52.63999938964844,0.0006918700382930994,0.02927712077716212,-0.6478992388510977,False,-0.0941318389820962,0.011171785099979247,0.05717411432765979,-1.8418059522284804,False,False,
2019-10-03,52.45000076293945,0.0005954530181275563,0.029328159936701053,-0.1433724268109318,False,-0.09771202822652802,0.01024721026906284,0.058312839180029316,-1.8513802451341486,False,False,
2019-10-04,52.810001373291016,4.151831973575604e-05,0.02900391502642751,0.23521558748130889,False,-0.09089341995916056,0.008839670688710728,0.05963056685396617,-1.672516226319217,False,False,
2019-10-07,52.75,0.00016766702914418582,0.029012855664446696,-0.04494012846527968,False,-0.1004433739930799,0.007091123230618821,0.060611797057935436,-1.7741512781895,False,False,
2019-10-08,52.630001068115234,-0.0005642486533996097,0.028326961852176754,-0.06038814269898688,False,-0.08134054412537295,0.004722531381773757,0.06130208319685906,-1.403917632468913,False,False,
2019-10-09,52.59000015258789,-0.0007781632516031397,0.028277796817610057,0.0006408940172911542,False,-0.06903879288368886,0.002788451120714656,0.061702653962757766,-1.1640867838157611,False,False,
2019-10-10,53.54999923706055,-0.0008974157504803756,0.028258343872995077,0.6777403292777492,False,-0.050700241412653835,0.000706335847324057,0.06145271999884699,-0.8365224071602105,False,False,
2019-10-11,54.70000076293945,-0.0006379040274140498,0.028344683476416777,0.7801529911463351,False,-0.021641908205597415,-0.0011110230649236746,0.06092130841192564,-0.3370066348846625,False,False,
2019-10-14,53.59000015258789,-0.0007089360000882886,0.028281592933557656,-0.6924496612136871,False,-0.008877372756528334,-0.003547933236334123,0.05792576694729249,-0.09200464320210981,False,False,
2019-10-15,52.810001373291016,-0.000990729825914216,0.028371079785949847,-0.47809959081339704,False,-0.015106258387336369,-0.005489813047743959,0.05555098058544744,-0.17311027165039114,False,False,
2019-10-16,53.36000061035156,-0.0009694163472612383,0.028360133346308172,0.40141192840154216,False,0.013677834898393026,-0.007204593144893379,0.05378514272427116,0.38825644007937105,False,False,
2019-10-17,53.93000030517578,-0.0009719367532558895,0.028359099307797127,0.4109471075203951,False,0.028217340718936335,-0.008860594130595046,0.05110293596320413,0.7255539070441818,False,False,
2019-10-18,53.77999877929688,-0.00018867764100855073,0.02784754713849132,-0.09310457034750266,False,0.018367683786814748,-0.00906568596555937,0.05092009245015082,0.5387533374812807,False,False,
2019-10-21,53.310001373291016,-0.000484133534915497,0.02775454288650861,-0.29743335196749054,False,0.010616139778028666,-0.009708680822317428,0.05025190346972408,0.40445872090380525,False,False,
2019-10-22,54.15999984741211,-0.0006401868663153865,0.02776778955115979,0.5972615684944426,False,0.02907084834212159,-0.009769544006563335,0.050224107449361365,0.7733416146388643,False,False,
2019-10-23,55.970001220703125,-0.00046237115936554663,0.02783149983084889,1.2173937660554428,False,0.06427079403514524,-0.00943533092878194,0.050400098669854704,1.4624202513320133,False,False,
2019-10-24,56.22999954223633,-5.608887803374874e-05,0.02810304546524174,0.1672916380101751,False,0.050046691752724026,-0.008562267332324975,0.0511067150520538,1.1467956613011405,False,False,
2019-10-25,56.65999984741211,-0.0005936091475275355,0.02761165326494045,0.2984529029781581,False,0.03583179263501224,-0.00849443592019472,0.051182032178812294,0.8660505780690081,False,False,
2019-10-28,55.810001373291016,-0.0004408995751875366,0.027625314708529997,-0.5270831699807905,False,0.04142566177238427,-0.00820080345885133,0.05137452830585188,0.9659741289650505,False,False,
2019-10-29,55.540000915527344,-0.0006431372164765229,0.027676283882019353,-0.1515634673016628,False,0.05169474476887714,-0.007823456820488829,0.051636548305501996,1.1526371057421003,False,False,
2019-10-30,55.060001373291016,-0.0005681307904083314,0.02765692632545075,-0.29194425322711726,False,0.031859084398317306,-0.007387314949567299,0.052002878746508774,0.7546966686054745,False,False,
2019-10-31,54.18000030517578,-0.0002447363712122153,0.027414537311496193,-0.5740694043297748,False,0.004635638764793448,-0.006630829472271937,0.052157455808772374,0.2160087769306124,False,False,
2019-11-01,56.20000076293945,-0.0002634604928609171,0.027424937007548906,1.3690678315086744,False,0.044998178478467654,-0.006694650295685806,0.052140473280428506,0.9914146443614451,False,False,
2019-11-04,56.540000915527344,0.0005811881347446235,0.027594531537945662,0.19817827147202127,False,0.060588997543237655,-0.005620310924902404,0.052366938169891346,1.2643341539912192,False,False,
2019-11-05,57.22999954223633,0.0005822860178398385,0.027594750371580407,0.4211467361384266,False,0.056683894081859254,-0.004376592022219158,0.05282106661709891,1.1559873742555644,False,False,
2019-11-06,56.34999847412109,0.0006035918083513122,0.027603209642449757,-0.5789240295597298,False,0.006789302217799609,-0.0032878206120492623,0.05323076234173301,0.18931013546556685,False,False,
2019-11-07,57.150001525878906,0.0002681311264989687,0.02764299819214237,0.5038855213676339,False,0.016361408343095185,-0.0029529017839937323,0.05321386232027195,0.3629563667234709,False,False,
2019-11-08,57.2400016784668,0.0006664554085069445,0.027625359078869722,0.03288103392298893,False,0.010236530755677098,-0.0017308334690826028,0.05257873902881541,0.22760842967727074,False,False,
2019-11-11,56.86000061035156,0.000654048049851507,0.027624730975001684,-0.2639946324892471,False,0.018813818513236047,-0.0006685434571905372,0.051993952398977965,0.37470438525095745,False,False,
2019-11-12,56.79999923706055,0.0005226897000139689,0.02763581887960733,-0.05709753719681395,False,0.022686321583782032,0.00047031019839036386,0.05146302328319407,0.4316888120454944,False,False,
2019-11-13,57.119998931884766,0.00034966406083268917,0.027604091835905602,0.1914257310235376,False,0.03741368520185029,0.0013792626110223278,0.05124193418812504,0.7032213588685863,False,False,
2019-11-14,56.77000045776367,0.00014812692645854052,0.027508154827452863,-0.22813421500744097,False,0.047803620118113344,0.0017786091870222857,0.05140643051883383,0.8953162175737687,False,False,
2019-11-15,57.720001220703125,-5.530679993834683e-05,0.02749724747528972,0.6105887766709878,False,0.027046271123291943,0.00199330601920515,0.05156646654856691,0.48583831278203105,False,False,
2019-11-18,57.04999923706055,0.0012216456497550492,0.0259606629975737,-0.49418774011541583,False,0.009020132884241638,0.0026794198916256975,0.05155271838380315,0.12299473609539216,False,False,
2019-11-19,55.209999084472656,0.0006442617412310003,0.025754467274464156,-1.2773191797417027,False,-0.03529618161665182,0.0027924982578859817,0.05155726159536005,-0.7387646026174057,False,False,
2019-11-20,57.11000061035156,0.00044659301458506087,0.025951183945178095,1.3088994587035538,False,0.013487172259277092,0.002684743302421754,0.051629219109685556,0.20923091890864604,False,False,
2019-11-21,58.58000183105469,0.0011638731557705236,0.02613849950412684,0.9402203185028608,False,0.02502187693780278,0.0036020508318653052,0.05119421596831925,0.41840324538211116,False,False,
2019-11-22,57.77000045776367,0.002138558342212358,0.02566319627163305,-0.622129292760889,False,0.00925923766169734,0.00507860137046076,0.05016994136863091,0.08332950322821286,False,False,
2019-11-25,58.0099983215332,0.0015757774011990952,0.025542451511776552,0.1009531519409103,False,0.020225073845185237,0.0060303333727475695,0.049551161844642616,0.2864663500109711,False,False,
2019-11-26,58.40999984741211,0.0011337704134744768,0.025200351796074678,0.2286324811992399,False,0.02834508154889348,0.00670332267048437,0.04939428083262705,0.4381430099517472,False,False,
2019-11-27,58.11000061035156,0.0011205100870113889,0.025197010134429723,-0.24830739188005763,False,0.01733196248213109,0.007536095298309476,0.0492230471841268,0.19900976766388687,False,False,
2019-11-29,55.16999816894531,0.000525298293002033,0.02480219883628397,-2.0610689283224444,True,-0.02818394003728686,0.007985391008332522,0.049155677413731155,-0.7358118725776289,False,True,shock
2019-12-02,55.959999084472656,0.00028737564311147453,0.025207979931899497,0.5566498361799452,False,-0.030492066857392697,0.008372095680398518,0.04874843833447579,-0.7972391294082904,False,False,
2019-12-03,56.09999847412109,0.0006617756511244632,0.02520504165090989,0.07300128676919017,False,-0.016652073192707895,0.007837020621426292,0.04895415727262594,-0.5002454373334282,False,False,
2019-12-04,58.43000030517578,0.0005972200041739928,0.025193894986357237,1.6248297698262328,False,0.058322790691889725,0.00780423741955468,0.04896993047085031,1.0316239534464229,False,False,
2019-12-05,58.43000030517578,0.0008253753076727814,0.02548832232765781,-0.03238248861821528,False,0.023113284551164126,0.00821130097218657,0.04926433770644974,0.30249028552405716,False,False,
2019-12-06,59.20000076293945,0.0007945383106419701,0.025487897531860572,0.4858631961532348,False,0.010583798438123182,0.007845726087477673,0.049047302407578805,0.05582513647524111,False,False,
2019-12-09,59.02000045776367,0.0011264417362150485,0.025484878992137354,-0.1635082275200313,False,0.02163752795733287,0.006788957280359396,0.048101475288049644,0.30869262508176043,False,False,
2019-12-10,59.2400016784668,0.001164924554007271,0.025476262225884453,0.1005895629542821,False,0.021203299302234635,0.006364350811446742,0.04782347408487723,0.3102858747662641,False,False,
2019-12-11,58.7599983215332,0.0014988773085907678,0.025341355054759197,-0.3788892535848453,False,0.005992098528255774,0.006727795861728449,0.047831391798671484,-0.015381056369200388,False,False,
2019-12-12,59.18000030517578,0.0015212946591854593,0.025331981096992768,0.22210891516650388,False,0.018413348538730112,0.007120816525729309,0.04770071215174474,0.23673717862067092,False,False,
2019-12-13,60.06999969482422,0.0012959415812624571,0.02520371751805084,0.545273231978982,False,0.08881641632239656,0.007873040793912727,0.04742353295191032,1.706818756218863,False,False,
2019-12-16,60.209999084472656,0.0012901368081031114,0.025200457857492625,0.041287635815390626,False,0.07594710631757784,0.008924481781749493,0.048335809607979875,1.3866039501438994,False,False,
2019-12-17,60.93999862670898,0.0010989095517614177,0.02513648848856836,0.43861794339320814,False,0.08627451487045201,0.00938879634451763,0.04881418459525383,1.5750691968622976,False,False,
2019-12-18,60.93000030517578,0.001639100089385875,0.024928670789194304,-0.07233311384135309,False,0.042786239721763986,0.010483233640970613,0.0496097733561543,0.6511419806110855,False,False,
2019-12-19,61.220001220703125,0.0019176142373851161,0.024788014074732502,0.11465060924560452,False,0.047749459198277666,0.01159217393142829,0.04938641626166968,0.7321301686535242,False,False,
2019-12-20,60.43999862670898,0.0014075985977520858,0.024320189556172465,-0.5817625318209734,False,0.020945909591031375,0.01224776649137835,0.04953747396169505,0.17558713442633112,False,False,
2019-12-23,60.52000045776367,0.0012282388982720561,0.024374938411201117,0.0039146012541965425,False,0.02541511332371882,0.012378578109563694,0.04954744850040874,0.2631121401548574,False,False,
2019-12-24,61.11000061035156,0.0011937855339021934,0.024372926066050744,0.3510066968579369,False,0.03156649019077418,0.01243560298317305,0.049560125900220776,0.3860136926632768,False,False,
2019-12-26,61.68000030517578,0.0010100173714391624,0.02425389617398009,0.3429312881936279,False,0.04969370434056852,0.011950699000419266,0.049186284300152504,0.7673481718974294,False,False,
2019-12-27,61.720001220703125,0.0012380990087477424,0.024250563123302347,-0.02431183701463708,False,0.042919920622325414,0.011678655282252183,0.04891601948162607,0.6386714551008823,False,False,
2019-12-30,61.68000030517578,0.0016300215912675646,0.023995620939231403,-0.09493917901795632,False,0.026802074555200672,0.012051879761775408,0.04904775745114039,0.30073127824689794,False,False,
2019-12-31,61.060001373291016,0.0017792277155967628,0.02394547985612105,-0.4940845242758391,False,0.01411729449830812,0.012574174099171892,0.0489927168413252,0.03149693461854744,False,False,
2020-01-02,61.18000030517578,0.001703290044678248,0.023974214474134864,0.01092725982457676,False,0.003938327598872249,0.01319971748631784,0.04870422923479609,-0.1901557633280215,False,False,
2020-01-03,63.04999923706055,-0.00022735927206101624,0.01693005236116329,1.8188299303305906,False,0.03479400822692402,0.011364750416247743,0.046337802285967976,0.5056186667223778,False,False,
2020-01-06,63.27000045776367,0.0009348183464623242,0.0159728022096912,0.15992780941270116,False,0.03348577582790524,0.010493853652040468,0.04524830946786604,0.5081277609319953,False,False,
2020-01-07,62.70000076293945,0.0012577158656018946,0.01577248647669545,-0.6509259019629684,False,0.037392491521860416,0.010501889534032747,0.04525239275352307,0.5942360249168068,False,False,
2020-01-08,59.61000061035156,0.0011330067077994835,0.015816721806050326,-3.1874686683291773,True,-0.015036348984286407,0.010567063108177711,0.045288015522904713,-0.5653463018160958,False,True,shock
2020-01-09,59.560001373291016,0.00048508444250417484,0.01685365634493911,-0.07855014049507067,False,-0.025364084791025032,0.009996208159675606,0.045337951325965034,-0.7799270129448881,False,False,
2020-01-10,59.040000915527344,0.0003476600922970382,0.01682140955443454,-0.5396907605627376,False,-0.04280154631300981,0.009475940054455073,0.04551890943671659,-1.148478445867525,False,False,
2020-01-13,58.08000183105469,0.0005382081336077634,0.0166329972953805,-1.0099415443815007,False,-0.05897600968334804,0.008930804595467993,0.045900409985267614,-1.479438076928108,False,False,
2020-01-14,58.22999954223633,0.0005075932297070404,0.01666213861522182,0.12453454846706119,False,-0.05593386423264901,0.007967476830251025,0.04656143876153003,-1.3724090741735535,False,False,
2020-01-15,57.810001373291016,0.0005609107945763192,0.01666229734939583,-0.46654168762999365,False,-0.05322633355559703,0.006902214829465711,0.047101398327847974,-1.2765767157598942,False,False,
2020-01-16,58.52000045776367,0.0005829232098622954,0.016650764880445208,0.7025907172057106,False,-0.0434782581586074,0.005934857601072195,0.04758534430491317,-1.0384103862536873,False,False,
2020-01-17,58.540000915527344,0.0011854783145477921,0.016234847400400435,-0.051968889784355425,False,-0.07153050556870177,0.007226901942073358,0.044792458502617344,-1.7582738287556403,False,False,
2020-01-21,58.34000015258789,0.001301002718891667,0.01619705850616324,-0.29125554304755047,False,-0.07792002954807686,0.007558410987247574,0.04410188175670783,-1.9382039298657205,False,False,
2020-01-22,56.7400016784668,0.0014991397039168409,0.016044503068200208,-1.8027701105609366,False,-0.09505580561325089,0.007774568446367832,0.0436339773796633,-2.356658279507322,True,True,trend
2020-01-23,55.59000015258789,0.0011815928449789566,0.016379164256030428,-1.3095605744797782,False,-0.06743835625906003,0.007809984747878194,0.043548193921611,-1.7279325324579276,False,False,
2020-01-24,54.18999862670898,0.0008198380964511997,0.01655069189421714,-1.571188160785533,False,-0.09016122603701204,0.008122718930546202,0.042909326124680965,-2.2905031107218066,True,True,trend
2020-01-27,53.13999938964844,0.0004991949147313172,0.016819857935013442,-1.1816657481797572,False,-0.09993227361768597,0.008259814236627106,0.042572876712786416,-2.5413384344266894,True,True,trend
2020-01-28,53.47999954223633,0.0002711763303531045,0.016973191357861864,0.360982206389222,False,-0.07920113883947555,0.008011924510062933,0.0431518347759824,-2.0210742788179155,True,True,trend
2020-01-29,53.33000183105469,0.0003666194847128527,0.0169874343079452,-0.1866887894769732,False,-0.08414902541133451,0.007876426563985777,0.04341221507115111,-2.1198054930966728,True,True,trend
2020-01-30,52.13999938964844,8.583085013412984e-05,0.01686134551174205,-1.328468743259014,False,-0.09807994895260796,0.007430442777336701,0.04418701824938306,-2.3878142474892567,True,True,trend
2020-01-31,51.560001373291016,-0.0004980254858833962,0.016868827115362625,-0.6299094612189821,False,-0.11893368130603443,0.006411268900709893,0.045721511373439994,-2.741487462716691,True,True,trend
2020-02-03,50.11000061035156,-0.0003757767370834486,0.01675628480108015,-1.6559048309585855,False,-0.14400410272183273,0.004943851453383146,0.04793152548298859,-3.1075154123371074,True,True,trend
2020-02-04,49.61000061035156,-0.0005566788467581007,0.016983135803384404,-0.5547485125558036,False,-0.1496400329002926,0.003225213528923194,0.050880339406915415,-3.0044069715548924,True,True,trend
2020-02-05,50.75,-0.000828581881974421,0.016968347870305732,1.4030716210605871,False,-0.10556928976510838,0.0010476419582740525,0.0538359308518282,-1.9804047229502275,False,False,
2020-02-06,50.95000076293945,-0.0006646209167481754,0.01713962368744266,0.2687061707731403,False,-0.08346823847656404,-0.0007361797815132102,0.05512456133918034,-1.5008202638747927,False,False,
2020-02-07,50.31999969482422,-0.0005749900729432851,0.017145980271392372,-0.6876302379506599,False,-0.07141537239267115,-0.0020939920783582607,0.05589643407316935,-1.2401753611611441,False,False,
2020-02-10,49.56999969482422,-0.0006233343970617241,0.017174399180274233,-0.8315444421822281,False,-0.06718102626699785,-0.0031877455739675914,0.05644425896390034,-1.1337429504382013,False,False,
2020-02-11,49.93999862670898,-0.0010346551605000132,0.017141625358590207,0.49580045839840403,False,-0.0661929870199719,-0.004471103902089184,0.056794035281878034,-1.0867669960682838,False,False,
2020-02-12,51.16999816894531,-0.0013807265296293502,0.016692760568851273,1.558176875533407,False,-0.040502598686422364,-0.006210620982824079,0.05665791363995151,-0.6052460371470119,False,False,
2020-02-13,51.41999816894531,-0.0011142701116740221,0.0169478002707854,0.35402502926336876,False,-0.013808999407968314,-0.007417944855346031,0.05640712904831181,-0.11330224850033488,False,False,
2020-02-14,52.04999923706055,-0.0011510900256777523,0.016931500297204343,0.7916104896832189,False,0.009503449393299723,-0.008079822082585772,0.056183579527237015,0.3129610399309174,False,False,
2020-02-18,52.04999923706055,-0.0007877060091558825,0.016922678866884307,0.04654735904120538,False,0.038714799502681085,-0.008505451580973565,0.05592378893532755,0.8443678796202809,False,False,
2020-02-19,53.290000915527344,-0.0007232013323070759,0.016916251256565797,1.4510591285512926,False,0.07417859826447804,-0.00867851751785618,0.055754800372994344,1.4860983310500253,False,False,
2020-02-20,53.77999877929688,-0.0002903254527410833,0.017124965733822616,0.553884677445705,False,0.059704409444273576,-0.008114257332974037,0.05638122648934111,1.2028590188627548,False,False,
2020-02-21,53.380001068115234,4.537473585365307e-05,0.01705984713187301,-0.4386347353225375,False,0.04769382274363654,-0.007380007057247635,0.0569056517980634,0.9678094892282462,False,False,
2020-02-24,51.43000030517578,-0.0005509026686904066,0.01651351587269139,-2.1787998964924364,True,0.022058835792595044,-0.0073440651337120496,0.05694002211999674,0.5163837285546312,False,True,shock
2020-02-25,49.900001525878906,-0.0011186409892217598,0.017008070477951606,-1.683348429805633,False,0.006657289350137763,-0.007857800623720618,0.05649086604889228,0.25694578591334954,False,False,
2020-02-26,48.72999954223633,-0.0016780126531376358,0.01725213010186445,-1.2618105730296822,False,-0.024229057223592254,-0.00852482202014357,0.05601180096945817,-0.2803736878950172,False,False,
2020-02-27,47.09000015258789,-0.0017856174968218512,0.017363533743296147,-1.8354099757118512,False,-0.07973418335655802,-0.008938400146028796,0.056011713160574926,-1.2639460429923144,False,False,
2020-02-28,44.7599983215332,-0.002423642273163026,0.01764518947732051,-2.666795740382757,True,-0.12952158857590867,-0.010219674702024173,0.05652193147673867,-2.11071898565573,True,True,shock+trend
2020-03-02,46.75,-0.0031043697956569197,0.018455072142885567,2.5772723774319273,True,-0.10182515494230504,-0.012083116293111982,0.05811963265793608,-1.5440916355643728,False,True,shock
2020-03-03,47.18000030517578,-0.0024230616554806014,0.01924895283529881,0.6037174720778093,False,-0.09356386173426179,-0.013691635939185863,0.058916907657162565,-1.3556757978516514,False,False,
2020-03-04,46.77999877929688,-0.0022863534556563374,0.01929515241693319,-0.3209017173284565,False,-0.12216179441523733,-0.015241638383426449,0.059473475484016367,-1.7977788444622835,False,False,
2020-03-05,45.900001525878906,-0.0024745134359513547,0.01928567945599088,-0.8470993343765291,False,-0.14652282321083754,-0.017369311444987615,0.06041129183307984,-2.137903491994661,True,True,trend
2020-03-06,41.27999877929688,-0.0026436331064142184,0.01937355921668746,-5.058957781630035,True,-0.2266766962664204,-0.01996033068937363,0.06173115254858112,-3.3486555335957044,True,True,shock+trend
2020-03-09,31.1299991607666,-0.004208804508565735,0.022306678776801727,-10.834108424895431,True,-0.39471127793025196,-0.023343303587903125,0.0659297436966697,-5.632783528644413,True,True,shock+trend
2020-03-10,34.36000061035156,-0.00733245764519021,0.03572431940047098,3.1096726614425187,True,-0.31142285451570695,-0.02872638906542971,0.07852969496377901,-3.5998671022556246,True,True,shock+trend
2020-03-11,32.97999954223633,-0.005518979044982649,0.03783219305654127,-0.9157288736965867,False,-0.32320952489131083,-0.03240807803741711,0.08504443021779524,-3.4194061399337183,True,True,trend
2020-03-12,31.5,-0.006513340301186196,0.0377484097359316,-1.0162634384248208,False,-0.33106816950670837,-0.03689736733275828,0.09124933593489323,-3.223813073925734,True,True,trend
2020-03-13,31.729999542236328,-0.007454880173975803,0.03781367100450575,0.39024121571335174,False,-0.2911081159050979,-0.04164523461868509,0.09706284232056274,-2.5701172078036723,True,True,trend
2020-03-16,28.700000762939453,-0.007173162299660472,0.03784424839466838,-2.3337766881645945,True,-0.3860962403649315,-0.04565013266624236,0.10104895654578211,-3.3691204673097612,True,True,shock+trend
2020-03-17,26.950000762939453,-0.008501796371311921,0.03916727239307519,-1.3397361766027096,False,-0.4287833703133114,-0.05106775018904392,0.10811459734353651,-3.493659777727033,True,True,trend
2020-03-18,20.3700008392334,-0.009406743004736883,0.039588521189571714,-5.929726202303424,True,-0.5645574739038168,-0.05716279621387332,0.11616304761072961,-4.367952529880742,True,True,shock+trend
2020-03-19,25.21999931335449,-0.012593672879808088,0.04797292776229385,5.225631162218609,True,-0.4505446955348098,-0.06492132203235262,0.12975707314444443,-2.971887113029936,True,True,shock+trend
2020-03-20,22.43000030517578,-0.008744487593671623,0.055822280532012866,-1.8251128767161888,False,-0.4566375734384692,-0.07055279877231961,0.13709868661424865,-2.8161084850686224,True,True,trend
2020-03-23,23.36000061035156,-0.01041043218224419,0.056977145394532,0.9104136773601549,False,-0.2495984182424148,-0.07623473886006728,0.14406937838034092,-1.2033346803556695,False,False,
2020-03-24,24.01000022888184,-0.009890957993482002,0.05727329664002501,0.6585317349414888,False,-0.3012223573229973,-0.07934069012739671,0.1452734746121562,-1.5273377868049833,False,False,
2020-03-25,24.489999771118164,-0.010073727129311214,0.05712866532562093,0.5262748191169809,False,-0.25742874132685534,-0.08413462543426187,0.14659564277762566,-1.1821232378336601,False,False,
2020-03-26,22.600000381469727,-0.009807171784226888,0.0572228649058992,-1.1772769679690107,False,-0.28253967042953254,-0.08787518577930213,0.14739908392267975,-1.3206627847995607,False,False,
2020-03-27,21.51000022888184,-0.011011871815531449,0.05768166655877123,-0.6452348698995013,False,-0.32209263979819724,-0.09178349869753753,0.14863408394821007,-1.54950422529538,False,False,
2020-03-30,20.09000015258789,-0.011614399132555646,0.05783309521212577,-0.940662264641669,False,-0.30000001329162773,-0.0963665676009446,0.15037868233981738,-1.354137717675459,False,False,
2020-03-31,20.479999542236328,-0.012544310866996297,0.05814295441438276,0.5496267564416506,False,-0.2400742500015216,-0.10064927843552944,0.15155436297234293,-0.9199667289778767,False,False,
2020-04-01,20.309999465942383,-0.012177440168720948,0.0582580530745255,0.06654281774460404,False,-0.0029455753961212805,-0.10393016308259313,0.15187767434508442,0.6649073876192143,False,False,
2020-04-02,25.31999969482422,-0.012383420684194072,0.05821609773197852,4.449971100179684,True,0.003965122291529122,-0.10421494873505782,0.15166504428857822,0.7132828235671039,False,True,shock
2020-04-03,28.34000015258789,-0.009294918314885658,0.06539269143653079,1.9660949372933387,False,0.26348639175222677,-0.10534629932213606,0.15051779826877215,2.4504257657008552,True,True,trend
2020-04-06,26.07999992370605,-0.007735682086619543,0.06704691792478598,-1.0740280078547488,False,0.11643832372800422,-0.10284577551634073,0.15505954700595428,1.4141928277136295,False,False,
2020-04-07,23.6299991607666,-0.00896061774281851,0.06751675755467067,-1.2586672206290284,False,-0.015826783194201388,-0.10244359139824004,0.15559489896669493,0.5566815414853604,False,False,
2020-04-08,25.09000015258789,-0.010210986796516074,0.0682163772388339,1.0554195239229198,False,0.024499811640559033,-0.10322509837045292,0.15500166225699713,0.8240228404727714,False,False,
2020-04-09,22.76000022888184,-0.009450635670654762,0.06870158348943373,-1.2141647983390091,False,0.007079639146524208,-0.1035350936712225,0.1547186313097469,0.7149412574384522,False,False,
2020-04-13,22.40999984741211,-0.010518965050399573,0.06937313953335716,-0.07004018379007117,False,0.04184098600435271,-0.10371997727714925,0.15457608972124753,0.9416783898725679,False,False,
2020-04-14,20.11000061035156,-0.010741652111148341,0.06936141600472724,-1.3248153378525522,False,0.0009955429373698088,-0.10350096564140747,0.1547730387578694,0.6751596364419392,False,False,
2020-04-15,19.8700008392334,-0.0122400729870749,0.07012249505877666,0.004359852228688623,False,-0.029785093585813605,-0.10390857827145286,0.15445244009190806,0.4799113865830254,False,False,
2020-04-16,19.8700008392334,-0.012523563473752344,0.07007708763440287,0.1787112435249687,False,-0.021664137778379278,-0.10496829557713795,0.15365491202543247,0.5421509582783168,False,False,
2020-04-17,18.270000457763672,-0.012532210450693422,0.07007548032857709,-0.9702567451769614,False,-0.27843599218137716,-0.10582941635581401,0.15299446248446874,-1.1281883868384148,False,False,
2020-04-20,-37.630001068115234,-0.01359721465003051,0.07049812174400534,-43.20772472684393,True,-2.3278052528407986,-0.10989925724563505,0.1534777146442522,-14.450997011104016,True,True,shock+trend
2020-04-21,10.010000228881836,-0.054258665175588805,0.3587189535465811,-3.377999636437716,True,-0.616180971696131,-0.14112489121015648,0.2980499491513105,-1.5938807634045378,False,True,shock
2020-04-22,13.779999732971191,-0.07116501747364994,0.38495372496661384,1.163226400738757,False,-0.4168429867805318,-0.14939314853408986,0.30253895836267286,-0.8840178458135386,False,False,
2020-04-23,16.5,-0.06655091358317321,0.38824939655804835,0.6798167808328304,False,-0.34236748108197523,-0.15541497513418928,0.30331705839971335,-0.6163600126354207,False,False,
2020-04-24,16.940000534057617,-0.06396560388009097,0.38936605680577796,0.2327688850368761,False,-0.25571175906399146,-0.16042635189298768,0.30325878274959295,-0.314204938459055,False,False,
2020-04-27,12.779999732971191,-0.0634899278380345,0.38945588437398354,-0.4675310560815602,False,-0.4297188835346192,-0.16433440856746573,0.3025628671612869,-0.8771217613616982,False,False,
2020-04-28,12.34000015258789,-0.06610713250832671,0.39001826158119335,0.0812227855747474,False,-0.38637494887812607,-0.16986350902813682,0.303584966129859,-0.7131823509250326,False,False,
2020-04-29,15.0600004196167,-0.06655499904494587,0.38996158160760946,0.7359094468146501,False,-0.24207348849826582,-0.1746769872159648,0.30412441766101506,-0.22160832004427508,False,False,
2020-04-30,18.84000015258789,-0.06349963755189587,0.39131611380532444,0.8036868855344724,False,-0.051836972478217835,-0.1773339464451016,0.3038270454829849,0.41305399184389563,False,False,
2020-05-01,19.780000686645508,-0.059936222377838,0.39296547291431705,0.2794904407089441,False,0.08264916207159567,-0.1772387592823665,0.30386574323983745,0.8552721954867939,False,False,
2020-05-04,20.38999938964844,-0.05930540550194821,0.3931051378455219,0.22931414964792138,False,-1.5418548714027371,-0.1753909855983099,0.3050324669853241,-4.479732598006268,True,True,trend
2020-05-05,24.559999465942383,-0.058798046696135815,0.393197824291148,0.6696630957416018,False,1.4535463440929264,-0.19523936610293846,0.34304022538281187,4.806391752908631,True,True,trend
2020-05-06,23.989999771118164,-0.05623497430269184,0.3942924269112898,0.08376147984146672,False,0.7409288995643204,-0.175279038072918,0.392043328810607,2.3370068314052377,True,True,trend
2020-05-07,23.549999237060547,-0.05654897734874048,0.3942561376563437,0.09691156549340185,False,0.42727268103397265,-0.16444624600447766,0.4059277316588138,1.457695251862703,False,False,
2020-05-08,24.739999771118164,-0.056747970915286994,0.39423272334380627,0.2721204365853571,False,0.4604485827127789,-0.15771034319671703,0.4115357443980854,1.5020783354156,False,False,
2020-05-11,24.13999938964844,-0.05570855463870698,0.3944138049704062,0.07975460158423493,False,0.8888888805975108,-0.1503036180190366,0.41763238551906684,2.4882948129727924,True,True,trend
2020-05-12,25.780000686645508,-0.05576167895679129,0.3944092351995382,0.31363050692402517,False,1.0891410346732484,-0.13755258819428237,0.4344568547389763,2.8235108031717764,True,True,trend
2020-05-13,25.290000915527344,-0.0545200589237925,0.39465329482454864,0.08998553063490444,False,0.6792828825280348,-0.12182855805147888,0.4569536622299736,1.7531568445474761,False,False,
2020-05-14,27.559999465942383,-0.05451513515947075,0.39465374151336463,0.3655707709299956,False,0.46284497042091055,-0.1114390226362026,0.4662225496154222,1.2317808169742728,False,False,
2020-05-15,29.43000030517578,-0.053403661279740125,0.3949448894905515,0.3070191706076229,False,0.4878664956288643,-0.10421174117939747,0.4709068561528268,1.257314963823993,False,False,
2020-05-18,31.81999969482422,-0.0524615714772078,0.3951514349159769,0.338278412025553,False,0.5605689380735608,-0.09658486756552814,0.47584254161750533,1.381032060322438,False,False,
2020-05-19,32.5,-0.051081257236310545,0.3954388734858913,0.1832178860161066,False,0.3232899310550923,-0.08780288240517921,0.4818544954035956,0.8531471997909764,False,False,
2020-05-20,33.4900016784668,-0.050648002883005444,0.39550103941878656,0.2050806063844276,False,0.3959984159226959,-0.08190656757369753,0.4841685340898724,0.987063284471278,False,False,
2020-05-21,33.91999816894531,-0.0498668804857417,0.39560396781274026,0.15850808833837926,False,0.44033967167037247,-0.07470653399177049,0.48723804561366135,1.057073047350927,False,False,
2020-05-22,33.25,-0.049562645867561,0.39564383019004046,0.07534640506836875,False,0.3439773770255461,-0.06684013793082828,0.4907617371976561,0.8371017620530512,False,False,
2020-05-26,34.349998474121094,-0.05013239961484629,0.39556871433063295,0.21036815469970155,False,0.4229494342427713,-0.06084618237361955,0.49302240287140325,0.9812852596529593,False,False,
2020-05-27,32.810001373291016,-0.04974384282627262,0.3956368536105195,0.0124137063054158,False,0.27269202868125486,-0.05409394673736176,0.49616621601967836,0.658621979626392,False,False,
2020-05-28,33.709999084472656,-0.05017674200700721,0.3956131636638042,0.1961697425942397,False,0.3329378356714756,-0.049505848056376076,0.49759282541942723,0.7685876166029627,False,False,
2020-05-29,35.4900016784668,-0.04961227265955319,0.3956943648455517,0.2588252009607018,False,0.2877359349126263,-0.044170929897196426,0.4995418716207384,0.6644225112360804,False,False,
2020-06-01,35.439998626708984,-0.04900774958901144,0.3958173563348472,0.120254494508457,False,0.20421332854951557,-0.039451877604761786,0.5010006341096419,0.48635708133844846,False,False,
2020-06-02,36.810001373291016,-0.04935492932851626,0.39576331044924434,0.22238517537640862,False,0.15681966456079066,-0.036188998574949276,0.5017899604766226,0.38464034424365856,False,False,
2020-06-03,37.290000915527344,-0.04890464548187431,0.39584506059673763,0.15648690239175958,False,0.1473846435546875,-0.033913949722032495,0.5022793647576012,0.3609517053606498,False,False,
2020-06-04,37.40999984741211,-0.04889414069970999,0.39584671593195087,0.13164725333561028,False,0.11704980509050755,-0.03207553379988066,0.50269258896106,0.29665314779872337,False,False,
2020-06-05,39.54999923706055,-0.04885123413711462,0.3958522616400686,0.2679160497335378,False,0.1659788140339482,-0.031031067058709637,0.5029229880709223,0.39172971959053793,False,False,
2020-06-08,38.18999862670898,-0.04840615866237889,0.3959538299509197,0.035406376754597,False,0.14857138726944297,-0.02980706418178336,0.5032940790254848,0.3544219153076783,False,False,
2020-06-09,38.93999862670898,-0.04898724931372178,0.3959001299390309,0.17334144065939933,False,0.13362446452642307,-0.028622171144114444,0.5036121696472549,0.322165836032477,False,False,
2020-06-10,39.59999847412109,-0.04862623176222003,0.39595087268138635,0.16561494242889227,False,0.20694900385945947,-0.027476429253677295,0.5038858122787682,0.4652352326670472,False,False,
2020-06-11,36.34000015258789,-0.04791316911469451,0.3960210992091296,-0.08688937044978752,False,0.0780184259728045,-0.02501122701278576,0.5045832267879153,0.20418762954420466,False,False,
2020-06-12,36.2599983215332,-0.04861415635986122,0.3960350428087781,0.1171933542119783,False,0.021696156851229276,-0.024059745191150204,0.5047110163193415,0.09065762498322157,False,False,
2020-06-15,37.119998931884766,-0.04833088367299005,0.39606088476834045,0.18191267938974115,False,0.047404073653368295,-0.02344740900348592,0.5047386665501137,0.1403726073556515,False,False,
2020-06-16,38.380001068115234,-0.047565917891395824,0.396145010303249,0.20575784072676087,False,0.0426514435276113,-0.021752232243353566,0.504760569432827,0.12759252538947705,False,False,
2020-06-17,37.959999084472656,-0.046453600792025034,0.3962566690388209,0.08961451655897,False,0.017967233909783387,-0.019456591815306633,0.5046553219441181,0.07415720016767022,False,False,
2020-06-18,38.84000015258789,-0.04719230250968583,0.3961365213638918,0.17765246213431085,False,0.038225081823268336,-0.017859359963945456,0.5045806685545643,0.11115059549917922,False,False,
2020-06-19,39.75,-0.0470058430648653,0.396166712669477,0.1777920530994092,False,0.0050569094006971405,-0.016102174049845052,0.5045429413486446,0.04193713104772392,False,False,
2020-06-22,40.459999084472656,-0.0465804077161633,0.3962257739121327,0.1626396467546438,False,0.059439658009730945,-0.014405924665632593,0.5043953855089749,0.14640415990492756,False,False,
2020-06-23,40.369998931884766,-0.046091434224775144,0.3962831306551809,0.11069613574302685,False,0.03672317297399563,-0.011659758249358347,0.504227008778326,0.09595466006586852,False,False,
2020-06-24,38.0099983215332,-0.04477904451460917,0.39626297838985713,-0.03452309404825779,False,-0.040151520551874764,-0.008147759992819466,0.5036261002718431,-0.06354666793833873,False,False,
2020-06-25,38.720001220703125,-0.042280077682737914,0.3955679842210829,0.15410612621719136,False,0.06549259928788809,-0.003420296561107771,0.5016085091274977,0.1373838254236627,False,False,
2020-06-26,38.4900016784668,-0.0434144658123643,0.39526540025643264,0.09480818496408319,False,0.06150037121235319,0.0016052428229401628,0.5003675722393567,0.11970225832452926,False,False,
2020-06-29,39.70000076293945,-0.042958159946402015,0.39528895783108164,0.18820376873758496,False,0.06950436167277352,0.006734708104322349,0.49896270484075844,0.12580029120309463,False,False,
2020-06-30,39.27000045776367,-0.04194066153797198,0.3953821607670675,0.07868190042209804,False,0.023189144473156897,0.012075675186715441,0.4974395193633975,0.022341347749499304,False,False,
2020-07-01,39.81999969482422,-0.04218243239804172,0.39535718609687504,0.14211962504675807,False,0.048998963519795824,0.01626630532509217,0.4961731331422031,0.0659702350012621,False,False,
2020-07-02,40.650001525878906,-0.040722448802923916,0.3953598383265414,0.15572217019676643,False,0.046601476987131685,0.02206757471022187,0.49394368975638925,0.04966943152773107,False,False,
2020-07-06,40.630001068115234,-0.03963152278472265,0.3954160772893951,0.09898309368285517,False,0.022138391650697642,0.02840603934089444,0.49112212121150467,-0.01276189244894061,False,False,
2020-07-07,40.619998931884766,-0.03638267187471858,0.3947133199971536,0.09155124471037167,False,0.003954519303820625,0.036228650881621305,0.4861975111574621,-0.06638070092330899,False,False,
2020-07-08,40.900001525878906,-0.03956055626809075,0.3934309774509616,0.11807350984687459,False,0.013128625415333772,0.042288640412803044,0.48286941519430093,-0.060389028751667004,False,False,
2020-07-09,39.619998931884766,-0.03799362732512618,0.3933781373918576,0.017026166206094966,False,0.042357292329567864,0.04855218973085375,0.47934404889303683,-0.012923697322605635,False,False,
2020-07-10,40.54999923706055,-0.03896373727256518,0.3932692425757376,0.1587633414621179,False,0.04726234397376361,0.052444932538480184,0.47807385436326105,-0.01084056054815878,False,False,
2020-07-13,40.09999847412109,-0.03902176825437393,0.393259574967541,0.07100739665120039,False,0.041828961430131706,0.057091395222437,0.47628018444249715,-0.032045074077920156,False,False,
2020-07-14,40.290000915527344,-0.03943628932782854,0.3932129125900856,0.11234245771219781,False,0.01486146451510062,0.06108149792586348,0.47486106359923763,-0.0973338034085915,False,False,
2020-07-15,41.20000076293945,-0.03834412201641711,0.3932204348297477,0.15495218968482788,False,0.04914693869819442,0.06504684639179192,0.47319165999373963,-0.033601411516441054,False,False,
2020-07-16,40.75,-0.03739990415211792,0.3932813943135565,0.06732470979349707,False,0.02335510578360611,0.06999670743841048,0.47102395539948955,-0.09902171878975079,False,False,
2020-07-17,40.59000015258789,-0.03666532467167452,0.3932786749871517,0.08324618172885685,False,-0.001476048488037951,0.07430810902608026,0.46906732757867964,-0.16156349645010493,False,False,
2020-07-20,40.810001373291016,-0.03697651119435886,0.39324293501786395,0.10781273272356771,False,0.004430231367063442,0.07748941837959339,0.46771346612934445,-0.15620501076683924,False,False,
2020-07-21,41.959999084472656,-0.03679356626882578,0.39325964711362404,0.16521623185778314,False,0.03298868015321532,0.07758776246976919,0.46769710001357384,-0.09535890283531687,False,False,
2020-07-22,41.900001525878906,-0.03970686254908362,0.3919384041282397,0.09766072175900906,False,0.02444987683844624,0.07797474324125833,0.4676473648091794,-0.11445561427391467,False,False,
2020-07-23,41.06999969482422,-0.04131623850070107,0.3915243754581971,0.0549317683833179,False,0.036597698183493454,0.0747875897090746,0.46718028193993216,-0.08174551238977897,False,False,
2020-07-24,41.290000915527344,-0.04051708066621346,0.3915060443002193,0.11717269543034646,False,0.018249116951658984,0.07372304803514777,0.46717505634679024,-0.1187433496926894,False,False,
2020-07-27,41.59999847412109,-0.03919310086432339,0.3914908349445622,0.11928992598623324,False,0.037406485213909324,0.07417739337042592,0.46710335340937165,-0.0787211393113044,False,False,
2020-07-28,41.040000915527344,-0.03991680883408523,0.39135178751552663,0.06759986643828315,False,0.01861504053009244,0.07434948235140393,0.46708718124206355,-0.11932342410490523,False,False,
2020-07-29,41.27000045776367,-0.038858086171871614,0.3913140135390582,0.11362323314125886,False,0.0016990216875720776,0.07450328770318485,0.46706662964637274,-0.15587554621646724,False,False,
2020-07-30,39.91999816894531,-0.038578324175693894,0.39133852670047586,0.014991768073446895,False,-0.020368143093366542,0.07396806151229443,0.4671275601775458,-0.2019495586383421,False,False,
2020-07-31,40.27000045776367,-0.03764604081377141,0.3912671481692604,0.11862389632854005,False,-0.007883707652654892,0.07368321236521794,0.46717917013991805,-0.17459451369256018,False,False,
2020-08-03,41.0099983215332,-0.03737001491939629,0.39129283344728727,0.14246599771961016,False,0.004900684673171396,0.07397523084432671,0.4671204627234745,-0.14787308988440953,False,False,
2020-08-04,41.70000076293945,-0.03712500279942022,0.3913223013107284,0.13786647843303804,False,-0.0061963376359894795,0.07432942847701406,0.46705703063901144,-0.1724109922996576,False,False,
2020-08-05,42.18999862670898,-0.03582702089641206,0.3913378554685245,0.1215767100177376,False,0.006921171605470233,0.07795929053761924,0.4653330794134342,-0.15266079734046548,False,False,
2020-08-06,41.95000076293945,0.005125128447606503,0.1670760616954294,-0.0647227955877401,False,0.021426858404046678,0.10908897619690282,0.37068681345257226,-0.2364856655578662,False,False,
2020-08-07,41.220001220703125,0.02192943056091512,0.07612374327354923,-0.5166730680088947,False,-0.001695318316108252,0.11759041393157185,0.3610138197870679,-0.3304187421911905,False,False,
2020-08-10,41.93999862670898,0.016675764215651215,0.06393473256303989,0.012378580673844678,False,0.008173080890841788,0.12312571617776416,0.3558545944323228,-0.32303260119572325,False,False,
2020-08-11,41.61000061035156,0.01427682613718902,0.0603367088553435,-0.3670263579612094,False,0.013888881142996246,0.1277995903374017,0.3519385742858362,-0.3236664506741164,False,False,
2020-08-12,42.66999816894531,0.013816358998533706,0.06037264474165212,0.19310446845656287,False,0.033922890614319634,0.13139426554016156,0.3493356980121907,-0.27901922271465224,False,False,
2020-08-13,42.2400016784668,0.017430322134897286,0.05219416238674813,-0.5270240342878634,False,0.05811632304448011,0.13757615586214741,0.3433225638991274,-0.23144366602427455,False,False,
2020-08-14,42.0099983215332,0.01775500889470047,0.05194233535991544,-0.4466523067938283,False,0.043208290141304895,0.14350270615444885,0.3379501630115075,-0.29677279963237907,False,False,
2020-08-17,42.88999938964844,0.014743454657781268,0.04627135386195295,0.13407788111550686,False,0.04584250536601697,0.14730646320297644,0.3351455505449867,-0.3027459492509059,False,False,
2020-08-18,42.88999938964844,0.011676140371490324,0.03711822288909086,-0.31456625513507463,False,0.02853713680903791,0.14860885624089956,0.3345504764040423,-0.35890464339631967,False,False,
2020-08-19,42.93000030517578,0.01101088876041855,0.036870292767342494,-0.2733433428058808,False,0.017539741705474565,0.14788736257073215,0.3347529356888291,-0.3893845489272206,False,False,
2020-08-20,42.58000183105469,0.010612135090816351,0.03681462939976924,-0.509713303932009,False,0.015017903615196282,0.16867929074550828,0.27067842525944685,-0.567689822279063,False,False,
2020-08-21,42.34000015258789,0.007776604466134893,0.029049210354593187,-0.46173691182184384,False,0.027171249362366146,0.14949891153913855,0.22561869557857467,-0.5421876137661216,False,False,
2020-08-24,42.619998931884766,0.00801089738507437,0.02886621284797219,-0.04842320178840699,False,0.016213646338622878,0.13998214286977917,0.21514491811630035,-0.5752796655148092,False,False,
2020-08-25,43.34999847412109,0.008343618728788397,0.028701713564748814,0.306061162834053,False,0.041816818991746274,0.13450135574050784,0.2129519901768919,-0.4352367717802107,False,False,
2020-08-26,43.38999938964844,0.007898249244528149,0.028294510544728972,-0.2465321339134521,False,0.01687371107569291,0.12891959889089408,0.2097554830249728,-0.5341738208667535,False,False,
2020-08-27,43.040000915527344,0.008233915670473076,0.028056271545577594,-0.5809843739065673,False,0.018939375124797264,0.11729272996393648,0.19032926670354264,-0.5167537107802483,False,False,
2020-08-28,42.970001220703125,0.0072205366157804905,0.027231150855425268,-0.32488246970110796,False,0.022851771900163298,0.10302337450329048,0.15292553256124064,-0.5242525643716273,False,False,
2020-08-31,42.61000061035156,0.007452277760383938,0.027078462245757953,-0.5846059380768328,False,-0.006528299913299951,0.09427095969491886,0.1375061314396065,-0.7330528359201963,False,False,
2020-09-01,42.7599983215332,0.006143788567871236,0.025364324484826884,-0.10343433101949576,False,-0.0030310345060674537,0.08801264942379605,0.13103349496351643,-0.6948122993682855,False,False,
2020-09-02,41.5099983215332,0.0052860319746132825,0.02431538899807818,-1.4196343350662846,False,-0.03307714823079977,0.08146734902199697,0.12279164211540818,-0.9328362686536906,False,False,
2020-09-03,41.369998931884766,0.003813464540568763,0.022961823362938776,-0.312959957110261,False,-0.02841716409432926,0.07355206787127216,0.10995327626680514,-0.9273869358669207,False,False,
2020-09-04,39.77000045776367,0.0034835594215469625,0.022883781785929144,-1.8423044125911914,False,-0.0606990950770494,0.06886263993594653,0.10660731923408066,-1.215317446717834,False,False,
2020-09-08,36.7599983215332,0.002561733783598763,0.023173032600741432,-3.3766394678160148,True,-0.13749415197586023,0.06277333978928326,0.10053951603688682,-1.9919281458612512,False,True,shock
2020-09-09,38.04999923706055,0.0013814032385802907,0.02483722301809264,1.3572819748680993,False,-0.12226065567740474,0.055068888807333495,0.09307837572209453,-1.9051637193819717,False,False,
2020-09-10,37.29999923706055,0.0021126675575413277,0.02501334386243034,-0.8724772974976421,False,-0.14035492597957455,0.048852381704627475,0.08900231539225298,-2.125869499577886,True,True,trend
2020-09-11,37.33000183105469,0.0014087533179046147,0.024872472368562003,-0.024299723975219557,False,-0.13266726215176927,0.041341656901662874,0.08035432305403217,-2.1655203160186463,True,True,trend
2020-09-14,37.2599983215332,0.00201724508092755,0.02427703041479179,-0.16033700833814638,False,-0.1328834707227986,0.035936866357222555,0.0781863420887582,-2.159204952808433,True,True,trend
2020-09-15,38.27999877929688,0.0016265003899551707,0.024097648646763545,1.0685156379599794,False,-0.10161937970033164,0.029725915605298893,0.0725749603017551,-1.809788042039813,False,False,
2020-09-16,40.15999984741211,0.0012874579095081466,0.023540320074503202,2.031594266366934,True,-0.06080445687977909,0.024534511410459457,0.06762659355865232,-1.261914341674246,False,True,shock
2020-09-17,40.970001220703125,0.001961068185329505,0.02417635737528078,0.7531444259083391,False,-0.013008844198144853,0.02100094093806886,0.06498338235904229,-0.5233612640891003,False,False,
2020-09-18,41.11000061035156,0.0017145667601028809,0.023889701144841274,0.07126722594341282,False,-0.006284706991684708,0.01873656082128305,0.06311888634872047,-0.39641491256245814,False,False,
2020-09-21,39.310001373291016,0.0015862627282538858,0.023853867925732335,-1.9020483731290432,False,-0.011566484263966337,0.016687636147331424,0.06135589796941064,-0.4604955896071153,False,False,
2020-09-22,39.59999847412109,0.0009595568596222422,0.024421121316566347,0.26279001456354345,False,0.0772578966883215,0.014972752289271772,0.06030122453191256,1.0329001588696967,False,False,
2020-09-23,39.93000030517578,0.0002952001077086604,0.02353192163699029,0.3415862040288529,False,0.04940870186100077,0.013789806724663416,0.05813000862896627,0.6127453956473078,False,False,
2020-09-24,40.310001373291016,0.0008648034153740417,0.02319571015138519,0.3729947197077607,False,0.08069710986052225,0.012467637585884187,0.05611580283173267,1.2158691283314456,False,False,
2020-09-25,40.25,0.0007298438321014977,0.023114305668650935,-0.09597269683679795,False,0.07822121686895223,0.011761939523672176,0.05489100990639375,1.21074976500913,False,False,
2020-09-28,40.59999847412109,0.00048400853023474524,0.023037392024235073,0.35644684628384243,False,0.08964037313597073,0.010045569030465412,0.05054588503558067,1.5747039358293222,False,False,
2020-09-29,39.290000915527344,0.0016975926285505653,0.02091595949643673,-1.6238099698965651,False,0.02638459165199092,0.010200528325974295,0.05077438479395957,0.3187446463741689,False,False,
2020-09-30,40.220001220703125,0.0012967330335625648,0.02127668202296807,1.051546440985235,False,0.001494058105552476,0.01026304078998445,0.0507916124877882,-0.17264627474743585,False,False,
2020-10-01,38.720001220703125,0.0012961002230838833,0.021276006865493222,-1.8138261331271763,False,-0.054918231217016,0.009650907249346906,0.05061428601461257,-1.275709756089842,False,False,
2020-10-02,37.04999923706055,0.0003462482086649225,0.02138867369657958,-2.032686270564353,True,-0.09875945786944851,0.008349978252751876,0.051007001008271526,-2.0998967593650733,True,True,shock+trend
2020-10-05,39.220001220703125,-8.291131396321057e-05,0.02193421169494393,2.6740175370848362,True,-0.002289497569161636,0.006793622362362117,0.052469440097044705,-0.1731125759055956,False,True,shock
2020-10-06,40.66999816894531,0.0003889184136170239,0.02280476995059762,1.6041352708672258,False,0.027020195354893195,0.006253427970463051,0.05234988826990254,0.39669172314871126,False,False,
2020-10-07,39.95000076293945,0.0005694704680850101,0.02304202517915608,-0.7930238019654996,False,0.0005008879942602906,0.006546271783185665,0.052404507039637296,-0.1153599972680368,False,False,
2020-10-08,41.18999862670898,9.527025298547098e-05,0.02304730717639313,1.3426069233576787,False,0.0218307423328703,0.0057604215163127226,0.05204126660479062,0.308799571282499,False,False,
2020-10-09,40.59999847412109,0.0005387791521035989,0.023320494508483457,-0.637321320288886,False,0.008695614263877882,0.0055618557744310515,0.05194986147189922,0.06032274967936049,False,False,
2020-10-12,39.43000030517578,0.0011272511439378945,0.022348202835310048,-1.3399261380411878,False,-0.02881768997334022,0.006213150905307754,0.05167447664196086,-0.6779138010698714,False,False,
2020-10-13,40.20000076293945,0.0004939569840118082,0.02251643949485944,0.8453526784135674,False,0.023161105273797,0.0049556803818247095,0.05135898143560865,0.35447402543988055,False,False,
2020-10-14,41.040000915527344,0.0008335351180688525,0.022609948814318367,0.8873080975945028,False,0.020387858526521585,0.004444490169310627,0.0509779582549629,0.31275023368867094,False,False,
2020-10-15,40.959999084472656,0.000692985973128198,0.022449333830843257,-0.11770274809423778,False,0.057851182674339086,0.0037896034606939347,0.05044356000869406,1.0717241052044606,False,False,
2020-10-16,40.880001068115234,0.0008114110321172196,0.022411113906212515,-0.1233534244913922,False,0.10337387071316306,0.004251763970043031,0.050781353776316686,1.9519390361221212,False,False,
2020-10-19,40.83000183105469,0.0005986289085909761,0.02235985013975411,-0.08147202145195657,False,0.04105049873128741,0.0049767627326212606,0.05180663820524024,0.696314936625579,False,False,
2020-10-20,41.459999084472656,0.0003044033551031703,0.02223468550315028,0.68025966405873,False,0.01942466071047355,0.004902749689210004,0.0517503024073757,0.2806149982844123,False,False,
2020-10-21,40.02999877929688,0.0005166937445512643,0.022302882463810292,-1.5696526069834946,False,0.002002453437538909,0.0048665666100070155,0.05173903611493665,-0.05535691013078729,False,False,
2020-10-22,40.63999938964844,6.009497478060973e-05,0.02266629246315978,0.6696503997570559,False,-0.013352737445927021,0.00484053906512326,0.051739992113124175,-0.3516288999672159,False,False,
2020-10-23,39.84999847412109,0.00017136653027014355,0.022720709284903617,-0.8631053494855926,False,-0.018472907098212255,0.004487454226973116,0.05177301482918651,-0.443481249854542,False,False,
2020-10-26,38.560001373291016,0.00032945861798229297,0.022539325808504332,-1.4508322079359477,False,-0.02206439069620203,0.0036763849012693807,0.051648062000043946,-0.49838802465520404,False,False,
2020-10-27,39.56999969482422,-0.0004151323551269452,0.02268637691510972,1.1728639637450853,False,-0.01567166806364928,0.002752028439003172,0.0514775495415705,-0.3578976984476401,False,False,
2020-10-28,37.38999938964844,8.207206119725363e-05,0.022857088526120856,-2.4138823163109344,True,-0.08893765702860745,0.0019853533790860924,0.05131563187180918,-1.7718384650281023,False,True,shock
2020-10-29,36.16999816894531,-0.0007156674776170494,0.023720169795742645,-1.3454124138625272,False,-0.11694338434063012,0.0006013650918366512,0.052352921950643436,-2.245237611441898,True,True,trend
2020-10-30,35.790000915527344,-0.0014518717945371643,0.023843712575035845,-0.3797226176949448,False,-0.1245107636887487,-0.0016131725486810092,0.053765454905853355,-2.285809565924235,True,True,trend
2020-11-02,36.810001373291016,-0.0014463187323547617,0.023841525547917256,1.256040081072735,False,-0.09845702369540721,-0.0035847174749790733,0.05551995809052981,-1.7087964307489412,False,False,
2020-11-03,37.65999984741211,-0.0010139724713766423,0.024088672028197308,1.0006978108941134,False,-0.09165459047208946,-0.004877797144410664,0.05658924655595314,-1.5334502331971753,False,False,
2020-11-04,39.150001525878906,-0.0007783534761708655,0.024238415541352868,1.6644207964516873,False,-0.021983444423013587,-0.006158928102266035,0.05745666337908332,-0.27541655554102973,False,False,
2020-11-05,38.790000915527344,-0.000626550027439053,0.024456893986554394,-0.3503661383905694,False,-0.045521616680740284,-0.006891889763282421,0.057300940037282456,-0.6741552039516926,False,False,
2020-11-06,37.13999938964844,-0.000730090592954921,0.024476770898354858,-1.7080146799529476,False,-0.06800499845018926,-0.007824843010204908,0.05735335015704284,-1.0492875355179996,False,False,
2020-11-09,40.290000915527344,-0.0010331260918026801,0.024853955496166282,3.454073339013257,True,0.04486513175890683,-0.009219545631987344,0.05753007445944949,0.9401113747734877,False,True,shock
2020-11-10,41.36000061035156,2.630752332813883e-05,0.02675109921245935,0.9917776654488808,False,0.045236313604558376,-0.008864665434557373,0.05778334184210536,0.936272934627911,False,False,
2020-11-11,41.45000076293945,0.0002803027018341438,0.026913039887352646,0.07043858431225396,False,0.10858522170543394,-0.008760267722682052,0.057875070383842334,2.0275653860954392,True,True,trend
2020-11-12,41.119998931884766,0.0004888026938166871,0.026865672788867728,-0.3145369209602264,False,0.13685377421969025,-0.007560665307010832,0.05936344619463903,2.4327165753349207,True,True,trend
2020-11-13,40.130001068115234,0.00030792642015485744,0.026876431091078946,-0.9072540360049101,False,0.12126292376553138,-0.005758601939915923,0.061655496475328926,2.060181702636588,True,True,trend
2020-11-16,41.34000015258789,0.00042306833461567867,0.026751266992759405,1.1113086358645927,False,0.12306434692457802,-0.0038701877151306172,0.06334773075079066,2.0037739810928326,True,True,trend
2020-11-17,41.43000030517578,0.0007081935287032278,0.02695459674872462,0.05449454068281871,False,0.10010622604988506,-0.0021242136541008453,0.0650181705568696,1.5723364534621556,False,False,
2020-11-18,41.81999969482422,0.0004922090340313723,0.026875898952079553,0.331942186622507,False,0.06819918428816396,-0.0008548064357446632,0.06607793148733367,1.045038625901076,False,False,
2020-11-19,41.7400016784668,0.00039338541916507987,0.02682861537954363,-0.08596411979157119,False,0.07605054636022435,0.00013713385657738276,0.06655335290732176,1.1406399405505456,False,False,
2020-11-20,42.150001525878906,0.00021120593964491915,0.026796824464349975,0.35868063580833665,False,0.1348950516576164,0.0010588588533074377,0.06712482469797762,1.9938404816175446,False,False,
2020-11-23,43.060001373291016,0.0004180220638752363,0.026810529335082583,0.7896723843523059,False,0.06875156105286018,0.0025717680966883673,0.06884672740800146,0.9612627273330686,False,False,
2020-11-24,44.90999984741211,0.0009379049187313478,0.026838343334212336,1.5658703208722269,False,0.08583170175708488,0.003511059821607946,0.0692670025505508,1.1884539377230832,False,False,
2020-11-25,45.709999084472656,0.0012778527153528133,0.02720944804882784,0.6077129868368746,False,0.10277438463504396,0.0045465080998245205,0.06991504958200065,1.4049604072727113,False,False,
2020-11-27,45.52999877929688,0.001620275702348044,0.027254351945953388,-0.2039362977268048,False,0.1072470807870709,0.005731648146385157,0.07082301329682825,1.4333678830526693,False,False,
2020-11-30,45.34000015258789,0.0012281095369995059,0.027117738319124875,-0.19917413916705864,False,0.12982803253928132,0.006709304015355174,0.07171786810493436,1.716709263356579,False,False,
2020-12-01,44.54999923706055,0.0013068323802471434,0.027093034034221912,-0.6913496930326327,False,0.07764874389512322,0.007665460141952523,0.0728811013324373,0.9602391082696652,False,False,
2020-12-02,45.27999877929688,0.0011471154019995374,0.027168578668167322,0.5609037499611927,False,0.09292779256002381,0.008124666192003435,0.07321580623371635,1.1582625491729954,False,False,
2020-12-03,45.63999938964844,0.0010862974462415708,0.02712873207942881,0.25302495755536125,False,0.09134384798422168,0.00875247002125686,0.07374356512721938,1.1199808121628179,False,False,
2020-12-04,46.2599983215332,0.001192304695963835,0.027139961245263577,0.45660518469181394,False,0.10828932585784301,0.009589892836925976,0.0743255892721946,1.3279334074225868,False,False,
2020-12-07,45.7599983215332,0.001360996856333494,0.027177619174364995,-0.4477754660523351,False,0.08564642147018331,0.010799887292290889,0.0751904132238055,0.9954265573073854,False,False,
2020-12-08,45.59999847412109,0.0013255874837723185,0.027191908330519522,-0.17733539387484226,False,0.058987390149169094,0.011741600863690716,0.07568462034490521,0.6242455742021672,False,False,
2020-12-09,45.52000045776367,0.0013541206560873736,0.027185626168375825,-0.11434215859210353,False,0.013582734634248972,0.01216581607418142,0.07586123210153281,0.018677768878986103,False,False,
2020-12-10,46.77999877929688,0.0012425547166453389,0.027180921398960826,0.972650939286145,False,0.023408438334178383,0.012130737251456436,0.07585994332554884,0.14866477073841597,False,False,
2020-12-11,46.56999969482422,0.0013832481151555005,0.027291344287006206,-0.21517175939427502,False,0.02284210286428201,0.011885292176022197,0.075792346021837,0.14456355111508196,False,False,
2020-12-14,46.9900016784668,0.0013110904933793144,0.027299731374713504,0.28233368341374443,False,0.03639174063356787,0.011964870733203386,0.0758007872176086,0.32225087359897625,False,False,
2020-12-15,47.619998931884766,0.0015388913453285799,0.027291706016691054,0.4348631636828758,False,0.0689113299079549,0.012197568939986993,0.07584926004871144,0.747716733578489,False,False,
2020-12-16,47.81999969482422,0.0017393371572350244,0.027323332982412477,0.09005471483442813,False,0.056095428091943456,0.012811696380090882,0.07612266156700427,0.5686050752935591,False,False,
2020-12-17,48.36000061035156,0.0019070422796319284,0.02729898534908141,0.3437975117507398,False,0.05959687241626144,0.013646679420160795,0.0762510050374872,0.6026175389230632,False,False,
2020-12-18,49.09999847412109,0.0020106705314045185,0.02731993553212612,0.486501422560734,False,0.06139213695703738,0.01448171817912518,0.07640865808869271,0.6139411416368561,False,False,
2020-12-21,47.7400016784668,0.002604467693399224,0.02711489205101304,-1.1175769231769714,False,0.04326930571590215,0.01574130864829634,0.07639271697387669,0.3603484488844572,False,False,
2020-12-22,47.02000045776367,0.0022801231170928543,0.027331978056516697,-0.6352207886969367,False,0.031140395420154787,0.016697128245766097,0.07628112956644599,0.18934259700241635,False,False,
2020-12-23,48.119998931884766,0.0025947046530772435,0.026987835558686377,0.7707014117521237,False,0.05711771634390761,0.017921654785728814,0.07575725516549565,0.5173902020678147,False,False,
2020-12-24,48.22999954223633,0.00391576479045515,0.025487512447235405,-0.06394505042190367,False,0.03099616931972138,0.02051647969665905,0.07366608749657998,0.14225934862563264,False,False,
2020-12-28,47.619998931884766,0.0034783440727894337,0.02522538927340961,-0.6392799850154057,False,0.022546687651733954,0.022559904029954066,0.07175282138397716,-0.00018419315039035802,False,False,
2020-12-29,48.0,0.0035725196020295336,0.02515071963228202,0.17523726853782384,False,0.021493898392347388,0.02473192554503818,0.06917384273575572,-0.046809993844928705,False,False,
2020-12-30,48.400001525878906,0.00366819298746132,0.025153694885279295,0.18546667423187072,False,0.016379727246736087,0.026787407685626406,0.06667900348375962,-0.1560863224571918,False,False,
2020-12-31,48.52000045776367,0.003804308007055875,0.025150913021400937,-0.052681638619393754,False,0.014638242731214834,0.02877758365855353,0.0640235486431332,-0.22084594226651322,False,False,
2021-01-04,47.619998931884766,0.0034723626989122416,0.024999450639362285,-0.8808771931585824,False,-0.01530193691330095,0.03032768529097415,0.06220535255082308,-0.7335320890110661,False,False,
2021-01-05,49.93000030517578,0.002570217093417481,0.024546951655590114,1.8714683312669396,False,0.01690431480343446,0.030934385557193866,0.06152266383726377,-0.22804719234640008,False,False,
2021-01-06,50.630001068115234,0.002948079796946878,0.025034799794572567,0.4422469109745217,False,0.06053622304232076,0.031333227677214914,0.06133059827501912,0.47615702742949867,False,False,
2021-01-07,50.83000183105469,0.0030894467727288683,0.025067398207865823,0.03433923791284548,False,0.081029377630768,0.03222417341100166,0.06126205354978426,0.7966628833312791,False,False,
2021-01-08,52.2400016784668,0.0037259159737470706,0.024459801446934912,0.9817579255648159,False,0.08561934409878136,0.03345878490293145,0.06130064453656097,0.8508974023061091,False,False,
2021-01-11,52.25,0.003997413789959822,0.02461340348782705,-0.15463207808253457,False,0.08335062193486542,0.03357027086840425,0.061388917157458756,0.8109012729248452,False,False,
2021-01-12,53.209999084472656,0.0038888539521832978,0.024611976325347708,0.5885075654193495,False,0.11738765808423857,0.03402282980272244,0.0616318849363167,1.3526249986943566,False,False,
2021-01-13,52.90999984741211,0.004006940717488096,0.024660541763986753,-0.3911091869480962,False,0.1022916634877522,0.03451203711237199,0.062150804033693344,1.090567168505742,False,False,
2021-01-14,53.56999969482422,0.003951613713446826,0.024677686494635684,0.34534825274152875,False,0.10681814061887951,0.03483297640062266,0.062441033904552835,1.1528502927785138,False,False,
2021-01-15,52.36000061035156,0.004001992318276087,0.024691355018048,-1.076864527323653,False,0.07914262399751171,0.035062013300394775,0.06267584987976463,0.7033109368549415,False,False,
2021-01-19,52.97999954223633,0.0041310416369361065,0.024523964592978197,0.3143879070917259,False,0.11255776418681696,0.03576545373166839,0.06287289732802405,1.2213897198741035,False,False,
2021-01-20,53.2400016784668,0.003973320666911106,0.02443447947640833,0.038234166871662534,False,0.06629283703304711,0.03724630314608525,0.06336084475168245,0.4584303444942719,False,False,
2021-01-21,53.130001068115234,0.004536019729188109,0.02395245900565028,-0.27563545058678424,False,0.04937783818405639,0.03886245072275275,0.06251850068753975,0.16819641139281838,False,False,
2021-01-22,52.27000045776367,0.005083540903300876,0.02330883621320693,-0.9125407939762081,False,0.02832969850158884,0.040837614670132825,0.060416554569829424,-0.20702796208094493,False,False,
2021-01-25,52.77000045776367,0.004086790524343429,0.022577641895708482,0.24267042100124853,False,0.010145458695789866,0.041245870617742826,0.06022433787665945,-0.5164093623685357,False,False,
2021-01-26,52.61000061035156,0.0037213886863835186,0.022257745903142712,-0.3034184849680611,False,0.0068899638344797065,0.04102087412895478,0.06030966414500949,-0.5659277128854537,False,False,
2021-01-27,52.84999847412109,0.0039170071009184786,0.022131014538984653,0.02913660405605283,False,-0.006765657142373871,0.04110606180682437,0.060256144589402386,-0.7944703278878174,False,False,
2021-01-28,52.34000015258789,0.0035639815712669803,0.021902527827789783,-0.6033049194601993,False,-0.010773005036251115,0.040724776480487786,0.06046985838890198,-0.8516272881861136,False,False,
2021-01-29,52.20000076293945,0.003626300877693384,0.021857546910163294,-0.28828064416239424,False,-0.025573995514081238,0.0404651948898194,0.06065072578364642,-1.0888441902488681,False,False,
2021-02-01,53.54999923706055,0.003974872652999544,0.021539295691505648,1.0161505286247985,False,0.02272724623448008,0.040508444149276186,0.060601790186853535,-0.2934104398561714,False,False,
2021-02-02,54.7599983215332,0.004059322652156885,0.021613389733011995,0.8576334277367292,False,0.03359756124342428,0.04050265936208529,0.060603489149892824,-0.11393895327680521,False,False,
2021-02-03,55.68999862670898,0.004081991483979272,0.021632170155041777,0.5963901879799337,False,0.04601797278366915,0.040678788731643996,0.06056342252405453,0.08815855890417255,False,False,
2021-02-04,56.22999954223633,0.004334425721590013,0.021671267253017344,0.24743017016082702,False,0.058347419759068764,0.0405210125997684,0.06053348768464282,0.2944883541514968,False,False,
2021-02-05,56.84999847412109,0.0044897540906631535,0.02166734159317416,0.30166920127292157,False,0.08762192416773074,0.03992065992038047,0.060123600054776405,0.7933866934762954,False,False,
2021-02-08,57.970001220703125,0.004653076717389036,0.021669863351345662,0.694417834502516,False,0.09854085120013334,0.04054161225953305,0.060375392609316146,0.9606436734235131,False,False,
2021-02-09,58.36000061035156,0.0047100267607739455,0.021704153487380008,0.09295825811839094,False,0.10929480960448101,0.04159649479939518,0.06069178249386865,1.1154444971512416,False,False,
2021-02-10,58.68000030517578,0.005259609306386079,0.021214442779250633,0.010539663279939531,False,0.11031224218311864,0.04302705954828774,0.06100956141973164,1.1028629131083967,False,False,
2021-02-11,58.2400016784668,0.005129537514468813,0.021182314207008387,-0.5961487395035451,False,0.11272452251965048,0.04467592594334169,0.061136205326371505,1.1130654284647854,False,False,
2021-02-12,59.470001220703125,0.0052887472051065445,0.0210395508217536,0.7524281271450692,False,0.13927203738520189,0.04642522500491319,0.061181869705334055,1.5175543478396505,False,False,
2021-02-16,60.04999923706055,0.006001958114920543,0.020648676864066295,0.1816496475968725,False,0.12138188781712467,0.04857637737933191,0.06157625587018994,1.182363386810582,False,False,
2021-02-17,61.13999938964844,0.0057827565335082255,0.020518288529755995,0.6028176571939312,False,0.11650842336871348,0.050403758124408886,0.06167738571237247,1.0717812449538373,False,False,
2021-02-18,60.52000045776367,0.006759340438694949,0.01928789843790151,-0.876196227540716,False,0.0867301481443783,0.05314303919637317,0.05994303776334297,0.560317097718806,False,False,
2021-02-19,59.2400016784668,0.007059186238294327,0.018836825200688904,-1.49755591265829,False,0.05353018247794128,0.05585868629617329,0.05665686337852811,-0.041098353833588175,False,False,
2021-02-22,61.4900016784668,0.006917264318726163,0.01901025324379056,1.6340565305616022,False,0.08161835231108938,0.058232565578395824,0.05258065209787217,0.4447603024999367,False,False,
2021-02-23,61.66999816894531,0.007043684316454471,0.0191864274167661,-0.21454938580930663,False,0.06382606296928617,0.06063357059181577,0.04934059152168203,0.06470316384568484,False,False,
2021-02-24,63.220001220703125,0.006774827505837481,0.019099595599933912,0.9612245024908931,False,0.08327622617415664,0.0627066459710341,0.046009508241652314,0.44707237675930944,False,False,
2021-02-25,63.52999877929688,0.006582417603974369,0.018835671274841814,-0.08913644461098348,False,0.08265164364174882,0.06411010824566304,0.04498523887648689,0.41216932174116244,False,False,
2021-02-26,61.5,0.006770402808843827,0.01874621918885985,-2.0656854407234406,True,0.05597524429224965,0.0658190850499629,0.043161753486316436,-0.22806860154173386,False,True,shock
2021-03-01,60.63999938964844,0.006911514613737104,0.018406805142955313,-1.1351923494201939,False,0.01967375390834869,0.06747215495319542,0.04024257581443106,-1.187756998092208,False,False,
2021-03-02,59.75,0.005594207830825887,0.01615365509738786,-1.2548849652796044,False,-0.004995824161066698,0.06713626991518798,0.04053786208898421,-1.7793758811927063,False,False,
2021-03-03,61.27999877929688,0.005044418213043875,0.016132218605971933,1.2746080635081352,False,0.002289816667419675,0.06646650807831299,0.041312150359762684,-1.5534580226886543,False,False,
2021-03-04,63.83000183105469,0.005356826946369918,0.016301900910147465,2.2240041466991496,True,0.05469268586012377,0.06504923601113945,0.041669444206941714,-0.24854063566536316,False,True,shock
2021-03-05,66.08999633789062,0.006017810486027721,0.016753363192594357,1.7541941129069953,False,0.11563123675456843,0.0639537548330119,0.04082770512974707,1.2657454480316679,False,False,
2021-03-08,65.05000305175781,0.006810907629101105,0.016717386129765834,-1.3487111056085188,False,0.057895613532528145,0.06387866567286572,0.040725931355189926,-0.1469101366438149,False,False,
2021-03-09,64.01000213623047,0.006199067641569792,0.016691289134970064,-1.3292432090891364,False,0.037943960382075925,0.0630097492276384,0.04013705165225551,-0.6245049851376887,False,False,
2021-03-10,64.44000244140625,0.005956870481705151,0.0168811478328907,0.0450700644635895,False,0.01929770954043586,0.06218091901873427,0.040002256515581223,-1.0720197612250957,False,False,
2021-03-11,66.0199966430664,0.0059209271644134545,0.01687655789279544,1.1019968873101609,False,0.03919404866384113,0.061528899355431245,0.040300262282736636,-0.5542110504118893,False,False,
2021-03-12,65.61000061035156,0.006273350555319425,0.016986379863226056,-0.7349141018188222,False,0.0668292782170985,0.06103747938614613,0.04034548095343968,0.14355508210786583,False,False,
2021-03-15,65.38999938964844,0.006059578721703704,0.017041903312280875,-0.5523294264461279,False,0.07833113535305958,0.06012993574027256,0.03941650617352513,0.46176592954888046,False,False,
2021-03-16,64.80000305175781,0.005727009086370689,0.0169779996847938,-0.8687560253903422,False,0.0845188795273275,0.060257663397608546,0.03946031852660589,0.6148256536084719,False,False,
2021-03-17,64.5999984741211,0.005033862411090387,0.016491465759461327,-0.4923972665499266,False,0.05417754179110479,0.060240159101211777,0.03944911036204781,-0.15368197798294472,False,False,
2021-03-18,60.0,0.004755197372296269,0.01644912902103683,-4.618032096242719,True,-0.060003160288040425,0.05959220119662593,0.039138923927129275,-3.055662994397463,True,True,shock+trend
2021-03-19,61.41999816894531,0.003858270272674451,0.018620272538679535,1.0638064418910353,False,-0.07066119575903074,0.05736219798229111,0.04110244147767798,-3.1147393959760064,True,True,trend
2021-03-22,61.54999923706055,0.004229465989980561,0.018735142603124786,-0.11277598337833122,False,-0.05380482168328948,0.05468900827164695,0.042809941047823666,-2.5343139303494078,True,True,trend
2021-03-23,57.7599983215332,0.004490006259871424,0.018565048429274283,-3.5586212800833126,True,-0.09764104993147138,0.05293629406393478,0.044514270264697176,-3.3826757823956553,True,True,shock+trend
2021-03-24,61.18000030517578,0.0034505123504792695,0.02001589620964721,2.7857883276741213,True,-0.050589727075114777,0.050395376164048176,0.04753696937184075,-2.124348787345771,True,True,shock+trend
2021-03-25,58.560001373291016,0.004133979265813687,0.021021536527259993,-2.2338240579213675,True,-0.11299599589662901,0.04850292849659035,0.04869584416631076,-3.316482692889615,True,True,shock+trend
2021-03-26,60.970001220703125,0.00338185944613184,0.021677713945670505,1.7424581144698013,False,-0.07072091672738634,0.04555245753986406,0.05163930268424231,-2.251644933670476,True,True,trend
2021-03-29,61.560001373291016,0.004074697342792924,0.022045321213642437,0.2541217333940385,False,-0.058571617251975794,0.0434675596972298,0.05313364877016012,-1.9204248025690045,False,False,
2021-03-30,60.54999923706055,0.004250342581100405,0.02203666035873948,-0.9373985992087889,False,-0.0655864755330745,0.04190010626521454,0.054388805854209944,-1.9762629480486946,False,False,
2021-03-31,59.15999984741211,0.004054976588463883,0.02215524584243606,-1.2191785867156593,False,-0.0842105070465019,0.040844516796316885,0.05569832407012802,-2.2452205866260164,True,True,trend
2021-04-01,61.45000076293945,0.0033798255461697123,0.022197070407121624,1.5915963802506452,False,0.024166679382324308,0.039409597524574486,0.057510370647601464,-0.26504642502918563,False,False,
2021-04-05,58.650001525878906,0.003955794624964749,0.022547804310988774,-2.196279574163598,True,-0.04509926287277144,0.03942725854481505,0.05750541730657101,-1.469887975370415,False,True,shock
2021-04-06,59.33000183105469,0.003228005136510005,0.023252101261845105,0.359804155741584,False,-0.036068195508102474,0.03834071183139719,0.058327544154211236,-1.2757078738438081,False,False,
2021-04-07,59.77000045776367,0.0032038339209659542,0.023242317057788803,0.1812336380911351,False,0.034799206970910435,0.03694098482584976,0.05884137612163248,-0.03639918023861309,False,False,
2021-04-08,59.59999847412109,0.0032467164740556122,0.02324714618292088,-0.2620100476501908,False,-0.025825462948241062,0.03665703521090265,0.05879906297624275,-1.062644453779633,False,False,
2021-04-09,59.31999969482422,0.0030582280084418996,0.02323833873962981,-0.33376715569935095,False,0.012978113109810119,0.035518070739375955,0.059174837049704505,-0.38090443089236004,False,False,
2021-04-12,59.70000076293945,0.0027915636851363825,0.023210676567990675,0.15572093562006417,False,-0.020829923443275722,0.03487255042141293,0.05915283334933502,-0.9416704274456338,False,False,
2021-04-13,60.18000030517578,0.0032462898437220656,0.0229377354973338,0.20899636720359377,False,-0.02241717084681505,0.03401789403262388,0.059491964774297676,-0.9486165920648931,False,False,
2021-04-14,63.150001525878906,0.003554581987390823,0.022843260249389635,2.0048531476702625,True,0.04293975758181334,0.03330379314906429,0.05984734382154289,0.1610090576698319,False,True,shock
2021-04-15,63.459999084472656,0.003900684608499351,0.023339179140270165,0.043198758538122946,False,0.07268423340350383,0.03311475369890303,0.059793474097461836,0.661769203109081,False,False,
2021-04-16,63.130001068115234,0.003935657190509619,0.023338692035992134,-0.39144233348414975,False,0.027339304870912073,0.033670594553353465,0.05996702806867495,-0.10557951404879902,False,False,
2021-04-19,63.380001068115234,0.00403495915748824,0.0232829567808938,-0.0032159512849410064,False,0.08064790143524969,0.03373449611627584,0.059957566906009944,0.7824434469216497,False,False,
2021-04-20,62.43999862670898,0.0039813620813623765,0.023278379236135602,-0.8081566671018587,False,0.05241861957985727,0.03452321615684787,0.06018302117411612,0.29734970218985896,False,False,
2021-04-21,61.34999847412109,0.003672501009094065,0.023373337793122412,-0.9039899440957112,False,0.026434632830125482,0.03500373472128948,0.06018007310302219,-0.14239101831090442,False,False,
2021-04-22,61.43000030517578,0.0034066866355986583,0.023500108910405715,-0.0894746183988705,False,0.030704729495073746,0.03516101992260829,0.06014153009813589,-0.07409672517913987,False,False,
2021-04-23,62.13999938964844,0.003671394723189378,0.023360855708105685,0.3375929872406809,False,0.04753876785792133,0.03577444214138662,0.059853807996977974,0.1965509983446448,False,False,
2021-04-26,61.90999984741211,0.0031787120037252755,0.02278500091052421,-0.30195409257820116,False,0.037018409652091355,0.036182901515446446,0.059827816145753776,0.013965212011239504,False,False,
2021-04-27,62.93999862670898,0.0029424326044777058,0.022762933828658526,0.6016184736986698,False,0.04586238463837011,0.035869330670243386,0.059760042758498666,0.16721965893683338,False,False,
2021-04-28,63.86000061035156,0.003111589830980829,0.022817598100601865,0.5042396487253835,False,0.01124305728134778,0.03540043743034475,0.059538470676606184,-0.405744048754831,False,False,
2021-04-29,65.01000213623047,0.0029366245987137375,0.022676071577701414,0.6646451914766242,False,0.024424882983288043,0.034408753606112306,0.05930968483944524,-0.16833457553941117,False,False,
2021-04-30,63.58000183105469,0.003174181591706531,0.022740158256669443,-1.1068876999151858,False,0.007128160230092773,0.033623077086757935,0.059042282100094025,-0.4487447963435507,False,False,
2021-05-03,64.48999786376953,0.002635917483755891,0.022853033639531024,0.5109473355856271,False,0.0175133603178923,0.03215295044870266,0.058296390848150983,-0.2511234386523722,False,False,
2021-05-04,65.69000244140625,0.002901925988468522,0.022871528667457116,0.6866913834436073,False,0.052050030207833275,0.03102257307310453,0.057737262174801136,0.36419214113526105,False,False,
2021-05-05,65.62999725341797,0.0029837072954621525,0.02291713833576124,-0.17005470811278922,False,0.06976363301952304,0.03029233160095724,0.05710859247640611,0.6911622175747547,False,False,
2021-05-06,64.70999908447266,0.003272691189558266,0.022726189665883537,-0.7608245690656629,False,0.053394086977084365,0.030167278387917395,0.057010361606652016,0.40741380925492754,False,False,
2021-05-07,64.9000015258789,0.002927904098779517,0.022790506193746826,0.0003646456934601984,False,0.04441587002477898,0.029378429358454295,0.056259298298902624,0.26728809496399286,False,False,
2021-05-10,64.91999816894531,0.002901619591127257,0.022789328943984968,-0.11380347879454833,False,0.04861893601925149,0.029086736465010716,0.056121864206422324,0.3480319093178947,False,False,
2021-05-11,65.27999877929688,0.0029332761481859807,0.022783983413935952,0.11464281152368609,False,0.037178268249832946,0.02907661776947999,0.05611822460634649,0.1443675479255402,False,False,
2021-05-12,66.08000183105469,0.003223036402397034,0.022675467104005254,0.39831208304830695,False,0.03476356403828884,0.029194598699456578,0.0561259340173029,0.09922267551245424,False,False,
2021-05-13,63.81999969482422,0.0032588928364009847,0.02268775513559051,-1.6511061810996173,False,-0.018304913125715028,0.029522840104023233,0.05608499554704276,-0.8527727026316955,False,False,
2021-05-14,65.37000274658203,0.0028433064757490516,0.02308651407878833,0.928845244206353,False,0.028153520981074376,0.02918690841122063,0.05629744375419252,-0.018355849950457092,False,False,
2021-05-17,66.2699966430664,0.0031063101500721844,0.02321833593805111,0.4591793019977459,False,0.02760116046300687,0.02965249745286661,0.056140266388654964,-0.03653949512206593,False,False,
2021-05-18,65.48999786376953,0.003418544958812294,0.023201926449809007,-0.654624901784924,False,-0.0030446730126874044,0.03016415299285672,0.05594137086942908,-0.5936362568421099,False,False,
2021-05-19,63.36000061035156,0.0032972755316224706,0.02325790634105078,-1.540176643653978,False,-0.03458779122451028,0.030464543959541963,0.055697985485950674,-1.1679477204873256,False,False,
2021-05-20,62.04999923706055,0.00251879489227201,0.02346860432042741,-0.9883127731560833,False,-0.04110647326605177,0.029700343460088763,0.05619654142104496,-1.2599853111178154,False,False,
2021-05-21,63.58000183105469,0.001941845362943447,0.023500232420546097,0.9666172906380205,False,-0.020338977870406838,0.028704289666629083,0.056785490338443614,-0.8636584318412368,False,False,
2021-05-24,66.05000305175781,0.0020441703075500728,0.023583172253698867,1.5606272953963827,False,0.01740611390456026,0.02781953032457474,0.05702850995110034,-0.1826001841700505,False,False,
2021-05-25,66.06999969482422,0.0024328657951914368,0.02394841559217972,-0.08894599798074151,False,0.012101729937193051,0.02727364624651462,0.056928203727954985,-0.26650966156993455,False,False,
2021-05-26,66.20999908447266,0.0022898874798248222,0.023928420621663754,-0.007143470783992328,False,0.001967270729657855,0.026266710323440787,0.0565127271598377,-0.4299817194285394,False,False,
2021-05-27,66.8499984741211,0.0020554600025769684,0.02384150630328103,0.3192224676895808,False,0.04747726094932281,0.024979062583834446,0.055941027716892314,0.4021770654509206,False,False,
2021-05-28,66.31999969482422,0.0020946413014469954,0.02385170077882441,-0.4202140875409405,False,0.014532612946721368,0.024154828601765668,0.05513148493195667,-0.17453213289865213,False,False,
2021-06-01,67.72000122070312,0.0019158228778793,0.023876213711648532,0.8038950927098434,False,0.021880257297227867,0.022877766878613707,0.05421039310198616,-0.018400707397735003,False,False,
2021-06-02,68.83000183105469,0.002297263762052264,0.023952180980991406,0.5884126719499143,False,0.05100021493714113,0.021666510008981402,0.05318088168540556,0.551583651840992,False,False,
2021-06-03,68.80999755859375,0.0022342175426684403,0.023908150748324385,-0.10560626817739543,False,0.0860163651474426,0.020489552376340595,0.05149295032648877,1.272539490466795,False,False,
2021-06-04,69.62000274658203,0.0021003053289683792,0.023893592053757184,0.404766068508317,False,0.12199844645606617,0.020018012074078165,0.05071257035890846,2.0109498228987626,True,True,trend
2021-06-07,69.2300033569336,0.002015239695534571,0.02384698582665039,-0.31941434087927506,False,0.08886444421458406,0.020091212381909536,0.05085748533650209,1.3522735419895746,False,False,
2021-06-08,70.05000305175781,0.0020757572134751105,0.023821465965597293,0.41008449559721205,False,0.060560178882437476,0.02011966966284561,0.05089585965380421,0.794573654805517,False,False,
2021-06-09,69.95999908447266,0.0025156849972760606,0.02369105313982241,-0.1604208191081618,False,0.058876939724780586,0.020213402948238895,0.050964649206554996,0.7586344138236283,False,False,
2021-06-10,70.29000091552734,0.0019921390515117775,0.023327797862655975,0.11680778148093134,False,0.06162213997087207,0.019910184113754777,0.05066112512654765,0.8233523387592357,False,False,
2021-06-11,70.91000366210938,0.002016002508423401,0.023329682722646444,0.2916729259666463,False,0.06073306328585759,0.019880798473775923,0.05063594071495918,0.8067839608638463,False,False,
2021-06-14,70.87999725341797,0.0017984933423680675,0.023186845092300956,-0.09581532927728248,False,0.0687575027077334,0.019580222968598602,0.05032046488459962,0.9772819041301288,False,False,
2021-06-15,72.12000274658203,0.0017274715465050564,0.02318536370263889,0.6800395064857404,False,0.06497344132554073,0.019394967756145062,0.05011026578669064,0.9095635964776977,False,False,
2021-06-16,72.1500015258789,0.0023867758675015145,0.022916156299403877,-0.08600130867889029,False,0.048234775628413606,0.019514943716588944,0.050209704511512625,0.571997628570777,False,False,
2021-06-17,71.04000091552734,0.0025787719501372056,0.022837333581557696,-0.7865802461008525,False,0.03240813015629995,0.019895757339523142,0.05031911606908546,0.24866042558454307,False,False,
2021-06-18,71.63999938964844,0.0025693339176900945,0.02284470626156972,0.2572407967505251,False,0.02901460159976188,0.020394476730421364,0.05025439462734041,0.1715297723365833,False,False,
2021-06-21,73.66000366210938,0.002340523920722846,0.02269630682814091,1.1392194509883653,False,0.06398960118975783,0.020750807196185928,0.050219022218943365,0.8610042984321902,False,False,
2021-06-22,73.05999755859375,0.0021616476001271724,0.02243396198013771,-0.4594490976395774,False,0.042969227347669614,0.020874766067247717,0.05031531710233493,0.4391199847848436,False,False,
2021-06-23,73.08000183105469,0.00158095323268721,0.022123317676156516,-0.05908458935345445,False,0.04459695236437633,0.019905939275155732,0.04915222955250855,0.5023376012443866,False,False,
2021-06-24,73.30000305175781,0.0017944175366007482,0.02203101663389479,0.05519484978645545,False,0.04282262195227182,0.019728623792913704,0.049037183395561804,0.47094870790332305,False,False,
2021-06-25,74.05000305175781,0.0020477259536992006,0.021932797659767647,0.3731488043112985,False,0.04428147267641869,0.019793672613849653,0.04906490092560557,0.4990899726812563,False,False,
2021-06-28,72.91000366210938,0.002094582197337737,0.02194665864285198,-0.7969129597888003,False,0.028640046379142747,0.02012678945566276,0.049146232028231394,0.17322298316968962,False,False,
2021-06-29,72.9800033569336,0.0015623977182711282,0.021879376769938404,-0.027528854181895244,False,0.011924578169713484,0.019986069425200113,0.049105992241905524,-0.16416512298079997,False,False,
2021-06-30,73.47000122070312,0.0016580012261457606,0.021860612421558148,0.23128983586290328,False,0.018295213678557687,0.019254006757901645,0.048806567296078504,-0.0196447554593948,False,False,
2021-07-01,75.2300033569336,0.001792231954749884,0.02186033467349937,1.0138523943970894,False,0.058980889462382224,0.01845352780224162,0.04831439121678704,0.8388258785729914,False,False,
2021-07-02,75.16000366210938,0.00223194015534546,0.021971244827815067,-0.14393430794640424,False,0.04913462175391303,0.018113021268042352,0.047930959637639575,0.6472142581829263,False,False,
2021-07-06,73.37000274658203,0.0022606870151668326,0.021965601960122483,-1.1871542415672354,False,-0.003937020107379063,0.018045782334213126,0.04788319698617872,-0.45909220405516016,False,False,
2021-07-07,72.19999694824219,0.002892574186923089,0.020453165764559154,-0.9210908963455977,False,-0.01177115574992793,0.018793330869955282,0.04707913621871299,-0.6492151104449205,False,False,
2021-07-08,72.94000244140625,0.0023643970302651123,0.02042090845308961,0.3861232218389962,False,-0.0019157004124341626,0.019578531403409982,0.04604679904690688,-0.4667910095976147,False,False,
2021-07-09,74.55999755859375,0.002472834258743397,0.02044115776136587,0.9655585036397906,False,0.017189555994236994,0.020270386353688052,0.045313287194010655,-0.06798955781469485,False,False,
2021-07-12,74.0999984741211,0.0035899801001539845,0.019141695276010028,-0.5098553591712622,False,0.0006751576003087845,0.021801461099364164,0.04316441323845699,-0.4894379863881265,False,False,
2021-07-13,75.25,0.0027182457241647297,0.01803095588178679,0.7099647640784802,False,0.03209431107334715,0.022484992895036478,0.04240173402749523,0.22662559441742516,False,False,
2021-07-14,73.12999725341797,0.003496166041846589,0.017282583415711872,-1.8324204926196297,False,0.002055273904973287,0.024419530321302826,0.03933598854819361,-0.5685444103922628,False,False,
2021-07-15,71.6500015258789,0.002571803882000821,0.01709417020590823,-1.3343542502252304,False,-0.024772011223423762,0.02538987952973429,0.037825973597474485,-1.3261229251348918,False,False,
2021-07-16,71.80999755859375,0.0021729403170787087,0.017274201869489404,0.0034781187200721726,False,-0.045460662577846866,0.025840540943448315,0.03700455902884692,-1.9268221373942682,False,False,
2021-07-19,66.41999816894531,0.002421471170577337,0.01713681839416326,-4.521297209228226,True,-0.11628532553638216,0.026108885116184685,0.036400647532329855,-3.9118592746488097,True,True,shock+trend
2021-07-20,67.41999816894531,0.0017267651267913549,0.019120756945957502,0.697092768793151,False,-0.0810958750838251,0.025681220869652948,0.03787293016453556,-2.819351327969463,True,True,trend
2021-07-21,70.30000305175781,0.001411393181049442,0.018692820035262677,2.2097241024270233,True,-0.02631570604977196,0.024277720143437622,0.03982968341967291,-1.270244246235213,False,True,shock
2021-07-22,71.91000366210938,0.002588497922126748,0.01847300098303611,1.099624203023859,False,-0.014121178294781211,0.024528167567744282,0.039444743616717036,-0.9798351394568466,False,False,
2021-07-23,72.06999969482422,0.0027392665768642254,0.01859324766179906,-0.027661567957634,False,-0.033395895189142655,0.024820794463921898,0.03906874183517894,-1.4901091491163427,False,False,
2021-07-26,71.91000366210938,0.0026700509047855266,0.01858526289122551,-0.2631149057173434,False,-0.02955458646570097,0.02391152643512119,0.03962300965537445,-1.3493703119942086,False,False,
2021-07-27,71.6500015258789,0.002678374379672075,0.018582899548927334,-0.3387003484247687,False,-0.04784051128400124,0.023861804788221724,0.0396885520060158,-1.8066246423239294,False,False,
2021-07-28,72.38999938964844,0.0026928051269196787,0.01857751342336176,0.41098869995433807,False,-0.010118937393163163,0.02305088979630424,0.04052641022705822,-0.8184743480517044,False,False,
2021-07-29,73.62000274658203,0.002745098477059583,0.018593619692539753,0.7661899842609963,False,0.02749478267619554,0.023193702943639077,0.040388323926797316,0.106493147384676,False,False,
2021-07-30,73.94999694824219,0.0028644471493542473,0.01865668797818895,0.08672233316721674,False,0.0298008559031393,0.023859195657279217,0.040036295686357165,0.1484068429408861,False,False,
2021-08-02,71.26000213623047,0.002266186275468446,0.01784770909944369,-2.1650984497888524,True,0.07286967932420252,0.02368401030156356,0.03998038398898217,1.2302450380715102,False,True,shock
2021-08-03,70.55999755859375,0.0017157226861260813,0.01839341515759683,-0.6273424071872069,False,0.046573709209840386,0.023686482913839544,0.039983461007073264,0.5724173375574462,False,False,
2021-08-04,68.1500015258789,0.0016540806624633175,0.018424625731001346,-1.9435593938001554,False,-0.030583235171355305,0.023942941638358587,0.04006880207710597,-1.3608137499291102,False,False,
2021-08-05,69.08999633789062,0.0011458759150368121,0.018880193927053923,0.6698634106861803,False,-0.039215786129971564,0.022459859816937187,0.040000058312021254,-1.5418889009062597,False,False,
2021-08-06,68.27999877929688,0.0015275324791844888,0.01884213429654528,-0.7032821243601939,False,-0.05258777482414123,0.021238067740806138,0.040469331904184315,-1.8242416934319137,False,False,
2021-08-09,66.4800033569336,0.0016039719133107673,0.018775588707051167,-1.4894842682774074,False,-0.07551105588438378,0.02018443563874925,0.041351286007203586,-2.3142083539182416,True,True,trend
2021-08-10,68.29000091552734,0.0012350919739508059,0.019051310779995136,1.3642685105055021,False,-0.04689463417719508,0.01876822516702315,0.04278027801433178,-1.5348862230914109,False,False,
2021-08-11,69.25,0.0014440031682010047,0.019250898698210492,0.6552254291266938,False,-0.043376148862040886,0.01750911313988826,0.04330848281164496,-1.4058507259819795,False,False,
2021-08-12,69.08999633789062,0.0016807897521932183,0.01929592134830277,-0.20684744079709694,False,-0.06153227709437603,0.016437185693033166,0.04381108892084562,-1.779674158026024,False,False,
2021-08-13,68.44000244140625,0.0014281556680878272,0.01922135126782335,-0.5637525791401268,False,-0.07450973271428796,0.015005256869929883,0.044584578778996437,-2.0077567633405096,True,True,trend
2021-08-16,67.29000091552734,0.001107821559211944,0.019198761658346462,-0.9329186294441558,False,-0.05571149455080737,0.013861886336654743,0.04576626829409009,-1.5201890711383672,False,False,
2021-08-17,66.58999633789062,0.0006436718606982058,0.01920545448623189,-0.5751737970385069,False,-0.05626419158258045,0.0127934013028668,0.04644672203745616,-1.4868130592672812,False,False,
2021-08-18,65.45999908447266,0.0007982560947879073,0.019066920282415672,-0.9318615938426256,False,-0.03947178842519561,0.011948169945364491,0.04712308869003381,-1.0911839567391313,False,False,
2021-08-19,63.68999862670898,0.0003811615779722111,0.019109399846450596,-1.434926400186627,False,-0.078158894158461,0.01118836796212332,0.04749012264797921,-1.881386215463611,False,False,
2021-08-20,62.31999969482422,-0.00022746546741467957,0.019247471229937904,-1.1057535387983382,False,-0.08728762728507522,0.00945224897057273,0.04834843537748861,-2.0008894910525017,True,True,trend
2021-08-23,65.63999938964844,-0.0005020916663191007,0.019403697862449446,2.7714054755234847,True,-0.012635438099711682,0.007358232166511419,0.04909622951467552,-0.40723433273519966,False,True,shock
2021-08-24,67.54000091552734,0.00039512666840848236,0.02030510877370495,1.4060826732169731,False,-0.010982574168182047,0.0064778384988208055,0.04885096704844976,-0.35742204754484874,False,False,
2021-08-25,68.36000061035156,0.0007419209848642972,0.020569484716204553,0.5541717742772437,False,-0.012851976745825833,0.005739192576247992,0.04868812893992037,-0.381841934098859,False,False,
2021-08-26,67.41999816894531,0.0008996921068390111,0.02061144941549786,-0.7107922797944047,False,-0.02417134545467392,0.004919580406046961,0.048473465219199194,-0.6001412469517168,False,False,
2021-08-27,68.73999786376953,0.0006424112658051658,0.020673016257496263,0.9159933178326055,False,0.004383334477816803,0.004101585556653536,0.04843936873353095,0.005816527517383452,False,False,
2021-08-30,69.20999908447266,0.0007400620268508969,0.02074577958822625,0.2939062414673678,False,0.028533186845332237,0.0036965158291805754,0.04830633906574339,0.5141493124194269,False,False,
2021-08-31,68.5,0.0012872403739866837,0.020349151504074216,-0.5673878060530215,False,0.028683042005553494,0.004321023828794539,0.048320820275353976,0.50417228097398,False,False,
2021-09-01,68.58999633789062,0.000826630702838882,0.020212021631912772,0.02410369718187661,False,0.04781541853336835,0.004328084109120927,0.04832438811356174,0.8999045020922499,False,False,
2021-09-02,69.98999786376953,0.0006605790456659803,0.02015534565474724,0.9799178480367698,False,0.09891661756793613,0.00459760755005908,0.04851195226933314,1.9442427196957162,False,False,
2021-09-03,69.29000091552734,0.0010896613903422219,0.02022954971316563,-0.5482597005684167,False,0.1118421253985018,0.005957091424467394,0.049708795299421814,2.130106620694266,True,True,trend
2021-09-07,68.3499984741211,0.001389963031903873,0.019888111132933872,-0.7520155711101748,False,0.04128578777683578,0.007909490312774221,0.050954832109547404,0.6550173179318128,False,False,
2021-09-08,69.30000305175781,0.0014847539693134786,0.019798260447197936,0.6270430859313582,False,0.026058663197705778,0.009008053793346056,0.05077163007977891,0.33582946573839784,False,False,
2021-09-09,68.13999938964844,0.0013413078352007017,0.01966663248821851,-0.9193326153835267,False,-0.0032182741184734187,0.009626689007587558,0.050691821259109794,-0.2533932063794732,False,False,
2021-09-10,69.72000122070312,0.0006001400820715415,0.01927761049887539,1.171693039064609,False,0.03411455227267024,0.009351697167280442,0.050704988964706446,0.48837117630823573,False,False,
2021-09-13,70.44999694824219,0.0009052711759797442,0.019453154037082636,0.4917002447893315,False,0.024876333104658643,0.009645201465086805,0.05078477007446266,0.2999153411000846,False,False,
2021-09-14,70.45999908447266,0.0010166236596028237,0.01948407301632307,-0.04489044403002803,False,0.01806097408662488,0.009950655630086815,0.05080685625873843,0.15963039348932648,False,False,
2021-09-15,72.61000061035156,0.0008896339328326845,0.019457956678400706,1.5224699738705094,False,0.06000000891024171,0.00955843847191751,0.050626467968113556,0.9963478090174924,False,False,
2021-09-16,72.61000061035156,0.0014021935075819798,0.019726997105849055,-0.07107992666386256,False,0.058609192113926456,0.010164670418097781,0.050957978314568116,0.9506758960643288,False,False,
2021-09-17,71.97000122070312,0.0011207295887397794,0.01959214600079373,-0.5070875863567174,False,0.028289804505888583,0.010654389548987094,0.05124775286221455,0.3441207462172307,False,False,
2021-09-20,70.29000091552734,0.00078465978860036,0.019542784590766887,-1.2346103048467751,False,0.014432096793000726,0.010351584076570395,0.05107293754106766,0.07989579046925191,False,False,
2021-09-21,70.55999755859375,0.00047729404972467323,0.019740210380583146,0.17040787663319285,False,0.03233356450343461,0.009397127165177837,0.05030287907795343,0.45596669134409995,False,False,
2021-09-22,72.2300033569336,0.00037155485956284816,0.01970009342852285,1.1825491423893102,False,0.04227994482175501,0.008201595405809415,0.04862819772837816,0.7007940044641703,False,False,
2021-09-23,73.30000305175781,0.0007618176997321043,0.01986935271588247,0.7072181400117274,False,0.07572649997547942,0.007580468747238361,0.04787565867241156,1.423396212562405,False,False,
2021-09-24,73.9800033569336,0.0008014072104298675,0.01989467534330683,0.4260205550452253,False,0.06110157862368881,0.007782686361812253,0.04813379274457563,1.1077226460174439,False,False,
2021-09-27,75.44999694824219,0.0009422312237042573,0.019917076358856204,0.9503360887401803,False,0.07097232386927388,0.007812348213797697,0.048166378855632394,1.3112876067512493,False,False,
2021-09-28,75.29000091552734,0.0011442730944113899,0.020032409682169783,-0.16297741138573513,False,0.06854955852701794,0.007937017332443053,0.04831939443438694,1.2544143382608168,False,False,
2021-09-29,74.83000183105469,0.0009983904742858114,0.020015584055328165,-0.3551276517861501,False,0.03057431761523266,0.008041237268991858,0.04844308028801581,0.46514549058960636,False,False,
2021-09-30,75.02999877929688,0.0009225700071476902,0.020031805694685673,0.08736676136740455,False,0.03332871709961549,0.007532128134425182,0.047994932934871726,0.537485675835735,False,False,
2021-10-01,75.87999725341797,0.0007249466625942702,0.019939003873945895,0.53181367857933,False,0.0543281362567225,0.0071101984780795125,0.04762077294325863,0.9915407680363436,False,False,
2021-10-04,77.62000274658203,0.0008704509989161658,0.01997650131834206,1.1043258009738317,False,0.10428228390356242,0.0071914432864569645,0.0476970196971309,2.0355745753847536,True,True,trend
2021-10-05,78.93000030517578,0.0013813262034052427,0.020045000512460776,0.7730473875043359,False,0.11862249200946318,0.008149765336420464,0.04891695836490081,2.2583727681709207,True,True,trend
2021-10-06,77.43000030517578,0.0014937413650604177,0.020108695459251407,-1.0193561413728767,False,0.07199220139234597,0.009344537208549815,0.050502088974606715,1.2404964914480356,False,False,
2021-10-07,78.30000305175781,0.0008643976454435458,0.02000000999642812,0.5185793827158713,False,0.06821282117095495,0.009451238544584323,0.05062740234422446,1.1606675417956558,False,False,
2021-10-08,79.3499984741211,0.0011228190650679482,0.020007231989586902,0.6141321119135303,False,0.0725871164303511,0.00978781979556146,0.05093621842893044,1.2329006465686367,False,False,
2021-10-11,80.5199966430664,0.001297967019837567,0.020057135078853,0.6704253447688013,False,0.06719681775868303,0.01016102198310779,0.05129597577826877,1.1118961070575464,False,False,
2021-10-12,80.63999938964844,0.0014544251869015742,0.020116354018616014,0.0017857088555063379,False,0.07105855238497871,0.010486011260526607,0.051582116143495074,1.1742934500001276,False,False,
2021-10-13,80.44000244140625,0.0013378708397385071,0.020090117133678885,-0.1900432794415899,False,0.0749699381675466,0.010843038989974074,0.05191081588052177,1.2353282854418501,False,False,
2021-10-14,81.30999755859375,0.0015100691543318456,0.019999902714617608,0.465271487477314,False,0.08369983848420004,0.011460770880486125,0.05239882579052454,1.37863905371668,False,False,
2021-10-15,82.27999877929688,0.0016414740889209496,0.020028596005346344,0.5136752086273794,False,0.08434372374190646,0.012417774351345947,0.05305870187062758,1.3555919548491167,False,False,
2021-10-18,82.44000244140625,0.0017110144707274861,0.020055482835957598,0.011648163876803605,False,0.062097391448964645,0.013298421152190596,0.053701797363362114,0.9087027379472218,False,False,
2021-10-19,82.95999908447266,0.0014175376629358889,0.019885904255015494,0.24590478909939278,False,0.05105788374148301,0.013339974512011696,0.05373881619086848,0.7018745834576181,False,False,
2021-10-20,83.87000274658203,0.0015140450298489997,0.019891917652726843,0.47532576569079427,False,0.08317192840015752,0.013365618005179295,0.05375658371249089,1.2985629958988265,False,False,
2021-10-21,82.5,0.0019778457837097965,0.01969792225245316,-0.9296758117573934,False,0.053639805677477614,0.014527070651946448,0.054315814282532765,0.7200984748581648,False,False,
2021-10-22,83.76000213623047,0.0019726699773629456,0.019702746130393405,0.6750370278866976,False,0.05557660676638365,0.015399216804311857,0.05441290211390913,0.7383798400968136,False,False,
2021-10-25,83.76000213623047,0.0020396482329813267,0.019739766057797762,-0.10332686957936912,False,0.04023851997320049,0.016165780900029427,0.05457041998775524,0.44113164382045467,False,False,
2021-10-26,84.6500015258789,0.0017435153268550237,0.01959917958911624,0.4531860131440908,False,0.04972720940701336,0.01647310041974894,0.05464111903802716,0.6085912875269158,False,False,
2021-10-27,82.66000366210938,0.0019674500629308185,0.019603493336000512,-1.2995637381852272,False,0.027598224183548625,0.01712712777717167,0.05474293971794784,0.19127756858377,False,False,
2021-10-28,82.80999755859375,0.001447075021848443,0.019756295834205722,0.018602350097329044,False,0.01844791593947681,0.017067179951974355,0.05472878794031131,0.025228696623216352,False,False,
2021-10-29,83.56999969482422,0.001846906788889706,0.019449810384419203,0.3769062363502535,False,0.015678183454858496,0.017285748512434404,0.054700751411569444,-0.029388354201582333,False,False,
2021-11-01,84.05000305175781,0.0022391139409554867,0.019294413342334137,0.18163880462443416,False,0.019529361507429233,0.017825084441478165,0.05447943525193601,0.03128294296865906,False,False,
2021-11-02,83.91000366210938,0.0022859233552809735,0.019298656489419877,-0.2047599131337767,False,0.011451357137424623,0.018691618095948513,0.053973737204513636,-0.13414414738578473,False,False,
2021-11-03,80.86000061035156,0.0032645034904664762,0.017053949160971933,-2.3228054978301693,True,-0.035888899936314056,0.020394773864932603,0.05162105287276091,-1.0903240183802234,False,True,shock
2021-11-04,78.80999755859375,0.002579114025026142,0.017597941144635514,-1.5872091166305105,False,-0.04472730232007571,0.020997533533566086,0.05067523790906716,-1.2969812982739222,False,False,
2021-11-05,81.2699966430664,0.0016715158017065867,0.017251789118325703,1.7124476916681564,False,-0.02972785852027826,0.020752045583295367,0.050951380127647376,-0.9907465504782683,False,False,
2021-11-08,81.93000030517578,0.001782348406359553,0.01741594501397203,0.36396387755869386,False,-0.021848158839326448,0.020543956513622074,0.05112729523382501,-0.8291484061316542,False,False,
2021-11-09,84.1500015258789,0.0018609640742512804,0.017431270849859327,1.4477058306593207,False,-0.005906674435760539,0.020697926331619623,0.05097983562235509,-0.5218651736043225,False,False,
2021-11-10,81.33999633789062,0.0022518484116908245,0.01766564479119993,-2.0177390023953823,True,-0.015969117659546228,0.021013231825352162,0.050737381974062475,-0.7288974725539482,False,True,shock
2021-11-11,81.58999633789062,0.0018548197195083708,0.0181278649989548,0.06722793792819981,False,-0.01473253540238173,0.021438183740344896,0.050284350261794585,-0.7193235858554721,False,False,
2021-11-12,80.79000091552734,0.0017580939259784708,0.018101378087791487,-0.6388000616022642,False,-0.03326551142094891,0.02137666910022198,0.05032628140952718,-1.085758355093303,False,False,
2021-11-15,80.87999725341797,0.0014008084437354019,0.01806104984770648,-0.015882494660588397,False,-0.037715713066515444,0.02056653184559339,0.050714019709668746,-1.1492333923788176,False,False,
2021-11-16,80.76000213623047,0.0013558958471483222,0.018057471089947808,-0.15724876631584433,False,-0.0375402382123996,0.019666310925997993,0.05114529387635791,-1.1185105178336168,False,False,
2021-11-17,78.36000061035156,0.001821125738128182,0.017513505157657778,-1.8008288793664566,False,-0.030917635185869097,0.01819417869217663,0.05118219881615787,-0.959548730105387,False,False,
2021-11-18,79.01000213623047,0.0015558663584817694,0.017839873648722967,0.3777606095430817,False,0.002537807179704865,0.017160960766900504,0.051383323651679746,-0.28458948444682014,False,False,
2021-11-19,76.0999984741211,0.002121870913901387,0.01735847211793472,-2.244016461656176,True,-0.06361509022390732,0.01760257466491464,0.05110903843545009,-1.5891057115347336,False,True,shock
2021-11-22,76.75,0.0014468862034830731,0.01787507377494065,0.3968949729746717,False,-0.06322470750495701,0.01727725061032883,0.05155133196315309,-1.5615883246785078,False,False,
2021-11-23,78.5,0.0017170890952521178,0.017826392876114122,1.1827526736827993,False,-0.06714202523384794,0.017135424841251284,0.05176034719656251,-1.6282242032699548,False,False,
2021-11-24,78.38999938964844,0.002372599428919918,0.017683258344839203,-0.21341548123402002,False,-0.036267483170121406,0.017247011916591764,0.051566575496712765,-1.0377748487510983,False,False,
2021-11-26,68.1500015258789,0.0019908997353801625,0.017446922655122536,-7.601327917306177,True,-0.16472601317877678,0.017388707263352746,0.0514022834476519,-3.542930551472391,True,True,shock+trend
2021-11-29,69.94999694824219,6.17455748082311e-05,0.023158827152923604,1.1378172237230255,False,-0.13417506924674105,0.01577070907246294,0.05511651918333944,-2.7205233665142163,True,True,trend
2021-11-30,66.18000030517578,0.0004447159773036239,0.023355720473196236,-2.326638141743795,True,-0.18175071027986422,0.014802138510431403,0.05709606602686769,-3.442493720982524,True,True,shock+trend
2021-12-01,65.56999969482422,-0.00014845286829417919,0.02416039930266035,-0.37535979382521906,False,-0.18808818771181934,0.01337225880955705,0.06059838619005451,-3.324518344259807,True,True,trend
2021-12-02,66.5,-4.7309328496287034e-05,0.024105551361389727,0.5903465710451917,False,-0.15135273759536982,0.011607236234076893,0.06444359202585574,-2.5287226969605405,True,True,trend
2021-12-03,66.26000213623047,0.0002805056392484051,0.02412998520422136,-0.16118932684602277,False,-0.1613719738675139,0.010339388953906367,0.06669303719265764,-2.5746520184017694,True,True,trend
2021-12-06,69.48999786376953,0.00045864542853680135,0.024050100884018755,2.0078355447112872,True,-0.08685940529419833,0.008714053148008789,0.06935558976406378,-1.3780209896178834,False,True,shock
2021-12-07,72.05000305175781,0.0014691349430805884,0.024467632295995394,1.4456149041763415,False,-0.061237745253969855,0.008598046332865624,0.0695099649864472,-1.0046874804274726,False,False,
2021-12-08,72.36000061035156,0.002247139393119464,0.024654051498262507,0.08336942920899747,False,-0.078216552734375,0.008945378093280363,0.06908816680360035,-1.2616043363175928,False,False,
2021-12-09,70.94000244140625,0.0015941942032413599,0.023922005765215307,-0.8869770643325255,False,-0.09503759416058843,0.008070963231484853,0.06977657975451587,-1.477695779225983,False,False,
2021-12-10,71.66999816894531,0.0009465960094248797,0.02382879990752859,0.3921191872098216,False,0.05165071994502801,0.0069502296315861,0.07075492477564424,0.6317650743772543,False,False,
2021-12-13,71.29000091552734,0.0009219210338960589,0.023818007115100764,-0.2613132908110442,False,0.01915659793776192,0.007810265587464151,0.07090283853759835,0.16002648954993584,False,False,
2021-12-14,70.7300033569336,0.0010345707169248318,0.02376759957778903,-0.37402916961823096,False,0.06875193458410989,0.008387971499363297,0.07081519639010071,0.8524153876834393,False,False,
2021-12-15,70.87000274658203,0.0006687845724702883,0.02368932271027744,0.05532301799998548,False,0.08082969462292322,0.009246219500780537,0.0711552487705294,1.0060181976595188,False,False,
2021-12-16,72.37999725341797,0.0006040108827001752,0.023678867348997285,0.8743040039379225,False,0.08842101132959357,0.009943506271148417,0.07160164564584574,1.0960293489148087,False,False,
2021-12-17,70.86000061035156,0.0010248796756014281,0.023763554114451167,-0.9268441204770828,False,0.06942345798093252,0.010740012528802285,0.07214314278014872,0.8134306767167604,False,False,
2021-12-20,68.2300033569336,0.0007273590637520325,0.02389918703342151,-1.5834328935142379,False,-0.018132026846598426,0.011028119721436474,0.07233609443711429,-0.403120278955417,False,False,
2021-12-21,71.12000274658203,-3.966176023889674e-05,0.024180392619324916,1.7533373412277369,False,-0.01290770667292973,0.009467471129242679,0.0716739082925513,-0.3121802387396495,False,False,
2021-12-22,72.76000213623047,0.0006584463600651421,0.024640339530461856,0.9091255291962622,False,0.005527937016375439,0.007804140034956926,0.07070701005854191,-0.03219204173245203,False,False,
2021-12-23,73.79000091552734,0.0011467905506691938,0.024717433907140558,0.5263217066577345,False,0.04017477270986958,0.007327368691484121,0.07059866836382073,0.4652694559210492,False,False,
2021-12-27,75.56999969482422,0.0011502171673715663,0.024719243419960988,0.9293276264689717,False,0.05441609635158029,0.007515583484979638,0.07066806303275847,0.6636733887111032,False,False,
2021-12-28,75.9800033569336,0.0016950353250906665,0.024769880820772867,0.15060413720491161,False,0.06578766139957715,0.008284041757913687,0.07086285885585605,0.8114775577800641,False,False,
2021-12-29,76.55999755859375,0.0014582073216422532,0.02464621504736012,0.25055789708320464,False,0.08242604163666623,0.00870634987960578,0.07111281366782594,1.0366583454482825,False,False,
2021-12-30,76.98999786376953,0.0014203822464026717,0.02463437101133461,0.170336471904427,False,0.08635522618887803,0.009473679326699215,0.07159848186740755,1.073787388461042,False,False,
2021-12-31,75.20999908447266,0.0014933761013582918,0.024638642191432473,-0.9989692774350895,False,0.03909922545515232,0.010384269354729256,0.07214139601212458,0.3980371560261605,False,False,
2022-01-03,76.08000183105469,0.0007782606451693634,0.02456318721302347,0.4392502736302616,False,0.07366640101242905,0.010105592241994732,0.07198734854097322,0.8829441569758227,False,False,
2022-01-04,76.98999786376953,0.0009324959431656469,0.024594531727129963,0.44841452282119426,False,0.12838918475512195,0.0103063550273081,0.07214526938292956,1.6367369716378615,False,False,
2022-01-05,77.8499984741211,0.0012094992176982934,0.024600266191405634,0.4049058167582601,False,0.09462873267201188,0.01164101343063121,0.0733974835641971,1.1306616414007638,False,False,
2022-01-06,79.45999908447266,0.0016696772649644428,0.024457164950407517,0.777323431492186,False,0.09208351775055768,0.012710301909018026,0.07402022386017644,1.0723179653100614,False,False,
2022-01-07,78.9000015258789,0.0018942055751486199,0.024554474037896373,-0.3641595426778802,False,0.06925058337106327,0.013506967952313,0.07455389454383343,0.7476955531273581,False,False,
2022-01-10,78.2300033569336,0.0014846665896867605,0.02444229969414835,-0.4081614687126656,False,0.03519920170505908,0.013866576466303779,0.07475931866104382,0.28535071775435367,False,False,
2022-01-11,81.22000122070312,0.001173926286714928,0.024418686456307112,1.517144515686359,False,0.06896548607866504,0.013326212489364839,0.07445198480319894,0.7473175327208951,False,False,
2022-01-12,82.63999938964844,0.0015598416824687419,0.02477459843145858,0.6427355031664033,False,0.07941486448456936,0.013431064588764521,0.0745256779304158,0.8853834239175059,False,False,
2022-01-13,82.12000274658203,0.0015280177891532575,0.024752283232370522,-0.31594376618802106,False,0.06663209540400072,0.013543631796968464,0.07462008176821097,0.7114500862105537,False,False,
2022-01-14,83.81999969482422,0.0014723943942515601,0.024765277096230325,0.7764492294373864,False,0.11447946702779732,0.013518065621994898,0.07460130719450314,1.3533462777344145,False,False,
2022-01-18,85.43000030517578,0.0018298753489560152,0.024847720925094387,0.6993783594679838,False,0.12289692756427573,0.014636800947495759,0.07548444387678235,1.434204467260821,False,False,
2022-01-19,86.95999908447266,0.0020503440109697927,0.024928525131871028,0.6361804824232978,False,0.12949735676502572,0.01583104375369123,0.07648605197710427,1.4861051142417436,False,False,
2022-01-20,86.9000015258789,0.0021380853909092573,0.024973164899739317,-0.11324274418488718,False,0.11624923865305159,0.016833300027135276,0.07748332520185172,1.2830623668631667,False,False,
2022-01-21,85.13999938964844,0.0018231392422256843,0.024856065615197175,-0.8881666297458212,False,0.07148251158595498,0.016992859423795127,0.07767791742210614,0.7014818879097909,False,False,
2022-01-24,83.30999755859375,0.0013280692386783363,0.024921860981373292,-0.9157462511456296,False,0.055893484758278156,0.016364326351481686,0.07703250158292795,0.5131490941423221,False,False,
2022-01-25,85.5999984741211,0.0012948712296081708,0.0249509526127728,1.049773029786179,False,0.09420931613106331,0.016149676796360785,0.07689771237851256,1.0151100327987734,False,False,
2022-01-26,87.3499984741211,0.0015115608011584047,0.025108526594077286,0.7540213371731419,False,0.07547398622613444,0.016496296729162228,0.07719358168050043,0.7640232285253624,False,False,
2022-01-27,86.61000061035156,0.0016053477731276721,0.025166640341238937,-0.4004105848513195,False,0.04803970534879287,0.01653478832643934,0.07722264289321505,0.4079751202755276,False,False,
2022-01-28,86.81999969482422,0.0012957955047969705,0.025145613377748104,0.04489276796123102,False,0.05723327802053446,0.01627936016097414,0.07708436339184076,0.5312869699835286,False,False,
2022-01-31,88.1500015258789,0.0013082528988368894,0.02514594249295005,0.557180116001124,False,0.05165833747100401,0.016095023169448216,0.07696803889705431,0.46205301331793264,False,False,
2022-02-01,88.19999694824219,0.001545575471619928,0.025193652807641014,-0.038835672004948814,False,0.03242416754268218,0.015784201826827646,0.07677389537587745,0.21673989100575003,False,False,
2022-02-02,88.26000213623047,0.0014089315968840916,0.02517047733768507,-0.028946635933725224,False,0.014949437275119992,0.015100526214274072,0.07638826795962471,-0.00197790764458671,False,False,
2022-02-03,90.2699966430664,0.001258940445319176,0.025140436485365663,0.8557775105860427,False,0.038780150264829505,0.01417526906138359,0.07595727715635829,0.32393053206471173,False,False,
2022-02-04,92.30999755859376,0.0015366595996442797,0.025262860941302825,0.8337227318905138,False,0.08421421447434341,0.013864372512261785,0.0758060478259847,0.9280241350079617,False,False,
2022-02-07,91.31999969482422,0.0017538769901000294,0.025374230209169228,-0.49178185547563147,False,0.09614694959745806,0.01430645692203326,0.07612190567334626,1.0751240651622425,False,False,
2022-02-08,89.36000061035156,0.001464625056198421,0.025391404571308566,-0.9029670783065501,False,0.0439252593838213,0.014479457204663931,0.07629507645235334,0.38594629625342103,False,False,
2022-02-09,89.66000366210938,0.0013962498392999937,0.02544682771847951,0.0770623008367322,False,0.02644539471483398,0.014349929920748513,0.07623591825655399,0.15865834728167155,False,False,
2022-02-10,89.87999725341797,0.0012373763428446885,0.02539616701008418,0.04789171962558952,False,0.03775541646486924,0.013961513760061184,0.07609711731855834,0.31267810849130906,False,False,
2022-02-11,93.0999984741211,0.0012700915755494392,0.025396131872695512,1.3606587194165511,False,0.07233354988909602,0.013928405713283437,0.07608606969227229,0.7676194132780199,False,False,
2022-02-14,95.45999908447266,0.0016060911817073528,0.025686621796950405,0.9243334129545954,False,0.08292680013678377,0.014229823586377872,0.07627434947106346,0.9006563415721793,False,False,
2022-02-15,92.06999969482422,0.002257526288278654,0.02566060864472464,-1.4718971479004894,False,0.04387758367897732,0.014967537932421008,0.07667192273222138,0.37706170285471213,False,False,
2022-02-16,93.66000366210938,0.0017598351023737887,0.026028655846504583,0.59586929953595,False,0.06118288460433008,0.01530660016894768,0.07674371634614519,0.5977855467470693,False,False,
2022-02-17,91.76000213623048,0.0018677264411855962,0.02607654567743699,-0.8495712421458159,False,0.01650609890964838,0.0159133295176073,0.07692635459017527,0.007705673760300429,False,False,
2022-02-18,91.06999969482422,0.00152066130815555,0.026197203905233002,-0.34508660400603064,False,-0.013432974721751645,0.015873019349636888,0.07692522624930037,-0.38096727822955306,False,False,
2022-02-22,92.3499984741211,0.0014426083088107022,0.026215540039155456,0.4811077989899817,False,0.011279005505244744,0.015541228258181205,0.07699818582204822,-0.05535484644777157,False,False,
2022-02-23,92.0999984741211,0.0021146564749005402,0.02587753625744307,-0.18632952744134396,False,0.03066246469398659,0.016170133664068657,0.07676471336894371,0.1887889681847105,False,False,
2022-02-24,92.80999755859376,0.002416595221118826,0.025684109204165126,0.20605763927772916,False,0.03513265411359323,0.017175330557589484,0.07644946383839901,0.2348914257131016,False,False,
2022-02-25,91.58999633789062,0.002103191219467509,0.02547048409451055,-0.5986670643512211,False,0.019025357551483824,0.018040137392707774,0.07627838267288924,0.012916112327670202,False,False,
2022-02-28,95.72000122070312,0.0018196409260542905,0.025520907631166788,1.6955773593228347,False,0.028141812991654414,0.01858511761125191,0.07613542364625055,0.12552232486163023,False,False,
2022-03-01,103.41000366210938,0.0020595875603934316,0.025844319147500946,3.02886385702405,True,0.08328100412615491,0.019039097443617443,0.07608890847919246,0.8443005421756745,False,True,shock
2022-03-02,110.5999984741211,0.003576005211348495,0.027044754380991572,2.438661498394694,True,0.20125989834600322,0.020362432400760126,0.07633449981751754,2.369799584430237,True,True,shock+trend
2022-03-03,107.66999816894533,0.004462078381366961,0.02809627468346958,-1.1017099036320608,False,0.1495835357574704,0.02324233151740526,0.07901974896993173,1.598856056707292,False,False,
2022-03-04,115.68000030517578,0.004239587738953767,0.028276274728342293,2.4810345652391463,True,0.2606800088499641,0.025680318813117515,0.08006653599142421,2.93505504049803,True,True,shock+trend
2022-03-07,119.4000015258789,0.0052166550562898276,0.02941014798644119,0.9160454334420879,False,0.3110794106290611,0.029658928438670577,0.08418181025093248,3.3430082027402497,True,True,trend
2022-03-08,123.6999969482422,0.005665205803231898,0.029562722880346958,1.02656835284449,False,0.33946939894001416,0.03430719042322339,0.08985483754548383,3.396168941514362,True,True,trend
2022-03-09,108.6999969482422,0.006541619958762873,0.029473784071545536,-4.336149652259897,True,0.180238857211116,0.039245684211568495,0.0961775200604131,1.465968065208833,False,True,shock
2022-03-10,106.0199966430664,0.004814204138815573,0.03296000035063863,-0.8940904467371602,False,0.14233379411666047,0.041615031545320647,0.09744153535374661,1.0336327543043708,False,False,
2022-03-11,109.33000183105467,0.0049765482583995725,0.03278160944015665,0.8005716174936033,False,0.19368933510727793,0.044361016669861544,0.09733783923882615,1.5341240323922485,False,False,
2022-03-14,103.01000213623048,0.005278937074741452,0.032919248582067684,-1.9163734434689048,False,0.07615964085414806,0.04778653723802468,0.09801879717910783,0.2894659436013866,False,False,
2022-03-15,96.44000244140624,0.004204164546495044,0.03364725877874047,-2.020502657329206,True,-0.06740161467818451,0.049697226119197954,0.09714097543799939,-1.2054525937113043,False,True,shock
2022-03-16,95.04000091552734,0.00337244548559819,0.03454663638014432,-0.5178292541256391,False,-0.14068714080710032,0.04928210436575712,0.09757883831888255,-1.9468283128361075,False,False,
2022-03-17,102.9800033569336,0.0049206063796035605,0.030866034940466875,2.5472396988866923,True,-0.04355897549707999,0.04960262266404614,0.0969035276548878,-0.9613850023387365,False,True,shock
2022-03-18,104.6999969482422,0.005682360218757632,0.032084535939034854,0.3434629477333386,False,-0.09491704121686717,0.05081083724737496,0.09512986084232188,-1.5318836501378539,False,False,
2022-03-21,112.12000274658205,0.006623664266925311,0.03133997134179523,2.049955388626194,True,-0.06097151328527395,0.05196861950154824,0.09276010166155604,-1.2175507655100992,False,True,shock
2022-03-22,111.76000213623048,0.00769148430382804,0.03214691303574671,-0.3391409675771518,False,-0.09652380846062247,0.05366350849390218,0.08941559906169727,-1.6796545404890095,False,False,
2022-03-23,114.93000030517578,0.007459562021846873,0.03216218616395701,0.6499798592314222,False,0.05731373994334166,0.05439456088236548,0.087928528908539,0.033199452978596194,False,False,
2022-03-24,112.33999633789062,0.007885873031045472,0.03222533129521205,-0.9440202049874242,False,0.0596113930856037,0.05731037039984355,0.08422470080556363,0.02732004582684313,False,False,
2022-03-25,113.9000015258789,0.006935435915560002,0.03205463668684696,0.21684934452948476,False,0.04180005138832943,0.059263314378240915,0.08251744597898757,-0.21163116214670982,False,False,
2022-03-28,105.95999908447266,0.006629389969028744,0.03187432982143098,-2.395020791528358,True,0.028637966091300537,0.0606371516668049,0.08133335150335468,-0.3934325216413162,False,True,shock
2022-03-29,104.23999786376952,0.0056425522855147485,0.033070622415573334,-0.661466368931538,False,0.08087925368005155,0.06206187858448058,0.07978940177905237,0.23583802705626022,False,False,
2022-03-30,107.81999969482422,0.005687772605532276,0.03303790887090984,0.8673692916027029,False,0.13446968283024208,0.06440743655568912,0.0776662145395764,0.9020942592592989,False,False,
2022-03-31,100.27999877929688,0.006008486132966643,0.03319954527907401,-2.287376567272689,True,-0.0262187268364944,0.06551168939415865,0.0780700964178002,-1.174975060101735,False,True,shock
2022-04-01,99.2699966430664,0.005146761666345522,0.03431703690586479,-0.4434701660360881,False,-0.051862468609813694,0.0649066850638352,0.07860814371681044,-1.4854587343305716,False,False,
2022-04-04,103.27999877929688,0.0051172067920629795,0.03432933821789334,1.0276253655901721,False,-0.07884412906469229,0.06329849302124958,0.07975384912501775,-1.782266607134245,False,False,
2022-04-05,101.95999908447266,0.005629414207123191,0.03456764800766227,-0.5325847302214263,False,-0.0876879282787778,0.0611695087054147,0.08139387853306865,-1.8288529760099197,False,False,
2022-04-06,96.2300033569336,0.005174916517842254,0.034582826550163,-1.7746780833382128,False,-0.16270770815790248,0.05882138951063642,0.08311906663280968,-2.6652019403342826,True,True,trend
2022-04-07,96.02999877929688,0.004705606690060891,0.03517657296190252,-0.19285585717311124,False,-0.14518424506208238,0.05572630729545195,0.0869524517332552,-2.310579498941207,True,True,trend
2022-04-08,98.26000213623048,0.005172766668358187,0.03484475481359263,0.5179883887939778,False,-0.1373134256376186,0.054032277719245486,0.08960790732862724,-2.135366275825688,True,True,trend
2022-04-11,94.29000091552734,0.004917636288723536,0.03463825758331629,-1.3083989614824325,False,-0.11013588401073726,0.05237353479971631,0.09198373546797955,-1.7667190616217658,False,False,
2022-04-12,100.5999984741211,0.004071467861575265,0.03496271929012097,1.7976206491857012,False,-0.03491941159098555,0.050831350519354807,0.09373272727017985,-0.9148433488248786,False,False,
2022-04-13,104.25,0.004775002014379329,0.03569166990659593,0.8827639600276753,False,-0.033110737385724454,0.049830094728676735,0.09424776361361743,-0.88002971035397,False,False,
2022-04-14,106.9499969482422,0.004937133066354981,0.03580817258481709,0.5854003911000077,False,0.06651374401813781,0.04866307027884601,0.09473087300935036,0.18843565114753938,False,False,
2022-04-18,108.20999908447266,0.005210116658985805,0.03588989345792898,0.1830908144126991,False,0.09005744679886285,0.048672751380426815,0.09473268380489772,0.4368576267053508,False,False,
2022-04-19,102.55999755859376,0.005265419530271323,0.03589687307434074,-1.6012181041291458,False,-0.006971351948228732,0.0487745034492561,0.09477351766081225,-0.5882007629704674,False,False,
2022-04-20,102.75,0.004494355295470692,0.03650516745611716,-0.0723666682783662,False,0.007748145572979537,0.047530149074094676,0.09488603494363708,-0.41926089044342413,False,False,
2022-04-21,103.79000091552734,0.004827321541301711,0.03636350542843599,0.14559492567557616,False,0.0785617509598584,0.04711213467566571,0.09499267642814992,0.33107411504486234,False,False,
2022-04-22,102.06999969482422,0.004808041755458204,0.03636026662458771,-0.5880038688595061,False,0.06289702168391065,0.047177406008298096,0.09501284865647015,0.1654472621113448,False,False,
2022-04-25,98.54000091552734,0.004427602064202739,0.036433610141030685,-1.0707612833854772,False,0.0028495702545239254,0.046304177167348616,0.09455623437580614,-0.4595636363871879,False,False,
2022-04-26,101.6999969482422,0.00381754356845376,0.03670126371665808,0.7697449261593193,False,0.078587294100817,0.04508045500178211,0.09451626172054989,0.3545087214526363,False,False,
2022-04-27,102.0199966430664,0.003969374907776438,0.03679540266568924,-0.022363350127724554,False,0.014115290163852157,0.044900505353118896,0.09443837885887034,-0.32598203782460594,False,False,
2022-04-28,105.36000061035156,0.004105295533057246,0.03677297806179925,0.7786539092335545,False,0.010647487869079653,0.04416536811035609,0.09446086125564554,-0.35483352359624193,False,False,
2022-04-29,104.69000244140624,0.0046550349598202985,0.03689011502378894,-0.2985668957451791,False,-0.02113131903995913,0.043838011925876365,0.094534866860901,-0.6872525780507168,False,False,
2022-05-02,105.16999816894533,0.004060638497277885,0.03670063883265134,0.01428546578601333,False,-0.028093530553994328,0.042636721190961374,0.09478336818338362,-0.7462306214747426,False,False,
2022-05-03,102.41000366210938,0.003888659411232401,0.036667095712708674,-0.8217676449558745,False,-0.0014624990254966663,0.04120327592378053,0.09503226043407696,-0.4489609607768308,False,False,
2022-05-04,107.80999755859376,0.0036226479221265697,0.036814029569485804,1.3339076658902582,False,0.04924571833181268,0.040295347998053885,0.09511128455127653,0.09410418938179162,False,False,
2022-05-05,108.26000213623048,0.004049685114989921,0.0371985678279244,0.0033433349489248665,False,0.04306774430362692,0.03942556468210743,0.09472118856056899,0.038451582764826873,False,False,
2022-05-06,109.7699966430664,0.003849234698200483,0.037156263823503344,0.27178775374393754,False,0.07543839493743665,0.038361175571965445,0.09421772451527213,0.39352700944779456,False,False,
2022-05-09,103.08999633789062,0.0037964142585317205,0.037138817867502276,-1.7407913497443268,False,0.04617409559660679,0.03764038941426425,0.09371653947538611,0.09105869924469254,False,False,
2022-05-10,99.76000213623048,0.0029942199346433556,0.03787942190427639,-0.9317997797443269,False,-0.019075662440767194,0.036706054173511665,0.09327049027532629,-0.5980639369388553,False,False,
2022-05-11,105.70999908447266,0.002833571557728171,0.038004689842826865,1.4948034138298534,False,0.036169403674029876,0.035498611853155365,0.09340027898746477,0.007181903824554293,False,False,
2022-05-12,106.12999725341795,0.003915400133767069,0.03845497409224804,0.0015008884153576137,False,0.0073082444818317605,0.03523562410536539,0.09336984063928983,-0.29910492973232994,False,False,
2022-05-13,110.48999786376952,0.003601872245886068,0.038355920212646305,0.9771588486126742,False,0.05540161703224222,0.0340769431500423,0.0931670948755913,0.228886324197136,False,False,
2022-05-16,114.1999969482422,0.0038770425589565102,0.03855190837149769,0.770406716504852,False,0.08586097686139604,0.0338093115607904,0.09307535558947404,0.5592421857638565,False,False,
2022-05-17,112.4000015258789,0.004437700333717692,0.03867545778317501,-0.5222816533886253,False,0.09754904312600599,0.034313595180958445,0.09325578118775234,0.6780860890300763,False,False,
2022-05-18,109.58999633789062,0.004195214555127718,0.038745199062466394,-0.7535194315339817,False,0.016510516831516053,0.03485113871569807,0.0935055390888452,-0.19614476385998367,False,False,
2022-05-19,112.20999908447266,0.003657626316846261,0.03886828785677579,0.5209823090282714,False,0.03648620792812873,0.03438250110717156,0.0935082433909381,0.022497554703942227,False,False,
2022-05-20,113.2300033569336,0.003968828365351181,0.03893658683115504,0.1315294719660301,False,0.031520513980864084,0.034436661645644184,0.09350827016337834,-0.03118598664786532,False,False,
2022-05-23,110.29000091552734,0.0040809591135951865,0.03893909786539251,-0.7716108450649473,False,0.06984193261621408,0.03465760933505411,0.09348117589412164,0.37637869811362157,False,False,
2022-05-24,109.7699966430664,0.003431113357699201,0.03902951299286834,-0.20871371738444966,False,0.10034076075065079,0.03507176643307256,0.09356845413255359,0.6975534107372879,False,False,
2022-05-25,110.33000183105467,0.003066929858689275,0.03897563690532366,0.0522042420297668,False,0.043704500866471374,0.03528678705009,0.09370134477443201,0.08983557105445393,False,False,
2022-05-26,114.08999633789062,0.0032779476248811436,0.038942787414392804,0.7909444472160112,False,0.07500234891616664,0.03458755440034351,0.09343634471226152,0.43253826592083666,False,False,
2022-05-27,115.06999969482422,0.004018514377322002,0.0389940228090113,0.11722886921689886,False,0.041451732460902946,0.03500191559410811,0.09354715704272436,0.06894722480822275,False,False,
2022-05-31,114.66999816894533,0.004088281025924114,0.03899750443518774,-0.19397239285914092,False,0.004115597489167566,0.03520200009738903,0.09354465672043498,-0.3323161760176794,False,False,
2022-06-01,115.26000213623048,0.0040092170168873065,0.03900687325519464,0.0291235065859863,False,0.025444844942400513,0.034753469177713006,0.09361287183834725,-0.09943743902427038,False,False,
2022-06-02,116.87000274658205,0.003600146004879954,0.03882917131944307,0.26702290843295756,False,0.06642947944122124,0.034128286445090396,0.09351502533363157,0.3454117975254839,False,False,
2022-06-03,118.87000274658205,0.003448403742054391,0.03876521390682717,0.35249715020677413,False,0.059353031961934866,0.03390832216914957,0.09341804332504616,0.272374681454748,False,False,
2022-06-06,118.5,0.004150074162863047,0.03852601047535593,-0.18851526986673472,False,0.04654240472336513,0.034114661479589005,0.09345744330474376,0.13297756502124758,False,False,
2022-06-07,119.41000366210938,0.0038783117744859786,0.0385040970799831,0.09871791087607286,False,0.08269111135076668,0.033919455081176136,0.09341542183100994,0.5220942678803001,False,False,
2022-06-08,122.11000061035156,0.00425118527660942,0.03840220031641473,0.47809656518026566,False,0.11241691122038144,0.03480192191372438,0.09356120124902495,0.8295638391823867,False,False,
2022-06-09,121.51000213623048,0.004652929118812175,0.038434988296741385,-0.24890131392818624,False,0.10133236762105224,0.03647992039295282,0.0938126356852861,0.6912975715303467,False,False,
2022-06-10,120.66999816894533,0.004400013131539591,0.038434692923592965,-0.29434492834770754,False,0.05767378422528191,0.03768063188783026,0.0940616970574006,0.21255360006157392,False,False,
2022-06-13,120.93000030517578,0.004343933782528572,0.038448268918193106,-0.05694091037402539,False,0.05092552903356906,0.038040782814914194,0.09408617057117748,0.13694622855233948,False,False,
2022-06-14,118.93000030517578,0.004269875812093116,0.03844704892259105,-0.5412214902503663,False,0.03715010206901814,0.038251354480513866,0.09409724616156008,-0.01170334368345839,False,False,
2022-06-15,115.30999755859376,0.004224631217686146,0.03846980983002848,-0.9010371302270629,False,0.00043376211553591837,0.038493017740747655,0.09407047258522147,-0.40458237935110436,False,False,
2022-06-16,117.58999633789062,0.003217559085329165,0.03837401577755742,0.4314173748423034,False,0.006160636385624141,0.03812357706239942,0.09416603401066184,-0.33943173897667084,False,False,
2022-06-17,109.55999755859376,0.0024100159453103176,0.03735283571550987,-1.8927111175046631,False,-0.0783208965497898,0.037095305492525675,0.09408729707263026,-1.2266927165866022,False,False,
2022-06-21,110.6500015258789,0.0005724543728093264,0.03739622754467173,0.25073300518541775,False,-0.06624471286178135,0.033367561560581765,0.09302772918107961,-1.0707804576038464,False,False,
2022-06-22,106.19000244140624,0.00105833155387947,0.03727637733818892,-1.109700053219013,False,-0.11071100255646382,0.030489851578991735,0.09272183646124817,-1.5228435881386855,False,False,
2022-06-23,104.2699966430664,-0.0004710187004977288,0.03657326382109924,-0.48149473730304754,False,-0.14609781244872766,0.02553797142690603,0.09014359203780122,-1.9040264537456992,False,False,
2022-06-24,107.62000274658205,-0.0011408658947974389,0.0364273601602425,0.9132985265641271,False,-0.11431157226115196,0.019442275119202185,0.08593305746410994,-1.5564888685150837,False,False,
2022-06-27,109.56999969482422,-0.0011926682023965718,0.036376537239034695,0.5308902256134157,False,-0.09198639796596697,0.013391862169853302,0.07877263350964543,-1.3377521537719959,False,False,
2022-06-28,111.76000213623048,0.0006657371103143875,0.03361510588619715,0.5747864686914377,False,-0.07582897664602772,0.00976219210082553,0.07723761394252256,-1.108153972888742,False,False,
2022-06-29,109.77999877929688,0.001260967275867378,0.03355587979316971,-0.5655501367943664,False,-0.07693602541326738,0.00685335515732302,0.07627953970444637,-1.098451575550164,False,False,
2022-06-30,105.76000213623048,0.0006084720827558524,0.033441037363316335,-1.1132170762547218,False,-0.08282018579967909,0.0032450170170490824,0.07367849389353859,-1.16811837849302,False,False,
2022-07-01,108.43000030517578,0.0008909784151441776,0.03302782801678985,0.7374037247060603,False,-0.07789774911119074,0.001125285994998054,0.07383914186816845,-1.07020522052214,False,False,
2022-07-05,99.5,0.0020779921890304405,0.03226308446891376,-2.6170862878386143,True,-0.09182181254808419,0.0009853375358913042,0.07398058835599292,-1.254479751328681,False,True,shock
2022-07-06,98.52999877929688,0.0011734525848402925,0.033655579373598796,-0.3245289124445846,False,-0.10953459177085867,0.0016368752460115192,0.07292366148663687,-1.5244910191082788,False,False,
2022-07-07,102.7300033569336,-7.044810734838277e-05,0.0322653751758883,1.3233103922217473,False,-0.032583096383125176,0.0007572003623611367,0.07386804003007062,-0.45134941622810015,False,False,
2022-07-08,104.79000091552734,0.0002752112081556627,0.03258477260468775,0.6069500495644943,False,0.004987093979114565,0.00158831962681103,0.07312394798932437,0.046479634179485696,False,False,
2022-07-11,104.08999633789062,-0.0004023443497484743,0.0316108062614015,-0.19859430170781542,False,-0.03280065339715421,0.0024677677236695436,0.07275710077242396,-0.48474198045822925,False,False,
2022-07-12,95.83999633789062,-0.00044860060918739287,0.03161750905326935,-2.4925978887341933,True,-0.1253080532552211,0.0033174097911824536,0.07195310693736293,-1.7876290339814707,False,True,shock
2022-07-13,96.3000030517578,-0.0018835695715830095,0.03271533715383018,0.20428662821395874,False,-0.13833212946459716,0.0008824525485349503,0.07318070009041446,-1.9023401230260584,False,False,
2022-07-14,95.77999877929688,-0.0015190998759762886,0.03263431806690862,-0.1189158182126851,False,-0.1275277842564544,-0.0017567944188010612,0.07458985961172858,-1.686167402544313,False,False,
2022-07-15,97.58999633789062,-0.0017762505343889457,0.032587237227698136,0.6344109050282122,False,-0.07725043147990862,-0.004014498894064846,0.07580636253570057,-0.9660921608176852,False,False,
2022-07-18,102.5999984741211,-0.0005948139904298137,0.031684755807386784,1.639023677422252,False,-0.053767424279684284,-0.005426344195014301,0.07617516804563043,-0.634604180403156,False,False,
2022-07-19,104.22000122070312,0.000306116719346717,0.032190707561995706,0.4809892401300321,False,0.04743719819802128,-0.007221633234477445,0.07569881955555768,0.7220565889060255,False,False,
2022-07-20,102.26000213623048,5.872552561219842e-05,0.031996296391506154,-0.5896022285803779,False,0.03785652494819036,-0.008382066362907056,0.07414860884251655,0.6235935108277363,False,False,
2022-07-21,96.3499984741211,0.0007403923742703015,0.03101457542038975,-1.8873153985376754,False,-0.062104591398145725,-0.0075277296724445926,0.07430928039726509,-0.7344555274109451,False,False,
2022-07-22,94.6999969482422,0.00010409806750264187,0.03172088601995758,-0.5431493632420292,False,-0.09628785074082435,-0.007664291309622353,0.07440121179374216,-1.1911574730380408,False,False,
2022-07-25,96.6999969482422,-0.0006628350858894195,0.031427579253402824,0.6930906059440974,False,-0.07099624987649589,-0.007896874265304114,0.07465356857593276,-0.8452291941946645,False,False,
2022-07-26,94.9800033569336,-0.000210833590640959,0.031494649356194365,-0.5580652925613984,False,-0.008973215920470845,-0.0076743185532736884,0.07443704907563604,-0.017449608539389268,False,False,
2022-07-27,97.26000213623048,0.00030132058966430306,0.030878179965171677,0.767652738339835,False,0.009968837529077845,-0.005624525323441267,0.07219305084447607,0.21599534401325632,False,False,
2022-07-28,96.41999816894533,0.0006490998088082748,0.03099767205883335,-0.2995639297971471,False,0.006681973249166306,-0.00355581755555913,0.07033906097183888,0.14554915381688507,False,False,
2022-07-29,98.62000274658205,0.0002243180792099908,0.03090230449134521,0.7310966991171438,False,0.010554426143486895,-0.0016358789037353313,0.068582011587462,0.17774784910874253,False,False,
2022-08-01,93.88999938964844,0.001067250277193909,0.030640247470930203,-1.600155380151443,False,-0.08489277986363308,-2.6674768345675836e-05,0.06740765136947957,-1.258998101418982,False,False,
2022-08-02,94.41999816894533,-0.0004645241304296466,0.03017162095161371,0.2024887819621446,False,-0.09403188387039707,-0.0006929863453143096,0.06800159210678884,-1.3725987088435303,False,False,
2022-08-03,90.66000366210938,-0.0008730232135661857,0.02987330352466583,-1.3038059531500692,False,-0.11343632145310956,-0.0015052682984432778,0.06875374950081346,-1.6279992577472733,False,False,
2022-08-04,88.54000091552734,-0.0017493067534510912,0.03004081328509124,-0.7201800680404572,False,-0.08105861631841604,-0.003904602504726576,0.06948400472045331,-1.1103852480019536,False,False,
2022-08-05,89.01000213623047,-0.0022181777959908483,0.030101143748688827,0.2500412212467824,False,-0.06008442444957596,-0.0061861500129569615,0.06916563132606139,-0.7792638251580637,False,False,
2022-08-08,90.76000213623048,-0.0014512224297795766,0.029537620248819823,0.714747297162082,False,-0.061427042393714326,-0.006894324312974924,0.06944512234836177,-0.7852634747647737,False,False,
2022-08-09,90.5,-0.0012137809117004203,0.029635949884193366,-0.055707364513430446,False,-0.04716785848172489,-0.007816660152530842,0.06970690221285081,-0.5645236996622619,False,False,
2022-08-10,91.93000030517578,-0.0013869327115145428,0.029606749043624238,0.5805446937342734,False,-0.05480158044402528,-0.009493054945085287,0.0691107980800541,-0.6555925666848343,False,False,
2022-08-11,94.33999633789062,-0.0009552921243539251,0.02961835636557136,0.9173651424696724,False,-0.021572307307143546,-0.011062369640124432,0.0687803212326399,-0.15280442834034907,False,False,
2022-08-12,92.08999633789062,-0.0001446300887347333,0.029517367991467414,-0.8030958398563821,False,-0.06621381288612604,-0.011387994674279998,0.06877137760209323,-0.7972185540482365,False,False,
2022-08-15,89.41000366210938,-0.0008902042303904478,0.029398689175287224,-0.9596238354022586,False,-0.04771536645715424,-0.013318676100772572,0.06824181258326675,-0.5040412769577565,False,False,
2022-08-16,86.52999877929688,-0.0013201828107564672,0.029574156533428177,-1.0445279313000913,False,-0.08356279964685986,-0.014143084855719324,0.06827938085858043,-1.0167009998951506,False,False,
2022-08-17,88.11000061035156,-0.002186181930884471,0.0295142372657342,0.6927424999196826,False,-0.028127100692182827,-0.015399222022598516,0.06868254904385047,-0.1853145936889759,False,False,
2022-08-18,90.5,-0.0018579323743202324,0.029603964689168823,0.9790279779121908,False,0.022136876713414688,-0.015492499111294834,0.06869518823455345,0.5477730943283459,False,False,
2022-08-19,90.7699966430664,-0.0015573956663755117,0.02978412096125124,0.15245653861864358,False,0.01977299701827051,-0.01482276034772938,0.06881542884506692,0.5027325695214339,False,False,
2022-08-22,90.2300033569336,-0.0011677081756935426,0.02964765785689846,-0.16127143088143117,False,-0.005839563318887575,-0.01453962040047915,0.06891475712944352,0.12624374580977105,False,False,
2022-08-23,93.73999786376952,-0.0019500840764633159,0.028972696229404758,1.4099691935454943,False,0.03580108136761906,-0.015274090822488488,0.06851816691051607,0.745425257170279,False,False,
2022-08-24,94.88999938964844,-0.0014870644408087807,0.029346958856222433,0.46870465577859344,False,0.03219840176924271,-0.015370979661635259,0.06843964592995996,0.6950559253266698,False,False,
2022-08-25,92.5199966430664,-0.0015094625791056086,0.029335658326587178,-0.799943011302529,False,-0.019291920346335978,-0.015947512903877848,0.06784386628378139,-0.04929564934387645,False,False,
2022-08-26,93.05999755859376,-0.001031086563298563,0.028639105090537985,0.23980052883280598,False,0.010533187743260175,-0.016820393116450418,0.06745383016203091,0.4055156066602079,False,False,
2022-08-29,97.01000213623048,-0.000522574522827702,0.028414069053319932,1.5122212408582254,False,0.08500165711705332,-0.01642560844733005,0.06752705804893572,1.5020240551703101,False,False,
2022-08-30,91.63999938964844,-0.0007518722219945746,0.027988177147653986,-1.9509406637098947,False,0.05905467100935846,-0.015774511734756403,0.06827234061316667,1.0960395098814537,False,False,
2022-08-31,89.55000305175781,-0.0015429157137460915,0.028682624248253755,-0.7413435726646659,False,0.01634323494984824,-0.015084559381056047,0.06876843387796132,0.4570090164722533,False,False,
2022-09-01,86.61000061035156,-0.0023947596327554225,0.028346347423830985,-1.0737216625091877,False,-0.04298341867014843,-0.0156053378088213,0.06837419689556169,-0.40041539212732313,False,False,
2022-09-02,86.87000274658203,-0.0032802068143177186,0.028244510925418506,0.22242177591731035,False,-0.04296567192593681,-0.017323263082575226,0.06740208920270277,-0.3804393772757617,False,False,
2022-09-06,86.87999725341797,-0.0030300232254047766,0.028215545665981244,0.1114660181894143,False,-0.037127407501733156,-0.019196792616601132,0.06610635456910394,-0.27123889983055033,False,False,
2022-09-07,81.94000244140625,-0.002695155263829888,0.028100076616869724,-1.9275685397667155,False,-0.12588004791201257,-0.019911964941044455,0.06600489776154637,-1.6054578760775506,False,False,
2022-09-08,83.54000091552734,-0.0037720525383363825,0.02860982092821262,0.8143537907974538,False,-0.11961216721600343,-0.02207684835224634,0.06678817056222906,-1.4603681766201357,False,False,
2022-09-09,86.79000091552734,-0.0036329015181073504,0.028698467298032604,1.4821843941080057,False,-0.061932511191551964,-0.024091950768204574,0.06742610902067553,-0.5612152469267353,False,False,
2022-09-12,87.77999877929688,-0.0027679896522107834,0.02899232764792758,0.48891586755967975,False,-0.056737577023601604,-0.02584894335230812,0.0666578131500792,-0.46339104467390985,False,False,
2022-09-13,87.30999755859375,-0.0025530336420894867,0.029037427848428558,-0.09647118819763852,False,-0.0999897367697723,-0.02794332118929815,0.06508859086219562,-1.1068977623591438,False,False,
2022-09-14,88.4800033569336,-0.002692446072086683,0.02902527781566819,0.554449119084131,False,-0.03448271555828708,-0.029859244357781402,0.06506595337384861,-0.07105822570431973,False,False,
2022-09-15,85.0999984741211,-0.0029681652113590293,0.028768330433810833,-1.224701305943491,False,-0.04969295841413557,-0.031319045217440784,0.06389924392564286,-0.28754507984594957,False,False,
2022-09-16,85.11000061035156,-0.0035920387665710476,0.029020544043987538,0.12782574574782224,False,-0.01731901615782605,-0.032534307762441296,0.06336100339273662,0.24013653177656982,False,False,
2022-09-19,85.7300033569336,-0.0035441228713342025,0.02902370456528837,0.37310349085035166,False,-0.013123050001207615,-0.03282010261106788,0.06324168604803228,0.31145679125158504,False,False,
2022-09-20,84.44999694824219,-0.0035155963557028627,0.029033410278104792,-0.3931702739039101,False,-0.02796961765649897,-0.03333434121031598,0.06291748563283357,0.0852660194516328,False,False,
2022-09-21,82.94000244140625,-0.0039009176155661847,0.028989969610867992,-0.4822157724538085,False,0.012204051381559111,-0.03459299583828559,0.06182957006702979,0.7568716258112704,False,False,
2022-09-22,83.48999786376953,-0.004367495873916188,0.028928726026906264,0.38020133382613375,False,-0.0005985522050493408,-0.0352216489126906,0.06109681633490438,0.566692321869171,False,False,
2022-09-23,78.73999786376953,-0.004237577054633633,0.02895630440613049,-1.8184456395162742,False,-0.09275265545385669,-0.03585019500506946,0.06048369442965996,-0.940790092029885,False,False,
2022-09-26,76.70999908447266,-0.005098542365791752,0.029551052928912292,-0.6998902693094732,False,-0.12611072965103642,-0.038189445229131105,0.05921650169704172,-1.484742966947296,False,False,
2022-09-27,78.5,-0.005743771460482931,0.0294660374125125,0.9868453029888232,False,-0.10090479675802722,-0.04136981377408334,0.05739587908560749,-1.037269294109876,False,False,
2022-09-28,82.1500015258789,-0.0053671282721254755,0.029656713960313514,1.7488101704761223,False,-0.07154160930034192,-0.04406630929913773,0.055313895825104306,-0.4967160528355784,False,False,
2022-09-29,81.2300033569336,-0.004654996558422895,0.030254322110468437,-0.21629990889050635,False,-0.04547585413135302,-0.04578918121281272,0.05410120985650915,0.005791498605867084,False,False,
2022-09-30,79.48999786376953,-0.004833045332055997,0.03025299885786781,-0.5482986621605423,False,-0.0660322254291994,-0.04707453298834502,0.05290430939559251,-0.3583392857299779,False,False,
2022-10-03,83.62999725341797,-0.004898141743131316,0.030283763224386463,1.8815415355819385,False,-0.02449557939211,-0.04845029735498792,0.05201867269690285,0.46050229121482683,False,False,
2022-10-04,86.5199966430664,-0.00379787357714166,0.03083730678713541,1.2437806206582718,False,0.024511542565156974,-0.04878268857508986,0.05178119530123699,1.415460394721632,False,False,
2022-10-05,87.76000213623047,-0.0036007509802916463,0.03103662320601887,0.5777935723940897,False,0.058114294103492004,-0.04853800982602942,0.052086778826297364,2.0475887803542814,True,True,trend
2022-10-06,88.44999694824219,-0.002499149354948663,0.0301635723976316,0.3435084472115263,False,0.059408302927086876,-0.04671887395065233,0.05339854064091321,1.9874546308560734,False,False,
2022-10-07,92.63999938964844,-0.002526971092628241,0.030152896034683307,1.6548459073667732,False,0.17653037722870812,-0.04504350040680075,0.054732162353933515,4.0483304168154195,True,True,trend
2022-10-10,91.12999725341795,-0.0013579218677249871,0.030367253627359703,-0.49203513954063083,False,0.18798068493086628,-0.041213615342998465,0.05988251685491703,3.8273992529264462,True,True,trend
2022-10-11,89.3499984741211,-0.001334172867556663,0.03035469246023153,-0.5995234604160992,False,0.1382165410716063,-0.03675923537793721,0.06424183521064095,2.723704512422782,True,True,trend
2022-10-12,87.2699966430664,-0.0020229823555213827,0.030170687886941744,-0.7045340683878211,False,0.062324954620659456,-0.033392193866833765,0.06669321409814817,1.4351857198939664,False,False,
2022-10-13,89.11000061035156,-0.002574962884828542,0.030175898199246758,0.7840363593361214,False,0.09700845657721313,-0.03133470916567875,0.06723917316768493,1.9087558590707576,False,False,
2022-10-14,85.61000061035156,-0.00256033897333953,0.030187243738246123,-1.2163070864608796,False,0.07699085307651576,-0.029030210056035538,0.06864083951555261,1.5445770168432904,False,False,
2022-10-17,85.45999908447266,-0.002847815404292531,0.03043517308662891,0.03599998691485821,False,0.0218821223383443,-0.02697785167617176,0.06948511258198944,0.7031718334897047,False,False,
2022-10-18,82.81999969482422,-0.0023829285751413624,0.03017756096256729,-0.9446989391667753,False,-0.04276464507397437,-0.025581820900998118,0.06939975733613765,-0.24759199214128752,False,False,
2022-10-19,85.55000305175781,-0.0031314280446986366,0.03017921326121453,1.1960060320139596,False,-0.02518230436049962,-0.02511337951383523,0.06916001645785619,-0.0009965996278556391,False,False,
2022-10-20,85.9800033569336,-0.0015938230202307386,0.029002992532676446,0.22825668109286995,False,-0.027925310079478516,-0.02422485273800077,0.0687180649743658,-0.05384984782179393,False,False,
2022-10-21,85.05000305175781,-0.0013968222231106667,0.02899703085027793,-0.32484877154714176,False,-0.0819300128227195,-0.0231367289821157,0.06799124569993478,-0.8647184389013215,False,False,
2022-10-24,84.58000183105469,-0.0021093972930463496,0.028553846192553037,-0.11966086530374359,False,-0.07187529485103328,-0.02379468786797696,0.06832185856949485,-0.7037368126358892,False,False,
2022-10-25,85.31999969482422,-0.0024504468369372285,0.028438087581018637,0.3938216528888791,False,-0.04510351256988665,-0.024819519719045596,0.06846062522890463,-0.29628699391832297,False,False,
2022-10-26,87.91000366210938,-0.0022447247280722848,0.028462873592414336,1.1453895160111418,False,0.007333643218305541,-0.0249835578413487,0.0684947381123104,0.47182020035851413,False,False,
2022-10-27,89.08000183105469,-0.000783195538703881,0.02724303320395273,0.5172786796668396,False,-0.00033664885076201134,-0.023215001888368343,0.06757558029606006,0.3385594757362407,False,False,
2022-10-28,87.9000015258789,-0.0006697380938945363,0.0272842861828465,-0.4609534204940446,False,0.0267492220441643,-0.02137506214685054,0.06626477728933941,0.7262422988442913,False,False,
2022-10-31,86.52999877929688,-0.0007743605822265402,0.02731769274135643,-0.5421967218978501,False,0.01252047397948819,-0.019318035396175624,0.0653127328000372,0.4874778318209597,False,False,
2022-11-01,88.37000274658203,-0.0012341388777466304,0.027272279898696176,0.8249580346170561,False,0.06701283593586704,-0.01812108999005033,0.0650587888156964,1.308569179901141,False,False,
2022-11-02,90.0,-0.001635110923669448,0.026704056031029388,0.7519551692093156,False,0.05201632717125615,-0.016510686520509646,0.06565660290845443,1.0437185394333242,False,False,
2022-11-03,88.16999816894531,-0.0015997023722177253,0.02672922139864425,-0.7008678265173065,False,0.025470978442746484,-0.01644963146753318,0.0657189720717078,0.6378768350871179,False,False,
2022-11-04,92.61000061035156,-0.001620062259487689,0.026743082947192298,1.9435812794399605,False,0.08888885699384463,-0.01661477208760577,0.06559611238333767,1.6083823453575552,False,False,
2022-11-07,91.79000091552734,-0.00017804643939535995,0.02658856550957383,-0.32631642308022357,False,0.08524472603907429,-0.0146015261090459,0.06649208469063016,1.5016261350907862,False,False,
2022-11-08,88.91000366210938,-6.776978680340514e-05,0.02653442390734335,-1.1799075407871908,False,0.042076933662986704,-0.012181091751980582,0.06678179806551232,0.8124672738182441,False,False,
2022-11-09,85.83000183105469,-0.0007677066069064642,0.026660063061546474,-1.2705928362405048,False,-0.023660581781447476,-0.01067344930478748,0.06671237875705456,-0.19467350315831244,False,False,
2022-11-10,86.47000122070312,-0.000992438439558508,0.026875633479710732,0.31437515443177216,False,-0.029299512311434128,-0.010869280849600501,0.06672887539445942,-0.27619574513860173,False,False,
2022-11-11,88.95999908447266,-0.001213084399675859,0.02673519716747991,1.1224594065858748,False,0.012059130150090747,-0.011392858847473994,0.06671721831472753,0.3515132913205978,False,False,
2022-11-14,85.87000274658203,-0.0007139807490680047,0.026943332581331473,-1.2626756757028794,False,-0.0076273667170414505,-0.011321163422128334,0.0667397896806351,0.055346244313362866,False,False,
2022-11-15,86.91999816894531,-0.0014813349131991178,0.027083289369266416,0.506181771891959,False,-0.01640833464490077,-0.01156358732693538,0.06669226017571749,-0.07264332180676868,False,False,
2022-11-16,85.58999633789062,-0.0006788063925193111,0.02657435482743245,-0.5502538703168854,False,-0.04900004069010422,-0.010650461390685616,0.06614125201690388,-0.579813325723219,False,False,
2022-11-17,81.63999938964844,-0.0009580909076309693,0.02661703154899379,-1.6978650127015653,False,-0.07406145984923962,-0.010050036814948378,0.06557607677566155,-0.9761398696246645,False,False,
2022-11-18,80.08000183105469,-0.0010424669519957272,0.02675158522541299,-0.6753163742962113,False,-0.1352985497971838,-0.009525038660230111,0.06489122741372044,-1.9382205600006952,False,False,
2022-11-21,79.7300033569336,-0.0009854556024490465,0.02670784913796687,-0.12674755635791002,False,-0.13138683340565982,-0.010248237773280348,0.0659921351117071,-1.8356520125818647,False,False,
2022-11-22,80.94999694824219,-0.0011145083913039573,0.026700409808582418,0.6148246611228687,False,-0.08952880875045433,-0.011198936559361466,0.06722193045108774,-1.165242825748474,False,False,
2022-11-23,77.94000244140625,-0.0011726303884581565,0.026659287627340992,-1.350776893589123,False,-0.09192589096268322,-0.011573626777451334,0.06758303040335364,-1.1889414207334006,False,False,
2022-11-25,76.27999877929688,-0.0016302125023303674,0.0269813025755841,-0.728959191463493,False,-0.11784436564766121,-0.012170400543864111,0.06809723875206261,-1.5518098389943353,False,False,
2022-11-28,77.23999786376953,-0.002124873693756285,0.026997484636239633,0.5448683263134596,False,-0.13174461939432247,-0.013010971013245923,0.0690135012247437,-1.720440874234424,False,False,
2022-11-29,78.19999694824219,-0.002306611760529632,0.026849600700050085,0.5488123934198657,False,-0.08932113139643683,-0.01447993517440831,0.07035762234170444,-1.0637254888823389,False,False,
2022-11-30,80.55000305175781,-0.0018228959286866358,0.026782948391766908,1.1900902611770596,False,-0.07328572539550937,-0.014788032754545787,0.07063726553015096,-0.8281420890506345,False,False,
2022-12-01,81.22000122070312,-0.0010341876992127504,0.026839691770071967,0.34843841553845867,False,-0.05105731165048444,-0.015128970873723856,0.07085969918410458,-0.5070349040491005,False,False,
2022-12-02,79.9800033569336,-0.0004938009348226835,0.026610519447682647,-0.5551694748200485,False,-0.020333121571842194,-0.014695564367105517,0.07053413437848048,-0.0799266518886586,False,False,
2022-12-05,76.93000030517578,-0.0009408240497171402,0.026572805716955195,-1.3996920963404538,False,-0.03933568249067332,-0.014591644645500975,0.07051981801781246,-0.35088062534310993,False,False,
2022-12-06,74.25,-0.001810954016421545,0.02670947957265499,-1.2364866340676133,False,-0.0687320096099937,-0.01541127876822215,0.07044436259475093,-0.7569197715438578,False,False,
2022-12-07,72.01000213623047,-0.0023152241075160415,0.026973455373581246,-1.0326113916177637,False,-0.11043848238472165,-0.01659134552326567,0.07058815971851802,-1.3295025289749298,False,False,
2022-12-08,71.45999908447266,-0.002638148014409518,0.02716186449261766,-0.18407139242737797,False,-0.08314091806457324,-0.01798599777747679,0.07140148560035008,-0.912514911129202,False,False,
2022-12-09,71.0199966430664,-0.003258659951655365,0.02672821354595647,-0.1084496380183922,False,-0.06895650524915953,-0.019571891103239356,0.07151150193169105,-0.6905828127214159,False,False,
2022-12-12,73.16999816894531,-0.0035043308429038734,0.026668182867822975,1.266584844415266,False,-0.05269290273677374,-0.020920623196818047,0.07147580097503262,-0.4445179921950667,False,False,
2022-12-13,75.38999938964844,-0.0027676708049706278,0.02682963786449496,1.2340081449322866,False,-0.03593347401859348,-0.021365969628690553,0.07156951065671904,-0.20354343988427578,False,False,
2022-12-14,77.27999877929688,-0.002440954340134773,0.02708382401694402,1.0157570183948879,False,-0.04059595466880095,-0.021985525118848603,0.07149071822056549,-0.2603195213752762,False,False,
2022-12-15,76.11000061035156,-0.002672636396784999,0.026767130896780653,-0.46576122594007413,False,-0.06291554461401572,-0.023660159942659992,0.07041364726597618,-0.5574968233512297,False,False,
2022-12-16,74.29000091552734,-0.002136430836460989,0.02609180410215795,-0.8346039517744906,False,-0.07114281323561578,-0.025286429484304984,0.069883970719002,-0.656178853026193,False,False,
2022-12-19,75.19000244140625,-0.002151179620483698,0.02610395592291922,0.5465028267751226,False,-0.022617936524984894,-0.026452910126777838,0.06990985132256308,0.05485598280131407,False,False,
2022-12-20,76.08999633789062,-0.0015519055805351763,0.02590527466469783,0.5219593697059194,False,0.024781095459806446,-0.026181370364842322,0.06988432337407059,0.7292403126214932,False,False,
2022-12-21,78.29000091552734,-0.0014323374766701165,0.025947239010199196,1.1695089487645367,False,0.0872100901679771,-0.025278080133032413,0.07010193789069098,1.6046370997105788,False,False,
2022-12-22,77.48999786376953,-0.0010483622841305647,0.02618246282428921,-0.3502380711010613,False,0.08438285553528813,-0.023620246830769607,0.07127827997898811,1.5152316020798426,False,False,
2022-12-23,79.55999755859375,-0.00042647533272846576,0.025380543982091927,1.0693071206093887,False,0.12024783609112011,-0.020816741451472266,0.07133685096201699,1.9774432938973103,False,False,
2022-12-27,79.52999877929688,-0.0003306532329461683,0.025470300200378642,-0.001821939339875818,False,0.08692087972541263,-0.017618608074043956,0.07221903630771258,1.4475336856342456,False,False,
2022-12-28,78.95999908447266,-0.0008543942652226378,0.025053075355966428,-0.25197340725714484,False,0.04735375678109377,-0.01563389619515109,0.07302562976518945,0.8625417292364169,False,False,
2022-12-29,78.4000015258789,-0.0011020465638531141,0.025022017421428122,-0.23939401366085744,False,0.014492789392771988,-0.014246011744421819,0.07322276430281296,0.3924845150388533,False,False,
2022-12-30,80.26000213623047,-0.0011252180163255155,0.02502681261650189,0.9929236901390933,False,0.05452636306134084,-0.012719578062254563,0.07260180178171242,0.9262296454539768,False,False,
2023-01-03,76.93000030517578,-0.000987565969988336,0.02513594064938093,-1.611342630637222,False,0.035536402707146086,-0.011532790347326191,0.07296781478448382,0.6450678726435051,False,False,
2023-01-04,72.83999633789062,-0.0010314246584688942,0.025204526138350006,-2.0684317390124574,True,-0.03125423629753077,-0.010396398865709103,0.07302913193018329,-0.2856098228274438,False,True,shock
2023-01-05,73.66999816894531,-0.0017418619972376984,0.025912692671193942,0.5069610432213634,False,-0.03180441957440627,-0.010582201800905165,0.07306470121624221,-0.2904578739149546,False,False,
2023-01-06,73.7699966430664,-0.0016870601160024826,0.025936376040893966,0.11738124381419017,False,-0.057734119550437724,-0.010831286728547813,0.0731053123270887,-0.6415789951356294,False,False,
2023-01-09,74.62999725341797,-0.0014698860601248809,0.02589213922403217,0.5070168303807072,False,-0.03690799702149372,-0.01122814675380033,0.0732801875893272,-0.35043374085785645,False,False,
2023-01-10,75.12000274658203,-0.0010760433600461713,0.025863784063631556,0.29546494154811076,False,-0.05580687466388856,-0.011882974065841035,0.0732874000989098,-0.5993376834048849,False,False,
2023-01-11,77.41000366210938,-0.0010769159768578603,0.025863521616584007,1.2203088797476465,False,-0.026656546582764062,-0.01261908503195889,0.0734496071408275,-0.19111690446336432,False,False,
2023-01-12,78.38999938964844,8.81188451671037e-05,0.02527660464256211,0.4973646028754444,False,-0.0072188412035620875,-0.011737803580344323,0.07286936908290045,0.062014567076067305,False,False,
2023-01-13,79.86000061035156,0.0006006634322849876,0.025134296160762258,0.7221902716718755,False,0.018622436939503384,-0.010152578401044665,0.07163031129571597,0.4017156259694911,False,False,
2023-01-17,80.18000030517578,0.0005395668782471115,0.025083806063077273,0.1382342668612216,False,-0.0009967833157903394,-0.008558881951744257,0.07090994069096947,0.1066437027342905,False,False,
2023-01-18,79.4800033569336,-2.6964139154306287e-05,0.024504958970711397,-0.3551670694129856,False,0.03314705630628012,-0.007618284271950236,0.07053006490074396,0.5779852979803562,False,False,
2023-01-19,80.33000183105469,5.951661800279358e-06,0.024491403814719485,0.43642018694889356,False,0.10282819700346191,-0.006569978799448461,0.07054406909316362,1.5507777933596982,False,False,
2023-01-20,81.30999755859375,0.00043415457947268383,0.02439226904178678,0.48234415056021496,False,0.10370570896619058,-0.00431850650034631,0.0713111262843345,1.514829748107168,False,False,
2023-01-23,81.62000274658203,-9.761067048213038e-05,0.023675293002115835,0.16516136756318056,False,0.10641190810266155,-0.002609155988902302,0.07234988691248383,1.50685880440198,False,False,
2023-01-24,80.12999725341797,-0.0005075351757992615,0.023330814221227996,-0.7607047452085399,False,0.07369690744224311,-0.001517151115068908,0.07337556838121419,1.0250558900824613,False,False,
2023-01-25,80.1500015258789,-0.0009420339315383227,0.023354149262921276,0.05102655013816823,False,0.06695951271814526,-0.0013093829372188932,0.07356850883142965,0.9279635640269848,False,False,
2023-01-26,81.01000213623047,-0.001043535862537707,0.023331899211068714,0.5046063605501443,False,0.04650559751727834,-0.0012087001400047815,0.07365784034199754,0.6477830117709523,False,False,
2023-01-27,79.68000030517578,-0.0015320896841715841,0.02267891037889651,-0.6563656914579452,False,0.01645619244254881,-0.002942363869490512,0.07089632573268417,0.2736186411857494,False,False,
2023-01-30,77.9000015258789,-0.0015336639592755856,0.022679953409853237,-0.9173598238422721,False,-0.024542938511054824,-0.0052293571026680785,0.06733115060044868,-0.28684466604463527,False,False,
2023-01-31,78.87000274658203,-0.0015710882111810301,0.02271234736192286,0.617415926881964,False,-0.01633820845108158,-0.00739948349710356,0.06523563156788995,-0.1370221263923167,False,False,
2023-02-01,76.41000366210938,-0.0010946730561741862,0.02262542502390101,-1.3301796970979696,False,-0.03862606398036095,-0.00844832567139344,0.06472987348876805,-0.4662103706135616,False,False,
2023-02-02,75.87999725341797,-0.0017916676233766657,0.0227378601874815,-0.22626055226731187,False,-0.05539654520356796,-0.010256785945494428,0.06362910433249519,-0.7094200009824874,False,False,
2023-02-03,73.38999938964844,-0.0013604549696951062,0.022320185576157822,-1.4092395856149311,False,-0.09740497364100875,-0.012021951255895544,0.06300931051445245,-1.3550858069702079,False,False,
2023-02-06,74.11000061035156,-0.0017746255626346485,0.022613819259032098,0.5123081176127257,False,-0.0920117848996882,-0.013612445868953585,0.06364426753588467,-1.2318366141385877,False,False,
2023-02-07,77.13999938964844,-0.001231928815739797,0.02239292999862015,1.8808205403368727,False,-0.037314338777691525,-0.0142690743999631,0.06420071303785982,-0.3589565175722954,False,False,
2023-02-08,78.47000122070312,-0.0011263013380485823,0.02257435688744693,0.813653501322947,False,-0.02096070209846901,-0.014430834858858994,0.06424385112829185,-0.10164190229770295,False,False,
2023-02-09,78.05999755859375,-0.0009634333462286208,0.022663235542241825,-0.18803757994068127,False,-0.03641531292241962,-0.014337973419112202,0.06422911372977633,-0.34372791747042997,False,False,
2023-02-10,79.72000122070312,-0.0008888800294003459,0.02263956941200946,0.9785795949551667,False,0.000502019520257857,-0.013731110753774872,0.06379540287752673,0.22310589214958382,False,False,
2023-02-13,80.13999938964844,-0.0005316544844408725,0.022776368617365064,0.25465301651105127,False,0.02875478587796154,-0.012766079895490988,0.06345046410133057,0.6543823809884761,False,False,
2023-02-14,79.05999755859375,-0.0005780634355085986,0.02276074343844973,-0.566693958030549,False,0.0024089616507583234,-0.011781302582853011,0.063514914397886,0.22341625377493443,False,False,
2023-02-15,78.58999633789062,-0.0011625006555431453,0.02251714638138752,-0.21238779099168317,False,0.02853019985997296,-0.01184696500375364,0.06349742930009937,0.6358866068876179,False,False,
2023-02-16,78.48999786376953,-0.0014192194867708662,0.0224596099256064,0.006536726429584839,False,0.03439642468139392,-0.011462073687610508,0.06365543420853,0.7204176507346685,False,False,
2023-02-17,76.33999633789062,-0.0012595646071089457,0.022416917624799502,-1.165748140664906,False,0.04019617076953241,-0.01136011098578078,0.0637235559926919,0.8090615935059541,False,False,
2023-02-21,76.16000366210938,-0.001416979548592341,0.02255987527752345,-0.04170223840912621,False,0.027661625082640695,-0.010991101695246858,0.06394346455617768,0.6044828356763358,False,False,
2023-02-22,73.94999694824219,-0.0017319412071643914,0.02240329138615147,-1.2179461591084473,False,-0.04135341543487647,-0.011515784506623208,0.06345433609196746,-0.47022209617019917,False,False,
2023-02-23,75.38999938964844,-0.0023647823531648344,0.022495803532301066,0.9707336202748648,False,-0.03925069176935447,-0.01276071440803831,0.06310600488809213,-0.4197695196882083,False,False,
2023-02-24,76.31999969482422,-0.0018340356314431908,0.02253567864146638,0.628775976361399,False,-0.022290519064690595,-0.013623670010866323,0.06301859718558522,-0.13752843511100424,False,False,
2023-02-27,75.68000030517578,-0.002340988103468174,0.02176004896662912,-0.2777911105285372,False,-0.05067738150608758,-0.01510606169164679,0.06187180627293303,-0.5749196921377439,False,False,
2023-02-28,77.05000305175781,-0.0023347401599981706,0.021758220720353095,0.9392915734977658,False,-0.03855747892967609,-0.016918356458915616,0.06087532870437711,-0.35546621153939756,False,False,
2023-03-01,77.69000244140625,-0.0016750266951654276,0.02161541727855707,0.46176823375337395,False,-0.01732854995564803,-0.01799348196015112,0.0605303958680268,0.010985092612855643,False,False,
2023-03-02,78.16000366210938,-0.001102385653698447,0.02129679861919722,0.33582915197992913,False,-0.005471341084335113,-0.01790905486914046,0.060526800462265794,0.2054910170340061,False,False,
2023-03-03,79.68000030517578,-0.001121144224626492,0.021289776302410923,0.9661157396358199,False,0.015161198544962007,-0.01759134591944581,0.06052874102562774,0.5411073138055268,False,False,
2023-03-06,80.45999908447266,-0.0012457954965389136,0.021139079647183937,0.522015951009158,False,0.05396912423661071,-0.01754998500751419,0.06055033180040331,1.181151401116658,False,False,
2023-03-07,77.58000183105469,-0.0006521446606611499,0.020808497600374117,-1.6888295219926566,False,0.018644933044452916,-0.016728698461465498,0.06110196337230218,0.5789279026990065,False,False,
2023-03-08,76.66000366210938,-0.0012924364233929517,0.02114296433511997,-0.49975329868537305,False,0.03664647499260787,-0.01626132155894078,0.061238358270752066,0.8639649730260296,False,False,
2023-03-09,75.72000122070312,-0.00124653315147786,0.021115858382607128,-0.52166640497723,False,0.004377262683729288,-0.01511936801650462,0.061417898352761076,0.31744216625995025,False,False,
2023-03-10,76.68000030517578,-0.0007946898123485206,0.020495473429785152,0.6573630023340998,False,0.004716989148205952,-0.014073518382731702,0.06106748846695835,0.3077006767865456,False,False,
2023-03-13,74.80000305175781,-0.00037086945729770005,0.020440232727242783,-1.1813255832400857,False,-0.011627870637809568,-0.012206644530126504,0.059429700295097074,0.009738798773055321,False,False,
2023-03-14,71.33000183105469,-0.0006394938451524841,0.020625056072488022,-2.2182191773194493,True,-0.07423752101425296,-0.0106098583598885,0.05776992982577124,-1.1013976102491312,False,True,shock
2023-03-15,67.61000061035156,-0.0014620531888796017,0.021202804265126936,-2.3907183064181834,True,-0.129746447603178,-0.010405974523405815,0.05751405887954889,-2.074979151266401,True,True,shock+trend
2023-03-16,68.3499984741211,-0.0016616345939183131,0.021610128952840906,0.5833713156842625,False,-0.1255118312224952,-0.010910248611945747,0.05839748878152363,-1.9624402521707105,False,False,
2023-03-17,66.73999786376953,-0.0012317202502134187,0.02153478949648219,-1.036625857925849,False,-0.16239962841171962,-0.011012481486276865,0.058593603675762815,-2.583680426334042,True,True,trend
2023-03-20,67.63999938964844,-0.0017135927897057091,0.021625593846793165,0.7028145681965748,False,-0.15933382849488809,-0.011421214939842161,0.05954635468786783,-2.483991074355088,True,True,trend
2023-03-21,69.33000183105469,-0.0016995073530431733,0.021635271573536268,1.2333914751441508,False,-0.10634183817069187,-0.012354717567821511,0.06130685399024335,-1.5330605712997099,False,False,
2023-03-22,70.9000015258789,-0.001767053725706879,0.02154251393797097,1.1332181695529462,False,-0.07513699270898233,-0.012795465738157279,0.06186708369457471,-1.007668751263476,False,False,
2023-03-23,69.95999908447266,-0.0015760200922141099,0.021696131075907274,-0.5384427311111539,False,-0.07606975757226464,-0.013116528152270584,0.06213025043041342,-1.013246027239217,False,False,
2023-03-24,69.26000213623047,-0.001549233360507308,0.021680233514280202,-0.3900530267020399,False,-0.09676575560008804,-0.013859683298942882,0.06254966051696895,-1.3254440010694186,False,False,
2023-03-27,72.80999755859375,-0.0011741814121477019,0.02127836154675369,2.464017256240176,True,-0.026604350427460233,-0.014625417607068411,0.06321375752487406,-0.18949882572125565,False,True,shock
2023-03-28,73.19999694824219,-2.6275583687939512e-05,0.021754716674108977,0.24742562948846206,False,0.026216109199276083,-0.014063715484634632,0.06291293476856907,0.640247110265698,False,False,
2023-03-29,72.97000122070312,0.0004473873533962743,0.02147450189318328,-0.16714732840010957,False,0.07927822159390585,-0.012241654263514663,0.06205709449150926,1.4747689463602327,False,False,
2023-03-30,74.37000274658203,0.000507332046272501,0.02145789594338721,0.8704793530912209,False,0.08807614347994841,-0.010076065734734942,0.06238260210095905,1.573390751732916,False,False,
2023-03-31,75.66999816894531,0.0008452428790906818,0.02155087218665886,0.7718880940395216,False,0.13380282575680935,-0.007982297085013502,0.063011769524927,2.2501371396296634,True,True,trend
2023-04-03,80.41999816894531,0.0006746684674982095,0.021364627072850924,2.90657533711951,True,0.18894143841835565,-0.005495687371765728,0.06487576380976166,2.9970687722502776,True,True,shock+trend
2023-04-04,80.70999908447266,0.0011070984109489116,0.022281725879639135,0.11215384352328797,False,0.16414246290010293,-0.00249735520593974,0.06854285277848009,2.431177159267018,True,True,trend
2023-04-05,80.61000061035156,0.0008209177391973732,0.022106948992818284,-0.09317896780485423,False,0.1369534397108363,0.0002324903616456453,0.07103667674638277,1.924652948466548,False,False,
2023-04-06,80.69999694824219,0.0010062609811827064,0.02202946335233488,0.005001500348768099,False,0.15351626649968364,0.002897410152643672,0.07237214333178615,2.081171696912941,True,True,trend
2023-04-10,79.73999786376953,0.001339983581167646,0.021835595460765644,-0.606160866583685,False,0.15131382333667132,0.005892864549114331,0.07389939626276765,1.9678233671960819,False,False,
2023-04-11,81.52999877929688,0.0010198421682729034,0.021851496990036384,0.9806250702557167,False,0.11976378949450894,0.00821195468060308,0.07569979496572192,1.4736081499879665,False,False,
2023-04-12,83.26000213623047,0.001159553804057046,0.021955701612199785,0.9136428962712044,False,0.13743177059285183,0.00947839060106578,0.07676772168055497,1.666760158966607,False,False,
2023-04-13,82.16000366210938,0.0010569675890330925,0.021841952689017074,-0.653264630576831,False,0.12594219936505713,0.010148013006730777,0.07766866298935639,1.4908739496931296,False,False,
2023-04-14,82.5199966430664,0.0010170589222991003,0.02186555478555804,0.15387442665504902,False,0.10958711302264867,0.010702137591127698,0.07835070346499698,1.2620815265008773,False,False,
2023-04-17,80.83000183105469,0.0007193054230478897,0.02166201285495026,-0.9786314500514357,False,0.0681908786437242,0.010559994616881412,0.07815871631247125,0.7373570952271004,False,False,
2023-04-18,80.86000061035156,0.0004512685823366199,0.021799696241776596,-0.003675939619276934,False,0.005471306284811073,0.010310261269125565,0.07794105029397538,-0.06208480596634364,False,False,
2023-04-19,79.16000366210938,0.0005517784122055369,0.021781466560805988,-0.9905546321736836,False,-0.019204503034884524,0.009751828595841797,0.07782200308478322,-0.37208412123727824,False,False,
2023-04-20,77.29000091552734,0.00036602125966051906,0.02190658407913933,-1.0950633251221578,False,-0.041185952979609364,0.009302531363473043,0.0778915046262356,-0.6481898710950919,False,False,
2023-04-21,77.87000274658203,-0.0002652797091845619,0.021906574148296293,0.35466559950586374,False,-0.035068083131096106,0.008026367149593707,0.07792461255899512,-0.5530274564799907,False,False,
2023-04-24,78.76000213623047,0.00038797905406535126,0.021384927207489222,0.5163130951973042,False,-0.01228988906186479,0.007084974005083811,0.07801420616927339,-0.248350448185161,False,False,
2023-04-25,77.06999969482422,0.001249239900744475,0.020480592688665394,-1.1087014594065274,False,-0.054703779605663305,0.007337831968226024,0.07791893794874266,-0.7962327671188498,False,False,
2023-04-26,74.30000305175781,0.0008112067432149436,0.02061156968315126,-1.7831012344624517,False,-0.10761468717971279,0.007032507167809263,0.07811899792353938,-1.4675968380922577,False,False,
2023-04-27,74.76000213623047,0.00031389084232519515,0.021043655844803336,0.2792867226853962,False,-0.09006817424585445,0.006367432932752263,0.07888640900153959,-1.22246161790334,False,False,
2023-04-28,76.77999877929688,0.00024100071186545927,0.02101327792301869,1.274372822463763,False,-0.06955887175562347,0.005658630569760786,0.07951680362076238,-0.9459321665407645,False,False,
2023-05-01,75.66000366210938,0.0005137200841496003,0.021228105110647575,-0.7113583010894421,False,-0.06396137636803834,0.005475270608537654,0.07967614983213946,-0.8714859731910252,False,False,
2023-05-02,71.66000366210938,-8.723508673191382e-05,0.021004985587149055,-2.512777561334582,True,-0.11377685974274432,0.00497787287806733,0.07999525441863051,-1.4845222192724754,False,True,shock
2023-05-03,68.5999984741211,-0.000960940404352327,0.02181481541267156,-1.9134141493239487,False,-0.13340076679459423,0.0035570992975449004,0.08115270439374918,-1.6876562169465836,False,False,
2023-05-04,68.55999755859375,-0.0017803287308157337,0.022214828937363637,0.05389305478484592,False,-0.11295126476288808,0.0015301232477569324,0.08265596977706864,-1.385034720654935,False,False,
2023-05-05,71.33999633789062,-0.0018415302262467215,0.022204990120823047,1.9090275821822114,False,-0.08385779091266343,3.739682846229571e-05,0.08370646723990707,-1.0022545510214613,False,False,
2023-05-08,73.16000366210938,-0.0011844805331886507,0.02272147165862166,1.1749335314605562,False,-0.07110206097296479,-0.0015226678011236183,0.08417009760869872,-0.8266521620933746,False,False,
2023-05-09,73.70999908447266,-0.0009869172837300422,0.022889948523110278,0.3715440251624223,False,-0.043596738337306706,-0.003841737907475974,0.08365062696932417,-0.4752504777329336,False,False,
2023-05-10,72.55999755859375,-0.0010493428376548764,0.02285986466382415,-0.6365899597217662,False,-0.02341864632161539,-0.005805770538189272,0.08281649585580514,-0.21267352115564686,False,False,
2023-05-11,70.87000274658203,-0.0013082006544875436,0.02291392216639215,-0.9593642646604871,False,-0.05203316316872131,-0.00753684459717963,0.08178969295408611,-0.5440333245476341,False,False,
2023-05-12,70.04000091552734,-0.0013753420208964728,0.022971556214895397,-0.44995941314721666,False,-0.08778325046791902,-0.009213245538659156,0.08138972082384932,-0.9653553806789419,False,False,
2023-05-15,71.11000061035156,-0.0015348254570456661,0.023001623751771883,0.7308964646086491,False,-0.06013749446904215,-0.011276482381140013,0.08139401151124406,-0.6003022971923715,False,False,
2023-05-16,70.86000061035156,-0.0014741975751749957,0.02304034808509698,-0.08860466515558572,False,-0.011163871209524112,-0.012698390274290953,0.08130239609702256,0.018874216978004146,False,False,
2023-05-17,72.83000183105469,-0.0013021699955189211,0.02297534041721372,1.2667270555853247,False,0.06166185788661993,-0.013066657789651926,0.08123107552630177,0.9199498491445622,False,False,
2023-05-18,71.86000061035156,-0.0006336278975677448,0.023084168229181735,-0.5495140980063483,False,0.04813306839658971,-0.011917260504349596,0.08167516801353045,0.7352336133669326,False,False,
2023-05-19,71.55000305175781,-0.0009772356384637323,0.023078555225513858,-0.14457898674248598,False,0.0029437443881061842,-0.011057643479713978,0.08196676351770854,0.17081786893775824,False,False,
2023-05-22,71.98999786376953,-0.0006188803812273239,0.022810179103217306,0.2967251310008668,False,-0.015992423999095617,-0.010503379368134417,0.08191835950674516,-0.06700628118058483,False,False,
2023-05-23,72.91000366210938,-0.0004444027621859744,0.0228112505005107,0.5797155399460487,False,-0.010853282218148963,-0.009977991085408118,0.0817527365444209,-0.010706566773642486,False,False,
2023-05-24,74.33999633789062,0.00016352494022002932,0.022542883471201824,0.8627820582121409,False,0.024531406273263556,-0.008823968533103322,0.0811102970482635,0.4112347756107865,False,False,
2023-05-25,71.83000183105469,0.000294224976560636,0.022627828245265692,-1.505135198097376,False,0.013545915722699142,-0.0072700593174639646,0.08060987230422927,0.25823108814267376,False,False,
2023-05-26,72.66999816894531,-0.0007010932855177835,0.022459392081145214,0.5518991839308299,False,0.0375499317395771,-0.006591922590792089,0.08056762878854003,0.5478857326957591,False,False,
2023-05-30,69.45999908447266,-0.0007750556362896181,0.02240858250054524,-1.9366338121656368,False,-0.02320350881333999,-0.005811780806284808,0.08070977056009533,-0.21548479058189804,False,False,
2023-05-31,68.08999633789062,-0.0012943529813340356,0.022957654831703086,-0.8027504931714816,False,-0.03909122563648815,-0.005635623418163746,0.08065647302269242,-0.4147912866077318,False,False,
2023-06-01,70.0999984741211,-0.0018408778127381369,0.02290115899208097,1.369392005558307,False,-0.03748459821910266,-0.006163533353587026,0.08074528154447305,-0.3878996303736281,False,False,
2023-06-02,71.73999786376953,-0.0015175262162061569,0.02317249523474281,1.0750964689918536,False,-0.0016699519282322717,-0.007046725141547882,0.08072044303776775,0.06660980801108721,False,False,
2023-06-05,72.1500015258789,-0.0010259051387293847,0.02330609309916569,0.28923932332297947,False,0.00838572255108172,-0.007101110655934423,0.08071536009046383,0.19186971587141372,False,False,
2023-06-06,71.73999786376953,-0.0008704384574827436,0.023311726215876412,-0.20642906566702182,False,-0.003472704645346547,-0.0073697036867196395,0.08062865942107571,0.04833267809925222,False,False,
2023-06-07,72.52999877929688,-0.0009292417795939375,0.023318315322864498,0.5120971406976963,False,-0.005211971797087989,-0.00787462541107618,0.08048201322131464,0.03308383460371766,False,False,
2023-06-08,71.29000091552734,-0.00041718783998340983,0.023150416428227804,-0.7204689799272165,False,-0.04102765096329064,-0.008480067311964452,0.08028606167494548,-0.40539519528435375,False,False,
2023-06-09,70.16999816894531,-0.0006137020786903857,0.023229531481319253,-0.6498975059629568,False,-0.02311017151320327,-0.009395924325910203,0.08025998628303818,-0.17087278259591954,False,False,
2023-06-12,67.12000274658203,-0.0004362697153673567,0.023059844447194222,-1.8659941477847513,False,-0.07637258238895905,-0.009152681073621226,0.08018943797601757,-0.8382637790208908,False,False,
2023-06-13,69.41999816894531,-0.0012754491147459746,0.02346715203581597,1.5145580496031383,False,-0.0005758841931267078,-0.009647639615215954,0.08049171959624414,0.11270420693698967,False,False,
2023-06-14,68.2699966430664,-0.000983035018838665,0.023773683395476974,-0.655465049813902,False,0.0026435646182523254,-0.009358111150261769,0.08048468208166643,0.14911751476307256,False,False,
2023-06-15,70.62000274658203,-0.0010921032497566848,0.02382680913973048,1.4905202577803955,False,0.00741803543195374,-0.008647165201937236,0.08035015174241365,0.19993989165562204,False,False,
2023-06-16,71.77999877929688,-0.0008745077132987555,0.024077669220077938,0.7185243886351885,False,0.0005575817775085312,-0.008034158343782172,0.08029423509233241,0.10700320030959683,False,False,
2023-06-20,70.5,-0.0007662464002397955,0.024137686424774308,-0.7070272540401668,False,-0.02286904353407504,-0.007795676587340085,0.08029281856391612,-0.18772995164861456,False,False,
2023-06-21,72.52999877929688,-0.0010846723831531883,0.02420398998503066,1.2344651161989881,False,0.01101200082313225,-0.008027645953336618,0.08031114197539248,0.23707354058422755,False,False,
2023-06-22,69.51000213623047,-0.000960044847530009,0.024334848982635847,-1.671588449924847,False,-0.04163789733756951,-0.008082968589627681,0.08029638012899055,-0.41788843649038926,False,False,
2023-06-23,69.16000366210938,-0.0016457386956168578,0.02474889029114898,-0.13695506687042389,False,-0.02987792433811065,-0.009357728877283417,0.08005650335345683,-0.2563214055231551,False,False,
2023-06-26,69.37000274658203,-0.0012356196943358396,0.02442814063117812,0.17488205947400998,False,-0.011400818629596743,-0.01000470030905093,0.08002320376362507,-0.017446418724620275,False,False,
2023-06-27,67.69999694824219,-0.0010370180084395505,0.024401141509648276,-0.9440899203924653,False,0.008641152829656162,-0.010645330890680326,0.0798367937282463,0.24157387615020065,False,False,
2023-06-28,69.55999755859375,-0.0011945103107305884,0.024512434794565507,1.1695562464397598,False,0.002016701142914634,-0.010588479022067969,0.07984915309965301,0.15786241526257813,False,False,
2023-06-29,69.86000061035156,-0.0009972318469574286,0.024684528364876085,0.21511852500913656,False,0.02328993768079579,-0.010624482862138518,0.07984276715406062,0.4247650945951652,False,False,
2023-06-30,70.63999938964844,-0.0006128277564132715,0.024537349939595013,0.4800028418794169,False,0.00028315834450132193,-0.010158912084557114,0.07993858427762937,0.13062616161418092,False,False,
2023-07-03,69.79000091552734,0.00015457969298961446,0.023980003405540525,-0.5082318201618856,False,-0.027723570599216818,-0.00916530302644039,0.07959373542997054,-0.2331624150132351,False,False,
2023-07-05,71.79000091552734,0.000689501885091263,0.023233275598081107,1.203786284661115,False,0.018297885326628904,-0.007804997999720908,0.07836745186661953,0.3330832214728202,False,False,
2023-07-06,71.80000305175781,0.0009256659601900096,0.023428136290328264,-0.03356396040669256,False,-0.010064742035366447,-0.005887535112399253,0.07719916047972043,-0.05410948638572969,False,False,
2023-07-07,73.86000061035156,0.0012415934909712851,0.023252654018410115,1.1804751003651255,False,0.06258089973289982,-0.003856403294047877,0.07499824948436651,0.8858513829819008,False,False,
2023-07-10,72.98999786376953,0.001444334597176442,0.023426488527056616,-0.5644641577684127,False,0.055378744922746304,-0.0008975402510107052,0.07313580848294342,0.7694764895759872,False,False,
2023-07-11,74.83000183105469,0.0009541435213510423,0.023311605187798446,1.0404622120777653,False,0.07870835906434603,0.0012587341902351372,0.07236492039233786,1.0702647699217456,False,False,
2023-07-12,75.75,0.000988325832490801,0.023345695892993602,0.4842941382711549,False,0.11890699283062278,0.003310005547212849,0.07235059206989847,1.5977338122089007,False,False,
2023-07-13,76.88999938964844,0.0013290278814321315,0.023321418724625686,0.5883205122992216,False,0.1053766832708738,0.005909695552584681,0.07296015594966825,1.363305579923742,False,False,
2023-07-14,75.41999816894531,0.0016630968275042365,0.023336307382216377,-0.8905150823487766,False,0.07958771127994946,0.008604928070864172,0.07284955386353305,0.9743749885147583,False,False,
2023-07-17,74.1500015258789,0.0007247727543541386,0.02272203567886155,-0.7729837079892156,False,0.04968859239181733,0.010020822226962968,0.0731871684552427,0.5420044387850996,False,False,
2023-07-18,75.75,0.0004288342274007769,0.022805283987037937,0.9273739994895608,False,0.08539904006716581,0.010333788669530185,0.07330744762603836,1.0239785155331598,False,False,
2023-07-19,75.3499984741211,0.0007584326262638141,0.022931264828931427,-0.26335140550406494,False,0.04958904461893887,0.010415399582506984,0.07338860068170845,0.5337837848459702,False,False,
2023-07-20,75.62999725341797,0.00043221215130125225,0.02283941830833087,0.14377615560690057,False,0.0533425353603294,0.00990223826436019,0.07297160219340591,0.5953041428477048,False,False,
2023-07-21,77.06999969482422,0.0002486904363123295,0.022755728288106142,0.825787940734563,False,0.043460588382702614,0.008829434392407125,0.07170591549851328,0.48296090705394473,False,False,
2023-07-24,78.73999786376953,-0.00033440916588686715,0.021666169929548756,1.0155462877919466,False,0.07877791708847504,0.006889689725265084,0.06867131099931102,1.046845128148656,False,False,
2023-07-25,79.62999725341797,-9.357570364615893e-05,0.021810470603722855,0.5225284255406456,False,0.06414533348803508,0.005751495781110045,0.0667091046681261,0.8753503438163496,False,False,
2023-07-26,78.77999877929688,7.365096449365005e-05,0.021849616062198096,-0.49190800865277784,False,0.03999998388510728,0.004780721031472696,0.06528864742343263,0.539439309030533,False,False,
2023-07-27,80.08999633789062,-8.35595890038506e-05,0.02188440204507709,0.7636541659936498,False,0.04161785633559245,0.003267170596611678,0.06307216748870577,0.608044518936949,False,False,
2023-07-28,80.58000183105469,0.0002967664788454834,0.02192416805291353,0.26552521821992264,False,0.06841691577014708,0.0018045577032639597,0.06082449231533589,1.0951568279689186,False,False,
2023-07-31,81.80000305175781,7.903605279302598e-05,0.021781834244066652,0.6914574728592282,False,0.10316926997242204,0.001119932720272468,0.05975846299568112,1.7076968204407283,False,False,
2023-08-01,81.37000274658203,-2.016967223769465e-06,0.021713308361949686,-0.2420041292742691,False,0.07419145540042282,0.0006630993786667375,0.05882601079496033,1.2499293259582258,False,False,
2023-08-02,79.48999786376953,0.00010404810363507267,0.021667290456270385,-1.0711281868084066,False,0.05494358956185397,-2.6910540861719843e-05,0.05762798026845588,0.9538855924958587,False,False,
2023-08-03,81.55000305175781,-0.00026243197722175836,0.021825831010959546,1.1993910970337238,False,0.07827589598480778,-0.0007554908536723159,0.05655893047881368,1.397328170271613,False,False,
2023-08-04,82.81999969482422,0.0003561693167903831,0.021902418724555582,0.6947660466849241,False,0.07460749997104443,-0.0006210239557912016,0.056736771977654615,1.325921819388383,False,False,
2023-08-07,81.94000244140625,0.0005588638764124424,0.021972789443115013,-0.5090060854781849,False,0.04064014051883946,0.00030079196002524324,0.05739491210966478,0.7028384063336068,False,False,
2023-08-08,82.91999816894531,0.0006975110033467506,0.021867316613072747,0.5150338017475571,False,0.04131609982425477,0.0010987205407415632,0.05753589643647993,0.69899630968492,False,False,
2023-08-09,84.4000015258789,0.0011719509201028177,0.021718019217737743,0.7678701493541247,False,0.07133793899040963,0.0021987479114597515,0.0575052011152902,1.2023119602752992,False,False,
2023-08-10,82.81999969482422,0.0013098754672529812,0.021791499606805577,-0.9191784104857585,False,0.034086695989047344,0.0036174948730798282,0.057884695652680146,0.5263774953363989,False,False,
2023-08-11,83.19000244140625,0.0009078795003921177,0.021880211003932257,0.16268918071331329,False,0.03239017809684008,0.004235849340425323,0.057960128595521784,0.4857533866581184,False,False,
2023-08-14,82.51000213623047,0.001253548516460728,0.021726345610049918,-0.4339253133655874,False,0.00867969508538291,0.005397102109792035,0.05763486062339,0.05695499113011992,False,False,
2023-08-15,80.98999786376953,0.0016237784603587505,0.021316680791433916,-0.9403827647494234,False,-0.00467008565792959,0.006947693873326644,0.05609720033948364,-0.20710087956170495,False,False,
2023-08-16,79.37999725341797,0.0012956029233706105,0.021434552454757165,-0.9878726619380055,False,-0.0013838295799187827,0.008086335054498977,0.05495648793714639,-0.17232113968506804,False,False,
2023-08-17,80.38999938964844,0.0006702861703652981,0.021357911550448864,0.5643505505936245,False,-0.014224446581236116,0.008995335616841705,0.054213652244699775,-0.42830138233949944,False,False,
2023-08-18,81.25,0.0010344288905799622,0.021327060561628173,0.453106359694692,False,-0.01895677011119734,0.009658494680665734,0.05361000052989942,-0.5337672917183379,False,False,
2023-08-21,80.72000122070312,0.001881974853392281,0.020398875481855254,-0.4120343182597024,False,-0.014888957583025775,0.010922762542419695,0.05174535470336158,-0.4988219768405345,False,False,
2023-08-22,80.3499984741211,0.0023643569198030776,0.019747710126674114,-0.3518452071356283,False,-0.030993725899365998,0.01250291999857394,0.04901609563641846,-0.8873951573087427,False,False,
2023-08-23,78.88999938964844,0.0023110145664389107,0.01976117807806938,-1.0364517480258906,False,-0.06528438432007588,0.013595687183420902,0.04705580211627372,-1.6763091469270055,False,False,
2023-08-24,79.05000305175781,0.0015280958814773773,0.019385397649456904,0.025797304364568622,False,-0.04552036533395454,0.013843332604655402,0.04658248650365992,-1.274378041926676,False,False,
2023-08-25,79.83000183105469,0.0012149818612402037,0.01918135759619251,0.4510720864152276,False,-0.04038947603972165,0.014184421879842209,0.0460426181419112,-1.185290935266926,False,False,
2023-08-28,80.0999984741211,0.001246307868255195,0.019193704507276168,0.1112780052448782,False,-0.02920862440568439,0.014227185377143337,0.045989685891442075,-0.9444685029020913,False,False,
2023-08-29,81.16000366210938,0.0014994258440195714,0.019093431314278805,0.6145620009888125,False,0.002099096219582597,0.014149985669355753,0.046058541386420626,-0.26164288071280745,False,False,
2023-08-30,81.62999725341797,0.0019864194699182537,0.018917570665779045,0.20111099022168935,False,0.028344672182551767,0.01487174912786647,0.04542721345115997,0.2965826435550664,False,False,
2023-08-31,83.62999725341797,0.002219786947432,0.018854157700489576,1.1817557966134906,False,0.0403034940710143,0.016420121429872748,0.043832051841346135,0.5448837468889083,False,False,
2023-09-01,85.55000305175781,0.0023427711751235693,0.018970205718588717,1.0867339965554002,False,0.052923114483172995,0.017759334610406838,0.04298762297027165,0.8179977733843037,False,False,
2023-09-05,86.69000244140625,0.0026957580891700593,0.019105545877187477,0.5563711703861338,False,0.07395937971284283,0.01861382775297613,0.04304184350159498,1.285854588403394,False,False,
2023-09-06,87.54000091552734,0.002502747658336434,0.01892071955074607,0.3859412920453365,False,0.08948354172927564,0.0187777947106591,0.04323105778683527,1.6355312740033827,False,False,
2023-09-07,86.87000274658203,0.0028110641701821967,0.01884768396921227,-0.5552240391386754,False,0.10115354821489198,0.019329134355094913,0.0438694585101876,1.865179481091506,False,False,
2023-09-08,87.51000213623047,0.002766534659740009,0.018868678409251795,0.24383205200411728,False,0.10702085715206722,0.020638598406118723,0.04482900339365598,1.9269279307282783,False,False,
2023-09-11,87.29000091552734,0.0027827726628539503,0.018872152748093216,-0.28066670621348866,False,0.09344856461685103,0.02227877548813423,0.04571232396501975,1.5569059491085546,False,False,
2023-09-12,88.83999633789062,0.0025788573838316387,0.018845281560529746,0.8054001326128618,False,0.10911358339904687,0.023669466779267564,0.04627385864897988,1.846487825187298,False,False,
2023-09-13,88.5199966430664,0.0025541071079952255,0.018823814178475926,-0.3270370634021348,False,0.09068497595932401,0.024797229140944673,0.047314152089057586,1.392558968284191,False,False,
2023-09-14,90.16000366210938,0.002956263614247622,0.018353748391084893,0.8483663734061127,False,0.1044959781415924,0.02582574994409967,0.04790105357754262,1.6423485982441015,False,False,
2023-09-15,90.7699966430664,0.003047366810241646,0.018414564676465912,0.20192195186186923,False,0.08537605672773863,0.02671836389612654,0.048738907330474875,1.2035085734253896,False,False,
2023-09-18,91.4800033569336,0.0037265394214676326,0.017569419786763168,0.23310402356314192,False,0.06931619045750503,0.028166091436674257,0.04884848865141246,0.8424027059359372,False,False,
2023-09-19,91.1999969482422,0.004093814935933983,0.017359240897816704,-0.4121529987160159,False,0.05202439012369675,0.02961152365126083,0.04843357485216119,0.4627547427760398,False,False,
2023-09-20,90.27999877929688,0.0036594064761396885,0.017120382976947457,-0.8029672030759493,False,0.031299952423047506,0.030804976829164825,0.047857283473168956,0.010342743214001844,False,False,
2023-09-21,89.62999725341797,0.0032129685941817508,0.01703513525666228,-0.6112548101243316,False,0.03177154851586028,0.031244575553848554,0.04770613585968582,0.011046230270287883,False,False,
2023-09-22,90.02999877929688,0.0030407689510997867,0.017074729807936614,0.0832832906827206,False,0.028796669884014303,0.031556386566712266,0.04763107634257554,-0.057939414655451764,False,False,
2023-09-25,89.68000030517578,0.0031760418171842483,0.01704484747988828,-0.4144136786331854,False,0.027379990429388323,0.03198664489377041,0.04745580201488097,-0.09707252367028918,False,False,
2023-09-26,90.38999938964844,0.0029773807911598472,0.017039111437558725,0.28990052384979276,False,0.017447130973110347,0.03242120439012343,0.04725938398961221,-0.3168486796252875,False,False,
2023-09-27,93.68000030517578,0.0033108924294500083,0.01688499293022272,1.9595477297640937,False,0.058291955013461294,0.03320086814927545,0.046507649996912696,0.5395045087389163,False,False,
2023-09-28,91.70999908447266,0.004005670544730521,0.017161533614253613,-1.4587693082863558,False,0.017191607801749553,0.03428622983629764,0.04612401472062697,-0.370623028764737,False,False,
2023-09-29,90.79000091552734,0.004304827298434404,0.01650586854868051,-0.8685655532711543,False,0.00022038419302350398,0.03553375237217375,0.044320631559522074,-0.7967704190253883,False,False,
2023-10-02,88.81999969482422,0.0037141804124059905,0.01620913792252397,-1.567795813514579,False,-0.029077432930677327,0.03554436928398909,0.04431195920588692,-1.4583377348406952,False,False,
2023-10-03,89.2300033569336,0.003645745951428756,0.016306459265794684,0.05950848920237704,False,-0.02160080764505523,0.03512142265000336,0.044779154477886655,-1.2667106147140363,False,False,
2023-10-04,84.22000122070312,0.003248331021499391,0.01590450775636163,-3.734500275650123,True,-0.06712447541573774,0.034734504742309914,0.0451456327902049,-2.2562310873212006,True,True,shock+trend
2023-10-05,82.30999755859375,0.0022806917892123153,0.017243286587048042,-1.4474870242143272,False,-0.08166908310984111,0.03383207731306662,0.04649434657186255,-2.4841979496235513,True,True,trend
2023-10-06,82.79000091552734,0.0022160718792347406,0.01732854962189649,0.20864881103435592,False,-0.08041761592730834,0.03304807678538974,0.04793675410489182,-2.3669873947747995,True,True,trend
2023-10-09,86.37999725341797,0.0019099031356160268,0.01705327822327011,2.4307805558091173,True,-0.03679753613434544,0.0318290152287172,0.04963711743438003,-1.3825652034243634,False,True,shock
2023-10-10,85.97000122070312,0.003043244170164208,0.016944203037270816,-0.45972463064405716,False,-0.04889919458779746,0.03189355337809352,0.04954336314327,-1.6307481535368056,False,False,
2023-10-11,83.48999786376953,0.003047094854266967,0.016942375059045764,-1.8825227092145564,False,-0.10877457737202056,0.03163993644143103,0.049911170563953826,-2.813288332589416,True,True,trend
2023-10-12,82.91000366210938,0.002621978390389869,0.017338038201520155,-0.5518991687911322,False,-0.09595459066854573,0.030341619658198718,0.052257231904781036,-2.4168178398134694,True,True,trend
2023-10-13,87.69000244140625,0.0028503386473534777,0.017092728991689055,3.206189059848045,True,-0.03414471244477013,0.028947009744889354,0.054203633244566965,-1.163975888940681,False,True,shock
2023-10-16,86.66000366210938,0.0032527212930168596,0.018010801080390427,-0.8327575279251842,False,-0.024318802523489724,0.028464857563720223,0.05460576075867337,-0.9666317134648836,False,False,
2023-10-17,86.66000366210938,0.003038604274669097,0.018093293983701478,-0.16794091100306474,False,-0.0288019679271313,0.02783007436099642,0.054942415523387696,-1.0307526843995563,False,False,
2023-10-18,88.31999969482422,0.0028897353420453357,0.018071445727606154,0.9000684258327214,False,0.04868200444900039,0.027442272677374653,0.05524131142554846,0.3844899989431209,False,False,
2023-10-19,89.37000274658203,0.0033055765971907987,0.0180822538362747,0.4746667661864772,False,0.08577336164981042,0.028461013678017545,0.05491376563530015,1.0436790722461555,False,False,
2023-10-20,88.75,0.0030819928792335358,0.017866936603494022,-0.5607830075910148,False,0.07198935884242585,0.029360686695659968,0.055296414129029296,0.7709120531269106,False,False,
2023-10-23,85.48999786376953,0.0029876354594061934,0.017901340796131565,-2.2188312232114606,True,-0.010303304213328368,0.03045474137403053,0.05531755749021753,-0.7368012514754766,False,True,shock
2023-10-24,83.73999786376953,0.0021153262458927383,0.018223037966400176,-1.239395826061285,False,-0.025939319824001217,0.029482951988080822,0.05538570901487918,-1.0006601485808015,False,False,
2023-10-25,85.38999938964844,0.001999444213504738,0.018339847365637107,0.9653526222467893,False,0.02275723529157503,0.028398711124790855,0.05566715128967496,-0.1013429949712946,False,False,
2023-10-26,83.20999908447266,0.0019260425620033657,0.01825652774113869,-1.5038986736236306,False,0.0036183260054585276,0.02765269614115391,0.05535787419483271,-0.43416353111945966,False,False,
2023-10-27,85.54000091552734,0.0014217167646674096,0.01848721574635614,1.4377366525970003,False,-0.024518205793363057,0.02611551391681839,0.05438174102503914,-0.931079416653248,False,False,
2023-10-30,82.30999755859375,0.0015944096653957227,0.01867576789936451,-2.107252614486065,True,-0.05019623724545941,0.02438358206262856,0.0538895428756845,-1.383938614586748,False,True,shock
2023-10-31,81.0199966430664,0.0013458508093238757,0.019074949187756485,-0.8921816782392944,False,-0.06508200762411187,0.022653129415623106,0.05417591442848628,-1.6194491217226765,False,False,
2023-11-01,80.44000244140625,0.0013614044262361094,0.01906039101644003,-0.4470033898652703,False,-0.08922098370296705,0.021122854748744053,0.05501634960669056,-2.0056553959060226,True,True,trend
2023-11-02,82.45999908447266,0.0009782508713264359,0.01893693844686775,1.2744188474072853,False,-0.0773190494544731,0.01879458776514228,0.05594650898807741,-1.7179559360906302,False,False,
2023-11-03,80.51000213623047,0.0013834827424814699,0.01912544183886431,-1.308794612826577,False,-0.0928450463523327,0.017102479844163455,0.05691336098344588,-1.9318403323338444,False,False,
2023-11-06,80.81999969482422,0.0010186324969331622,0.019340144297727815,0.14642033652269684,False,-0.05462625202526117,0.015153312087994628,0.05814541899366986,-1.2000870459090254,False,False,
2023-11-07,77.37000274658203,0.0008161035168550453,0.019228082276086925,-2.2624991350700823,True,-0.07606872796379072,0.013845487549221778,0.058601430523547035,-1.5343348227119382,False,True,shock
2023-11-08,75.33000183105469,-4.197655352607299e-05,0.019714764804442165,-1.3352856828542734,False,-0.11781236246048377,0.011780865615191566,0.059009171614400696,-2.1961539965771895,True,True,trend
2023-11-09,75.73999786376953,-0.000544241018845469,0.01990079881188135,0.30083751823748583,False,-0.08977287949636648,0.009354763002544649,0.06054761494484172,-1.6371849260985,False,False,
2023-11-10,77.16999816894531,-0.0003293474712567438,0.01987693665848632,0.9664332392509367,False,-0.09784899061256258,0.007624458157458332,0.061506715225319634,-1.714828183941159,False,False,
2023-11-13,78.26000213623047,-0.00029932307649686835,0.019904579450628363,0.7246591016408411,False,-0.04920417376370623,0.005764900198149597,0.06256427785586087,-0.8786015893685641,False,False,
2023-11-14,78.26000213623047,-0.00019256940181222002,0.019960854453238423,0.009647352635296522,False,-0.034065596410662535,0.004196619004364887,0.062446651502049005,-0.612718448382648,False,False,
2023-11-15,76.66000366210938,-0.000394439376658006,0.01988008918550951,-1.0085574560596755,False,-0.04699152989273325,0.002366820785923759,0.06151098961110405,-0.8024314190150303,False,False,
2023-11-16,72.9000015258789,-0.0005969450340021905,0.020007235694518226,-2.421665067130944,True,-0.11593497046732215,0.0007510476486816783,0.06118958143181436,-1.9069589198944112,False,True,shock
2023-11-17,75.88999938964844,-0.0009428566522612754,0.020616624204944367,2.035149655750714,True,-0.05738420847094938,-0.0015273331517073367,0.06231542145729651,-0.8963571779341912,False,True,shock
2023-11-20,77.5999984741211,-0.0007415262045481101,0.020953427026745703,1.1107551659533454,False,-0.039841638614969366,-0.0033361345444507654,0.06193542000162741,-0.589412392287957,False,False,
2023-11-21,77.7699966430664,-0.000648734538908798,0.021041875813283914,0.13494199189274056,False,0.005169883446876966,-0.00486212305893095,0.06139664091442674,0.16339666725074262,False,False,
2023-11-22,77.0999984741211,-0.0004778529687546736,0.021011778513472044,-0.3872718857388151,False,0.02349656976029335,-0.0053350598198904494,0.0611776242136864,0.4712773657159068,False,False,
2023-11-24,75.54000091552734,-0.0007521868656745193,0.020981488135268442,-0.9284968148462995,False,-0.002640572404054131,-0.005572653554076602,0.061028418777461305,0.04804452104050468,False,False,
2023-11-27,74.86000061035156,-0.0012599468836813133,0.02098605866978138,-0.3689073061170871,False,-0.029933881215554292,-0.0065590337060027855,0.06036275603633217,-0.38723956698534856,False,False,
2023-11-28,76.41000366210938,-0.0011303663070164319,0.02090664420753076,1.0444394269409387,False,-0.02363913140330265,-0.00741264140206414,0.060232732313308425,-0.26939654533409346,False,False,
2023-11-29,77.86000061035156,-0.0009138622525377811,0.021048991019643245,0.9449571778585975,False,-0.005111187259905892,-0.008159698862066044,0.060079659791231706,0.05074115953308153,False,False,
2023-11-30,75.95999908447266,-0.0005518543097534545,0.021155642744086198,-1.1274031990100748,False,-0.009131288079793132,-0.008343577293336561,0.06004852102453192,-0.013117904871208454,False,False,
2023-12-01,74.06999969482422,-0.0006315974145398506,0.021235034914557093,-1.1419765277256082,False,0.016049357262770014,-0.008403059992294742,0.06004704253788174,0.40722100908864106,False,False,
2023-12-04,73.04000091552734,-0.0006982974596710193,0.021304053097323514,-0.6199501509854801,False,-0.03755433518306028,-0.00817061750105889,0.06010829195834473,-0.4888463259339397,False,False,
2023-12-05,72.31999969482422,-0.0010533559091023589,0.021299242370986345,-0.4133608507776351,False,-0.06804122272061264,-0.008481682682416546,0.06020034090113202,-0.98935552767071,False,False,
2023-12-06,69.37999725341797,-0.0013274290360508903,0.021278228384499453,-1.8481453930526481,False,-0.10788221360166983,-0.009136142050542084,0.060581359731780915,-1.6299745002145547,False,False,
2023-12-07,69.33999633789062,-0.0017824907280261856,0.021750555321959197,0.05544421588364434,False,-0.10064853812980479,-0.01037605213079067,0.06164303004802251,-1.4644394658842705,False,False,
2023-12-08,71.2300033569336,-0.0017290609680661244,0.021748502767077637,1.3327886735135102,False,-0.05705583143179216,-0.011304782960529855,0.06247693802022674,-0.7322869833417657,False,False,
2023-12-11,71.31999969482422,-0.0011233597656474684,0.0219163541011741,0.10890592694191217,False,-0.04728828328432899,-0.011195068922019406,0.06238802665033297,-0.5785279051155395,False,False,
2023-12-12,68.61000061035156,-0.001133556109540009,0.0219150459158768,-1.6821405689807822,False,-0.10208091451284307,-0.01121864116135773,0.06240150366402607,-1.4560910878156716,False,False,
2023-12-13,69.47000122070312,-0.0017717547864485998,0.022284199018170428,0.6419965781327626,False,-0.10775750480193269,-0.012041193674332684,0.06319279781369655,-1.5146712036676788,False,False,
2023-12-14,71.58000183105469,-0.0016497217236411095,0.022337800292676645,1.4335589161604743,False,-0.057661891866890524,-0.013088512079615994,0.06412519672995359,-0.6950993066732193,False,False,
2023-12-15,71.43000030517578,-0.0014211976189068118,0.022578493110286525,-0.0298682936712735,False,-0.03564195221446598,-0.013885325254102302,0.06430496678262483,-0.33833509367805636,False,False,
2023-12-18,72.47000122070312,-0.0015263513458518988,0.022562809746373886,0.7129463523124788,False,-0.007803938768886853,-0.014738480246062538,0.06416142178245822,0.10807961052807583,False,False,
2023-12-19,73.44000244140625,-0.0016588990197119605,0.022436691718200896,0.6704983395256545,False,0.015486763707248663,-0.015379912683927887,0.06384340286366366,0.4834747993789074,False,False,
2023-12-20,74.22000122070312,-0.0017865453281035984,0.022321685145262622,0.5558470745012591,False,0.06976079790845935,-0.01587906402760688,0.06344728482126866,1.3497797766652142,False,False,
2023-12-21,73.88999938964844,-0.0018226071274622384,0.02229911422834119,-0.11765751538814849,False,0.06561873798760898,-0.015935045118331992,0.06336875064615961,1.286971610996775,False,False,
2023-12-22,73.55999755859375,-0.0020126244622769613,0.022259377068744014,-0.11022314784539612,False,0.032710853458542744,-0.016253242501554212,0.06289036370708778,0.7785627729575155,False,False,
2023-12-26,75.56999969482422,-0.0019701244625470737,0.02225150268710842,1.3165307428765878,False,0.059590577933056554,-0.017165811764972203,0.061648010224223136,1.2450748924231967,False,False,
2023-12-27,74.11000061035156,-0.0017040266003422937,0.022482804103825433,-0.7835231404006597,False,0.08016324079685533,-0.017798215487892347,0.06059106723459862,1.6167640009616777,False,False,
2023-12-28,71.7699966430664,-0.00192810408819127,0.022574547369166077,-1.3132770715838367,False,0.03310774984811493,-0.01797535313882562,0.06028006452106836,0.8474294676490699,False,False,
2023-12-29,71.6500015258789,-0.002585858610875394,0.02271150782681783,0.04024033855922039,False,0.0009779225067558794,-0.018988764252838047,0.0587336679639707,0.3399530022855408,False,False,
2024-01-02,70.37999725341797,-0.002560124771459032,0.022711434367692122,-0.667724749256219,False,-0.014699748666831991,-0.020184858298872288,0.0573675535591347,0.09561344857396131,False,False,
2024-01-03,72.69999694824219,-0.0030434858136600446,0.022642244999673457,1.5902748586212971,False,0.003173668051124068,-0.021774134656317945,0.05548703517943804,0.4496149889206367,False,False,
2024-01-04,72.19000244140625,-0.002694176006997856,0.022994956737230166,-0.1879055243075296,False,-0.01702069660192762,-0.022870166505339472,0.05413735687701222,0.1080486791532974,False,False,
2024-01-05,73.80999755859375,-0.002892003970658763,0.022967067663790405,1.1030017943895287,False,-0.005524166738965386,-0.024021324999465243,0.05305780335401165,0.34862276783460744,False,False,
2024-01-08,70.7699966430664,-0.0025519831555933944,0.02315255678956789,-1.6687082128523176,False,-0.04222496646845453,-0.024788639090967405,0.05235464988980422,-0.3330425743307807,False,False,
2024-01-09,72.23999786376953,-0.002966638425732409,0.02356417219909769,1.0073839985739454,False,-0.017944531520311502,-0.0257689713428541,0.05197721818795289,0.15053594815807442,False,False,
2024-01-10,71.37000274658203,-0.002593686807601059,0.023717123589166104,-0.39842248535070013,False,-0.05557757000401109,-0.026431852410003055,0.051548725856017295,-0.5654013190435792,False,False,
2024-01-11,72.0199966430664,-0.0028137658845395846,0.023727338972633738,0.5024224651706658,False,-0.02820137565878289,-0.027556842275176727,0.0512469415277985,-0.01257701170823124,False,False,
2024-01-12,72.68000030517578,-0.0026404997727698656,0.023766805891216713,0.4966873621948928,False,0.01267944412252242,-0.02829792715635234,0.05084204427734403,0.8059741078730559,False,False,
2024-01-16,72.4000015258789,-0.0026238711830326193,0.023774727314922715,-0.05167740166331611,False,0.010467550370241163,-0.028361496314360187,0.05078702590787583,0.764546574454558,False,False,
2024-01-17,72.55999755859375,-0.003160542240484251,0.023332149543049113,0.23017305536403965,False,0.030974714268973802,-0.02899915504293645,0.04997813124897305,1.2000022372413652,False,False,
2024-01-18,74.08000183105469,-0.002850689735378687,0.02324579542664931,1.0237950434071776,False,0.018982186255041666,-0.02881538029004013,0.050175227018893036,0.9526128606669592,False,False,
2024-01-19,73.41000366210938,-0.0024376251760153092,0.02339126230886577,-0.2824399236698729,False,0.016899863962372752,-0.028565222929213215,0.050368344630311444,0.9026519975052998,False,False,
2024-01-22,75.19000244140625,-0.0022689026874001873,0.023295898846404272,1.138237368110017,False,0.018696720342213702,-0.027952192303972553,0.050641081589223313,0.9211673839153031,False,False,
2024-01-23,74.37000274658203,-0.002007152804777362,0.023483832567892677,-0.37892232039264967,False,0.050869100950682755,-0.02741489193080897,0.050922376775981625,1.5373200906524782,False,False,
2024-01-24,75.08999633789062,-0.00140393471883607,0.022640269517384203,0.48962187900942855,False,0.0394518072868113,-0.02584164424592336,0.051498418393738664,1.2678729477383959,False,False,
2024-01-25,77.36000061035156,-0.0009724683403841479,0.02253746275991359,1.38449111345876,False,0.0839287884720783,-0.02422669904063466,0.05162303244911449,2.095101399154016,True,True,trend
2024-01-26,78.01000213623047,-0.0006471510681730722,0.022811431300786344,0.3967066197867071,False,0.08317142144355727,-0.02203541364864284,0.05268281348651865,1.9969858883698794,False,False,
2024-01-29,76.77999877929688,-0.001113289541744879,0.02225025790526092,-0.6585974173022531,False,0.056411646352581446,-0.020435827547604136,0.054032534135792086,1.4222444889787333,False,False,
2024-01-30,77.81999969482422,-0.0012602339233416218,0.02231088505120887,0.6635971674677408,False,0.0748618515844639,-0.019031683001732417,0.05464771581966118,1.7181602776600455,False,False,
2024-01-31,75.8499984741211,-0.0006950003614382094,0.0221388695590784,-1.1120642113705832,False,0.04534180025117274,-0.016583197282312626,0.054686349901660256,1.132366626129592,False,False,
2024-02-01,73.81999969482422,-0.0009399066867287819,0.022309899265376142,-1.1574873631396747,False,-0.0035097479725152425,-0.014699245403383045,0.05434783613910658,0.20588671464725122,False,False,
2024-02-02,72.27999877929688,-0.0020654559200991183,0.02142581838926198,-0.8772645861607934,False,-0.015393063975499444,-0.014290779210419645,0.0543148261327176,-0.020294362397227955,False,False,
2024-02-05,72.77999877929688,-0.002186998036524052,0.021507175433377268,0.42332574402064865,False,-0.03205218225637685,-0.01417176936311311,0.05430233389645789,-0.329275219134367,False,False,
2024-02-06,73.30999755859375,-0.002094764129782812,0.02153150040408813,0.43549997416123143,False,-0.01425312826194558,-0.01421510555416972,0.0543154626995724,-0.0007000346841592905,False,False,
2024-02-07,73.86000061035156,-0.0022530717205929873,0.021416491360837783,0.45551348992588675,False,-0.016380287488686474,-0.015054240656982328,0.05381445677006054,-0.024641089240575342,False,False,
2024-02-08,76.22000122070312,-0.0023115542879245674,0.02138331546910593,1.6023663218256181,False,-0.014736289822312787,-0.01641628931216229,0.052504839007959506,0.03199704106501159,False,False,
2024-02-09,76.83999633789062,-0.0017930231967984956,0.021738205164339188,0.45667555667808135,False,-0.014998151087044387,-0.017572631294358806,0.051476454876043846,0.0500127721210369,False,False,
2024-02-12,76.91999816894531,-0.0011948005010090545,0.02137806956707333,0.10459077174522574,False,0.0018233835878385118,-0.01763522925267502,0.051470349773948966,0.3780548009868441,False,False,
2024-02-13,77.87000274658203,-0.0009079821111256648,0.02125994359137522,0.623639281052646,False,0.0006425475707261263,-0.017265059873850488,0.05150963880199402,0.34765546528902047,False,False,
2024-02-14,76.63999938964844,-0.001006026246247118,0.021180410550162346,-0.6982665878034893,False,0.010415305621883197,-0.01755992237679514,0.0513404575893477,0.5448963509916736,False,False,
2024-02-15,78.02999877929688,-0.0008762352323340232,0.021057569402535732,0.9029043316669336,False,0.05703060284309158,-0.017469295981909477,0.05138432699803932,1.4498564674758467,False,False,
2024-02-16,79.19000244140625,-0.0010077649530284161,0.020905011995958307,0.759334138174476,False,0.09560049500289436,-0.016381978533423415,0.05209109858984024,2.1497429804284955,True,True,trend
2024-02-20,78.18000030517578,-0.00030608128126141963,0.020534664311963078,-0.6061984133569172,False,0.07419622995947339,-0.014438022103445365,0.05351319067773767,1.6563066216081934,False,False,
2024-02-21,77.91000366210938,-0.0002671705190834513,0.020507900825624457,-0.15537208043140868,False,0.06274732310336018,-0.012580978935664228,0.05414489174224672,1.3912356201138965,False,False,
2024-02-22,78.61000061035156,-0.00021776879595507262,0.02049553444642717,0.4489980582478135,False,0.06431085784927926,-0.0105547348449132,0.05408155330776846,1.38430921664076,False,False,
2024-02-23,76.48999786376953,-0.0004327975395145985,0.020309956676543853,-1.3065422380873022,False,0.0035423332293658127,-0.008666336080863167,0.054191377060110305,0.22528804345914383,False,False,
2024-02-26,77.58000183105469,-0.0004770751566744676,0.020364797292939746,0.7231771570129492,False,0.009630472780217447,-0.007381171019773854,0.05330373426126204,0.31914544141711937,False,False,
2024-02-27,78.87000274658203,-0.00033841038174947137,0.020429963876991135,0.8304673859895723,False,0.025351074155693265,-0.006524414689034139,0.05304989547946002,0.6008586549820637,False,False,
2024-02-28,78.54000091552734,0.0004524619424756586,0.019909892806535955,-0.23287847284472377,False,0.008604059911564876,-0.005172150660774353,0.05254342519343691,0.2621871437125113,False,False,
2024-02-29,78.26000213623047,0.000748231225794651,0.019669411919945676,-0.21928861157343088,False,0.021137823062154615,-0.003486598362480371,0.0508826071370239,0.48394574905179,False,False,
2024-03-01,79.97000122070312,0.0006281283896445104,0.019667860815063214,1.0790244193514749,False,0.024862264151681357,-0.002007788995033423,0.04994401764667756,0.5380034369041647,False,False,
2024-03-04,78.73999786376953,0.0006677263319846949,0.01970805384216055,-0.8143135791624492,False,-0.005682593304245476,-0.0003716389315101705,0.04875776477379521,-0.1089253044591919,False,False,
2024-03-05,78.1500015258789,0.0002743193837542209,0.019730277171082534,-0.3936735402567855,False,-0.0003837142386771131,0.00020864880794930614,0.0484265935209476,-0.01223218491241149,False,False,
2024-03-06,79.12999725341797,0.00017441313468177455,0.019750645174096075,0.6260817834337479,False,0.01565901083254495,0.0006577405702424451,0.04826034237230843,0.3108405271262677,False,False,
2024-03-07,78.93000030517578,0.0006142075858962003,0.0196523035831342,-0.15986194741556337,False,0.004070725001140474,0.0014930811132461545,0.04796574487057033,0.053739265278789576,False,False,
2024-03-08,78.01000213623047,0.0012344785308184244,0.01877839024348519,-0.6864461091159373,False,0.019871935088403347,0.003093157052825656,0.04595503341505491,0.3651129547450388,False,False,
2024-03-11,77.93000030517578,0.0005321994189723478,0.018247970820023794,-0.08536469223681162,False,0.004511452253936232,0.00412323896695036,0.045444122596322196,0.008542651168212694,False,False,
2024-03-12,77.55999755859375,0.00021809096425419542,0.01806600268991018,-0.2748796681979843,False,-0.016609675952433678,0.0047146135118691,0.04515191528254879,-0.4722787357050303,False,False,
2024-03-13,79.72000122070312,0.00012557651149009382,0.018073529009646486,1.5339493730082354,False,0.015024195205254998,0.0044242193865449584,0.045218935427247406,0.23441453715256752,False,False,
2024-03-14,81.26000213623047,0.0006117708989604509,0.018323949061855985,1.0208417337946663,False,0.03833375821761131,0.004311254392477781,0.045181212434780585,0.7530232588212472,False,False,
2024-03-15,81.04000091552734,0.001139118293616949,0.018285016521036417,-0.21036307702937385,False,0.013380013486197218,0.004857578800766653,0.04534345246358267,0.1879529286455483,False,False,
2024-03-18,82.72000122070312,0.0012230447363940728,0.018252257618079328,1.0687698288299714,False,0.050546145096670214,0.005435097396790007,0.04516984374927578,0.9986983340097005,False,False,
2024-03-19,83.47000122070312,0.0012233800670377285,0.018252620611599636,0.4297109498555432,False,0.06807421101665034,0.0064242344167896445,0.04533652105801602,1.3598303345986507,False,False,
2024-03-20,81.68000030517578,0.001091249375161006,0.018157992101492482,-1.2411113729940275,False,0.03222549147311726,0.007400039727143728,0.04586935758700219,0.5412208291534526,False,False,
2024-03-21,81.06999969482422,0.0011306887416118524,0.018105005503640414,-0.47494405051379424,False,0.027112623607935094,0.007951463454515867,0.04591650215464177,0.4173044385847713,False,False,
2024-03-22,80.62999725341797,0.001362866514219001,0.01787713837443475,-0.3798317672383209,False,0.033585374252549594,0.0080989736724514,0.04596061839758445,0.5545269291119389,False,False,
2024-03-25,81.94999694824219,0.0014759106455023727,0.01780594832147139,0.8365274132537429,False,0.05158471227157713,0.009047503131592865,0.04573925198118813,0.929993545969645,False,False,
2024-03-26,81.62000274658203,0.0018256266907275057,0.017837887505074448,-0.32808827401765545,False,0.05234663893485947,0.010642515598155397,0.04509596319851934,0.9247861754968205,False,False,
2024-03-27,81.3499984741211,0.002313972207584201,0.017147229815703987,-0.3278685387916857,False,0.02044652820445103,0.012778900298642454,0.04315882177298971,0.17766073286567904,False,False,
2024-03-28,83.16999816894531,0.002277551984474207,0.017156350568459527,1.1712811103077416,False,0.023504749969274874,0.014393501183099199,0.04107279248294376,0.22183173423037383,False,False,
2024-04-01,83.70999908447266,0.002212423506358956,0.017069293028073404,0.2507610233126224,False,0.03294667002445384,0.015467642268446756,0.04022362677794136,0.43454628923696614,False,False,
2024-04-02,85.1500015258789,0.0022821471836972705,0.01707604316788112,0.8737462110846927,False,0.02937621215324171,0.016537441645897197,0.039594045775212694,0.32426013194595155,False,False,
2024-04-03,85.43000030517578,0.0030181474385994706,0.01649621819274602,0.016376656885836463,False,0.023481479044072717,0.018290203334778325,0.037103407852856575,0.1399137170871683,False,False,
2024-04-04,86.58999633789062,0.0028948631134555996,0.016458644159758104,0.6491092796000841,False,0.06011258587622348,0.020040056452725066,0.034047329611077114,1.176965414945818,False,False,
2024-04-05,86.91000366210938,0.0026709363229736366,0.016191828280521646,0.0632865700564164,False,0.0720365608643021,0.02161038282263325,0.03311846036280221,1.5226003108014714,False,False,
2024-04-08,86.43000030517578,0.0027481528600345703,0.01618259644250629,-0.5111136561371815,False,0.07193356380167737,0.02304609633035016,0.032936460720022404,1.4842963209343265,False,False,
2024-04-09,85.2300033569336,0.0024803833302447947,0.01615063248966907,-1.0132368509166272,False,0.04002448481801646,0.024109263031291017,0.03321296117582418,0.47918707707129055,False,False,
2024-04-10,86.20999908447266,0.002116798020968928,0.016208668274371247,0.5787921598401411,False,0.056236169853385976,0.024436432646101253,0.03324771425959883,0.9564488240903337,False,False,
2024-04-11,85.0199966430664,0.0021284960220595383,0.01621520401008695,-0.9825363622881927,False,0.04511368454558484,0.024256104272033608,0.03303455675990625,0.6313867149828357,False,False,
2024-04-12,85.66000366210938,0.0020037324749015806,0.016302240273831724,0.338848578002181,False,0.029938746518979764,0.023982703559473285,0.032771409068892955,0.1817450982039107,False,False,
2024-04-15,85.41000366210938,0.0021636504279923924,0.016296742429277606,-0.3118516099038524,False,0.02030826181136658,0.023945742133612447,0.03276299413369655,-0.11102405071411772,False,False,
2024-04-16,85.36000061035156,0.0017604080568590804,0.01603786008298568,-0.1462698448932337,False,0.002466225257891974,0.02342197791865658,0.03249838298122906,-0.644824472432015,False,False,
2024-04-17,82.69000244140625,0.002010199745217558,0.01584988955296225,-2.100296388939639,True,-0.03207301713662203,0.0223860177114704,0.03189802246972543,-1.7072856130745964,False,True,shock
2024-04-18,82.7300033569336,0.0020141393919047464,0.0158414633569995,-0.09660685191123196,False,-0.0445778166555707,0.021516940818340574,0.03248450520686268,-2.0346548932488617,True,True,trend
2024-04-19,83.13999938964844,0.0020428818630254366,0.015836639906537938,0.18393741183896473,False,-0.04337825467270773,0.020909530962842888,0.03328967506903783,-1.9311629056825372,False,False,
2024-04-22,82.8499984741211,0.0023452944498192365,0.015669729302243914,-0.3722717699261695,False,-0.04142082400108826,0.020527150882764546,0.03386397970652112,-1.829317623643733,False,False,
2024-04-23,83.36000061035156,0.0018592676423011634,0.015267348681530676,0.28141502646329764,False,-0.021940662594493565,0.019932557655401712,0.03455720045408896,-1.2117075370594916,False,False,
2024-04-24,82.80999755859375,0.002034878100763491,0.015239615999177634,-0.5664711852268899,False,-0.03943859832949803,0.019866958108834168,0.03463288323078921,-1.7124059825781,False,False,
2024-04-25,83.56999969482422,0.001647696259282676,0.015082243119720588,0.49926030893102646,False,-0.0170547754115965,0.019414765687627067,0.0351858794657172,-1.0364822949716828,False,False,
2024-04-26,83.8499984741211,0.002319223011782439,0.014247409253416773,0.0723813711549291,False,-0.021130108692592908,0.01975036823505184,0.034706790379860956,-1.1778812295868808,False,False,
2024-04-29,82.62999725341797,0.0020869421910047134,0.014083578136940613,-1.1812870384334158,False,-0.03254895550279324,0.019707893872754755,0.03475546014031366,-1.5035579780724604,False,False,
2024-04-30,81.93000030517578,0.002053519737890565,0.014120490052188092,-0.7453694951928425,False,-0.04018275867678267,0.020014942066104328,0.03417829148404272,-1.7612846672278017,False,False,
2024-05-01,79.0,0.0018191351371143582,0.014147689993740581,-2.656361201053867,True,-0.04462452935614514,0.019855190292530994,0.034433749723483266,-1.8725732796013788,False,True,shock
2024-05-02,78.94999694824219,0.0012201163104485883,0.014769913800598689,-0.12546223070200374,False,-0.045690877013298326,0.019091137312815427,0.03522186638904092,-1.83925558091011,False,False,
2024-05-03,78.11000061035156,0.0012630434743641998,0.014759646645675379,-0.8064314228756031,False,-0.060500346598789445,0.0183423582810349,0.035996096522258485,-2.190312631011846,True,True,trend
2024-05-06,78.4800033569336,0.0010917169506402136,0.014822948535876467,0.24591785184609727,False,-0.05274586840882689,0.017122690802798057,0.0370952444566854,-1.883491003630064,False,False,
2024-05-07,78.37999725341797,0.0008755663401085616,0.014646633929146493,-0.1467814418940105,False,-0.059740922750367464,0.016166316740613144,0.037961180194155446,-1.9996016747305287,False,False,
2024-05-08,78.98999786376953,0.0009791658575774686,0.014602934564960241,0.46589538379335727,False,-0.046129692156086644,0.015144439584443278,0.038959584459791814,-1.5727614293157517,False,False,
2024-05-09,79.26000213623047,0.0007596358010166782,0.014370317134218406,0.18500444715032496,False,-0.05157350214589851,0.014280087417799271,0.039593664188510756,-1.6632355431960018,False,False,
2024-05-10,78.26000213623047,0.0009506212611623225,0.014308236779071934,-0.9482178445452573,False,-0.06666662420531688,0.012914186043178184,0.04007842361179743,-1.9856272546874765,False,False,
2024-05-13,79.12000274658203,0.000653315384358617,0.014355955872288351,0.7199592417015084,False,-0.042478453630721225,0.011499273623283145,0.040991666033860175,-1.3167975951359814,False,False,
2024-05-14,78.0199966430664,0.0003967629832579197,0.013987446216386428,-1.02232899964187,False,-0.04772371106487561,0.009813843728579151,0.04056991704463963,-1.4182320050136017,False,False,
2024-05-15,78.62999725341797,9.935893458667374e-05,0.014051912187203251,0.5493314501861,False,-0.004683579070658639,0.00806857529513338,0.04018516826150484,-0.3173348505798811,False,False,
2024-05-16,79.2300033569336,0.00041383584347640074,0.013955615135615267,0.517133590382575,False,0.0035466297595296847,0.0072539722894901775,0.03980943286537498,-0.0931272380216455,False,False,
2024-05-17,80.05999755859375,0.00033497647019927525,0.01389699799435779,0.7297100977384332,False,0.024964753975226017,0.006303102665157721,0.039016565695613965,0.4783007160511346,False,False,
2024-05-20,79.80000305175781,0.0008121844850422599,0.013615972068902445,-0.2981557451200734,False,0.016819567257416512,0.006031408714811765,0.03881145318952847,0.277963272591799,False,False,
2024-05-21,79.26000213623047,0.0011257289829972642,0.01323789912883938,-0.5962167722690068,False,0.011227416606908847,0.006302466251210855,0.03881490706636909,0.12688296141677952,False,False,
2024-05-22,77.56999969482422,0.001313657504534455,0.01301979266301416,-1.738577483650372,False,-0.017976936414080158,0.006657405992309632,0.038735466188108386,-0.6359634936819845,False,False,
2024-05-23,76.87000274658203,0.0009371267863108379,0.013261638533053182,-0.7511285059505458,False,-0.030153915281765364,0.006845075936873588,0.03857916857067757,-0.9590406581950123,False,False,
2024-05-24,77.72000122070312,0.0007197098304264686,0.013289844896765171,0.7778796343525635,False,-0.0069000881777046,0.006633065443275991,0.038740035566237764,-0.3493325037825943,False,False,
2024-05-28,79.83000183105469,0.0007671122373354633,0.01332066911143083,1.9805036843180193,False,0.00897369893611799,0.0067594681007557495,0.038679350561780276,0.05724581212462653,False,False,
2024-05-29,79.2300033569336,0.0007030641869536222,0.01317949912202678,-0.6236212972638027,False,0.015508930606634719,0.007075601284201493,0.03859809537495415,0.21849081516870686,False,False,
2024-05-30,77.91000366210938,0.0004943943749453512,0.013184144890023477,-1.3011648374746827,False,-0.009156729193161683,0.007482362373450548,0.03852300487360876,-0.4319261080801954,False,False,
2024-05-31,76.98999786376953,0.00025837437945789817,0.013331841843412991,-0.9051221409162223,False,-0.02827218728078007,0.007335960869703878,0.03856564231222963,-0.923312721261022,False,False,
2024-06-03,74.22000122070312,-6.374728291047423e-05,0.013327588080624604,-2.6947793125202173,True,-0.07294524751410947,0.006950431071683796,0.0387774035092267,-2.060366898128774,True,True,shock+trend
2024-06-04,73.25,-0.00033285470529690995,0.013843321536385319,-0.92004040098565,False,-0.08208023560487232,0.0058389570298705605,0.03985641470735084,-2.2058981792591514,True,True,trend
2024-06-05,74.06999969482422,-0.0007489347746062262,0.013749341556741677,0.868657586855465,False,-0.06548072547974171,0.003984145850564375,0.04067050797471218,-1.7079912395856345,False,False,
2024-06-06,75.55000305175781,-0.0007978892976932276,0.013699438615956705,1.5167799385117688,False,-0.026040952056381017,0.0018363962441292274,0.04001495108912284,-0.6966733068952338,False,False,
2024-06-07,75.52999877929688,-0.00036141854342851184,0.013834176996753786,0.006985356285335817,False,-0.017432079086854735,0.0004999004839178352,0.03923177170689422,-0.4570779954763392,False,False,
2024-06-10,77.73999786376953,-0.000318901958795846,0.013829444778087742,2.13882679418615,True,0.00025729082285552707,-0.0005691582119516969,0.038599968354349194,0.021410614309845803,False,True,shock
2024-06-11,77.9000015258789,-4.856597602179195e-05,0.01420678793961857,0.14829218786450588,False,-0.024176378064731385,-0.0014232057723040134,0.03784631456870168,-0.6011991537808518,False,False,
2024-06-12,78.5,0.0003384580703943903,0.013854526198491077,0.5315017179626429,False,-0.009213723665325468,-0.0017927885895586426,0.03793241266587833,-0.1956357256031395,False,False,
2024-06-13,78.62000274658203,0.0002511498236433522,0.013786135778400795,0.09266901222941337,False,0.009113067014498988,-0.0020440445421658817,0.03791813221127347,0.2942421186386322,False,False,
2024-06-14,78.44999694824219,4.982567822537328e-05,0.013653357529727284,-0.16202600852006707,False,0.018963490388141935,-0.0022605513040484717,0.03780578829206563,0.5613966181111144,False,False,
2024-06-17,80.33000183105469,7.678234680669119e-05,0.013646879514161572,1.75040669762263,False,0.08232283090622228,-0.0021224255643607776,0.037864897415526955,2.230172593467935,True,True,trend
2024-06-18,81.56999969482422,0.0004438412595352285,0.013915192358570451,1.0774164357785319,False,0.11358361358121805,-0.001306625459773209,0.039014477770776906,2.944810378239837,True,True,trend
2024-06-20,82.16999816894531,0.00035832216257756383,0.013801097954734777,0.5070107204084098,False,0.1093559944308613,-0.00012367413404605306,0.041107568910680334,2.663248434924182,True,True,trend
2024-06-21,80.7300033569336,0.0006614746467053771,0.013700045349230536,-1.3274449439433909,False,0.06856386625990019,0.0014101737024220372,0.04300000455170653,1.5617136150933975,False,False,
2024-06-24,81.62999725341797,0.0005277198119921452,0.013829095775634079,0.767980518070632,False,0.08076259198607505,0.002329474775736401,0.043692575560241136,1.7951131560600952,False,False,
2024-06-25,80.83000183105469,0.0005091633274716785,0.013813684605908897,-0.7463197824342797,False,0.039747929665499004,0.003197522524450136,0.044598298673654675,0.8195471178957798,False,False,
2024-06-26,80.9000015258789,0.00041219246312340494,0.013860736546946603,0.032741321761756044,False,0.038510910670565,0.003673218586641583,0.04479756393791482,0.7776693422929238,False,False,
2024-06-27,81.73999786376953,0.0005791509389306659,0.013788635343588896,0.7110197982753426,False,0.04127385813719142,0.003921738261070405,0.044940116701153277,0.8311531570892087,False,False,
2024-06-28,81.54000091552734,0.0007312666276432899,0.013833550191804551,-0.22973219409505696,False,0.03714065208516226,0.004411903672847141,0.045146646343858725,0.7249430702568054,False,False,
2024-07-01,83.37999725341797,0.0007619485029868652,0.013823782020155417,1.5772542036346129,False,0.06284258122315012,0.00512857471334842,0.04523497195431753,1.2758713892447344,False,False,
2024-07-02,82.80999755859375,0.0006914966603271599,0.01369674786521146,-0.5495950603279702,False,0.030872596427357735,0.005766153193587022,0.045710826406850286,0.5492450083993281,False,False,
2024-07-03,83.87999725341797,0.00034277944515140806,0.013548251927120059,0.9284121750522855,False,0.028319205188624297,0.005666671036383641,0.04564706504602289,0.49625390218191723,False,False,
2024-07-05,83.16000366210938,0.000551159652221361,0.013620699034904787,-0.6706538698129678,False,0.012048259890776292,0.005865860259082668,0.045713724715823065,0.1352416516073932,False,False,
2024-07-08,82.33000183105469,0.00016030469419836695,0.013453380565580687,-0.7537946469629576,False,0.019819130528794693,0.005352555123004083,0.04542044358694714,0.3185036134245944,False,False,
2024-07-09,81.41000366210938,-9.366214002953862e-05,0.013462758925615236,-0.8230747435685096,False,-0.002695009172003604,0.004709154049832674,0.044858254805787694,-0.16505687200477043,False,False,
2024-07-10,82.0999984741211,4.327548853422236e-05,0.01329382152487421,0.6343005007097006,False,0.01571194623650829,0.004243547374564396,0.04474988711777573,0.2562777160031845,False,False,
2024-07-11,82.62000274658203,0.00025585854246714225,0.013299559610717502,0.4570025726518686,False,0.021260830510033024,0.004091538342945372,0.044690478141281936,0.3841823332659281,False,False,
2024-07-12,82.20999908447266,0.0004126749430992553,0.013300980558012578,-0.4041204254155199,False,0.005749953914685024,0.003927211093045151,0.04460313691537882,0.04086579885845215,False,False,
2024-07-15,81.91000366210938,0.00012822697624804183,0.01318267912433983,-0.28653981447888416,False,0.004537683865926567,0.003316080981619923,0.044253969260218115,0.02760436870924476,False,False,
2024-07-16,80.76000213623047,0.0001332621706288221,0.013181142684132428,-1.0752542697953815,False,-0.03142234592817883,0.0026786282473674843,0.04388092634993621,-0.7771252116147699,False,False,
2024-07-17,82.8499984741211,-9.827866769189045e-06,0.013276907669658706,1.9499216665428922,False,0.0004830445200658673,0.0019870432589324193,0.04400567347304917,-0.03417738260016997,False,False,
2024-07-18,82.81999969482422,3.692734304227082e-05,0.013362690287626879,-0.029860214393832907,False,-0.01263707192778385,0.0016800871862762993,0.04393378489676312,-0.3258803935901044,False,False,
2024-07-19,80.12999725341797,-5.4470288252746656e-05,0.013341363036265617,-2.4304590541289324,True,-0.036435861895854904,0.0010723039602464634,0.043810527012329556,-0.8561450503789986,False,True,shock
2024-07-22,79.77999877929688,-0.0007169020492676485,0.01370150961424287,-0.26646561727057194,False,-0.03097295026168645,0.00019480963959184194,0.04389496216721616,-0.7100532353244984,False,False,
2024-07-23,76.95999908447266,-0.0008189844974012688,0.013699786700918964,-2.5203470524942726,True,-0.05466164325586298,-0.0005312494178182803,0.04395489598911587,-1.2314986219384636,False,True,shock
2024-07-24,77.58999633789062,-0.0014713248080153079,0.014162009883116103,0.6819201499460678,False,-0.054933035567011346,-0.0020615724729127665,0.043812749032111006,-1.2067597734017628,False,False,
2024-07-25,78.27999877929688,-0.00141145316138562,0.014193605705589531,0.7259877320628224,False,-0.052529700109029576,-0.003754500425330279,0.04336163521342843,-1.1248468708254427,False,False,
2024-07-26,77.16000366210938,-0.0012192408463443315,0.014234726009991679,-0.9194634786624116,False,-0.06142799511741015,-0.005414010610806372,0.04280390756408906,-1.3086184812154273,False,False,
2024-07-29,75.80999755859375,-0.0012248877645763094,0.014239901092942172,-1.1426555827893252,False,-0.07447205262838263,-0.006766710343278726,0.04295135338378026,-1.5763261678890779,False,False,
2024-07-30,74.7300033569336,-0.0016114802763952311,0.014283330870798354,-0.8845685562760476,False,-0.0746656589870458,-0.00850948664303564,0.043012167248321784,-1.5380804218041675,False,False,
2024-07-31,77.91000366210938,-0.0016173807311128075,0.014288525938586878,3.09133178485379,True,-0.059625768292014714,-0.01010654455680405,0.04321744883878068,-1.1458155227981703,False,True,shock
2024-08-01,76.30999755859375,-0.0011503744610913502,0.01513856523113241,-1.280584990162393,False,-0.07860422796689903,-0.011300738087617309,0.043333233336556,-1.5531610428549392,False,False,
2024-08-02,73.5199966430664,-0.0013852821802101175,0.015302179758383497,-2.2987656565976775,True,-0.08249096264719524,-0.012619571284660852,0.04386020421869628,-1.5930475611591048,False,True,shock
2024-08-05,72.94000244140625,-0.0018649616499430192,0.015831485615243238,-0.38050564441047835,False,-0.08573572878601776,-0.013752333790062016,0.04455687070511836,-1.6155397328584575,False,False,
2024-08-06,73.19999694824219,-0.0015530905197828218,0.015470482556353988,0.3307969672739966,False,-0.04885657719542624,-0.014467836612053956,0.04528003791655921,-0.7594680164964283,False,False,
2024-08-07,75.2300033569336,-0.0015120138170520692,0.01548005077384425,1.8891632455257685,False,-0.03041620173146653,-0.014524886752585366,0.045321164164762534,-0.35063783712856944,False,False,
2024-08-08,76.19000244140625,-0.0012083271940639688,0.015828151267297554,0.8825529207144274,False,-0.026698982760374967,-0.014352059380035479,0.045234279489080695,-0.2729550137594204,False,False,
2024-08-09,76.83999633789062,-0.0009916744294214313,0.015907531714489526,0.5986407909454815,False,-0.00414732126789541,-0.014155768163492635,0.04514708720619012,0.22168532933006066,False,False,
2024-08-12,80.05999755859375,-0.0009600011765868658,0.01592431117248136,2.6918135594091765,True,0.05606120745110377,-0.013918523612471331,0.04515237637212956,1.5498570991441836,False,True,shock
2024-08-13,78.3499984741211,-0.000313291832607628,0.01666014465581989,-1.263235018808044,False,0.048440986947334785,-0.012645192868729973,0.04576538738710297,1.3347681141508114,False,False,
2024-08-14,76.9800033569336,-0.000720446920592351,0.016797635090491873,-0.9980650467766469,False,-0.011936853567728334,-0.011771916037277555,0.046301846255535246,-0.003562223621505404,False,False,
2024-08-15,78.16000366210938,-0.0009982609126173022,0.016901378905099792,0.9660111813459626,False,0.024243299209846247,-0.01164933930227936,0.04628890417640651,0.7754048005832921,False,False,
2024-08-16,76.6500015258789,-0.0005998813631932842,0.016929747551728824,-1.1057158377225984,False,0.04257351776018736,-0.010892109239444166,0.04640676774218667,1.152108401443954,False,False,
2024-08-19,74.37000274658203,-0.0007445201439346282,0.01704386175601895,-1.7015545316121494,False,0.01960515844956978,-0.009788692220284567,0.04668393370121767,0.6296352586304795,False,False,
2024-08-20,74.04000091552734,-0.0006642980199914754,0.01689028054432392,-0.22338288112500038,False,0.011475464512370248,-0.008932296382875035,0.046625345755058466,0.4376967197724472,False,False,
2024-08-21,71.93000030517578,-0.0007150226537080255,0.016895896773873435,-1.644369324663712,False,-0.043865517805452336,-0.00817007849586612,0.04648335976430761,-0.7679186592918154,False,False,
2024-08-22,73.01000213623047,-0.0009531362223760409,0.017161407446754595,0.9304457801408016,False,-0.04173776352903191,-0.007948280778621626,0.04626948387978188,-0.7302757653014386,False,False,
2024-08-23,74.83000183105469,-0.0008161005116410343,0.01724827171681245,1.492566215746376,False,-0.026158180669313635,-0.0078015060468910255,0.04614274412588013,-0.3978236442190026,False,False,
2024-08-26,77.41999816894531,-0.00046673551377713745,0.01750235968006162,2.004213893759085,True,-0.032975261930482724,-0.007353736152476974,0.04579353444557509,-0.5595009445810858,False,True,shock
2024-08-27,75.52999877929688,-0.00010901376351924045,0.01794189654427702,-1.35455443266166,False,-0.03599233886080622,-0.007178343749468922,0.04566803211121465,-0.630944531202199,False,False,
2024-08-28,74.5199966430664,-0.00048008706532902976,0.018154495745743442,-0.7101332701952844,False,-0.03195643812148019,-0.006970594905667691,0.045498469957639946,-0.5491578780357858,False,False,
2024-08-29,75.91000366210938,-0.0004901603229459331,0.018161529142921084,1.0540393313973877,False,-0.028787102028895672,-0.006507792424549869,0.045057442219784846,-0.4944645880178901,False,False,
2024-08-30,73.55000305175781,-0.0003879764932933849,0.018248340504776153,-1.6824257564601643,False,-0.040443553977940305,-0.006325241069858861,0.0449373120638643,-0.759242405500199,False,False,
2024-09-03,70.33999633789062,-0.0006171291020467074,0.01852614268392807,-2.322487786359486,True,-0.05418860104690015,-0.006228172308699724,0.04485446562944025,-1.069245348599618,False,True,shock
2024-09-04,69.19999694824219,-0.0013032942413546216,0.019151937944661225,-0.7781819555806607,False,-0.06537012300698297,-0.006888239268382944,0.04519439225527206,-1.294007526603656,False,False,
2024-09-05,69.1500015258789,-0.001621130774272556,0.01919941023274371,0.046806309659282355,False,-0.03864866908803333,-0.00780712930526978,0.04567738900014544,-0.6752036501619072,False,False,
2024-09-06,67.66999816894531,-0.0017704405538535703,0.01914753707971317,-1.0253201280065294,False,-0.0731407178611112,-0.00865530827944657,0.0456512358479481,-1.4125665687660256,False,False,
2024-09-09,68.70999908447266,-0.0020125112193300956,0.01928076266152385,0.9014802224797315,False,-0.08178541489814861,-0.009854778747693608,0.04615193896675067,-1.558561520075595,False,False,
2024-09-10,65.75,-0.0017173693059756771,0.019376186009631653,-2.1346939938462293,True,-0.15073622377875973,-0.011094949834427707,0.04682259711452307,-2.9823478950299225,True,True,shock+trend
2024-09-11,67.30999755859375,-0.002007467123885083,0.01983120582285365,1.2976349478467093,False,-0.1088309460287753,-0.012865073665956768,0.04951816998099193,-1.93799311242027,False,False,
2024-09-12,68.97000122070312,-0.0015707969030681686,0.020034148348449392,1.3094074844668535,False,-0.07447659249028793,-0.013914100742583566,0.050708446973464966,-1.1943274811669127,False,False,
2024-09-13,68.6500015258789,-0.0013894041381350183,0.020210842737344203,-0.1608191116436061,False,-0.0956395967064656,-0.014815120800084678,0.051180309140982205,-1.5792103889747982,False,False,
2024-09-16,70.08999633789062,-0.0018132500101727357,0.019935724110679055,1.1431307378608757,False,-0.047042917339273904,-0.016209964741985793,0.05194307538821545,-0.5935912028089757,False,False,
2024-09-17,71.19000244140625,-0.0014333587947717953,0.02009640593640625,0.8522695215285913,False,0.012084250039372524,-0.017043989381264574,0.051929078564261794,0.5609234792138887,False,False,
2024-09-18,70.91000366210938,-0.0010019648368355524,0.020112381419866772,-0.1457388111569039,False,0.02471108076993378,-0.016760776324830785,0.05203049918664952,0.7970682146637141,False,False,
2024-09-19,71.94999694824219,-0.0008969588173994536,0.020075723390974305,0.7752319410975618,False,0.040491617651163825,-0.016054332750821267,0.052231393070556284,1.0826046765706696,False,False,
2024-09-20,71.91999816894531,-0.0002216916290755607,0.019728515089432477,-0.009896722653921787,False,0.06280478964088965,-0.01454184121528429,0.05220412887013181,1.4816190314867455,False,False,
2024-09-23,70.37000274658203,-5.299388865800392e-05,0.019671182861306372,-1.0929015962354343,False,0.024159564608180917,-0.01261004087867413,0.05235162261717067,0.7023584685376129,False,False,
2024-09-24,71.55999755859375,-0.0004896098369319161,0.019781266892927245,0.8796277238300187,False,0.08836498187975295,-0.011414837010835161,0.05215113083226203,1.9132819806250827,False,False,
2024-09-25,69.69000244140625,-0.0005305512159891901,0.01974146350799842,-1.2968288143161508,False,0.03535886152336709,-0.009889424558353375,0.05337632406920816,0.8477220353925305,False,False,
2024-09-26,67.66999816894531,-0.0008754454565457308,0.019961487475752486,-1.4082178051711218,False,-0.018848818743642193,-0.009185545350217084,0.05362302389415958,-0.1802075431720962,False,False,
2024-09-27,68.18000030517578,-0.0016520514914643532,0.019906171707938385,0.46159844050078613,False,-0.006846339552169511,-0.009440293477770388,0.05362294129192744,0.04837395829294762,False,False,
2024-09-30,68.16999816894531,-0.0015790059363284925,0.01993000762863861,0.07186670740803501,False,-0.027393326712265242,-0.009209226297602896,0.053595915489781536,-0.3392814592024141,False,False,
2024-10-01,69.83000183105469,-0.0016836574624070533,0.01990120026005436,1.3081924197379347,False,-0.01910381463283317,-0.009451621004895426,0.05363703017959253,-0.17995391608408157,False,False,
2024-10-02,70.0999984741211,-0.0013793608697031286,0.02012421276601327,0.26067333739234644,False,-0.011423003048314673,-0.009827846093526521,0.05360400294927781,-0.029758168551284336,False,False,
2024-10-03,73.70999908447266,-0.0012989760939748492,0.02013308178489329,2.622392671207348,True,0.024461462277705737,-0.010232999339345943,0.053498179820595675,0.648516673527929,False,True,shock
2024-10-04,74.37999725341797,-0.0009318627822748053,0.02083863193459393,0.48091035158343687,False,0.03420465999865496,-0.01100448425439283,0.05255429275623966,0.8602369451100682,False,False,
2024-10-07,77.13999938964844,-0.0010164847447517423,0.02078408043526362,1.8342530996412172,False,0.09620571804504063,-0.012062870302160338,0.050780693270827126,2.132081729758501,True,True,trend
2024-10-08,73.56999969482422,-0.0006198027122478988,0.021225259436233945,-2.151195638762514,True,0.02808834830639384,-0.012238207320637946,0.05037688667920999,0.8004971780773847,False,True,shock
2024-10-09,73.23999786376953,-0.0010032014717032507,0.02178701323147384,-0.15983592561622514,False,0.050939809126108626,-0.012777880893351365,0.04971199282634156,1.2817367881839783,False,False,
2024-10-10,75.8499984741211,-0.0012116514030123282,0.021743928447939702,1.694630535630577,False,0.12088075257152431,-0.013175517998150917,0.04906878106794876,2.732007350743821,True,True,trend
2024-10-11,75.55999755859375,-0.0006058309167235457,0.02213092564020446,-0.14538554841256404,False,0.10824284570819698,-0.01209374702607058,0.05110344247413272,2.3547649024853645,True,True,trend
2024-10-14,73.83000183105469,-0.0006683557030710693,0.022133335275424246,-1.0042454168385462,False,0.08302778075601847,-0.011163987892235487,0.052647579689126374,1.7890996927957157,False,False,
2024-10-15,70.58000183105469,-0.0011120730347002465,0.022242097327271688,-1.9291333588712543,False,0.01074036918707999,-0.01060726892398446,0.05342460237381971,0.3995844079791539,False,False,
2024-10-16,70.38999938964844,-0.0016663836980330086,0.022787168716880465,-0.04500917014222077,False,0.0041369603686141065,-0.01095927269595889,0.05319221734430996,0.2838052974339461,False,False,
2024-10-17,70.66999816894531,-0.002003151458783357,0.022610160612802334,0.26452584812413105,False,-0.041242720842303404,-0.011742014307352703,0.0525192008958803,-0.561712783738581,False,False,
2024-10-18,69.22000122070312,-0.0018589649419501343,0.02261340418062488,-0.825125326397775,False,-0.0693734367202834,-0.012703551870948186,0.05238844819212208,-1.0817248230280079,False,False,
2024-10-21,70.55999755859375,-0.002304818261049045,0.022647677953274072,0.956536557397713,False,-0.08529947994707487,-0.01400612042973362,0.052568876464495366,-1.356189523386376,False,False,
2024-10-22,72.08999633789062,-0.0019322565476287369,0.022772478627161464,1.0370374632341721,False,-0.020116941186255177,-0.015304090294238305,0.053115832007320195,-0.09061047733100719,False,False,
2024-10-23,70.7699966430664,-0.001510064034573683,0.022914326939939708,-0.7331822568078226,False,-0.033724758229751295,-0.01583657125043897,0.05295891278667872,-0.3377748151924282,False,False,
2024-10-24,70.19000244140625,-0.001605209674349363,0.022969746292682922,-0.28691095626210583,False,-0.07462091162264095,-0.016250301237875603,0.05297606362392038,-1.1018298905547441,False,False,
2024-10-25,71.77999877929688,-0.0018274901368345404,0.022951531883958664,1.066605786600242,False,-0.0500264544922151,-0.01745473934266426,0.05326565599329346,-0.6114956164935219,False,False,
2024-10-28,67.37999725341797,-0.0016099040690714232,0.023106777134231513,-2.5831611954463045,True,-0.08736292046147143,-0.018405236476027566,0.0532014644865513,-1.2961613867391852,False,True,shock
2024-10-29,67.20999908447266,-0.002361049550879368,0.02411108222417884,-0.006715884178178027,False,-0.04774727485341679,-0.019646741467709655,0.0537141306839141,-0.5231497378421218,False,False,
2024-10-30,68.61000061035156,-0.0023460341019744687,0.024110619873576423,0.9612482303064065,False,-0.025287665786777103,-0.020343874250634233,0.05373529764837283,-0.09200268264062687,False,False,
2024-10-31,69.26000213623047,-0.001881099777116361,0.024218044113233153,0.4688636089948216,False,-0.01995183344060769,-0.020262078515415543,0.053722873800940624,0.00577491583859424,False,False,
2024-11-01,69.48999786376953,-0.002099836340774733,0.02403733828741612,0.22550727474223073,False,0.003900558195680137,-0.020534543554891187,0.05366803100824847,0.45530088008661596,False,False,
2024-11-04,71.47000122070312,-0.0020507317572773702,0.02404469683272029,1.2703046140923955,False,0.012896877743705959,-0.02031404181991167,0.053734849081957664,0.6180517881973308,False,False,
2024-11-05,71.98999786376953,-0.0012377522313047622,0.024032729746868483,0.3542454508685056,False,-0.0013871338493678387,-0.01965627195805086,0.05383667981761671,0.3393436996964457,False,False,
2024-11-06,71.69000244140625,-0.00108250401504288,0.024049838284395452,-0.12826190079844735,False,0.01299994124600512,-0.01926179440588661,0.05386102514542953,0.5989810918893986,False,False,
2024-11-07,72.36000061035156,-0.0006667704211553079,0.023716709969723263,0.4221723403838737,False,0.030916057749916792,-0.018359639945861702,0.05382672039246896,0.9154504925526318,False,False,
2024-11-08,70.37999725341797,-0.0006513073086492893,0.023722937181424424,-1.125995601977097,False,-0.01950406171200303,-0.01721498536830266,0.05395112713873656,-0.04242870288537171,False,False,
2024-11-11,68.04000091552734,-0.0011347227845895746,0.023894605563639378,-1.3439564103888804,False,0.009795246200843266,-0.016774643523008972,0.05379354340196631,0.4939233975592884,False,False,
2024-11-12,68.12000274658203,-0.0013872625121130271,0.024134594124610515,0.10619894198591037,False,0.013539706509527516,-0.01582500030543226,0.05362300253092984,0.5476139982654303,False,False,
2024-11-13,68.43000030517578,-0.0011383025641667007,0.02406237448430697,0.23642967003679952,False,-0.002623528692238808,-0.01465151018359346,0.05328417973751425,0.2257326949688682,False,False,
2024-11-14,68.69999694824219,-0.0008876782663126962,0.024021860278801866,0.20120286332049678,False,-0.008085549678251258,-0.013690948446329369,0.052835140759354686,0.10609224632539001,False,False,
2024-11-15,67.0199966430664,-0.001402446331079116,0.023486068391276666,-0.9815056008923244,False,-0.03554470134745713,-0.013003745531479188,0.05256409852319191,-0.42882797288024643,False,False,
2024-11-18,69.16000366210938,-0.0014546804661642301,0.0235335072280792,1.418639109240648,False,-0.032321218960950526,-0.01242961850988663,0.05207074181299327,-0.38201108258650396,False,False,
2024-11-19,69.38999938964844,-0.0005414500562301949,0.02348164461535985,0.16468224068975382,False,-0.03611610711589697,-0.011760688594070033,0.051477405579228135,-0.4731283219847173,False,False,
2024-11-20,68.87000274658203,-0.00039192350849613996,0.02346992794843156,-0.3025958747469147,False,-0.039336024533254355,-0.011099093638468421,0.050828590439781704,-0.5555324405117854,False,False,
2024-11-21,70.0999984741211,-0.0005393678428751159,0.02347947050270641,0.7836224767456226,False,-0.031232754521386186,-0.01097215293630613,0.050744839040896175,-0.3992642792452583,False,False,
2024-11-22,71.23999786376953,-0.0006710032583235925,0.023346122387148546,0.725322894867302,False,0.012219389654917867,-0.010983040306838393,0.050749154574255745,0.45719835446335677,False,False,
2024-11-25,68.94000244140625,-0.0006243149932695916,0.02337682793306998,-1.3543691566752645,False,0.013227535475730967,-0.010464128674634487,0.05078524495401393,0.4665068401623005,False,False,
2024-11-26,68.7699966430664,-0.0011685335621343285,0.023634492384600313,-0.054897004938943866,False,0.00954189474863143,-0.010232463918052803,0.050854031906558544,0.38884544499870766,False,False,
2024-11-27,68.72000122070312,-0.0017601505217216707,0.023090796874141103,0.044743186549755266,False,0.004237920710712162,-0.010852721420752434,0.05031537430529923,0.29992109449288634,False,False,
2024-11-29,68.0,-0.0014850575178463703,0.022976768701050802,-0.39136309206791575,False,-0.01018918456094775,-0.011442095637240735,0.04986834849639242,0.02512437476014717,False,False,
2024-12-02,68.0999984741211,-0.001391614016373007,0.022925009872309703,0.12484966541840266,False,0.016114620787084366,-0.011418793383816994,0.04986852250508803,0.5521201107991952,False,False,
2024-12-03,69.94000244140625,-0.0015763886069593462,0.02284412918523821,1.2517674371126162,False,0.011278177241107024,-0.011527175762787152,0.04979875293788055,0.45795028305913194,False,False,
2024-12-04,68.54000091552734,-0.0009585416763446656,0.022983976445046673,-0.8292140853466765,False,-0.012249581807142862,-0.011944446969708224,0.04946933382736095,-0.0061681614411769345,False,False,
2024-12-05,68.30000305175781,-0.0008288296540885846,0.022846358446875974,-0.11698774839563576,False,-0.008276458139861331,-0.012369176839797725,0.04933135276487924,0.08296384490899564,False,False,
2024-12-06,67.19999694824219,-0.0008163533359130663,0.02284461667695853,-0.6692671976387367,False,-0.04136949485026742,-0.012632535808494147,0.04925500065633654,-0.5834323146654212,False,False,
2024-12-09,68.37000274658203,-0.000651118521234162,0.022685955971698507,0.7961718653151804,False,-0.04028628864750561,-0.012599255502425015,0.04923445113539429,-0.5623508032808471,False,False,
2024-12-10,68.58999633789062,-0.00061916947532113,0.022709991019932464,0.1689503613511209,False,-0.005076966798965521,-0.012579902504004663,0.04922312660712938,0.15242704440380736,False,False,
2024-12-11,70.29000091552734,-0.000908641414242594,0.022517503057112313,1.1410529616202991,False,0.02210272424979376,-0.012298819652400022,0.049204729106818584,0.6991511695453387,False,False,
2024-12-12,70.0199966430664,-0.001039664278151949,0.022335884167795854,-0.12543159820537306,False,0.018917278801963144,-0.011564446503329669,0.04930288356823805,0.6182544123023623,False,False,
2024-12-13,71.29000091552734,-0.0007653842870682433,0.022170687578345387,0.852617721375344,False,0.04838236640481397,-0.010832318267826078,0.049342913871941896,1.200064609607735,False,False,
2024-12-16,70.70999908447266,-0.00034525181593083747,0.02222704481404271,-0.3504990091662078,False,0.03832600101075467,-0.00976113420747549,0.049748503420124636,0.9666046596846488,False,False,
2024-12-17,70.08000183105469,-0.0007024333454236173,0.02213266839448909,-0.3708165083153887,False,0.0020017069597004777,-0.008866292833613483,0.05000458565306188,0.21734006294377708,False,False,
2024-12-18,70.58000183105469,-0.0004067018465967687,0.02186775296855437,0.34486418734345375,False,0.02976365462909114,-0.008300356021111607,0.04988241634234741,0.7630747153258594,False,False,
2024-12-19,69.91000366210938,0.0002703457830532837,0.0212894271771931,-0.45858884175423326,False,0.02357248226082076,-0.00718099261209839,0.049780609060388524,0.6177802050515757,False,False,
2024-12-20,69.45999908447266,0.00035986896700720045,0.021233245521268554,-0.3201009227349296,False,0.03363098569738243,-0.0059950912085276736,0.049433875162295055,0.8015976246210675,False,False,
2024-12-23,69.23999786376953,0.0002836764965623336,0.021247429830395455,-0.16241892158095375,False,0.012724807404384642,-0.005031362478055463,0.0494932024879825,0.3587597688137376,False,False,
2024-12-24,70.0999984741211,0.0005268163309700317,0.021099735732181043,0.5636923213140523,False,0.022014903292775223,-0.003886488807848852,0.04888580141864,0.529834662600989,False,False,
2024-12-26,69.62000274658203,0.00048750780231132364,0.02107444283196025,-0.3480427916759959,False,-0.009531912935248021,-0.002502484565303201,0.0481138537518652,-0.14609988229579957,False,False,
2024-12-27,70.5999984741211,0.0009706050968505689,0.020468823179425718,0.6402785195791774,False,0.008283374162545432,-0.0006197604207230449,0.04488966939303697,0.1983337080368313,False,False,
2024-12-30,70.98999786376953,0.0008419404873827056,0.02035385727758962,0.2300365106751265,False,-0.0042082065914585964,0.0009417638484945648,0.04307486054462086,-0.11955860970503555,False,False,
2024-12-31,71.72000122070312,0.000586767206115882,0.020170330052240296,0.4807268317292966,False,0.014283724357341487,0.001878675660478956,0.04216691184742386,0.2941891676048931,False,False,
2025-01-02,73.12999725341797,0.0007857389391797077,0.020191669167316663,0.9347416163666503,False,0.04352162304042251,0.003344319941329717,0.040613296476725076,0.9892647626404287,False,False,
2025-01-03,73.95999908447266,0.0007681901846666314,0.020174449204315603,0.5244994041067204,False,0.047888880217211716,0.004551847146392336,0.04044090313128819,1.0716138789019902,False,False,
2025-01-06,73.55999755859375,0.0007102632685788709,0.020137215853153943,-0.3038460151430847,False,0.05220989422523292,0.005029242215430192,0.04074124017895647,1.1580563527904661,False,False,
2025-01-07,74.25,0.0006905935335125113,0.020142532522135714,0.4314024483693275,False,0.06896056692575048,0.0053958930615008475,0.04104337799068828,1.5487193544028193,False,False,
2025-01-08,73.31999969482422,0.0006201101759658097,0.020102175622645053,-0.653927567746531,False,0.058925504866163214,0.005775479051828669,0.04150143409347165,1.2806792578450987,False,False,
2025-01-09,73.91999816894531,0.0004586659444448138,0.020159158193616106,0.3831816418051203,False,0.054493577431880436,0.005723755254832316,0.04143175611297218,1.1771121176729076,False,False,
2025-01-10,76.56999969482422,0.0008551318953261822,0.020012296600853883,1.7486477155785627,False,0.09982758796405533,0.006128208759148311,0.04176090866899284,2.2437102589790654,True,True,trend
2025-01-13,78.81999969482422,0.0011076525312638111,0.020334520797974934,1.3906019448555884,False,0.11643061470767901,0.006281043506939009,0.04208565483874176,2.6172711728686786,True,True,trend
2025-01-14,77.5,0.001847875553004698,0.020340008046787466,-0.9142026997474019,False,0.091703089620079,0.007362000216063168,0.04384689992998792,1.9235359749192436,False,False,
2025-01-15,80.04000091552734,0.0020110562572893437,0.020137382965266407,1.5276637067197367,False,0.11600668646422885,0.008836025660912784,0.04480169562461693,2.392111711602934,True,True,trend
2025-01-16,78.68000030517578,0.0023475575777744404,0.02043956067812995,-0.9461587536746565,False,0.07589229126490116,0.010474066007798094,0.046436614547552844,1.4087638794191668,False,False,
2025-01-17,77.87999725341797,0.0021229601141789563,0.020559535297057473,-0.5978134650904927,False,0.053001598397373284,0.011851207580826981,0.04682831559568809,0.8787501812329845,False,False,
2025-01-21,75.88999938964844,0.0016627101303937838,0.020441242395240224,-1.3313679550337925,False,0.03167484921677355,0.0128126130878964,0.04692428680160438,0.4019717168771595,False,False,
2025-01-22,75.44000244140625,0.0012704622665255909,0.02067925421675685,-0.34817779325392606,False,0.016026968907828287,0.013387251118097574,0.04688736019288613,0.05629913432685037,False,False,
2025-01-23,74.62000274658203,0.000504762735054268,0.019840516563689032,-0.5732876721678187,False,0.01773053815014647,0.01327479120649921,0.046870551725264845,0.0950649561320495,False,False,
2025-01-24,74.66000366210938,0.00023863991041081907,0.019857660562636208,0.014977678496018797,False,0.01001089707108438,0.013055136248519096,0.04680970294698676,-0.06503436223217222,False,False,
2025-01-27,73.16999816894531,-0.0002489696582668059,0.01938346016701017,-1.0167556153037214,False,-0.04440383360885314,0.011905871968866347,0.04578757664758596,-1.229803140950642,False,False,
2025-01-28,73.7699966430664,0.00010199402994635213,0.01876725838969077,0.4314997510046001,False,-0.06407007195268266,0.010939309543329721,0.04620459833670819,-1.6234181054750052,False,False,
2025-01-29,72.62000274658203,0.00027113549994776183,0.01878251291145882,-0.8444049186870222,False,-0.0629677064957157,0.00940584446227917,0.04676421692495525,-1.5476267051394474,False,False,
2025-01-30,72.7300033569336,-0.0004118669600152147,0.018406736316317347,0.10466872058912784,False,-0.09132930378534831,0.00695453167471597,0.04564709110093992,-2.1531237388758933,True,True,trend
2025-01-31,72.52999877929688,-0.00034069242323871466,0.01840368697714275,-0.13091220644199314,False,-0.07816473693473469,0.004293569681468699,0.04547942040840049,-1.8130905336025906,False,False,
2025-02-03,73.16000366210938,-7.208313629628075e-05,0.01821610077767735,0.4807950752446771,False,-0.060605980454133124,0.0021443361122586574,0.04551711949053719,-1.3786091314376188,False,False,
2025-02-04,72.69999694824219,0.0006306658419406918,0.017500344378718332,-0.39532628578585305,False,-0.04203455616105034,0.0011930514503758157,0.04607714507822667,-0.9381572477643143,False,False,
2025-02-05,71.02999877929688,0.0005827236412820147,0.017514489318024146,-1.3448187474513293,False,-0.05845709861335957,0.0005774312299802897,0.04634494337184766,-1.2738073573567146,False,False,
2025-02-06,70.61000061035156,0.00022340483595969593,0.017719135736008387,-0.3463133732792735,False,-0.05373897063296673,0.0003479061930328742,0.0465968011455902,-1.1607422719213474,False,False,
2025-02-07,71.0,0.000418136684160794,0.017567716919624263,0.2905984671144901,False,-0.04902228077396764,0.0005563657408637631,0.04631479308530295,-1.0704710787224518,False,False,
2025-02-10,72.31999969482422,0.000233667012831155,0.017438307733502054,1.05273276886979,False,-0.011616762271313696,0.001040061729838526,0.045589785654729265,-0.2776241173189035,False,False,
2025-02-11,73.31999969482422,0.00019243885387231578,0.017390499427126265,0.784048490955175,False,-0.0060999995759724035,0.0011533974487044126,0.045547024436999775,-0.15925073293667402,False,False,
2025-02-12,71.37000274658203,0.0006209438626762953,0.017324239403967233,-1.5710154077844005,False,-0.01721288836027801,0.001521727564088131,0.04537252371161355,-0.412906631410737,False,False,
2025-02-13,71.29000091552734,0.0003756075743986835,0.017579190832879704,-0.08513203793037705,False,-0.019799290182061724,0.0022871678742529705,0.044547366092170575,-0.49579717037853116,False,False,
2025-02-14,70.73999786376953,5.862502308792224e-05,0.01738533912730401,-0.44713736734113896,False,-0.024679456027211222,0.002690196731721682,0.044203083729771143,-0.619179714389456,False,False,
2025-02-18,71.8499984741211,0.0007730706813468095,0.015864272060594823,0.9403647483153298,False,-0.017906029557332448,0.003525976257511818,0.043055068077565255,-0.4977812548393545,False,False,
2025-02-19,72.25,0.0010159273436310956,0.015952304268494363,0.2853034726285697,False,-0.006189779465363032,0.003923859528126276,0.0427113487215785,-0.23679043851826964,False,False,
2025-02-20,72.56999969482422,0.0008124195911613456,0.015792670600325815,0.2290076213469834,False,0.021680993129570503,0.0041784980124117965,0.04259160213146429,0.41093770229950666,False,False,
2025-02-21,70.4000015258789,0.0007451556142473252,0.01576600222101379,-1.9438849181432922,False,-0.0029740699993970887,0.004733602366680839,0.04254413482828037,-0.18116885904927146,False,False,
2025-02-24,70.69999694824219,0.0003021836591663574,0.016154595702646518,0.24507669114484773,False,-0.004225395095180495,0.004641940657413143,0.04255335860657318,-0.20838157181849115,False,False,
2025-02-25,68.93000030517578,-2.0910461540659676e-05,0.01582204853966495,-1.5809838880181017,False,-0.04687499175820731,0.00441364368622799,0.042554402862020654,-1.2052486228213497,False,False,
2025-02-26,68.62000274658203,-0.00045172442462955155,0.016058808150652033,-0.25192132670597117,False,-0.06410252274692751,0.0038071389141101307,0.042960415393934005,-1.5807496514716306,False,False,
2025-02-27,70.3499984741211,-0.00045612574052240174,0.01605988542497245,1.598228782208819,False,-0.014291778523292664,0.002779106060871029,0.043654378156765226,-0.3910463349829707,False,False,
2025-02-28,69.76000213623047,-0.00024458604916671956,0.01629352993001089,-0.4997075740815567,False,-0.021461618174332675,0.0021763349105615695,0.04357265247858508,-0.5424951601583524,False,False,
2025-03-03,68.37000274658203,8.435869195873025e-06,0.016011619303129422,-1.2449637259001047,False,-0.03350290060443051,0.0021502341577305075,0.04358639903655804,-0.8179876188500224,False,False,
2025-03-04,68.26000213623047,0.00018607029252166432,0.015708719018011012,-0.1142659654329064,False,-0.04996515538109114,0.0015729255336601907,0.04377012939359221,-1.1774715229033872,False,False,
2025-03-05,66.30999755859375,0.00014894085917545633,0.015709639014304427,-1.8279382419664811,False,-0.08221456666306226,0.0007261940417852752,0.04414812156310548,-1.8786928586823728,False,False,
2025-03-06,66.36000061035156,-0.00029263335093147863,0.016046085248014916,0.06523170402284706,False,-0.08557253838483292,-0.00033501979782570414,0.04517438840454918,-1.8868549547075566,False,False,
2025-03-07,67.04000091552734,-0.00033518679988314183,0.016038924066068373,0.6597904005436653,False,-0.04772728036257834,-0.001368179647246793,0.04622784124072002,-1.002839403075909,False,False,
2025-03-10,66.02999877929688,0.00012749713790372337,0.015832949590555666,-0.9595913363148757,False,-0.06605372518423314,-0.0015306140341150758,0.04637073537488604,-1.3914618913950452,False,False,
2025-03-11,66.25,-0.0004991233605321439,0.01548339044017884,0.24742389557625702,False,-0.03888002746714836,-0.0019803807837588438,0.04683469147660061,-0.7878699639096628,False,False,
2025-03-12,67.68000030517578,-0.0004990396588681797,0.015483411412391746,1.4262974313269274,False,-0.013698665167323543,-0.0020172330551088626,0.04686299328877696,-0.24926773328865065,False,False,
2025-03-13,66.55000305175781,-0.0001113231634934723,0.015668856023948147,-1.058459765542408,False,-0.054015572207313456,-0.0016754015968964515,0.046680247915238116,-1.1212487711174148,False,False,
2025-03-14,67.18000030517578,-0.0005720678277874835,0.015641310893562372,0.6417999541343776,False,-0.03698397006950116,-0.001979172499375482,0.0469485494626995,-0.7455991286362723,False,False,
2025-03-17,67.58000183105469,-0.0006626804815094426,0.01556195144656537,0.4251945016154135,False,-0.01155478841291746,-0.0026352172957010687,0.04709102213020349,-0.18941128719938127,False,False,
2025-03-18,66.9000015258789,-0.00015282254238010217,0.015132390959408493,-0.6548423373414995,False,-0.019923829003657634,-0.0029656482808830477,0.04706515122183222,-0.3603128914394767,False,False,
2025-03-19,67.16000366210938,-0.00025410462772014713,0.015173447493227337,0.2728802456391064,False,0.012818671916923652,-0.0033585245975802356,0.04708231303895822,0.34359392031394215,False,False,
2025-03-20,68.26000213623047,-0.00019259230583983675,0.015180853992829521,1.0915964018510715,False,0.02863172857750884,-0.0032441145814974155,0.04711143845485722,0.6766051770962181,False,False,
2025-03-21,68.27999877929688,0.00016548889485587341,0.015251554731559721,0.008357133591211116,False,0.01849638793012498,-0.0027265024063179944,0.047247168664767226,0.4491886167195694,False,False,
2025-03-24,69.11000061035156,0.00014978732658017671,0.015250799153943078,0.7872419357217499,False,0.046645492775934994,-0.0026947455110774526,0.04726080222287085,1.0439991698476776,False,False,
2025-03-25,69.0,-4.8389906252914726e-05,0.014991288591755277,-0.10294541144339953,False,0.04150943396226414,-0.002223181303946413,0.04757749186261057,0.9191870683830317,False,False,
2025-03-26,69.6500015258789,0.0001972834857931612,0.01480949696883607,0.6227779716539035,False,0.029107582916965136,-0.0015063944270209866,0.04782869083217635,0.6400755866683858,False,False,
2025-03-27,69.91999816894531,0.00036957529455433104,0.014841015668665667,0.23629797220080664,False,0.050638541888068156,-0.0010079405462633004,0.04795182534122169,1.0770493524869773,False,False,
2025-03-28,69.36000061035156,0.0006360017361929001,0.014720123907487394,-0.5872994277227208,False,0.03245013836369126,0.00021883327691450737,0.048082048399568394,0.6703396830960737,False,False,
2025-03-31,71.4800033569336,0.00029706946990099237,0.01462097720756189,2.070185643116886,True,0.057709402489047656,0.0011886523037304656,0.047987473161107234,1.1778230121757274,False,True,shock
2025-04-01,71.19999694824219,0.0006617030013617612,0.015030086215519479,-0.3046537484567734,False,0.06427496747813843,0.002025803894237308,0.04842238097377978,1.2855452857142322,False,False,
2025-04-02,71.70999908447266,0.0002790057848125042,0.014770728245251864,0.46605324798177533,False,0.06774858806224748,0.002588100470615237,0.04890116325186307,1.332493610755767,False,False,
2025-04-03,66.94999694824219,0.0004257290059487303,0.014783895479453208,-4.518716232058515,True,-0.019191402680794334,0.0032391845940856947,0.049443581357883744,-0.45366024585724085,False,True,shock
2025-04-04,61.9900016784668,-0.0007011541448168461,0.01653315818520967,-4.438590372137077,True,-0.09212063874168175,0.002338201006277584,0.04922504225618526,-1.9189184085685642,False,True,shock
2025-04-07,60.70000076293945,-0.0015804776366403405,0.018563072925740522,-1.0358923158539037,False,-0.12169005604309646,0.0005989124762450985,0.05023057919884201,-2.4345522283398386,True,True,trend
2025-04-08,59.58000183105469,-0.0017391473710387428,0.018677074986875902,-0.8947993806124142,False,-0.13652171259341028,-0.0010503110304588606,0.05217678486544388,-2.5963922827424475,True,True,trend
2025-04-09,62.34999847412109,-0.00208029517785045,0.018746342551510742,2.591030688735985,True,-0.10480980462068556,-0.003267449260092213,0.05433792806523559,-1.8687196765891831,False,True,shock
2025-04-10,60.06999969482422,-0.0013338311559515444,0.01954482531461229,-1.8027233410316719,False,-0.14087526790719984,-0.004979213085178964,0.05549091469451908,-2.448978460170229,True,True,trend
2025-04-11,61.5,-0.0017355755750179662,0.01995647182997542,1.279842507918691,False,-0.11332180711051643,-0.007305963133240061,0.057473241393118615,-1.8446122301006995,False,False,
2025-04-14,61.52999877929688,-0.0013759372613656466,0.020172196670199323,0.0923906464453862,False,-0.13919983366469102,-0.008986584660105408,0.05870921563016545,-2.2179354230323014,True,True,trend
2025-04-15,61.33000183105469,-0.0015350411322421623,0.02010886839339034,-0.08530347094899422,False,-0.1386235328684403,-0.011136114486204959,0.06048330013751465,-2.1078118768714726,True,True,trend
2025-04-16,62.470001220703125,-0.0014870824294303568,0.02010031509955325,0.9987424854009574,False,-0.1288522937071166,-0.012857336085314188,0.06224811547863662,-1.8634292256062202,False,False,
2025-04-17,64.68000030517578,-0.0014269277183538416,0.020154200363378977,1.8261152841034638,False,-0.033905851329930625,-0.014685811656909683,0.06361777910096401,-0.3021174260503177,False,False,
2025-04-21,63.08000183105469,-0.0010288891208898798,0.020583554248884712,-1.1518056832574466,False,0.017583483192040728,-0.015081780253422643,0.06364409962833523,0.5132488893113408,False,False,
2025-04-22,64.30999755859375,-0.0014958268536026376,0.020720236287439655,1.0132513496661413,False,0.05947276359604903,-0.015037783468959986,0.06366581100105653,1.17033845785413,False,False,
2025-04-23,62.27000045776367,-0.001497970212052384,0.0207180265216245,-1.4587941371637632,False,0.045149354549144816,-0.014825101594884966,0.06389032529496906,0.9387095130153043,False,False,
2025-04-24,62.790000915527344,-0.0020722499801312244,0.020952701976203213,0.4974531671756295,False,0.007056975977134616,-0.014861628603792525,0.06385475951216134,0.34325717845280856,False,False,
2025-04-25,63.02000045776367,-0.0018887954800872746,0.020983310046954272,0.26458131662102036,False,0.049109385349200174,-0.01546366751376717,0.06342525877530088,1.018096797866175,False,False,
2025-04-28,62.04999923706055,-0.0019650239475635105,0.020952180467749208,-0.6408370908390112,False,0.008943077025374668,-0.01572834993478784,0.06310881517315221,0.3909347195391214,False,False,
2025-04-29,60.41999816894531,-0.0020032466367619875,0.02097430879879265,-1.1569348446664862,False,-0.018039990774793457,-0.016394782305998355,0.0625714337996524,-0.026293283834008002,False,False,
2025-04-30,58.209999084472656,-0.002462612511526839,0.021124931858557208,-1.6149006283183185,False,-0.05087237328276428,-0.017361896548754006,0.06201907282602288,-0.540325341980112,False,False,
2025-05-01,59.2400016784668,-0.0034283040698332725,0.02100498230918051,1.0056139443593128,False,-0.0517048099747095,-0.019371229365378266,0.06059589335426754,-0.5335935955312407,False,False,
2025-05-02,58.290000915527344,-0.0035841744386244036,0.020800577204030567,-0.5986516486420417,False,-0.09879405317716272,-0.021613035027810115,0.058580529257433935,-1.3175199870622243,False,False,
2025-05-05,57.130001068115234,-0.003574700566068018,0.020794661985581997,-0.7850954262871291,False,-0.09432467644619236,-0.02415299693177334,0.057724498542861345,-1.2156308202888146,False,False,
2025-05-06,59.09000015258789,-0.004277029898651729,0.020436858318303688,1.8879972580797295,False,-0.08116929877426671,-0.026957415103912283,0.05590365539826694,-0.9697377261672775,False,False,
2025-05-07,58.06999969482422,-0.0035930403753294355,0.020859652822217568,-0.6552731951598024,False,-0.06744822116691995,-0.029051569637767855,0.054932161826839625,-0.6989830775309421,False,False,
2025-05-08,59.90999984741211,-0.003687627106098274,0.020905900929012265,1.6920354856936624,False,-0.04586719264409245,-0.030657567231958432,0.05425742895496086,-0.28032337147341685,False,False,
2025-05-09,61.02000045776367,-0.0029244537183396894,0.02114037503034802,1.014752841899565,False,-0.03173595660857553,-0.031691461123436654,0.05379039757630071,-0.000827201269069688,False,False,
2025-05-12,61.95000076293945,-0.002598355094935285,0.021281554203971834,0.8382500841948956,False,-0.0016115789742244813,-0.032328300130322035,0.05349976567339041,0.5741468354014748,False,False,
2025-05-13,63.66999816894531,-0.00225021549055272,0.021357849711943967,1.4053146618438275,False,0.05379013734678395,-0.032586195025313645,0.05330144844151469,1.6205250494622958,False,False,
2025-05-14,63.150001525878906,-0.0018871725266980791,0.021635461036738444,-0.29025897082163366,False,0.08486518672225829,-0.03200247182163765,0.05400926967759018,2.1638444519161366,True,True,trend
2025-05-15,61.619998931884766,-0.0017299704940765181,0.021545035210219374,-1.0442358660015667,False,0.04017550955409699,-0.030278884883889495,0.055646026431843076,1.2661172586021239,False,False,
2025-05-16,62.4900016784668,-0.0021623455653697328,0.02166810144965968,0.7513894570151298,False,0.07205353743304976,-0.02888894379713244,0.05609073503751515,1.7996284263821622,False,False,
2025-05-19,62.68999862670898,-0.0017662422559666746,0.021690864573591564,0.22897683027555465,False,0.09732185287314521,-0.027088660544748896,0.05713918133007692,2.17732404493529,True,True,trend
2025-05-20,62.560001373291016,-0.0017437659815720682,0.021695183253172382,-0.01520550493391569,False,0.05872400087565666,-0.024573311789302315,0.058411189151647704,1.4260506227445853,False,False,
2025-05-21,61.56999969482422,-0.0017347485483118832,0.021694899934160905,-0.64946536563541,False,0.06027208573090381,-0.0227481286184971,0.05885101594655333,1.4106844718670157,False,False,
2025-05-22,61.20000076293945,-0.002061561389301844,0.02172040014630243,-0.18175730824812739,False,0.021532313784224932,-0.02113642106936327,0.05945234665894366,0.7176963947001639,False,False,
2025-05-23,61.52999877929688,-0.0020578510233377726,0.02171969222468946,0.3430055697536059,False,0.008357887868031266,-0.020288862803426268,0.059603310829784276,0.4806234800155181,False,False,
2025-05-27,60.88999938964844,-0.0016796748322884698,0.02159721720180438,-0.4038365484611411,False,-0.017110594999784734,-0.019397996317007723,0.0595243924388057,0.038427965805355534,False,False,
2025-05-28,61.84000015258789,-0.0017395208543026037,0.021615317384531273,0.8022754561831037,False,-0.02874192035472667,-0.018909617975231965,0.059388936205497164,-0.16555781274601455,False,False,
2025-05-29,60.93999862670898,-0.0016051391280464719,0.021692272471963536,-0.5969209754961494,False,-0.034996086235473345,-0.018639213169642083,0.059296073753420504,-0.275850862130441,False,False,
2025-05-30,60.790000915527344,-0.0020470758823166514,0.02161273337811075,-0.01917036993125432,False,-0.013469620752102007,-0.01895093748916421,0.059320105908112764,0.09240234239555807,False,False,
2025-06-02,62.52000045776367,-0.0022642603311575594,0.02153275066549701,1.4267977609272922,False,0.0004800572650203172,-0.01904919910484594,0.05930463286712349,0.329304059829913,False,False,
2025-06-03,63.40999984741211,-0.0015302026875031445,0.021630263838453984,0.7288694024366806,False,0.011485105064213075,-0.018813293163175294,0.05934721098544053,0.5105277522615407,False,False,
2025-06-04,62.84999847412109,-0.0013254509600718124,0.021706736656143793,-0.3457905921457792,False,0.00463550342813579,-0.018396167893224968,0.05945004019532896,0.38741220772413165,False,False,
2025-06-05,63.369998931884766,-0.00134033664723614,0.021711559861111316,0.4428061205758284,False,0.02923500480724961,-0.018005301767153672,0.05950451477445233,0.7938944927702434,False,False,
2025-06-06,64.58000183105469,-0.0014392379530801607,0.0216497348539235,0.9484408367773398,False,0.055228774934297675,-0.017376754642292578,0.05975403016611066,1.2150733494419308,False,False,
2025-06-09,65.29000091552734,-0.0012588768925478606,0.021764932792820556,0.5629688061138819,False,0.061108438336189286,-0.016557840583630436,0.060327527551429685,1.2874102764050561,False,False,
2025-06-10,64.9800033569336,-0.0011713430283223033,0.02180128880706407,-0.1640575801565154,False,0.06717037293944328,-0.016032141314208857,0.06083490046207193,1.367677330310181,False,False,
2025-06-11,68.1500015258789,-0.0008359546468784037,0.021545306090004816,2.303061513520563,True,0.10203753812615335,-0.015096882075024312,0.06157307681718256,1.90236425165114,False,True,shock
2025-06-12,68.04000091552734,-0.00024231581907469509,0.02228821169284591,-0.061547318978613486,False,0.11650808087984688,-0.01368004296540653,0.06303192735103631,2.065431430015014,True,True,trend
2025-06-13,72.9800033569336,6.996709805322669e-05,0.022099418824073826,3.2821866840245533,True,0.2005264395100972,-0.01150160199689914,0.06467119420570225,3.278554603964638,True,True,shock+trend
2025-06-16,71.7699966430664,0.0010979893109381383,0.02362475767336811,-0.7482813448783446,False,0.14795259305143005,-0.007973215833472144,0.068846697009238,2.264826283009332,True,True,trend
2025-06-17,74.83999633789062,0.0005407730240320152,0.02354103190514487,1.7940911786390306,False,0.1802554252954316,-0.005809957545809175,0.07115572626598696,2.6149038539176797,True,True,trend
2025-06-18,75.13999938964844,0.0012229345848964164,0.0240153413058052,0.11599493546955712,False,0.19554496760390294,-0.0031203969662123177,0.07429897494433524,2.6738641376809746,True,True,trend
2025-06-20,74.93000030517578,0.0015420551436439477,0.023889208701582478,-0.18153912537800704,False,0.18242072854879865,-6.6425390101205e-05,0.07766441261529373,2.3496882007315194,True,True,trend
2025-06-23,68.51000213623047,0.0015262435535342359,0.023891714728577814,-3.650059768774171,True,0.060854756793858655,0.0030320530622973255,0.08023967041990461,0.7206248907674672,False,True,shock
2025-06-24,64.37000274658203,0.0007647417652446794,0.025705200898972484,-2.3806024954047627,True,-0.014090950467830599,0.004939644041722938,0.07988551856169034,-0.23822333324227543,False,True,shock
2025-06-25,64.91999816894531,-5.1034285054285534e-05,0.02665870918951844,0.32242055323782814,False,-0.0009234408262288607,0.005892731880616302,0.07921464935344577,-0.08604687090682256,False,False,
2025-06-26,65.23999786376953,-7.373908310123116e-05,0.026650543771932406,0.18772142607851644,False,-0.04269997941239001,0.0065167830744342955,0.07897050734528309,-0.6232296605571197,False,False,
2025-06-27,65.5199966430664,0.00019285829179260214,0.026598503864139273,0.15410523284607927,False,-0.0370370993320468,0.006828166351392204,0.07872615686432613,-0.5571879465554865,False,False,
2025-06-30,65.11000061035156,0.00020565815184897602,0.026600265758715012,-0.2429761130194982,False,-0.10783779644529612,0.006852738726526891,0.07871198375299623,-1.4570911531302528,False,False,
2025-07-01,65.44999694824219,-0.00016557493207493667,0.026491929190250074,0.20336196410449206,False,-0.08805907747572372,0.005597550309487257,0.07978739053135209,-1.1738274326493865,False,False,
2025-07-02,67.44999694824219,0.00012666577003027423,0.026427925848288007,1.1514718728206519,False,-0.09874398384900729,0.005143636905908453,0.08022674249545175,-1.2949250776423507,False,False,
2025-07-03,67.0,0.00040788116009722613,0.026640015630995363,-0.2657447696064517,False,-0.10833110800863055,0.004320170055515038,0.08097843229698681,-1.3911269318106732,False,False,
2025-07-04,66.5,0.00023953796857655827,0.026644385780297496,-0.28907495182104215,False,-0.11250500828562626,0.0030298191275721967,0.08199941508755346,-1.408971360220535,False,False,
2025-07-07,67.93000030517578,0.00027419751845176275,0.026632492109366985,0.7971303016621265,False,-0.008465943847168034,0.001795403403812615,0.08303988330650594,-0.12357131106633794,False,False,
2025-07-08,68.33000183105469,0.0005090953122675209,0.02674224845016897,0.20115517504839955,False,0.061519324460226565,0.0015116085269580592,0.0830380722336744,0.7226530471998794,False,False,
2025-07-09,68.37999725341797,0.000369224161476717,0.026685496719643518,0.013582353047611224,False,0.05329635215744277,0.0019501098053942955,0.08326973350959933,0.6166255155137405,False,False,
2025-07-10,66.56999969482422,0.000375073865796085,0.026685527859852745,-1.0059672552516263,False,0.02038629482839527,0.0024141093284251996,0.08345991921237762,0.21533911929913155,False,False,
2025-07-11,68.44999694824219,-0.00013993345852597816,0.02682743897095085,1.057903504570906,False,0.044719176668117866,0.00206398668912467,0.08332683052664352,0.5119022253625057,False,False,
2025-07-14,66.9800033569336,0.0002578343084860609,0.02702605045426167,-0.80416009214818,False,0.02872066854634192,0.002106783258536053,0.0833481849614446,0.31930971622377835,False,False,
2025-07-15,66.5199966430664,-0.0001541090099735909,0.027119805423005197,-0.24755755013616906,False,0.016348353624376477,0.0021016244002610767,0.08334650311274214,0.17093373677410276,False,False,
2025-07-16,66.37999725341797,-0.00029736632734856126,0.027126603509598186,-0.06662296623948312,False,-0.015863598861913686,0.001644421890078521,0.08317051748108359,-0.21050753659160837,False,False,
2025-07-17,67.54000091552734,-0.0002186396941016063,0.027112484392464577,0.6526085343306778,False,0.008059715157124447,0.001000238727070455,0.08311577761109742,0.08493545549300652,False,False,
2025-07-18,67.33999633789062,-0.0003931731283150297,0.026953304472721186,-0.09527970063017341,False,0.012631523878054551,0.00033824289597814545,0.08285531537625179,0.14837045669613055,False,False,
2025-07-21,67.19999694824219,-0.00038042655239029757,0.026951841370617267,-0.06302228306353859,False,-0.010746405912763879,-0.000350336352022973,0.08253073977474334,-0.12596602901071277,False,False,
2025-07-22,66.20999908447266,-0.0005036524828823137,0.026938010286904415,-0.5281926579805317,False,-0.03102594306705453,-0.0013969362716897912,0.08215232757113348,-0.3606593710897574,False,False,
2025-07-23,65.25,0.0001849660202254692,0.02587024859026328,-0.5676123554132599,False,-0.045773579689073696,-0.0015547301435065938,0.08219832082746029,-0.5379531978321722,False,False,
2025-07-24,66.02999877929688,0.0009794428758186338,0.024433642173585506,0.4491578180046144,False,-0.00811177584501821,-0.0009367693561384864,0.08168084017761985,-0.08784197705700926,False,False,
2025-07-25,65.16000366210938,0.0014162938960781328,0.024331485658776127,-0.5997187991092329,False,-0.04806418455534056,0.0005776077131692237,0.08045548864974535,-0.6045801608423113,False,False,
2025-07-28,66.70999908447266,0.0014866355899074701,0.024280845700085242,0.918456171207879,False,-0.0040311176310651176,0.0017570414203434866,0.07905470300066036,-0.07321713739611739,False,False,
2025-07-29,69.20999908447266,0.0011839085831158158,0.023849859624796924,1.5216749002130314,False,0.0404390044671874,0.003100757246871759,0.07806921747900775,0.4782710577361125,False,False,
2025-07-30,70.0,0.0021711537203793264,0.023798470633151207,0.3884029050902213,False,0.054534541975981066,0.005518280878530256,0.07633869395962706,0.6420893331417727,False,False,
2025-07-31,69.26000213623047,0.002005940166645101,0.0236890094692855,-0.5309355900593039,False,0.025466408015811792,0.007756365533016889,0.07526045487970776,0.23531670797235651,False,False,
2025-08-01,67.33000183105469,0.0018584843922041946,0.023732966140274765,-1.2524561781057448,False,-0.00014841858300362887,0.009951915422090259,0.07329153718128581,-0.13781037202304575,False,False,
2025-08-04,66.29000091552734,0.0015302761485788277,0.02397356050311656,-0.7081383905051714,False,-0.013541608244651115,0.011798250279229415,0.0712128270729311,-0.3558327841405489,False,False,
2025-08-05,65.16000366210938,0.0010764857668292768,0.02396842930753035,-0.7561094440914633,False,-0.015858562707781743,0.01333572608539562,0.06935572076956596,-0.4209355546916633,False,False,
2025-08-06,64.3499984741211,0.0003775092922062218,0.02371771017148981,-0.540040642485594,False,-0.013793126833393177,0.013576356600357607,0.06922077697284292,-0.3953940511891182,False,False,
2025-08-07,63.880001068115234,0.0005415909687302352,0.023583805932899615,-0.33265869628244465,False,-0.032560923079340665,0.01315800180001849,0.06929101248163884,-0.659810316546811,False,False,
2025-08-08,63.880001068115234,0.00018422099944579145,0.02349556752244635,-0.007840670342173988,False,-0.019643992051192383,0.01193088597767996,0.06927465053828,-0.45579267139607726,False,False,
2025-08-11,63.959999084472656,0.0006071717439178122,0.02319708160866904,0.0278114870729739,False,-0.04122320548255087,0.011066974689675463,0.06925880214306744,-0.75499688926486,False,False,
2025-08-12,63.16999816894531,0.0005125261319230108,0.023179534776557053,-0.5549727557231648,False,-0.08727064001482443,0.010423238936879657,0.06952045655304688,-1.4052537022273404,False,False,
2025-08-13,62.650001525878906,0.00029899972554158736,0.023223840088503266,-0.3673252300461382,False,-0.1049999782017299,0.008604838598692661,0.07027440709486851,-1.6165887624929967,False,False,
2025-08-14,63.959999084472656,0.00039446980084461756,0.023173127060549515,0.8853059454534744,False,-0.0765232874427727,0.007085597862331268,0.07148816408476022,-1.1695486431288509,False,False,
2025-08-15,62.79999923706055,0.0010235222313936573,0.02307970719034287,-0.8301602423640918,False,-0.0672805951403489,0.006305820573424878,0.07208242366101315,-1.0208648929430224,False,False,
2025-08-18,63.41999816894531,0.001269401500189109,0.022769864813619218,0.3778324178441409,False,-0.04329465540721966,0.006087044281990416,0.07228293079671189,-0.6831723498883976,False,False,
2025-08-19,62.34999847412109,0.0011651081073278259,0.02271145414737019,-0.7941698927513593,False,-0.04312469352456938,0.006199179676223614,0.07219853867535288,-0.6831699658435216,False,False,
2025-08-20,63.209999084472656,0.0011539724976932497,0.02272020525581034,0.5562951978184894,False,-0.01771560865082067,0.0069414378049248585,0.07138613022179394,-0.34540388138616057,False,False,
2025-08-21,63.52000045776367,0.0016032206064543993,0.02263120671965933,0.14586444848634378,False,-0.0056355761479667255,0.007962892042196482,0.07045962816668383,-0.1929965931411644,False,False,
2025-08-22,63.65999984741211,0.0012111753600961112,0.022309396543366264,0.04450345575154704,False,-0.0034439764718935395,0.008970008343880481,0.06970417031192418,-0.17809529559310142,False,False,
2025-08-25,64.80000305175781,0.0014707197911904535,0.022204565249741067,0.7402515973371578,False,0.013133270470747638,0.0098233982731475,0.06914550084015395,0.047868222189201934,False,False,
2025-08-26,63.25,0.0012870102653144782,0.02200732270339123,-1.1453828191638389,False,0.0012664529582655515,0.010610071114678701,0.06883828684752195,-0.1357328687901463,False,False,
2025-08-27,64.1500015258789,0.0007210422522815089,0.02210355268161656,0.6111339239767793,False,0.02394253732588325,0.011050103242236582,0.06866921450038041,0.18774692818970934,False,False,
2025-08-28,64.5999984741211,0.0007075537673226151,0.02209487930037723,0.2854601488955319,False,0.0100062445092155,0.011390824792904685,0.06866893799032996,-0.02016312359285596,False,False,
2025-08-29,64.01000213623047,0.00043089346661778847,0.0218803771185095,-0.437102334961087,False,0.01926756232276916,0.010807039555070438,0.06848949024490275,0.1235302341636042,False,False,
2025-09-02,65.58999633789062,0.0004180133162012748,0.02188579046133634,1.10873484321892,False,0.034216307656847134,0.00993240456307725,0.06794767040360218,0.35739125343850636,False,False,
2025-09-03,63.970001220703125,0.0010701682597603062,0.021870190749389343,-1.1782696600619673,False,0.025982402345277267,0.009852948537780586,0.06791530363681109,0.23749365671324604,False,False,
2025-09-04,63.47999954223633,0.0005525995747276146,0.02201604755312954,-0.37302182407360585,False,0.004271483336091286,0.009238666736610286,0.06755249130174017,-0.07353072114441832,False,False,
2025-09-05,61.869998931884766,0.00040779517736144597,0.022034104611436647,-1.1695562070773116,False,-0.02597609436379089,0.007997995142782901,0.06676275789406518,-0.5088778621230968,False,False,
2025-09-08,62.2599983215332,9.727949148458315e-05,0.022232749427886507,0.2791490297850227,False,-0.021991855627310652,0.006868660539590266,0.06660930141927637,-0.4332805712108676,False,False,
2025-09-09,62.630001068115234,0.0003923243526873558,0.02216532349341897,0.25041549040961536,False,-0.03348768335565244,0.005771807988147407,0.0663949994849643,-0.5913019300902396,False,False,
2025-09-10,63.66999816894531,0.0005516879201452977,0.02216164128319361,0.7243924735964651,False,0.0066402872560524795,0.005038208026282375,0.06652234457347359,0.02408332478421015,False,False,
2025-09-11,62.369998931884766,0.0007011984492809064,0.022232449280949234,-0.9499163119968383,False,-0.027747506650893317,0.005015306684789325,0.06652148192827403,-0.49251478448734415,False,False,
2025-09-12,62.68999862670898,0.0005676471520155142,0.022329915144717685,0.2043455969548296,False,-0.02956656180382522,0.004873481196107877,0.06658060519422988,-0.5172683981989067,False,False,
2025-09-15,63.29999923706055,0.0004280304750994975,0.022267291508582646,0.4177606870212789,False,-0.011092061794637065,0.004862485976786563,0.06658629935649991,-0.23960706520126202,False,False,
2025-09-16,64.5199966430664,0.0007518190223870613,0.02222301192551545,0.8334352710772627,False,-0.01631345867610745,0.0051812063026643795,0.06645000483037872,-0.32347123275068884,False,False,
2025-09-17,64.05000305175781,0.0010416145019481664,0.022322037226251368,-0.37299814501831247,False,0.0012506148120690064,0.005143288463677641,0.06646160158879982,-0.05857026551500726,False,False,
2025-09-18,63.56999969482422,0.000565040047528799,0.022109318307186387,-0.36451767479603875,False,0.0014177717901211473,0.0051535625643049565,0.06646093052796065,-0.05621032905358031,False,False,
2025-09-19,62.68000030517578,0.000275311620273988,0.022070097376050417,-0.6468307074863907,False,0.013091989450052743,0.005019331453983731,0.0664581363416602,0.12146982206313474,False,False,
2025-09-22,62.63999938964844,0.0002063933696364151,0.022106958917631987,-0.03820381035758055,False,0.00610345451910832,0.005132084600942623,0.06646464967267576,0.014614835449362732,False,False,
2025-09-23,63.40999984741211,8.756868106377436e-05,0.022086952896270738,0.5525843099567266,False,0.012454075778292939,0.004823663930434073,0.06640493439629572,0.11490730195321923,False,False,
2025-09-24,64.98999786376953,-3.12175068937659e-06,0.022021723559984677,1.1316233240354217,False,0.02073189465659575,0.00425333460835401,0.06614936879492249,0.24911137246568263,False,False,
2025-09-25,64.9800033569336,0.00018251922168761593,0.02217384153345635,-0.015166723778663514,False,0.04184711351204684,0.003714980692626096,0.06584399956823626,0.5791284410040004,False,False,
2025-09-26,65.72000122070312,0.00024377554710548773,0.02216638127027006,0.5027573186103244,False,0.04833310991178141,0.0033773372335941434,0.06557860057726414,0.685525038388411,False,False,
2025-09-29,63.45000076293945,-0.00025483944820372975,0.02146938785117501,-1.596954782995575,False,0.002369692380518762,0.002661278190735851,0.0647750412693728,-0.004501514850519408,False,False,
2025-09-30,62.369998931884766,-0.0006938579224907644,0.02183115918498114,-0.747896489987929,False,-0.03332296687917902,0.0011394330107448096,0.06339014028015413,-0.5436555233608331,False,False,
2025-10-01,61.77999877929688,-0.001888867129642975,0.020153201540928443,-0.37566297294356527,False,-0.03544112668701316,-0.00197855907444554,0.059053144813818646,-0.5666517459496461,False,False,
2025-10-02,60.47999954223633,-0.0017939298309966316,0.020099759954412325,-0.9576466000387276,False,-0.04860783651756839,-0.004423808670958116,0.05650283646933801,-0.7819789342892071,False,False,
2025-10-03,60.880001068115234,-0.0026448355285172524,0.019530222435464886,0.4740661532353613,False,-0.02871728188093059,-0.007475318828464783,0.05242725325967593,-0.4051702450870895,False,False,
2025-10-06,61.68999862670898,-0.0026100996706058944,0.019544527449262383,0.814290414552309,False,-0.015166040424586136,-0.010465482154929229,0.04678314737276438,-0.10047546036617062,False,False,
2025-10-07,61.72999954223633,-0.0023954384359619347,0.019630694249772703,0.1550559832117287,False,-0.026494248686618538,-0.013099972407907693,0.040977501660182325,-0.3268690314452726,False,False,
2025-10-08,62.54999923706055,-0.0012443936180107033,0.017041497886805482,0.8525097672913924,False,-0.037544217678290304,-0.014264625814314057,0.04007862051894241,-0.5808481320601736,False,False,
2025-10-09,61.5099983215332,-0.0002615566390840825,0.015650887313768052,-1.0456376378823815,False,-0.053401121208623725,-0.01457733604378685,0.04016864213934005,-0.9665197302453482,False,False,
2025-10-10,58.900001525878906,-0.0005971699052314487,0.01572918964427041,-2.659698621595343,True,-0.10377357833456313,-0.01527703844888545,0.04038406909579215,-2.1913725354362237,True,True,shock+trend
2025-10-13,59.4900016784668,-0.0012286527441706893,0.016439018933515997,0.6840817599558487,False,-0.062411332338165315,-0.01609135310118109,0.041543609693727605,-1.1149724248439048,False,False,
2025-10-14,58.70000076293945,-0.0011523173663482449,0.01647824567254076,-0.7359545833867093,False,-0.0588423638254888,-0.016429676207929338,0.041818902194297194,-1.0141989720462639,False,False,
2025-10-15,58.27000045776367,-0.0012459438565847458,0.01652751998792804,-0.3678376765837928,False,-0.056814477029569765,-0.015776403772998573,0.04074046186408547,-1.0073050569107092,False,False,
2025-10-16,57.459999084472656,-0.0014132407129795169,0.01652466939245636,-0.7556937472678937,False,-0.04993387038064789,-0.015359809100383188,0.04014676275856235,-0.8611917600477235,False,False,
2025-10-17,57.540000915527344,-0.00200602083417754,0.016155592182296147,0.21034980148660454,False,-0.05486202519692718,-0.014709007587471729,0.039160292364712315,-1.0253503021759278,False,False,
2025-10-20,57.52000045776367,-0.0018985025884396612,0.016150955148066793,0.09602592137671616,False,-0.06759601656304604,-0.013996086483315686,0.03789925421019068,-1.4142740060916013,False,False,
2025-10-21,57.81999969482422,-0.0018036346640672388,0.016138722213959383,0.4349290145865732,False,-0.06334035114866388,-0.013397299927014614,0.03665622079250158,-1.3624713661661936,False,False,
2025-10-22,58.5,-0.002020810665433494,0.015929072162944216,0.8651760957911182,False,-0.06474819003132681,-0.01412895869103456,0.03710140440225909,-1.364348119857427,False,False,
2025-10-23,61.790000915527344,-0.001942514601198447,0.01598281493536593,3.6402753035582673,True,0.004552147644850679,-0.015812525550921937,0.036481968051010824,0.5582120231917796,False,True,shock
2025-10-24,61.5,-0.0012024125226626791,0.0173361917383945,-0.20136592556157704,False,0.04414258755118583,-0.0164624482777565,0.035659068526035904,1.6995686745068095,False,False,
2025-10-27,61.310001373291016,-0.000912061022228768,0.017087869288946147,-0.1274206576213335,False,0.030593371045121165,-0.016145697708119293,0.03609367207449487,1.2949380339239027,False,False,
2025-10-28,60.150001525878906,-0.001329798579720484,0.016745071021828057,-1.0504846399840857,False,0.0247018866114721,-0.01633404178309258,0.03580749604936252,1.1460150226085202,False,False,
2025-10-29,60.47999954223633,-0.0012957292672988723,0.01670608306395496,0.4059587404883535,False,0.03792687604446732,-0.016387625542224178,0.035742110522567476,1.5196221149950688,False,False,
2025-10-30,60.56999969482422,-0.0011310082969988662,0.016711304520703824,0.15672660779177552,False,0.05412461990783379,-0.016099911909956303,0.03609430191919192,1.9455849838849655,False,False,
2025-10-31,60.97999954223633,-0.0010831053784726426,0.016713625046711242,0.4698041533681855,False,0.05978447292274347,-0.015166735659693,0.03699401273290936,2.0260361892496435,True,True,trend
2025-11-03,61.04999923706055,-0.001225854364086206,0.01659830111733389,0.14301263131397668,False,0.06136993656474177,-0.014477072222818077,0.03790381841891582,2.001038733071509,True,True,trend
2025-11-04,60.560001373291016,-0.001171065187239336,0.01659927723112875,-0.4129762912162206,False,0.04738847618347641,-0.013827226720328914,0.038782480663641455,1.5784370121840865,False,False,
2025-11-05,59.59999847412109,-0.00125036092066184,0.016617867673862138,-0.878676761379201,False,0.01880339272001863,-0.013052094959045715,0.03942059900320858,0.8080924309767976,False,False,
2025-11-06,59.43000030517578,-0.0012652940317595717,0.016630644636610542,-0.09542770871708614,False,-0.038193891817187464,-0.012387703815218072,0.03953332412596082,-0.6527705062125786,False,False,
2025-11-07,59.75,-0.0011100008534488915,0.016559625311047346,0.3921877167279703,False,-0.028455284552845517,-0.012286641310259588,0.03945643708423078,-0.4097846748825659,False,False,
2025-11-10,60.130001068115234,-0.0011975945000255628,0.016506879280851344,0.4578360866297407,False,-0.019246457001219963,-0.01255788809303062,0.0394972542729621,-0.16934262979307937,False,False,
2025-11-11,61.040000915527344,-0.0009371197536770884,0.01646940357675728,0.9758090797284998,False,0.014796331954630482,-0.012173651725642345,0.03928678618449177,0.6864899448282962,False,False,
2025-11-12,58.4900016784668,-0.0010525018119579067,0.016323512701311372,-2.4947675462626977,True,-0.03290340408120895,-0.011922619064499736,0.03939950763475159,-0.5325138885289905,False,True,shock
2025-11-13,58.68999862670898,-0.0021091886504641727,0.016360819193879467,0.33791243828733986,False,-0.03103848567917178,-0.012900517845145022,0.038990383638903565,-0.4651908019681339,False,False,
2025-11-14,60.09000015258789,-0.0022157914930679276,0.016297435853680722,1.5996361146804912,False,-0.014594939264176321,-0.014041491547213725,0.03823511249170829,-0.014474855202338344,False,False,
2025-11-17,59.90999984741211,-0.0017567838460143426,0.01654187975656984,-0.0748843531172621,False,-0.018673208909008476,-0.014575642844280232,0.03795452409964277,-0.10795988520290288,False,False,
2025-11-18,60.7400016784668,-0.001425177127827292,0.0162582600168087,0.9397882809003418,False,0.0029722638886062747,-0.014822640048626963,0.03791962806455234,0.4692794957519137,False,False,
2025-11-19,59.43999862670898,-0.0010345042277662708,0.016268820146827817,-1.2519804923077833,False,-0.0026845612669198493,-0.0146024550868502,0.03797507142963284,0.31383466498579216,False,False,
2025-11-20,59.13999938964844,-0.0010925906236572776,0.0163344063135682,-0.24209652357652073,False,-0.004879705772138254,-0.014426801734305373,0.03799964296339582,0.25124172801738204,False,False,
2025-11-21,58.060001373291016,-0.0009941382964541612,0.0162873274325444,-1.0601849933641887,False,-0.028284495844501878,-0.014307956120155308,0.03801558681255266,-0.3676528733664463,False,False,
2025-11-24,58.84000015258789,-0.001140244313202965,0.016393496348274732,0.8890477595730607,False,-0.021453532223723593,-0.014250937090357458,0.037991038636464504,-0.1895866865417296,False,False,
2025-11-25,57.95000076293945,-0.0009611195547123005,0.016479294905728973,-0.859541315322058,False,-0.05062254433554336,-0.014275064292657872,0.03799508430328669,-0.9566363836108482,False,False,
2025-11-26,58.650001525878906,-0.0011794938407492432,0.01655789634104466,0.8007590667864797,False,0.002735507656362657,-0.014400388810697775,0.03810052757918256,0.44975483427224705,False,False,
2025-11-28,58.54999923706055,-0.0008537488282071533,0.016575444780663588,-0.051360310492777235,False,-0.002385404548036929,-0.013200306841748614,0.03718065204790645,0.29087446556281266,False,False,
2025-12-01,59.31999969482422,-0.0007667270434228243,0.01655330453637818,0.8407921127376006,False,-0.012814119750514052,-0.011832112526366042,0.03561184349566637,-0.02757529877012719,False,False,
2025-12-02,58.63999938964844,-0.0008701752582466963,0.016439863426642852,-0.6443532916888276,False,-0.021198472058058804,-0.010982656957135926,0.03479844465082897,-0.29357102604525503,False,False,
2025-12-03,58.95000076293945,-0.0007812008887624981,0.016363032457583245,0.370818687757068,False,-0.0294698858423299,-0.010368228649372058,0.03419252731349737,-0.5586500529142676,False,False,
2025-12-04,59.66999816894531,-0.0008423485853200748,0.016331219864712247,0.7994531327192262,False,0.0038694405711676705,-0.01018389838850686,0.034049589390573516,0.4127315251432999,False,False,
2025-12-05,60.08000183105469,-0.00045454403473651263,0.016290724215623078,0.44968719864843176,False,0.015894529102257415,-0.009557309933897034,0.033867123130718685,0.7515205510050758,False,False,
2025-12-08,58.880001068115234,-0.0005468364010459758,0.016228404027351036,-1.1970705497445033,False,0.01412331511244913,-0.009109174763855992,0.033979892015951564,0.6837128812945854,False,False,
2025-12-09,58.25,-0.0008785389347091884,0.01636911431288291,-0.599984036086526,False,-0.010027194953396656,-0.008845722880383782,0.034083626037541115,-0.034663919610887425,False,False,
2025-12-10,58.459999084472656,-0.0010505891588334806,0.01640405301506199,0.28381544804465686,False,0.008800661170299096,-0.008933499126803822,0.034078003305600894,0.5203990426923932,False,False,
2025-12-11,57.59999847412109,-0.0012412898280081978,0.01626321117998166,-0.8282272264007295,False,-0.017902864866840895,-0.008991267250809802,0.03404374584826335,-0.2617690090788201,False,False,
2025-12-12,57.43999862670898,-0.001118504828821926,0.016123843498799563,-0.1029078689314998,False,-0.018958166094201534,-0.009246858155144555,0.03403765144324359,-0.2853107522782585,False,False,
2025-12-15,56.81999969482422,-0.0013452654733378422,0.01602436435443754,-0.5896388678332956,False,-0.04214430230717159,-0.009818867534079019,0.03383221735227183,-0.9554630852748976,False,False,
2025-12-16,55.27000045776367,-0.0015827136710881585,0.016030754169669873,-1.6029439316506038,False,-0.057469286612572223,-0.010514208158297515,0.03395494573772653,-1.382864187649225,False,False,
2025-12-17,55.93999862670898,-0.0018246609154272417,0.016281228857624345,0.8566267616693214,False,-0.05106025610304654,-0.011537366144102066,0.034200669501845624,-1.1556174348227786,False,False,
2025-12-18,56.150001525878906,-0.001992144599896529,0.016068069080981504,0.35761725046881976,False,-0.05899106336655391,-0.012674386994233981,0.03407631493310899,-1.3592043759202976,False,False,
2025-12-19,56.65999984741211,-0.0016127727592938597,0.01585924678121241,0.6744050747699853,False,-0.056924132480215994,-0.013807366537058397,0.034186108619231485,-1.261236440315472,False,False,
2025-12-22,58.0099983215332,-0.0013895374207016282,0.0158907811367251,1.5868221232910045,False,-0.014775861596462492,-0.01462330808127583,0.03447783077657622,-0.004424684260887578,False,False,
2025-12-23,58.380001068115234,-0.0007336889636114385,0.015903057751527342,0.4472062705999136,False,0.00223177799339469,-0.014473971644378114,0.03445223980238036,0.48489589453683585,False,False,
2025-12-24,58.34999847412109,-0.0007326925868000848,0.01590350694832256,0.013756308554762477,False,-0.0018816389338738304,-0.01415098986276871,0.0344943287400338,0.3556918304270459,False,False,
2025-12-26,56.7400016784668,-0.000818783036713362,0.015884346531481703,-1.6855134237943097,False,-0.014930500320076812,-0.013729575937144996,0.03444793465672076,-0.03486201407716373,False,False,
2025-12-29,58.08000183105469,-0.001408082722206186,0.016048188696030842,1.5593399034455138,False,0.01114211733368875,-0.014017186438160053,0.03436551576568139,0.732109011352996,False,False,
2025-12-30,57.95000076293945,-0.000820959174634545,0.01614850451016814,-0.08776980898387136,False,0.019887382509404805,-0.013498658118365627,0.03444883894917406,0.9691485009706223,False,False,
2025-12-31,57.41999816894531,-0.0009192122056089546,0.01613421479911605,-0.5098883272041735,False,0.03889990398723864,-0.012839272194189226,0.034610048984244315,1.4949177392086708,False,False,
2026-01-02,57.31999969482422,-0.0011708960652637697,0.016113057345848066,-0.0354141904740933,False,0.02466930822297786,-0.012172712650430883,0.035121771429391255,1.0489795751753546,False,False,
2026-01-05,58.31999969482422,-0.0014510932377692616,0.01593446860433076,1.1859203752038145,False,0.038646448975521164,-0.01162627575844308,0.03537438138617925,1.4211619472618047,False,False,
2026-01-06,57.130001068115234,-0.0011213548147742565,0.016067448077256512,-1.2001461324130718,False,0.008295115107110007,-0.011127664636263716,0.03581909389807133,0.5422465403129457,False,False,
2026-01-07,55.9900016784668,-0.001293494057831713,0.016205214076826086,-1.1515420010662187,False,-0.03482152562511953,-0.011035966725370532,0.03586042383947296,-0.6632815888128827,False,False,
2026-01-08,57.7599983215332,-0.0013728830394823296,0.01628270508779299,2.025806520222092,True,-0.01062012222059805,-0.011674813593039495,0.03585156429019538,0.029418280438320534,False,True,shock
2026-01-09,59.119998931884766,-0.0009428709889402261,0.01672229548021278,1.4644274549722829,False,0.01319623783889523,-0.01189779461623558,0.03579145328837819,0.7011180086190876,False,False,
2026-01-12,59.5,-0.0007928277180582791,0.01689227813342527,0.4274409120844282,False,0.04864290165470053,-0.011887899122094217,0.035798378914991096,1.6908810569477097,False,False,
2026-01-13,61.150001525878906,-0.0010393550675352496,0.016645104388240663,1.7284645670266388,False,0.05285811980093169,-0.011515752362119486,0.036283849236962915,1.7741742818585116,False,False,
2026-01-14,62.02000045776367,-0.0006675563556691092,0.016973346087222126,0.8775434349057472,False,0.07023295325695811,-0.011368938944934355,0.03652416718307044,2.2341889903438044,True,True,trend
2026-01-15,59.18999862670898,-0.000629700274152906,0.017003736411412326,-2.646522482872438,True,0.030825505297924938,-0.011076941033665333,0.03709105556337086,1.1297183564916087,False,True,shock
2026-01-16,59.43999862670898,-0.0007775668063484738,0.017347361477114423,0.28830052019501706,False,0.03698532699183166,-0.010697530194766583,0.037374915786241664,1.2757983846521763,False,False,
2026-01-20,60.34000015258789,-0.000494300249270867,0.017251723696401745,0.9063236533509446,False,0.034636496370608505,-0.00976008627648644,0.03768024696222643,1.17824553250942,False,False,
2026-01-21,60.619998931884766,-0.00016628659950164012,0.017312724478435015,0.27763611631662233,False,0.061088706433043205,-0.008825717969051485,0.0379030301199157,1.8445602945438124,False,False,
2026-01-22,59.36000061035156,0.00017615003517149248,0.017147432562545695,-1.222418693652866,False,0.06018929864009692,-0.007363097396376664,0.038459579095472776,1.7564517767805066,False,False,
2026-01-23,61.06999969482422,-0.0001891696177715844,0.01729961497525031,1.676131611471199,False,0.05730611962391685,-0.006177676322762964,0.039156345637402536,1.6212901105367568,False,False,
2026-01-26,60.630001068115234,1.752958516498963e-05,0.01755376878431464,-0.41144178892586725,False,0.02554130858443049,-0.00521138085544959,0.03982013751228779,0.7722898854980184,False,False,
2026-01-27,62.38999938964844,-8.718031627380866e-05,0.017573366348489525,1.6568075389148678,False,0.04857141831341916,-0.004517573425168937,0.039897550016092555,1.330632876384009,False,False,
2026-01-28,63.209999084472656,0.0001227510937828565,0.01782745979459116,0.7303550929610687,False,0.03368761254604302,-0.0033693649452794776,0.04017244515984063,0.9224476464869861,False,False,
2026-01-29,65.41999816894531,0.000519682302182017,0.017780844890749506,1.9370916438550112,False,0.05482098816650405,-0.0022081818285505875,0.039964848217851005,1.4269832750066982,False,False,
2026-01-30,65.20999908447266,0.0015516140659372723,0.01749800539397356,-0.27212402605242847,False,0.10170637941267335,-9.358760853635851e-05,0.038693778080200705,2.6309130840159525,True,True,trend
2026-02-02,62.13999938964844,0.0013752541476762807,0.017478176441217654,-2.7722525406196223,True,0.0454239708162818,0.0020946485481414903,0.03974819898408359,1.0900952338869672,False,True,shock
2026-02-03,63.209999084472656,0.0009245993863208065,0.018278550143474254,0.891459018081663,False,0.04756378728251742,0.003484866343365098,0.039410039131344735,1.1184693522441647,False,False,
2026-02-04,65.13999938964844,0.001251860268425009,0.01834843603496093,1.595846558035945,False,0.0745628594095249,0.004876576534192927,0.03909359244631488,1.7825499913068459,False,False,
2026-02-05,63.290000915527344,0.0018443133192075163,0.01856860273249016,-1.6288063799759775,False,0.0662062039212723,0.006536532931395231,0.03937693754880501,1.515345649110488,False,False,
2026-02-06,63.54999923706055,0.0014470779851677989,0.0188942229548587,0.14083507889383096,False,0.040609129763046425,0.008150775986304558,0.039307424981362596,0.8257562990231953,False,False,
2026-02-09,64.36000061035156,0.0015064865132329386,0.018895508594338153,0.5948188474242008,False,0.06152069068984245,0.009593511270652458,0.03846643104920365,1.3499349433475714,False,False,
2026-02-10,63.959999084472656,0.0016068908768552678,0.01893544831609739,-0.41308527760211416,False,0.025164284503658818,0.011258325161832542,0.0379659379318231,0.36627461612558454,False,False,
2026-02-11,64.62999725341797,0.0013672147989166295,0.01891894695634171,0.48142498652731835,False,0.022464771231014424,0.01245715815563235,0.03693916037061538,0.2709215091781837,False,False,
2026-02-12,62.84000015258789,0.0007570272881583376,0.017832042121763796,-1.5956164620711997,False,-0.03943745167486323,0.0126959931367812,0.036945266504534814,-1.4110994382797417,False,False,
2026-02-13,62.88999938964844,0.00045032406341303675,0.01812250550217261,0.019055606875921616,False,-0.035577361254351514,0.011581592613767212,0.037243241213961775,-1.2662419362802328,False,False,
2026-02-17,62.33000183105469,0.0005021249696562746,0.018117802772122066,-0.5191867176998919,False,0.0030576511630591163,0.010699316183107576,0.03756912647199437,-0.20340278674684872,False,False,
2026-02-18,65.19000244140625,0.0006356695149903772,0.018009295806474906,2.512543860110653,True,0.03132421113133632,0.010410726377128737,0.03754323314819378,0.557050711952701,False,True,shock
2026-02-19,66.43000030517578,0.0011743170342787415,0.018745437957483024,0.9520701417186872,False,0.019803514393835542,0.010322690844953656,0.03748553529483483,0.2529195188040507,False,False,
2026-02-20,66.38999938964844,0.0014080929147418356,0.018858392632364555,-0.1065967986476369,False,0.0489808568380119,0.009865076104767013,0.03715159004107644,1.052869626575787,False,False,
2026-02-23,66.30999755859375,0.0013098105620242457,0.01884928165876842,-0.1334182889318069,False,0.043430343897213675,0.009721027890303926,0.03697595080973825,0.9116551506778785,False,False,
2026-02-24,65.62999725341797,0.001278438019377209,0.0188515127344045,-0.6117974022309111,False,0.01973270091706847,0.009481833321403552,0.036694275015263476,0.27935877167217316,False,False,
2026-02-25,65.41999816894531,0.0012487220811820935,0.018868127185645848,-0.23576608481284161,False,0.022826752741888168,0.00911308965118478,0.03644632028651309,0.3762701689195798,False,False,
2026-02-26,65.20999908447266,0.0014174201168651705,0.018769468091519505,-0.24654048287675653,False,0.008974189319248538,0.009166734451476373,0.03646373284642428,-0.005280455872106813,False,False,
2026-02-27,67.0199966430664,0.0014126508466539903,0.018770613091284364,1.403459281985745,False,0.06651808530121994,0.009795642199962186,0.0360401476491598,1.5738682220015856,False,False,
2026-03-02,71.2300033569336,0.001710943663067573,0.019010809256616558,3.214288690558377,True,0.13261256238234131,0.011061953798016392,0.03634520345032978,3.3443369976024178,True,True,shock+trend
2026-03-03,74.55999755859375,0.002463707960968689,0.02027322296351908,2.1844663482891025,True,0.19621362695750322,0.013086740723130543,0.03878222822824523,4.721927919061668,True,True,shock+trend
2026-03-04,74.66000366210938,0.0028852547276607197,0.02086043343561425,-0.07401433490403954,False,0.1452676923768319,0.015505637989835511,0.04417322087003472,2.9375728514064865,True,True,trend
2026-03-05,81.01000213623047,0.0034601501298115226,0.020196550529669195,4.0399008705783785,True,0.21947917754139623,0.017881252609276057,0.04627557353644936,4.356465182939976,True,True,shock+trend
2026-03-06,90.9000015258789,0.004548588483699314,0.022285936335183033,5.273958085769072,True,0.3691821413098564,0.021221488118883632,0.051448940682194265,6.763222888112775,True,True,shock+trend
2026-03-09,94.7699966430664,0.005858315245598037,0.026010963843887132,1.4115542957013039,False,0.4291962016636246,0.026338515859870733,0.06510983656874327,6.187355199062969,True,True,trend
2026-03-10,83.44999694824219,0.006465911443007327,0.0263316108305008,-4.781818920021156,True,0.2715221764525697,0.03231010800083917,0.07980561576161986,2.99743402978381,True,True,shock+trend
2026-03-11,87.25,0.004688561729344455,0.030060917726943418,1.358831627427187,False,0.3336900403861114,0.03589077350169202,0.08436579010102406,3.5298580920989275,True,True,trend
2026-03-12,95.7300033569336,0.0055810822249532585,0.030268792470703163,3.026580376999294,True,0.4680264484120833,0.040375768190399106,0.09096993210678303,4.7010113156916065,True,True,shock+trend
2026-03-13,98.70999908447266,0.006944270347074671,0.03203440272103525,0.7549665193621743,False,0.47284398729800237,0.046681183579522056,0.10333913527956123,4.123924615447873,True,True,trend
2026-03-16,93.5,0.0076028155509635705,0.03201690016715118,-1.8859939505528596,False,0.3126491028151639,0.05336289668808879,0.11407031819979792,2.273038334765813,True,True,trend
2026-03-17,96.20999908447266,0.0067199459327430605,0.03275828404815203,0.6796449246867066,False,0.2903702016468688,0.05781759848860729,0.11757885712758924,1.977843711356285,False,False,
2026-03-18,96.31999969482422,0.007308075290090764,0.0327567388960694,-0.18819750833190868,False,0.2901151214878319,0.06236416843503944,0.11989890938478749,1.8995248098702806,False,False,
2026-03-19,96.13999938964844,0.007162261248324346,0.032759553109778905,-0.275676385341848,False,0.18676702696507297,0.06619589661945903,0.12253069917411434,0.984007527568941,False,False,
2026-03-20,98.31999969482422,0.007160078513395067,0.03276015736299795,0.4735993747259643,False,0.08162814130242735,0.06871792903963382,0.12304559140798188,0.10492218465582548,False,False,
2026-03-23,88.12999725341797,0.007287066616140769,0.03280212665718457,-3.3817399893814484,True,-0.07006436240212988,0.06997715918700638,0.1226826478327044,-1.1414941237664122,False,True,shock
2026-03-24,92.3499984741211,0.006058027396606145,0.035156541571944866,1.1897016625529993,False,0.10665071122050396,0.06932561398241878,0.1233016060242368,0.302713796207556,False,False,
2026-03-25,90.31999969482422,0.006625991476865849,0.03548644716023998,-0.8061548191369364,False,0.035186242920621336,0.0711405552765899,0.12282863962894337,-0.2927192914012888,False,False,
2026-03-26,94.4800033569336,0.006170054474038377,0.03563305607716608,1.119422509095311,False,-0.013057557256519914,0.07155811264124927,0.12264996126700216,-0.689895610432078,False,False,
2026-03-27,99.63999938964844,0.006692551986210808,0.03592954966731717,1.3337806291246201,False,0.00942154101713566,0.07117208482313224,0.12287288326295917,-0.5025563180921276,False,False,
2026-03-30,102.87999725341795,0.007687059589906706,0.03621263941946811,0.68567166019826,False,0.10032082623976413,0.07110939450186139,0.12290357874406041,0.23767763344575873,False,False,
2026-03-31,101.37999725341795,0.00826328340841509,0.03625991747703275,-0.6299897710667829,False,0.05373659929469521,0.07258070145110353,0.12257922100402366,-0.15372998785650432,False,False,
2026-04-01,100.12000274658205,0.008020813699092078,0.0363521722653245,-0.5625316303985292,False,0.03945185905105464,0.07317984729276214,0.12237290840726621,-0.2756164634860048,False,False,
2026-04-02,111.54000091552734,0.008051246913520407,0.03633383540107726,2.9177171842572083,True,0.16018308324991581,0.07394457694500076,0.1219745864409347,0.7070202803817287,False,True,shock
2026-04-06,112.41000366210938,0.00960912528732687,0.03831416081889881,-0.04722035595232908,False,0.1433076079233031,0.07633312693625566,0.12188471807665405,0.5494903876704772,False,False,
2026-04-07,112.9499969482422,0.009857042227386608,0.038240442367893875,-0.1321443666213628,False,0.2816294164114663,0.07880581907266199,0.12132854477028351,1.6716890301686125,False,False,
2026-04-08,94.41000366210938,0.01028481418709999,0.03799808728899953,-4.5904464650855425,True,0.02230649942637042,0.0833271351129825,0.12249428570413066,-0.49815087565798494,False,True,shock
2026-04-09,97.87000274658205,0.007934605564092305,0.04300421063069522,0.6677030689651298,False,0.08359170811855621,0.08430535852004138,0.12169693639220681,-0.005864160780393114,False,False,
2026-04-10,96.56999969482422,0.008373199896031547,0.043128561715432875,-0.5021302861604942,False,0.022121044280607016,0.08620646213984286,0.12053631618082354,-0.5316689599431392,False,False,
2026-04-13,99.08000183105467,0.00807499001747402,0.043200851746630055,0.4147265669882768,False,-0.005620208370374025,0.08726039782998717,0.11960992487393589,-0.7765292579044227,False,False,
2026-04-14,91.27999877929688,0.008103859688272609,0.04321224203524851,-2.0093415237552934,True,-0.11275270979593355,0.08738247320633502,0.11950900772272396,-1.67464517374797,False,True,shock
2026-04-15,91.29000091552734,0.006969159011575271,0.044360261338954744,-0.15463350251663227,False,-0.09952650040686828,0.08584934670247729,0.12133964957711202,-1.5277433860688563,False,False,
2026-04-16,94.69000244140624,0.006977472284459214,0.04435889843411163,0.6823093670843068,False,-0.05423491965856131,0.08454741521617071,0.12280864775727887,-1.130069725619191,False,False,
2026-04-17,83.8499984741211,0.007841952638370165,0.04430783542727971,-2.7607039713480446,True,-0.24825176810225003,0.08402335629165758,0.12332167431295836,-2.6943773367095205,True,True,shock+trend
2026-04-20,89.61000061035156,0.006000681133342239,0.04646051967083837,1.3493917553825263,False,-0.20282895035117887,0.08056477115251173,0.12890428901496592,-2.1984817081671215,True,True,trend
2026-04-21,92.12999725341795,0.006946446915459924,0.047009259145968395,0.45045119228632374,False,-0.18432935154805474,0.07759522004770394,0.13282666270727414,-1.9719276706740188,False,False,
2026-04-22,92.95999908447266,0.007443349365413807,0.047033818885443834,0.03328838320933856,False,-0.015358590418301898,0.07461882997390004,0.13616459577254736,-0.6607989388262306,False,False,
2026-04-23,95.8499984741211,0.00758669011340715,0.04702182891728715,0.49980922570571795,False,-0.02063966706623488,0.07408512465868299,0.13644118656015175,-0.6942536495983732,False,False,
2026-04-24,94.4000015258789,0.007768592996976098,0.04708682787034627,-0.48625839315727765,False,-0.022470727718782557,0.07329464311145956,0.13682048945203232,-0.6999344265890551,False,False,
2026-04-27,96.37000274658205,0.007838951239913561,0.0470480883582406,0.2769444174336545,False,-0.027351625296632043,0.07288443187378099,0.1370639067666994,-0.7313089166575986,False,False,
2026-04-28,99.93000030517578,0.008383259711449828,0.046958255159055114,0.6081501651751663,False,0.09476338345263868,0.0729840305448275,0.13698727627378215,0.15898814474041423,False,False,
2026-04-29,106.87999725341795,0.008454302421430424,0.04699788748963458,1.299938234873841,False,0.17077441320563014,0.07438914395380399,0.1366582161859769,0.7053016784637107,False,False,
2026-04-30,105.06999969482422,0.009067674897497931,0.04749507195964301,-0.547478541601191,False,0.10962083626348074,0.07649018629202713,0.13691579113197447,0.2419782970067978,False,False,
2026-05-01,101.94000244140624,0.008756175152342094,0.04758913998603991,-0.8099707862587526,False,0.2157424483778414,0.07730322542014417,0.1369292427750828,1.0110274485713375,False,False,
2026-05-04,106.41999816894533,0.007989231738188402,0.04774246200399027,0.7531690624956848,False,0.1875906421615614,0.0794750164678363,0.1378250850707717,0.7844408413621431,False,False,
2026-05-05,102.2699966430664,0.008385499538393919,0.04791795576879749,-0.9888139639945378,False,0.11006186575428623,0.08103978565323104,0.13838380512887946,0.2097216511283699,False,False,
2026-05-06,95.08000183105467,0.008473953228099608,0.04782292685164157,-1.6472852456303484,False,0.022805537515717678,0.08209627045931585,0.13829770238046732,-0.4287181343077192,False,False,
2026-05-07,94.80999755859376,0.00748025009331316,0.04867907078080746,-0.21200094277974274,False,-0.010850296631023104,0.08190720659963432,0.13836987958746863,-0.6703590659123327,False,False,
2026-05-08,95.41999816894533,0.007240502042596989,0.048685108196545014,-0.01656718032773433,False,0.010805049010373047,0.08130071602627924,0.13867921334088248,-0.5083362193771843,False,False,
2026-05-11,98.06999969482422,0.007264416390440706,0.048684254229811125,0.4212359010726344,False,0.01764031233570207,0.08063026726064362,0.13889962314226956,-0.4534926265453101,False,False,
2026-05-12,102.18000030517578,0.007911845245992982,0.0486290330266412,0.6991091456305598,False,0.022515760963962128,0.0800629474432517,0.13907102770201163,-0.41379708937361337,False,False,
2026-05-13,101.0199966430664,0.00808653304692048,0.048728539300136015,-0.39892605650207974,False,-0.054827851430957475,0.0795990759944523,0.13920591506616126,-0.9656696510455024,False,False,
2026-05-14,101.16999816894533,0.008031230026529213,0.04874847788668601,-0.1342885085237266,False,-0.03711812636534162,0.07852748719424714,0.13993509385020528,-0.8264232393582599,False,False,
2026-05-15,105.41999816894533,0.007663981547919985,0.04869187415157961,0.7053439686693236,False,0.03413768534623429,0.07738495993186366,0.14053152457510995,-0.3077407344464905,False,False,
2026-05-18,108.66000366210938,0.008048853203314934,0.048849591627040424,0.46439293994803066,False,0.021048727041020676,0.07739096090253288,0.14052964299419443,-0.40092775204616304,False,False,
2026-05-19,107.7699966430664,0.007992472540828561,0.048820540203762273,-0.33148390695403784,False,0.05377921365535587,0.07694066408752642,0.14065699113836144,-0.16466618718857065,False,False,
2026-05-20,98.26000213623048,0.007926062710751717,0.04883936867940373,-1.9690978523475886,False,0.03344552212805252,0.0763016352107622,0.14065182634640372,-0.30469645646236904,False,False,
2026-05-21,96.3499984741211,0.007377199132498558,0.049689776682139225,-0.5396575087881009,False,0.016243022415179276,0.0761419225615858,0.1406941567967394,-0.42573836405261917,False,False,
2026-05-22,96.5999984741211,0.006888433269655884,0.049771879149711894,-0.08626811974522233,False,0.012366383649332402,0.07572431236335463,0.14082655013761786,-0.44990045309004506,False,False,
2026-05-26,93.88999938964844,0.006515920710710067,0.04969701615634545,-0.6956100099716856,False,-0.04262261974286907,0.07489502601988539,0.14101648236139636,-0.8333610638618882,False,False,
2026-05-27,88.68000030517578,0.006520541031847979,0.04969374213173239,-1.2478633435485502,False,-0.13211978821374282,0.07344397503769684,0.14166552534554475,-1.4510500190504143,False,False,
2026-05-28,88.9000015258789,0.005725894291264672,0.050206710096014844,-0.0646338024928227,False,-0.11997619798000025,0.07114092279800631,0.14359738616825363,-1.3309233954584234,False,False,
2026-05-29,87.36000061035156,0.005589026991935248,0.050201305801527873,-0.4563999137642614,False,-0.13650289422297146,0.06872096428240843,0.14528115702067132,-1.412597908180065,False,False,
2026-06-01,92.16000366210938,0.005440923250609714,0.05025295929192164,0.9850995233159852,False,-0.1257825340272306,0.06656540189938669,0.14712380534622835,-1.3073882603427938,False,False,
2026-06-02,93.76000213623048,0.006033854196100578,0.05057448136187463,0.22397144495160287,False,-0.13712498641369586,0.06458877116261007,0.14871160535678982,-1.3564089843045741,False,False,
2026-06-03,96.0199966430664,0.006634616416608213,0.050435818723124144,0.3463693155403121,False,-0.10902848998795023,0.06328627069942563,0.15005675606048077,-1.1483305731194398,False,False,
2026-06-04,93.04000091552734,0.006945394776909316,0.05047115277728129,-0.7525200094751735,False,-0.05312437520066382,0.06230692231631099,0.15094775575973723,-0.7647102597583909,False,False,
2026-06-05,90.54000091552734,0.006650317976832815,0.05062951462735739,-0.6620739173530837,False,-0.06030096160462606,0.06155782863146135,0.15138453232476082,-0.8049619625251231,False,False,
2026-06-08,91.3000030517578,0.005680251600504118,0.050564573825005364,0.05367101249567834,False,-0.05486537790974344,0.06033615966164852,0.15200026795460372,-0.757903516366155,False,False,
2026-06-09,88.19999694824219,0.005538555796065,0.05054156828420542,-0.7813888777587173,False,-0.06060285949936417,0.05934057443093413,0.15251301174406326,-0.7864472188876516,False,False,
2026-06-10,90.02999877929688,0.005093863633955834,0.05074265178926584,0.30850687955653416,False,0.015223257436573379,0.05787945821310247,0.15313724530811823,-0.27854883174046335,False,False,
2026-06-11,87.70999908447266,0.005386574955854078,0.05076913786139205,-0.6136751829237476,False,-0.01338585400428638,0.05750336372696059,0.15320783193373508,-0.4626996990722232,False,False,
2026-06-12,84.87999725341797,0.0051797174024079155,0.05086524512388999,-0.7361639299833435,False,-0.02838831661637753,0.057061782994675854,0.15336581318452522,-0.5571652367417916,False,False,
2026-06-15,80.75,0.004792174749682146,0.05104037542240747,-1.0471919720484786,False,-0.12380645842791427,0.05637891540323231,0.15363408992717617,-1.1728215652955405,False,False,
2026-06-16,76.05000305175781,0.004186216309238873,0.05140513482779192,-1.2137019597537646,False,-0.18888650470315227,0.054608506766603476,0.15494718238612995,-1.571471050457463,False,False,
2026-06-17,76.79000091552734,0.0030400731280276878,0.05182905905883673,0.12908470678134892,False,-0.20027073942756335,0.05120311223321185,0.15746800616834136,-1.596983779625283,False,False,
2026-06-18,76.5999984741211,0.00233224965021993,0.051362054005541044,-0.09358196459119797,False,-0.1766982188266788,0.046764668209079784,0.15981623378983179,-1.3982489872063064,False,False,
2026-06-22,74.81999969482422,0.0016759270693506526,0.051100636515595904,-0.48753814445729643,False,-0.17362492889048764,0.04179251026529069,0.16090106953517658,-1.338819187331028,False,False,
2026-06-23,73.20999908447266,0.001348208855228473,0.05118156206990869,-0.4467727593288174,False,-0.1981380434021448,0.03754060864839309,0.16233678160037204,-1.4517883730793255,False,False,
2026-06-24,70.33999633789062,-7.273155883560811e-05,0.05029802497833921,-0.7779550237453983,False,-0.2024943449922365,0.03197237903581255,0.16317195640714027,-1.436930273992774,False,False,
2026-06-25,71.91999816894531,-0.002223211764072658,0.04841739290189672,0.5098491127129516,False,-0.20115518000557941,0.024350025885117976,0.1605380802391823,-1.40468358382461,False,False,
2026-06-26,69.2300033569336,-0.002491369763378451,0.04822122819631843,-0.723980495563661,False,-0.21069428708739535,0.015945340796195254,0.15547735701538865,-1.4577018302488802,False,False,
2026-06-29,70.75,-0.0013974432970947455,0.04642949189523286,0.5029818828185643,False,-0.16647028405563458,0.009515787948995724,0.1547344280275634,-1.1373426990228785,False,False,
2026-06-30,69.5,-0.0017118504641817189,0.04618658015078982,-0.34546818592529277,False,-0.13931888544891646,0.0028469836231057766,0.15131449611342657,-0.9395389914622163,False,False,
2026-07-01,68.58000183105469,-0.0032433152651845944,0.04474454956487899,-0.22335834325823242,False,-0.09822486418073151,-0.005250954161707553,0.1420511248592978,-0.6545101991351,False,False,
2026-07-02,68.69000244140625,-0.003834869339785296,0.0445769449079846,0.12201025393126151,False,-0.10548246357011348,-0.012865205514757339,0.13094932724203107,-0.7072755546439233,False,False,
2026-07-06,68.55000305175781,-0.003109738146349881,0.044210817394434956,0.02423851873223065,False,-0.1050913261451687,-0.018440293066561038,0.12569907318950366,-0.689352999031049,False,False,
2026-07-07,70.44000244140625,-0.0035233658909936505,0.04405132814150484,0.7058691087287697,False,-0.0585404607228428,-0.023713113437121538,0.12076771876828857,-0.2883829192181967,False,False,
2026-07-08,73.5199966430664,-0.003170995661743019,0.044194627822450365,1.0611259852650556,False,0.004234360913405677,-0.028361854533263866,0.1151017337255344,0.2831948259302226,False,False,
2026-07-09,72.08000183105469,-0.0025630777115007407,0.04452512919280836,-0.3823315057960707,False,0.02473707113667789,-0.030795623413952762,0.11238929142352903,0.49411019366036074,False,False,
2026-07-10,71.41000366210938,-0.0031265671242738987,0.04446879474083833,-0.1387182809300883,False,-0.007091136260013897,-0.03155417101616276,0.11181075541026995,0.2187896384957426,False,False,
2026-07-13,78.13999938964844,-0.0018686205249211045,0.042893525194461844,2.2407358452581887,True,0.12870136646934704,-0.030714528000934542,0.11175408947594072,1.4264882405453438,False,True,shock
2026-07-14,79.33999633789062,-0.0012504789842086755,0.043941452196816166,0.37794589539046813,False,0.12141337580057421,-0.030420519264283297,0.11214867047797027,1.353862639813307,False,False,
2026-07-15,79.5999984741211,-0.0007526310985222176,0.04391491030680166,0.09176140153477363,False,0.14532371905210217,-0.029270824159217265,0.11326673535388705,1.5414458858183007,False,False,
2026-07-16,78.94999694824219,-0.0013230502571244813,0.043575188952741324,-0.15703427521317845,False,0.15121019014746828,-0.02715907380843563,0.11503572123073298,1.5505554452789463,False,False,
2026-07-17,82.48999786376953,-0.002160124094687747,0.04308637240781236,1.0908006448650343,False,0.20090253212809128,-0.025268558486697866,0.11679662788432536,1.9364522307851864,False,False,
2026-07-20,83.2300033569336,-0.001995837714263285,0.043243585449958113,0.2536026733640038,False,0.21415025020628864,-0.023927469074853505,0.11881812405624734,2.0037155204406227,True,True,trend
2026-07-21,84.91000366210938,-0.0016818251160828578,0.04323647702707941,0.5057502115960432,False,0.20542306529219156,-0.02178862039603226,0.12164522191498894,1.867822526124449,False,False,
2026-07-22,86.83000183105469,-0.001246978911777803,0.0432909025478587,0.5511350553459423,False,0.1810392518460966,-0.019575670979483765,0.12425599713612341,1.614529096779169,False,False,
2026-07-23,92.19000244140624,-0.002466324882088527,0.04123841344062597,1.556707500049819,False,0.27899556186869345,-0.01929758873153469,0.12468632246917212,2.3923486128478864,True,True,trend
2026-07-24,89.30999755859375,-0.001747259473613254,0.04188495658007028,-0.7041340341756523,False,0.25066507461870113,-0.01748841601226282,0.12801747756399937,2.0946631329843757,True,True,trend
2026-07-27,82.61000061035156,-0.0022278416884528637,0.042015352120806905,-1.7325029349477723,False,0.05720503270563482,-0.01790127390283302,0.12708632682995852,0.5909865245295827,False,False,
2026-07-28,79.26000213623047,-0.0010395242386117317,0.03848613908912019,-1.026666982202434,False,-0.0010082455930484624,-0.01743596012577616,0.1272992433288713,0.1290480139798436,False,False,
2026-07-29,84.45999908447266,-0.002068865858538295,0.03849691179301832,1.7579511166580075,False,0.061055285220031896,-0.01856395950859756,0.1267656411487912,0.6280822153944406,False,False,
2026-07-30,83.58999633789062,-0.00101700212046213,0.039256634118553374,-0.23648906214894247,False,0.05877136882842837,-0.01804483629607189,0.12701398084056242,0.6047854308332072,False,False,
2026-07-31,84.66999816894531,-0.0015008994225902154,0.039142727661982804,0.3684241881299696,False,0.026427450134936414,-0.017186281933421192,0.12731636869904653,0.34256185998716937,False,False,
2026-08-03,80.33999633789062,-0.00027897247852108896,0.0381164405717434,-1.3343525365693008,False,-0.03472313952276462,-0.015330546467676261,0.12691829711744826,-0.1527958812521945,False,False,
2026-08-04,75.7699966430664,-0.0009622967194357482,0.03856610892538496,-1.450002342386315,False,-0.10764346513768486,-0.014466501655888215,0.12655742888241217,-0.7362425446266755,False,False,
2026-08-05,75.22000122070312,-0.0022173261754032773,0.03883659700078654,-0.1298111491700588,False,-0.13370955160108333,-0.01517861559560986,0.12693392163054554,-0.9338003150211507,False,False,
2026-08-06,77.29000091552734,-0.0007877246403949215,0.036554715492287525,0.7743733344266147,False,-0.16162274792593678,-0.013651386042260972,0.12476225337592797,-1.1860266857942618,False,False,
2026-08-07,78.18000030517578,-0.0013367226543092576,0.035798469051477565,0.3590038362767223,False,-0.12462207544139603,-0.01310197000992441,0.12400635358298182,-0.8993096096229075,False,False,
2026-08-10,82.12999725341797,-0.001558146103352637,0.03566490703865773,1.4603301114839462,False,-0.005810475165078821,-0.01230587299516896,0.123080449897996,0.05277359511988505,False,False,
2026-08-11,83.19999694824219,-0.0010046079378032517,0.03615000264691619,0.38818062992322955,False,0.04970974900101233,-0.012178564791792653,0.12308218768317224,0.5028210414338153,False,False,
2026-08-12,83.2699966430664,-0.0012454147531955194,0.03599314338268922,0.05797652202078358,False,-0.014089538885929564,-0.01124057257756269,0.12328473033880448,-0.02310883351520905,False,False,
2026-08-13,81.25,-0.0010324932228107197,0.03595712648973006,-0.6459332577536012,False,-0.02799373657622628,-0.01112882339312465,0.12327821172663067,-0.13680368125796277,False,False,
2026-08-14,82.4000015258789,-0.0016341872726431728,0.035963257436582005,0.43900506605604733,False,-0.026809929044016245,-0.011137384876852573,0.12327937589178482,-0.12713030102392067,False,False,
2026-08-17,84.5,-0.0019380148114281415,0.03572844938782598,0.7675517181579872,False,0.051779983217990155,-0.012758362376807972,0.12266583495380101,0.5261313846606503,False,False,
2026-08-18,84.94000244140625,-0.002525524617083968,0.034889487388288544,0.22163278053139981,False,0.1210242339264902,-0.014344954776643173,0.12101838398897667,1.1185836749849831,False,False,
2026-08-19,85.83000183105469,-0.0022302981195331858,0.034859578657747,0.364556187470816,False,0.14105291728486868,-0.014192909474469712,0.12118328822620525,1.2810828046648706,False,False,
2026-08-20,87.83000183105469,-0.001693396586835818,0.0347392682025872,0.7195106052598335,False,0.1363695276320005,-0.015188769889042681,0.11956426684974562,1.2675885656665626,False,False,
2026-08-21,87.05999755859375,-0.0019686699439435277,0.03445334489848594,-0.1973194377668975,False,0.11358400126317325,-0.01587171808277016,0.11853217577596932,1.0921567793593872,False,False,
2026-08-24,85.01000213623047,-0.0015656104817653427,0.034190131512322294,-0.6429140725960527,False,0.03506641883751738,-0.015824756275985,0.11858343087037548,0.4291592403759336,False,False,
2026-08-25,82.36000061035156,-0.0009421821963983845,0.033335411041599386,-0.9068626191996902,False,-0.010096110200739306,-0.015661277858361,0.11864584100031429,0.046905712081445436,False,False,
2026-08-26,82.2300033569336,-0.0013199563505293394,0.03351725246711602,-0.007710847527789041,False,-0.012489411889743507,-0.015651222039290553,0.11864628622452053,0.02664904440046095,False,False,
2026-08-27,83.52999877929688,-0.001426787415191783,0.03350497096610404,0.5144325137179813,False,0.028061523437499902,-0.01596181485129211,0.11860657649226208,0.37117114068007945,False,False,
2026-08-28,83.4000015258789,-0.0015862902560989205,0.03339237522856036,0.0008982902957650565,False,0.012135922105364738,-0.0158228653699348,0.11865256927063085,0.23563575274572635,False,False,
2026-08-31,85.76000213623047,-0.0021658254719331463,0.03300219851168201,0.9230656064352641,False,0.01491126788438435,-0.01596126322138277,0.11861329339468792,0.26027884583760946,False,False,
2026-09-01,90.22000122070312,-0.0016371598734512933,0.033170197187250755,1.6171970463325356,False,0.062161509624857336,-0.01503140829717821,0.11857783642831278,0.6509894281019638,False,False,
2026-09-02,91.01000213623048,-0.0009635503347084385,0.033742497144981114,0.28806207293658714,False,0.06035186059266273,-0.013707679817308893,0.1188817006688606,0.622968379433442,False,False,
2026-09-03,91.3000030517578,-0.0014069119075752479,0.03338681759238932,0.13758079534670514,False,0.0395081538012243,-0.013358157480689848,0.11906266927538174,0.4440208807988245,False,False,
2026-09-04,91.4800033569336,-0.00177421571642026,0.03317932755825949,0.11289383246102601,False,0.0507696522201837,-0.013112031790553797,0.1191538008906724,0.5361279584303911,False,False,
2026-09-08,93.02999877929688,-0.0016387186951451582,0.03317351948092747,0.5601534764064998,False,0.09434180027679773,-0.01315215927635609,0.11913147414720433,0.9023136859729388,False,False,
2026-09-09,96.0500030517578,-0.00023622567071036679,0.03165120233727345,1.0331019381820736,False,0.16622149514269902,-0.01234020890103949,0.11965970694387815,1.4922458746074492,False,False,
2026-09-10,102.4800033569336,0.0004557870596061875,0.03179275840667667,2.0913100078956246,True,0.24626047881940805,-0.010340495931339228,0.12138459827150995,2.113950026648264,True,True,shock+trend
2026-09-11,100.0500030517578,0.0013137816470044949,0.03270643748860133,-0.7651621382124498,False,0.19777330915699065,-0.007221907995738219,0.12492870237886662,1.6408976740272825,False,False,
