date,price,expected_value,rolling_std,z_score,daily_anomaly_flag,cumulative_return,cumulative_expected_value,cumulative_rolling_std,cumulative_z_score,cumulative_anomaly_flag,anomaly_flag,anomaly_type
2009-01-02,611.0,,,,False,,,,,False,False,
2009-01-05,616.75,,,,False,,,,,False,False,
2009-01-06,643.5,,,,False,,,,,False,False,
2009-01-07,613.25,,,,False,,,,,False,False,
2009-01-08,612.5,,,,False,,,,,False,False,
2009-01-09,629.5,,,,False,,,,,False,False,
2009-01-12,569.75,,,,False,,,,,False,False,
2009-01-13,570.75,,,,False,,,,,False,False,
2009-01-14,574.25,,,,False,,,,,False,False,
2009-01-15,568.75,,,,False,,,,,False,False,
2009-01-16,578.25,,,,False,-0.05360065466448449,,,,False,False,
2009-01-20,550.0,,,,False,-0.10822861775435755,,,,False,False,
2009-01-21,571.75,,,,False,-0.11149961149961152,,,,False,False,
2009-01-22,566.75,,,,False,-0.07582551977170815,,,,False,False,
2009-01-23,582.75,,,,False,-0.0485714285714286,,,,False,False,
2009-01-26,592.5,,,,False,-0.05877680698967436,,,,False,False,
2009-01-27,584.75,,,,False,0.026327336551118963,,,,False,False,
2009-01-28,595.25,,,,False,0.042925974594831384,,,,False,False,
2009-01-29,578.0,,,,False,0.006530256856769778,,,,False,False,
2009-01-30,568.0,,,,False,-0.0013186813186812918,,,,False,False,
2009-02-02,563.75,,,,False,-0.025075659316904475,,,,False,False,
2009-02-03,552.5,,,,False,0.00454545454545463,,,,False,False,
2009-02-04,542.25,,,,False,-0.05159597726278964,,,,False,False,
2009-02-05,561.75,,,,False,-0.008822232024702226,,,,False,False,
2009-02-06,557.0,,,,False,-0.04418704418704422,,,,False,False,
2009-02-09,565.0,,,,False,-0.04641350210970463,,,,False,False,
2009-02-10,556.0,,,,False,-0.04916631038905517,,,,False,False,
2009-02-11,543.25,,,,False,-0.08735825283494325,,,,False,False,
2009-02-12,538.75,,,,False,-0.06790657439446368,,,,False,False,
2009-02-13,535.5,,,,False,-0.05721830985915488,,,,False,False,
2009-02-17,515.5,,,,False,-0.08558758314855874,,,,False,False,
2009-02-18,510.75,,,,False,-0.07556561085972846,,,,False,False,
2009-02-19,519.5,,,,False,-0.04195481788842781,,,,False,False,
2009-02-20,519.25,,,,False,-0.07565643079661766,,,,False,False,
2009-02-23,510.5,,,,False,-0.08348294434470382,,,,False,False,
2009-02-24,515.25,,,,False,-0.08805309734513278,,,,False,False,
2009-02-25,524.75,,,,False,-0.05620503597122306,,,,False,False,
2009-02-26,514.0,,,,False,-0.053842613897837066,,,,False,False,
2009-02-27,510.5,,,,False,-0.05243619489559159,,,,False,False,
2009-03-02,494.75,,,,False,-0.07609710550887017,,,,False,False,
2009-03-03,490.25,,,,False,-0.048981571290009684,,,,False,False,
2009-03-04,511.75,,,,False,0.0019579050416054233,,,,False,False,
2009-03-05,504.0,,,,False,-0.029836381135707413,,,,False,False,
2009-03-06,516.25,,,,False,-0.005777563793933571,,,,False,False,
2009-03-09,513.0,,,,False,0.004897159647404559,,,,False,False,
2009-03-10,522.75,,,,False,0.01455604075691408,,,,False,False,
2009-03-11,498.75,,,,False,-0.049547403525488365,,,,False,False,
2009-03-12,515.25,,,,False,0.0024319066147859836,,,,False,False,
2009-03-13,506.5,,,,False,-0.007835455435847183,,,,False,False,
2009-03-16,544.25,,,,False,0.10005053057099556,,,,False,False,
2009-03-17,552.5,,,,False,0.12697603263641,,,,False,False,
2009-03-18,530.0,,,,False,0.035661944308744475,,,,False,False,
2009-03-19,555.25,,,,False,0.10168650793650791,,,,False,False,
2009-03-20,550.25,,,,False,0.06585956416464889,,,,False,False,
2009-03-23,549.25,,,,False,0.0706627680311891,,,,False,False,
2009-03-24,535.0,,,,False,0.023433763749402203,,,,False,False,
2009-03-25,508.0,,,,False,0.018546365914786866,,,,False,False,
2009-03-26,514.5,,,,False,-0.0014556040756914523,,,,False,False,
2009-03-27,507.25,,,,False,0.0014807502467917288,,,,False,False,
2009-03-30,512.5,,,,False,-0.058337161231051926,,,,False,False,
2009-03-31,532.75,,,,False,-0.03574660633484161,,,,False,False,
2009-04-01,525.5,,,,False,-0.008490566037735903,,,,False,False,
2009-04-02,550.5,,,,False,-0.00855470508779832,,,,False,False,
2009-04-03,563.5,,,,False,0.024079963652885006,,,,False,False,
2009-04-06,557.0,,,,False,0.014110150204824867,,,,False,False,
2009-04-07,539.75,,,,False,0.008878504672897192,,,,False,False,
2009-04-08,532.0,,,,False,0.04724409448818889,,,,False,False,
2009-04-09,522.0,,,,False,0.014577259475218707,,,,False,False,
2009-04-13,523.25,,,,False,0.03154263183834405,,,,False,False,
2009-04-14,522.25,,,,False,0.019024390243902456,,,,False,False,
2009-04-15,515.25,,,,False,-0.032848427968090066,,,,False,False,
2009-04-16,524.75,,,,False,-0.0014272121788773129,,,,False,False,
2009-04-17,523.0,,,,False,-0.049954586739327844,,,,False,False,
2009-04-20,504.5,,,,False,-0.10470275066548362,,,,False,False,
2009-04-21,509.5,,,,False,-0.08527827648114905,,,,False,False,
2009-04-22,516.75,,,,False,-0.04261232051875874,,,,False,False,
2009-04-23,529.25,-0.0018523924107432376,0.027637255717682236,0.9422802143570943,False,-0.005169172932330879,,,,False,False,
2009-04-24,532.25,-0.001655341145847733,0.027771008832617145,0.26371889719107144,False,0.019636015325670497,,,,False,False,
2009-04-27,508.0,-0.0021580627265147755,0.027281841153654098,-1.5909202539635194,False,-0.02914476827520307,,,,False,False,
2009-04-28,510.5,-0.0021387660515111953,0.02725018279697273,0.2590817810886458,False,-0.02249880325514597,,,,False,False,
2009-04-29,520.75,-0.002056842690219168,0.027262206338519307,0.8119371179911617,False,0.010674429888403614,,,,False,False,
2009-04-30,524.25,-0.0021591993233719396,0.02716299483230815,0.3269254642300724,False,-0.000952834683182413,,,,False,False,
2009-05-01,557.25,-0.0008040303120568974,0.024915121022675804,2.5587312015441688,True,0.06548757170172093,,,,False,True,shock
2009-05-04,538.5,1.1861840860944994e-05,0.025979255736400444,-1.2956197701387746,False,0.06739345887016857,,,,False,False,
2009-05-05,541.5,-0.0005185335936682082,0.026257198159441223,0.23191980337578558,False,0.06280667320902844,,,,False,False,
2009-05-06,547.75,-0.00031655038437135465,0.026244831667974356,0.4518437558087454,False,0.05999032414126759,-0.015728178446819185,0.05194960547410457,1.457537586610361,False,False,
2009-05-07,559.0,-0.000385367501387918,0.02620633901832151,0.7984302710578925,False,0.05621162021728865,-0.014213632062742494,0.05248362421988831,1.3418519267071496,False,False,
2009-05-08,580.5,0.0005398707471058861,0.02569191471690171,1.4760156310765529,False,0.09065288868013144,-0.012021095556453875,0.05193494337800729,1.9769730658850455,False,False,
2009-05-11,580.5,0.0005254185326536727,0.02566997228452344,-0.02046821581379152,False,0.14271653543307083,-0.009325728887390637,0.05194809444594465,2.926811193790203,True,True,trend
2009-05-12,582.5,0.0006420196112136489,0.02564714501884698,0.10930207466029979,False,0.14103819784524974,-0.006411834817993583,0.05424600543012413,2.7181730985367767,True,True,trend
2009-05-13,578.75,0.00031154178843818326,0.025445738523651847,-0.26524323601407984,False,0.11137782045127231,-0.0038837064657712052,0.05662098707143091,2.035667918887283,True,True,trend
2009-05-14,581.5,2.6246554867167166e-06,0.02538427153501451,0.18708416384424928,False,0.10920362422508356,-0.0016149780998919166,0.05778866548901017,1.9176529062788301,False,False,
2009-05-15,577.5,0.00024038183744380456,0.025343554459808997,-0.2809054930162032,False,0.03633916554508754,-0.0005099609309057218,0.05910750849985551,0.6234254735349459,False,False,
2009-05-18,590.5,-9.075354179916229e-05,0.025271094240021278,0.8943647567436211,False,0.09656453110492103,-0.0005977850515689731,0.059046960086616,1.645509201726263,False,False,
2009-05-19,588.75,0.0005957830304996954,0.02517490528020521,-0.1413857636681494,False,0.0872576177285318,0.0006026719384063768,0.0600996743133685,1.4418538333218556,False,False,
2009-05-20,597.75,0.0007869490022926066,0.025091466578498093,0.577872766271638,False,0.09128251939753529,0.0017836892590358847,0.06092603191227363,1.4689752036923605,False,False,
2009-05-21,593.5,0.0010905359165595237,0.025127779286792717,-0.3263532220899141,False,0.06171735241502674,0.0033351316418950817,0.061709291643304756,0.9460847664658929,False,False,
2009-05-22,612.5,0.0012618113603508042,0.025025958971325375,1.2287907941755494,False,0.05512489233419471,0.004097423613489377,0.06207647322770843,0.8220097899815728,False,False,
2009-05-26,612.0,0.0019360182344684773,0.025165689580233595,-0.10936893886041424,False,0.054263565891472965,0.005520368541449168,0.06200570384003546,0.7861082824859669,False,False,
2009-05-27,625.75,0.0014456502477163753,0.024850065498292807,0.8459402255968153,False,0.07424892703862662,0.006361512513664837,0.062235979176678766,1.0908065627478831,False,False,
2009-05-28,630.5,0.0018579574343501133,0.02493993584625675,0.2298696168215356,False,0.08941684665226779,0.007940658796673782,0.062438291963382825,1.3049073780457676,False,False,
2009-05-29,637.25,0.0017676672188743907,0.02490628846834767,0.3588700841070385,False,0.0958727429062769,0.009751730113500081,0.06280923266350445,1.3711521243089118,False,False,
2009-06-01,674.5,0.0021228004534894233,0.024840346704648547,2.267741912726372,True,0.16796536796536787,0.011685584157437841,0.06320226939173451,2.4726925996801,True,True,shock+trend
2009-06-02,669.5,0.0032079464598698815,0.025499964232453216,-0.4165043059018989,False,0.13378492802709574,0.01508989910144199,0.06465495471562353,1.8358226287176058,False,False,
2009-06-03,617.5,0.0032195542014420743,0.02549486021170098,-3.1727750786779687,True,0.04883227176220806,0.017779119133729447,0.06534701310166938,0.47520385637465834,False,True,shock
2009-06-04,635.25,0.0022643885972552283,0.027135342188602973,0.9758694211389706,False,0.06273525721455453,0.019193126888680953,0.0648477327287835,0.6714518533436227,False,False,
2009-06-05,623.0,0.0031456314227705,0.026903731115185757,-0.8336902373583448,False,0.049705139005897125,0.02117076476018913,0.06386329314265345,0.44680399086169686,False,False,
2009-06-08,598.0,0.0030113728686195205,0.02699122759799989,-1.5982890599145658,False,-0.023673469387755053,0.022841041425064143,0.06293041448223505,-0.7391419744414685,False,False,
2009-06-09,613.75,0.0022479051348998436,0.027393255515255226,0.879409440540026,False,0.0028594771241829964,0.023084792738406443,0.0627110688083475,-0.32251588114427493,False,False,
2009-06-10,596.0,0.0026054921295124065,0.02753184335432371,-1.1450763390068188,False,-0.04754294846184581,0.024131671510683784,0.061687444592874674,-1.161899644985594,False,False,
2009-06-11,594.75,0.0024445675624129447,0.0276819689330154,-0.16407369756266046,False,-0.05670103092783507,0.02461087145578856,0.060975664603934804,-1.3335139995895429,False,False,
2009-06-12,584.75,0.002292541978862143,0.027675093477151077,-0.6903799367553052,False,-0.08238524911730094,0.025028899008019193,0.060296530024724106,-1.7814316691404268,False,False,
2009-06-15,575.25,0.0018225227931152747,0.027696525668616682,-0.6523844215835455,False,-0.1471460340993328,0.024679829499404823,0.06084643960744704,-2.8239263415785425,True,True,trend
2009-06-16,565.75,0.001879051947826529,0.02765467336757647,-0.6651176309618697,False,-0.15496639283047053,0.023435783896718212,0.06337486940437116,-2.815030285725272,True,True,trend
2009-06-17,566.0,0.001749649009612669,0.027718510713660605,-0.04717994153367992,False,-0.08340080971659924,0.022068714590919827,0.06608167498962886,-1.5960479864360568,False,False,
2009-06-18,560.25,0.002166902303924534,0.02745540614542587,-0.448943018338293,False,-0.11806375442739081,0.021971331868150104,0.06623350136279463,-2.114263679470868,True,True,trend
2009-06-19,555.25,0.0021527221996375297,0.0274615754772319,-0.4033748699764839,False,-0.1087479935794543,0.021050236092985022,0.06769773396598582,-1.917320153399158,False,False,
2009-06-22,546.0,0.0014489920240576915,0.027051674992945147,-0.6693912509364706,False,-0.08695652173913049,0.01957415744470423,0.06930742407227279,-1.5370745718776972,False,False,
2009-06-23,546.75,0.001428791368020271,0.027064795720133122,-0.0020382564481307252,False,-0.10916496945010179,0.01881255556999192,0.07016623984277863,-1.8239188149009087,False,False,
2009-06-24,539.75,0.0011230323122612149,0.026932066550920796,-0.5170772420714352,False,-0.09437919463087252,0.017434056827909678,0.07165564644045792,-1.560424851538994,False,False,
2009-06-25,533.0,0.001036265287362085,0.026966749796663584,-0.5021760170185322,False,-0.10382513661202186,0.016110372104199314,0.07279821817693215,-1.6475061027554876,False,False,
2009-06-26,534.25,0.0006161101184197089,0.026928447626198768,0.0642111147821178,False,-0.08636169303120989,0.014531956405946839,0.07410403732635085,-1.361513529861074,False,False,
2009-06-29,528.5,0.0012595269598279406,0.026372492863405886,-0.45586431828496243,False,-0.08126901347240334,0.014041099212537217,0.07465411334637988,-1.2766893666357142,False,False,
2009-06-30,511.25,0.0006749208493247287,0.026142491090655032,-1.2743417074669052,False,-0.09633230225364564,0.012925086944708024,0.07545137545529754,-1.4480503309457238,False,False,
2009-07-01,506.25,0.00046615420486011713,0.02634711753780804,-0.38888904224158594,False,-0.10556537102473496,0.01174512898713738,0.07646559893490062,-1.5341604806070404,False,False,
2009-07-02,500.25,-0.0006579930865455778,0.024903384568869844,-0.44949146307201365,False,-0.107095046854083,0.009003583632527639,0.07694129939215183,-1.5089247439776527,False,False,
2009-07-06,490.5,-0.001018130777444255,0.024866842146362478,-0.7428415713742558,False,-0.11661413777577667,0.0058826359059877325,0.07683856124164896,-1.5942096221261262,False,False,
2009-07-07,483.75,-0.0007350144170724052,0.024527227335352824,-0.5311017545819349,False,-0.11401098901098905,0.003852288144860784,0.07804344350493345,-1.510226507988454,False,False,
2009-07-08,488.5,-0.001553720781390678,0.023907595366126744,0.47569996288847355,False,-0.10653863740283498,0.000976321518894158,0.07836311272161532,-1.3720098039453288,False,False,
2009-07-09,494.25,-0.0013027331257769899,0.02392711530673641,0.5463867947561705,False,-0.08429828624363134,-0.0013223211686722936,0.0789603800385387,-1.0508556954064865,False,False,
2009-07-10,491.75,-0.0011215586929527296,0.023974562920051415,-0.1641994585268356,False,-0.07739212007504692,-0.0033884685590032325,0.0790786355904396,-0.9358235756534795,False,False,
2009-07-13,515.75,-0.0008430746824379402,0.02380302015256739,2.085800944739937,True,-0.0346279831539541,-0.004732813676662554,0.07947253719211188,-0.37616981329065735,False,True,shock
2009-07-14,501.75,0.0004805596770164211,0.023766372845761174,-1.1623773815894687,False,-0.05061494796594135,-0.005441804997579101,0.07949923756367855,-0.568221084286233,False,False,
2009-07-15,534.75,-5.197645834184102e-05,0.02393359097325569,2.750184132920676,True,0.04596577017114911,-0.006097262916115766,0.07966840317620977,0.6534966311815286,False,True,shock
2009-07-16,533.25,0.0010128389617403484,0.025050976964573833,-0.15240475672859252,False,0.05333333333333323,-0.005504129317124334,0.07989086965005093,0.7364729274845246,False,False,
2009-07-17,541.75,0.0008374392929361388,0.025030763440934075,0.6033595965315544,False,0.08295852073963017,-0.004015189389599199,0.07993350488581863,1.088075773150037,False,False,
2009-07-20,542.25,0.0005231432329572542,0.024684177126775148,0.016196274158815232,False,0.10550458715596323,-0.002432454361939575,0.08047012956943604,1.3413305296689764,False,False,
2009-07-21,534.75,0.0007168974913173913,0.02462872240247146,-0.59069877430565,False,0.10542635658914734,-0.0009125189860235864,0.08142507156431263,1.305972147548933,False,False,
2009-07-22,522.0,-0.00010183581455521118,0.024064183455260426,-0.9865733229899772,False,0.06857727737973396,0.0006072285030023557,0.08233906987660194,0.8254896366766764,False,False,
2009-07-23,531.75,-0.0007346066518959082,0.02405607473948339,0.8069798494421011,False,0.07587253414264028,0.0012005260193603418,0.08267013724253934,0.9032524998017806,False,False,
2009-07-24,516.25,-0.00033176385560697687,0.02412564100219766,-1.194466598545105,False,0.04982206405693956,0.002024024471864547,0.0831069326602764,0.5751390173484481,False,False,
2009-07-27,520.5,-0.0003074912802408688,0.024095296828962227,0.35442339064929423,False,0.009209888511875874,0.0025699385969851123,0.08328684753736659,0.07972387131007393,False,False,
2009-07-28,516.25,-6.278682563335044e-06,0.024058448362516232,-0.33913022731029346,False,0.028898854010961594,0.002062815850634272,0.08312679542462724,0.3228325839248802,False,False,
2009-07-29,511.5,0.00013547820725968643,0.0239774194870779,-0.3893849684405701,False,-0.04347826086956519,0.002253770444444177,0.08317236836271404,-0.5498464479762358,False,False,
2009-07-30,516.25,-1.912985325135619e-05,0.02400002939716825,0.3877304569705347,False,-0.03187998124706981,0.0012534918750053874,0.08326643260153649,-0.39792113204407653,False,False,
2009-07-31,528.25,0.00013017074485709656,0.024022918692068473,0.9621803915477579,False,-0.024919243193354923,0.0005747669217924237,0.08332706506964274,-0.3059511347704383,False,False,
2009-08-03,549.25,0.0006188120038288207,0.02411645494260607,1.622754774307938,False,0.01290917473490083,0.000680489385455559,0.08328910732397889,0.1468221444837678,False,False,
2009-08-04,542.25,0.0009030287075074946,0.02445255679504676,-0.5581289768511333,False,0.014025245441795287,0.0008716412109726009,0.08330065518593377,0.15790517135144713,False,False,
2009-08-05,528.75,0.000777565635417261,0.024498691606200704,-1.0479674428443813,False,0.012931034482758674,0.0017247056400542427,0.08310048218902813,0.13485275352811393,False,False,
2009-08-06,500.25,0.0009172534139267115,0.024318990903502542,-2.254121597861599,True,-0.05923836389280679,0.003293156108697473,0.08216951380716575,-0.7610063283111587,False,True,shock
2009-08-07,489.5,6.643325399493971e-05,0.025103681906690684,-0.8586664181943648,False,-0.05181598062953996,0.0036403549432087036,0.08184457891572423,-0.6775810482188726,False,False,
2009-08-10,494.25,-0.0004098186429548519,0.025170085938340896,0.4018102295888405,False,-0.050432276657060515,0.003517639475064954,0.08192172953499263,-0.6585544084378848,False,False,
2009-08-11,485.25,-0.0006029635424809246,0.025033980157326663,-0.7033018537645476,False,-0.06004842615012107,0.002914131425401892,0.08215298674257838,-0.7664061901098311,False,False,
2009-08-12,490.25,-0.0009213343007690211,0.025104879180122375,0.4471362418251566,False,-0.04154447702834796,0.0018516722057246712,0.08244854086030493,-0.5263422345775658,False,False,
2009-08-13,481.5,-0.00017646412196123358,0.024585904483585847,-0.71876845555135,False,-0.06731234866828084,0.0016863427556827392,0.08252393397858511,-0.8361052133296104,False,False,
2009-08-14,481.75,-0.00048005474274097923,0.024662566253078652,0.040517500574412155,False,-0.08802650260293421,0.001088828816840941,0.08286295244305826,-1.0754544557293368,False,False,
2009-08-17,471.75,-0.0007408433261379654,0.02454537178460157,-0.8155024594687131,False,-0.14110150204824756,-0.00022718361637689662,0.08349005965858677,-1.6873184545315156,False,False,
2009-08-18,470.5,-0.0011072263895661517,0.024637396092559043,-0.06260735252623494,False,-0.13231904103273395,-0.002095832514577765,0.08506013953128957,-1.5309545603349648,False,False,
2009-08-19,466.0,-0.0019818500665124746,0.02346940199093553,-0.32307782027896137,False,-0.11867612293144203,-0.004733254017703831,0.0859977758230232,-1.3249513469769711,False,False,
2009-08-20,469.0,-0.0016607423038495946,0.023193429896126036,0.3491726139886556,False,-0.06246876561719139,-0.007214181775058638,0.08657091925710601,-0.6382580237831688,False,False,
2009-08-21,460.25,-0.0016491858025205956,0.02319729754830526,-0.7331686193175713,False,-0.059754851889683325,-0.008884520959408237,0.0864100592354961,-0.588708437192903,False,False,
2009-08-24,471.75,-0.002051835527120128,0.023227305188004935,1.1640720148958974,False,-0.04552352048558417,-0.010481123306487582,0.08622633147994993,-0.40640018631947644,False,False,
2009-08-25,471.0,-0.001992530812996966,0.023291353079398672,0.01728992267590817,False,-0.029366306027820754,-0.011837591849192553,0.08596279717314811,-0.20391046772618962,False,False,
2009-08-26,478.75,-0.0025265489940739716,0.022805372110891137,0.83229957149539,False,-0.023457419683834746,-0.013437847778631913,0.08514228795226224,-0.11768032250696185,False,False,
2009-08-27,475.0,-0.0023071576281857896,0.022908918071481935,-0.241204780029167,False,-0.01349948078920038,-0.015653500513523988,0.08316293818503377,0.025901197953480334,False,False,
2009-08-28,467.0,-0.0024575336807619364,0.022907663657708834,-0.6279370867903974,False,-0.030617540217955375,-0.017714002895316657,0.08111748432612419,-0.1590722077963047,False,False,
2009-08-31,471.0,-0.0025962581743994633,0.022963528165839204,0.4860563492812465,False,-0.0015898251192368873,-0.01960727437090636,0.0797086239481189,0.22604140379335552,False,False,
2009-09-01,459.25,-0.0025454089661048613,0.022984231871978136,-0.9746469928779018,False,-0.023910733262486716,-0.021084520362163968,0.07830338623097217,-0.036093112141871414,False,False,
2009-09-02,457.0,-0.002786317761049727,0.02312452796504718,-0.09137373816174824,False,-0.01931330472102999,-0.021887852346264957,0.07801482958065986,0.03300074664103614,False,False,
2009-09-03,451.25,-0.003151785958853255,0.02293514432845506,-0.41117120515460936,False,-0.03784648187633266,-0.023432890157277637,0.0767748405496469,-0.18773847807257107,False,False,
2009-09-04,444.0,-0.003280032181719436,0.022960954995139275,-0.5568779615415477,False,-0.035306898424769195,-0.02510094481867583,0.0756887757288941,-0.13484104489481466,False,False,
2009-09-08,431.5,-0.003698073597696522,0.02290369652979346,-1.0677350498267868,False,-0.0853206147323794,-0.026788803722973226,0.074459847945509,-0.7860855565034294,False,False,
2009-09-09,429.0,-0.003978649028836571,0.023074314372942842,-0.07866295395166079,False,-0.08917197452229297,-0.028749309951605302,0.07403252272210584,-0.8161637932762986,False,False,
2009-09-10,432.75,-0.004482745323737263,0.022687113135273367,0.582886151541055,False,-0.09608355091383813,-0.030673268176358473,0.07369757986466872,-0.8875499420414201,False,False,
2009-09-11,441.75,-0.00435531085344565,0.022734778474621204,1.106346293099736,False,-0.06999999999999995,-0.032677896400429285,0.07340019071683906,-0.5084742046999673,False,False,
2009-09-14,431.0,-0.004377578763112885,0.022708954866152105,-0.8788362335792248,False,-0.0770877944325482,-0.03460121542761097,0.07244416945726939,-0.5864734087399207,False,False,
2009-09-15,470.5,-0.004803257723874024,0.02278068650551928,4.233875457925687,True,-0.0010615711252653925,-0.03682127730874186,0.07113164878959581,0.5027256754479578,False,True,shock
2009-09-16,467.25,-0.0037240371541375117,0.025302987766659655,-0.12581549815139165,False,0.01741970604246057,-0.038113734829162416,0.0695511107132735,0.7984551260519941,False,False,
2009-09-17,461.75,-0.0045955283670307615,0.024235576768967287,-0.2960718548775195,False,0.010393873085339234,-0.04012101032146786,0.06558238041393463,0.7702508370079524,False,False,
2009-09-18,457.25,-0.004653636394920817,0.024247644634563872,-0.20999552653702877,False,0.013296398891966765,-0.041766224387357935,0.06264260178159653,0.8789964291601516,False,False,
2009-09-21,456.0,-0.0037479781333823827,0.02270290134314929,0.04467463594297741,False,0.027027027027026973,-0.042240036025627814,0.0620799439865161,1.1157719966322737,False,False,
2009-09-22,455.75,-0.004167693780746155,0.022382798321732584,0.16170668719276035,False,0.056199304750869095,-0.04271614576146152,0.06139715106454406,1.6110755759391058,False,False,
2009-09-23,460.0,-0.00391788710151364,0.022316264821413235,0.5934315260339267,False,0.07226107226107237,-0.04262955688486189,0.06153368248188566,1.8671177233664809,False,False,
2009-09-24,473.0,-0.0032585044494901376,0.0219596468776449,1.4353315511095242,False,0.09300982091276722,-0.04135042966287753,0.06291467547104931,2.135594749073635,True,True,trend
2009-09-25,449.75,-0.003232863423849112,0.021995764813599012,-2.0877414812970985,True,0.018109790605546072,-0.04014842507902974,0.06460909198659522,0.9017030559207201,False,True,shock
2009-09-28,455.75,-0.0035026469408263,0.022434793201956182,0.7507709853823031,False,0.05742459396751731,-0.03927305522479784,0.06495140002992009,1.4887692820750755,False,False,
2009-09-29,447.5,-0.0032968061368996854,0.022518527840903194,-0.657468533875946,False,-0.0488841657810839,-0.03775138022619315,0.06586797626382221,-0.16901666312473912,False,False,
2009-09-30,457.5,-0.0033139827011118505,0.022529466245261174,1.1389684574348493,False,-0.020866773675762396,-0.03730469911504359,0.06567451214292822,0.25029383398398364,False,False,
2009-10-01,452.75,-0.002799414330443013,0.02267038732983029,-0.33449359379850896,False,-0.019491066594477524,-0.03562097564272931,0.0644273046774881,0.25035827789157583,False,False,
2009-10-02,441.25,-0.002717653727426505,0.02263127918246941,-1.0022711221208016,False,-0.03499179879715697,-0.03381463795958274,0.062917478417165,-0.01870959973585144,False,False,
2009-10-05,442.75,-0.003062216695471981,0.022778769120213378,0.2836698545532959,False,-0.029057017543859698,-0.033169184480656845,0.06264965048125355,0.06563750803410495,False,False,
2009-10-06,460.25,-0.002881437441759065,0.02277548742408837,1.8619636257054213,False,0.009873834339001686,-0.03198242798887643,0.061857794281437735,0.6766530041055526,False,False,
2009-10-07,463.25,-0.0022354337225931314,0.02328322534721544,0.3759629615020319,False,0.00706521739130439,-0.030400803616630345,0.061383156005722084,0.6103632241464122,False,False,
2009-10-08,474.0,-0.0019264022669709731,0.023242974721375338,1.0812735929233683,False,0.0021141649048626032,-0.029147180428224548,0.06117225147029332,0.5110380046787781,False,False,
2009-10-09,468.0,-0.0016353091183494905,0.023420892586083607,-0.47064468995948544,False,0.04057809894385778,-0.027663458636825025,0.06055158620140192,1.126998677684563,False,False,
2009-10-12,494.25,-0.00163337980454853,0.02341996615500484,2.4646971311680024,True,0.08447613823368072,-0.025864028055828627,0.06054746566013793,1.8223746458500074,False,True,shock
2009-10-13,511.25,-0.0007187726937857918,0.02431205573552694,1.4443172509597348,False,0.14245810055865915,-0.023353344391219256,0.061171880922788996,2.7105827456763216,True,True,trend
2009-10-14,513.0,-0.0002914349197660515,0.02464602353596168,0.15071063287072753,False,0.12131147540983611,-0.020302413810021003,0.06364313482105152,2.225124353444244,True,True,trend
2009-10-15,505.0,-0.00010229179435392884,0.02461899522839672,-0.6292803573928134,False,0.11540585311982321,-0.017601340624924477,0.06529802568806466,2.036925195566197,True,True,trend
2009-10-16,498.75,0.0001249749253027055,0.024392202917900667,-0.5125085500125471,False,0.13031161473087827,-0.014778165219944892,0.06641578238280628,2.1845678052026383,True,True,trend
2009-10-19,517.75,9.03577716558009e-05,0.024408286850291106,1.5570482499114482,False,0.16939582156973465,-0.011633138743203384,0.0676322571374427,2.676665957562969,True,True,trend
2009-10-20,517.5,0.0007563189709503352,0.024756943412960343,-0.050053735339335576,False,0.12438891906572525,-0.007946593830885813,0.06985740841508291,1.8943661939230843,False,False,
2009-10-21,542.5,0.0010097509222851465,0.024643911867047355,1.919314923574398,False,0.17107393416082028,-0.004733219739665788,0.07033259554034986,2.4996540018152094,True,True,trend
2009-10-22,551.75,0.0018373595440700748,0.025177621386092513,0.6042402285298096,False,0.16402953586497881,-0.0009320874307083304,0.07203009456040149,2.290176408936366,True,True,trend
2009-10-23,547.75,0.0019337804746995572,0.025222408913771616,-0.36409847601292206,False,0.17040598290598297,0.0026754882128625203,0.07343136649074636,2.2841804900124996,True,True,trend
2009-10-26,527.0,0.0016801753162114046,0.02521778647485441,-1.568830036119061,False,0.06626201315123925,0.006071545134857377,0.07522258362714396,0.8001648589302406,False,False,
2009-10-27,503.25,0.0012425209614496113,0.025617966169386542,-1.8076741267239176,False,-0.015647921760391204,0.007986933577874526,0.07489685700847462,-0.3155653826113349,False,False,
2009-10-28,494.75,-9.10171723958797e-06,0.02555585902271074,-0.6605574040490582,False,-0.03557504873294348,0.008240001063122032,0.07478289948186932,-0.5858966434791448,False,False,
2009-10-29,503.75,0.0001276278954243241,0.02543586509172906,0.7101538555027186,False,-0.0024752475247524774,0.008440533052895337,0.0746429799423822,-0.146239881983193,False,False,
2009-10-30,494.25,-0.0005067561061990992,0.024346587007063554,-0.7537731955005139,False,-0.009022556390977488,0.0077946528169499825,0.07452337139259099,-0.2256635588765032,False,False,
2009-11-02,516.75,-0.0007208029289415737,0.0244374647299229,1.892353561451939,False,-0.0019314340898116678,0.006963240953959173,0.0743561041925276,-0.11962266098207858,False,False,
2009-11-03,515.75,-0.00032635586411425017,0.024943536987019625,-0.06449830604278192,False,-0.0033816425120772875,0.005831374889566615,0.07382788472928228,-0.12479048310034747,False,False,
2009-11-04,521.0,-0.00036446395317531356,0.024943785829977427,0.42270305259749724,False,-0.03963133640552996,0.004379558493992741,0.07290619976409067,-0.6036646408938173,False,False,
2009-11-05,512.25,-4.432249844156762e-05,0.024922683710084277,-0.6720906711403043,False,-0.07159039420027191,0.0024454559207303774,0.0721090746947226,-1.0267202905381438,False,False,
2009-11-06,497.25,4.9654721975529446e-05,0.024844899757244018,-1.180613803047743,False,-0.09219534459151069,0.0005765536329969657,0.07218829638221516,-1.2851376590646848,False,False,
2009-11-09,520.0,-0.0005898217818418654,0.024975825623887535,1.8554524069245522,False,-0.013282732447817858,-0.0016643514167917139,0.07242756178184229,-0.1604138085722346,False,False,
2009-11-10,523.0,0.000408853820666808,0.025313626918953672,0.21175855067020596,False,0.03924490809736714,-0.0025057487035218128,0.07218750601393874,0.5783640287119393,False,False,
2009-11-11,531.75,0.0003760109573154698,0.025304935564816597,0.6462925199090443,False,0.07478524507326934,-0.002105281775715263,0.07233653510089691,1.062955624591856,False,False,
2009-11-12,531.75,0.000707952654303646,0.025354617896291915,-0.02792203996918381,False,0.05558312655086839,-0.0014934632282178261,0.07279491011943498,0.7840739096379179,False,False,
2009-11-13,539.0,0.0008306322346103452,0.02532827116849101,0.5055060525239006,False,0.09054122407688414,-0.0001726447292787118,0.0729214213571,1.243994797659419,False,False,
2009-11-16,562.25,0.0008886030892507479,0.025352849797381376,1.6663544035862847,False,0.08805031446540879,0.0014596380083740075,0.07356935669069273,1.176993796766329,False,False,
2009-11-17,574.75,0.001153814875043646,0.025691645663367214,0.8204335587567939,False,0.11439650993698502,0.0029658987771575235,0.07417594644641262,1.502247244534035,False,False,
2009-11-18,566.25,0.0009201908584520924,0.025414063573595318,-0.6181313557135101,False,0.08685220729366594,0.004319063246518646,0.07527731071439309,1.0963880519096025,False,False,
2009-11-19,562.5,0.0008929323662577252,0.025430009582176,-0.29553464768714677,False,0.0980966325036603,0.005290089404543588,0.07587156934935245,1.2232057923012871,False,False,
2009-11-20,559.75,0.0011365823529760528,0.025266596233822977,-0.2384757798836012,False,0.1256913021618904,0.006425630711488943,0.0766210924646558,1.5565644865402692,False,False,
2009-11-23,557.25,0.0017900732907223085,0.024444321610983772,-0.25594299483497934,False,0.07163461538461546,0.00889135959221824,0.07745052019052623,0.810107609839811,False,False,
2009-11-24,533.0,0.002017046301165129,0.024303873181445577,-1.873541648306218,False,0.019120458891013437,0.010537367539073644,0.07745471929897099,0.11081431098871494,False,False,
2009-11-25,550.25,0.0013074322786834432,0.024847293757235284,1.2498964881518329,False,0.0347907851433944,0.011464737346381298,0.07713056260734451,0.30242289189255767,False,False,
2009-11-27,548.75,0.001981744087752276,0.024996273297718415,-0.1883391837159725,False,0.031969910672308366,0.012729260163628171,0.07671861525107884,0.25079507034519405,False,False,
2009-11-30,567.5,0.0018080107457737842,0.024982927213651925,1.295306746793715,False,0.05287569573283868,0.01370945199963692,0.0764850899096227,0.5120768476507236,False,False,
2009-12-01,562.5,0.002501565434256913,0.025151331480190067,-0.4497629928813635,False,0.0004446420631392112,0.015311959258318512,0.0760222731106078,-0.1955652808953536,False,False,
2009-12-02,554.5,0.0023771683210994567,0.025184319259992597,-0.6591161099871867,False,-0.03523270987385818,0.016491574520532827,0.07507765368829285,-0.688943804892195,False,False,
2009-12-03,549.75,0.0024643074166038866,0.025114399218731952,-0.43921350635505674,False,-0.029139072847682135,0.01790315841619135,0.07304226685474607,-0.6440412283126836,False,False,
2009-12-04,536.75,0.0023854198513746255,0.025139959423638163,-1.0355041444768918,False,-0.045777777777777806,0.019278891325325377,0.0711210518816744,-0.9147315370326543,False,False,
2009-12-07,526.5,0.002197648931124106,0.025282605966511967,-0.8422416011902308,False,-0.05940151853506026,0.020250869260707568,0.06969402492799366,-1.1428868956565923,False,False,
2009-12-08,519.25,0.001857193173247893,0.025396402543176252,-0.6153380811918924,False,-0.06819201435621358,0.02029176588846932,0.0696457120812277,-1.2704842495038946,False,False,
2009-12-09,515.0,0.001922346986328738,0.025349287889346837,-0.3987184599367872,False,-0.0337711069418386,0.020179270388915576,0.06978343283234895,-0.7731115415369024,False,False,
2009-12-10,517.75,0.00148006295346089,0.025230538873968724,0.1529790105182449,False,-0.05906406179009538,0.020335969236165517,0.06964696494599229,-1.1400357659207636,False,False,
2009-12-11,519.25,0.0015724580327206184,0.025231833158783742,0.05250086641191128,False,-0.0537585421412301,0.01993999915933519,0.07001680001834462,-1.0525836839337994,False,False,
2009-12-14,525.0,0.0013916953486286705,0.025172269526748944,0.3846283538103523,False,-0.07488986784140972,0.019535984193236586,0.07035719348885403,-1.3420923625898358,False,False,
2009-12-15,536.75,0.001643782843437956,0.025173311321470458,0.8237759932610688,False,-0.045777777777777806,0.01871744569920713,0.07109991211339198,-0.9071069367023449,False,False,
2009-12-16,537.25,0.0021667569453594263,0.02519150009794696,-0.0490333870474887,False,-0.031109107303877392,0.01851530919840949,0.07126342867913925,-0.6963517953327624,False,False,
2009-12-17,518.5,0.002064973237069353,0.02518071747515061,-1.4679854432375326,False,-0.05684402000909505,0.018121718769280957,0.07145722511331422,-1.049099494970566,False,False,
2009-12-18,528.0,0.0019322661434294612,0.025350652724606366,0.6465244491395399,False,-0.01630181648812301,0.017682608279326176,0.07181928006229639,-0.47319361511241737,False,False,
2009-12-21,519.5,0.002241884480175799,0.025407830263408683,-0.7218392573675884,False,-0.013295346628679927,0.017722761455764936,0.07179915566285824,-0.4320121566623179,False,False,
2009-12-22,523.0,0.002194998774099721,0.025438780541497015,0.1785560660706623,False,0.007221954742417047,0.018050109925733637,0.0715980647893228,-0.15123530524433057,False,False,
2009-12-23,529.0,0.0024990484987355097,0.02535370114702866,0.3539217719667742,False,0.027184466019417375,0.01861716130129612,0.07133770995844228,0.12009503421279054,False,False,
2009-12-24,524.5,0.003027387545238991,0.025118093416667927,-0.4591910544720741,False,0.013037180106228785,0.020117229044653413,0.07029788624491327,-0.10071496195146178,False,False,
2009-12-28,550.75,0.0029912158985820935,0.0251329170461855,1.8723034997199342,False,0.06066441983630244,0.021480017773033704,0.06913161903894714,0.5668086847668526,False,False,
2009-12-29,541.0,0.0035419679745963234,0.025706660508434634,-0.8264434059891431,False,0.030476190476190546,0.023569990716368915,0.06788762587112153,0.10172987597080536,False,False,
2009-12-30,544.75,0.0030286298528763743,0.025741816805785033,0.15162015601530096,False,0.014904517931998207,0.024909673256051455,0.06700178975718765,-0.14932668754538664,False,False,
2009-12-31,541.5,0.0034455183763335666,0.02554510382992333,-0.3684290307309175,False,0.007910656119125115,0.026136237420912072,0.06594300699700219,-0.2763838370703281,False,False,
2010-01-04,557.75,0.002144006759611051,0.023385963967789126,1.1915363800744356,False,0.07569913211186119,0.026255867117503946,0.06590112478974322,0.7502643566722937,False,False,
2010-01-05,553.0,0.002636230476611852,0.023580573186399792,-0.4729567328565611,False,0.04734848484848486,0.027032926131762617,0.06613869360080131,0.3071660114628589,False,False,
2010-01-06,567.25,0.0026796256787256197,0.02355668399284954,0.9801426037081016,False,0.09191530317613084,0.02752565428860456,0.06615071221984667,0.9733780140345633,False,False,
2010-01-07,557.75,0.0031531465928515525,0.023660258963037466,-0.8410986738532664,False,0.06644359464627159,0.028573906345726745,0.06654392783625245,0.5690930717785766,False,False,
2010-01-08,568.5,0.002966296838678802,0.023762490814162013,0.6862736532708551,False,0.07466918714555759,0.029099460580650008,0.06668704496247063,0.68333701981476,False,False,
2010-01-11,572.5,0.003230591689806322,0.023833002257938062,0.15967220896119558,False,0.09151572926596763,0.029345725679245854,0.06682243871886596,0.9303761547566705,False,False,
2010-01-12,535.75,0.00320006864740197,0.02382655631195334,-2.82844937820846,True,-0.027235587834770758,0.02960245443931113,0.06702622263756022,-0.8479970978139372,False,True,shock
2010-01-13,537.0,0.0019673618566925215,0.024880756891036294,0.014702765396446823,False,-0.007393715341959317,0.027999182322677285,0.06692708389812344,-0.5288277271801017,False,False,
2010-01-14,527.75,0.0026538620143752197,0.024150768703001868,-0.823128577950731,False,-0.031206975676915993,0.027659135576710542,0.06704269939558226,-0.878039097236969,False,False,
2010-01-15,510.0,0.0022463144044712426,0.02422577588067253,-1.481053226317279,False,-0.05817174515235457,0.026477381314784772,0.06729162410550378,-1.2579444706880822,False,False,
2010-01-19,500.5,0.002039230144442774,0.024467244214102426,-0.8446673006567335,False,-0.10264455401165395,0.026353546923167825,0.06744056438732621,-1.912767221133514,False,False,
2010-01-20,497.5,0.0014929125485030944,0.02446513073830187,-0.3060240561391243,False,-0.10036166365280286,0.025263176518689274,0.06886047221944662,-1.8243389294680863,False,False,
2010-01-21,499.5,0.0015514259840657093,0.024441581053734004,0.10100306166854184,False,-0.11943587483472895,0.024184901891244934,0.07019105591128744,-2.046140706409835,True,True,trend
2010-01-22,498.5,0.0019436984082148016,0.024238422077206452,-0.16278701631849424,False,-0.10623038995965939,0.023058980877410644,0.07181169149889215,-1.800394450241638,False,False,
2010-01-25,498.25,0.0018716792691512813,0.02424206254471497,-0.09789529163677725,False,-0.12357080035180301,0.02203000257853331,0.07310971605610378,-1.9915383451715707,False,False,
2010-01-26,494.0,0.0013379833196426772,0.02383915333043382,-0.4139340719690161,False,-0.137117903930131,0.02025074078265592,0.07500870683702332,-2.098005036331487,True,True,trend
2010-01-27,483.75,0.001137342638002908,0.023858283023601403,-0.9173472571602609,False,-0.09706019598693416,0.01832829916503678,0.07716781469010867,-1.4952930261838993,False,False,
2010-01-28,487.0,0.0005512812996763931,0.023848720949508156,0.25859101486449576,False,-0.09310986964618251,0.017005974353146155,0.07829094784968829,-1.4064952210150956,False,False,
2010-01-29,474.0,0.0008096356210274743,0.023808607875917185,-1.15519903300965,False,-0.10184746565608715,0.015223468105278954,0.07926286412155727,-1.4769960063747698,False,False,
2010-02-01,474.75,-0.0002941482291629471,0.023120154006891328,0.08115978421321567,False,-0.0691176470588235,0.012739153386748713,0.0799796684694687,-1.0234701144931615,False,False,
2010-02-02,487.25,-0.0007316585002338494,0.022762541042905284,1.1888525816143931,False,-0.02647352647352652,0.009918143418515612,0.0790685623195452,-0.46025460466790813,False,False,
2010-02-03,469.0,-0.0004262363095986214,0.02297175685037168,-1.61193021124751,False,-0.05728643216080398,0.007947676726737444,0.07809044066323188,-0.8353661259111869,False,False,
2010-02-04,475.75,-0.000717710486556132,0.02330311636511995,0.6484126133013449,False,-0.04754754754754753,0.005645112922995747,0.07742225800708037,-0.6870461006921128,False,False,
2010-02-05,473.25,-0.00036079633032174503,0.023327122887531537,-0.20980145899108502,False,-0.05065195586760285,0.00327365742595007,0.07626741572935528,-0.7070596633943241,False,False,
2010-02-08,484.0,-0.0009387976482074567,0.022894432780152983,1.033179753683706,False,-0.028600100351229285,0.00033968706011890354,0.0739889481010821,-0.3911366245106131,False,False,
2010-02-09,482.25,-0.0006294893109438293,0.023056805696814096,-0.12951547615321404,False,-0.02378542510121462,-0.0017001665321071569,0.07261897905219447,-0.30412515925394396,False,False,
2010-02-10,496.75,-0.0013218210605878318,0.022335761041323815,1.405334406731231,False,0.026873385012919915,-0.004298291322267622,0.06978449380724448,0.4466848526735539,False,False,
2010-02-11,493.5,-0.001148265044760207,0.02253017639003495,-0.2394238413227435,False,0.013347022587268942,-0.006127040000295074,0.06705759772031798,0.2904079962539951,False,False,
2010-02-12,486.5,-0.0011388365947543658,0.02252773639689096,-0.5790888324743817,False,0.026371308016877704,-0.008221159471211261,0.06384565586608598,0.5418139577208738,False,False,
2010-02-16,505.0,-0.0008228652829296109,0.02216874468860338,1.7524486527584209,False,0.06371774618220116,-0.008753035539669414,0.06338124606369624,1.1434104916309096,False,False,
2010-02-17,494.75,0.0002850431856330271,0.022003463814977257,-0.9354014923138417,False,0.015392508978963493,-0.007694826633768184,0.06392478512918963,0.3611640706507347,False,False,
2010-02-18,485.0,0.00023961897108042417,0.02204288099696092,-0.9048972165687806,False,0.034115138592750505,-0.007015259197609424,0.06389529714232461,0.6437155726616837,False,False,
2010-02-19,489.75,-0.00026568673887409727,0.022060181445444572,0.4560026487878702,False,0.02942722017866517,-0.006527387382709384,0.06406988501474137,0.5611779629868545,False,False,
2010-02-22,501.25,0.000116344930819694,0.02198180183558662,1.0629257459811698,False,0.05916534601162171,-0.006014723695114149,0.06420334128730737,1.0152130465462486,False,False,
2010-02-23,491.75,-0.00017755043505581695,0.02150876813989644,-0.8729029899199003,False,0.016012396694214948,-0.00520009996042837,0.06464195626758434,0.328153692732233,False,False,
2010-02-24,500.25,-0.00040444972448745454,0.02161704739262875,0.8183196946602956,False,0.03732503888024885,-0.004941512771011141,0.06468810345577392,0.6533898722221292,False,False,
2010-02-25,489.75,-0.0003097049853299705,0.02167954337101516,-0.9538854166870762,False,-0.014091595369904342,-0.003915427767200757,0.06474073738049844,-0.15718337501927968,False,False,
2010-02-26,506.5,-0.00036563671236472604,0.021728005144004792,1.5908851045100336,False,0.02634245187436668,-0.003148777116129189,0.06426722499991432,0.4588844312250169,False,False,
2010-03-01,492.75,0.00048081261948479615,0.021822624966926475,-1.2660209539047023,False,0.012846865364851023,-0.001568273163250824,0.06350074817950102,0.22700738087925817,False,False,
2010-03-02,492.0,-0.0004911703384455531,0.021398343070264177,-0.04817661224470102,False,-0.025742574257425765,-0.0012198785257485723,0.063507287907285,-0.38613986740353556,False,False,
2010-03-03,503.5,-0.0005883876822382399,0.02138607581434169,1.1204660279940803,False,0.017685699848408287,-0.0020863782904791445,0.06339096274732184,0.3119068914870325,False,False,
2010-03-04,490.5,-0.0004998065861022309,0.021472364374378772,-1.1791649078059352,False,0.01134020618556697,-0.0028477055601439584,0.0627953416296964,0.22593892122407622,False,False,
2010-03-05,482.25,-0.0008440634546887911,0.02167030496262178,-0.7372073645622514,False,-0.015313935681470103,-0.003437611165014644,0.06244585767326767,-0.19018594601735403,False,False,
2010-03-08,484.5,-0.0012501141010313596,0.021680663595617027,0.27285806705005333,False,-0.033416458852867814,-0.004849013295126034,0.0614818718407711,-0.464648272774245,False,False,
2010-03-09,478.5,-0.0017630448494653287,0.02106263936358609,-0.5042509581058974,False,-0.02694458566344682,-0.006468570272703055,0.06059509092822552,-0.3379154165309772,False,False,
2010-03-10,470.75,-0.0022245915706086777,0.02090843359130173,-0.6682401911797831,False,-0.05897051474262871,-0.008353118214042147,0.058961181552143964,-0.8584868076943414,False,False,
2010-03-11,468.5,-0.002243357017521294,0.02092049074919868,-0.12123281537581204,False,-0.043389484430832015,-0.010297421174526075,0.05817839434783047,-0.5688033096695454,False,False,
2010-03-12,472.25,-0.002218784890238612,0.020916359592760655,0.4887587530869108,False,-0.06762092793682128,-0.012183902733652639,0.05689589769628389,-0.9743589159819069,False,False,
2010-03-15,479.25,-0.002046876119140939,0.02094707882130963,0.8053406278643099,False,-0.0273972602739726,-0.014761399134968798,0.05490951094033036,-0.2301215385570466,False,False,
2010-03-16,487.0,-0.0017896902914097653,0.021035200560730334,0.8538445315840165,False,-0.010162601626016232,-0.01608182414374997,0.053986817019807495,0.10964199863018416,False,False,
2010-03-17,496.0,-0.000993845318108851,0.020558877629135757,0.9472471446423597,False,-0.014895729890764597,-0.0164722649506437,0.05383446319636422,0.029284866352778556,False,False,
2010-03-18,489.25,-0.0011789584470793457,0.0203155268610461,-0.6118429812665211,False,-0.0025484199796126372,-0.017134751817765814,0.05349977597068266,0.2726428582831139,False,False,
2010-03-19,483.75,-0.0013240629450348193,0.02036553025717167,-0.48698135545318605,False,0.0031104199066873672,-0.017594996226458097,0.05321937419890759,0.3890578655765267,False,False,
2010-03-22,486.5,-0.001929533096961067,0.019967201194030903,0.3813397553784924,False,0.0041279669762641635,-0.018258533237473448,0.0526359125167407,0.4253084850883444,False,False,
2010-03-23,476.75,-0.001736262067505221,0.019969849667173665,-0.9166242213506353,False,-0.0036572622779519337,-0.018209422238631787,0.052655313755171025,0.2763664086846459,False,False,
2010-03-24,476.0,-0.0018138472374644914,0.020030226847734867,0.012016623294474945,False,0.011152416356877248,-0.017788416270686367,0.05264359416874214,0.5497503178600909,False,False,
2010-03-25,466.5,-0.0017206055791001754,0.020014639801040207,-0.9112018899900132,False,-0.004268943436499417,-0.017251196414625573,0.05273170766716492,0.24619443504595565,False,False,
2010-03-26,464.75,-0.0016714171906934258,0.019964494989226606,-0.10418107618702391,False,-0.015881418740074094,-0.016697745290075196,0.052646018490625356,0.015505950372039352,False,False,
2010-03-29,464.75,-0.0014668162062111442,0.01986187248384004,0.07385085204854533,False,-0.030255607720396482,-0.016117477292808713,0.052408277955880066,-0.2697690322794037,False,False,
2010-03-30,472.0,-0.0012832138003865165,0.01981018198270168,0.852238442114405,False,-0.030800821355236097,-0.015611658537664486,0.052080937874269234,-0.2916453396872461,False,False,
2010-03-31,450.5,-0.0009660849087603844,0.01988842688298716,-2.2417440459810933,True,-0.09173387096774188,-0.015572054729843118,0.05206807006685519,-1.4627355333145113,False,True,shock
2010-04-01,454.75,-0.0016446269525319831,0.0205282172686099,0.5396761477979641,False,-0.07051609606540621,-0.016007652185545077,0.05257106474776375,-1.0368525754879216,False,False,
2010-04-05,453.5,-0.0015574694708062032,0.020561610704225984,-0.057937756090940803,False,-0.06253229974160202,-0.01623108623786742,0.052768917878161785,-0.8774334469135698,False,False,
2010-04-06,463.5,-0.001741768497406165,0.020508743672904,1.160114218850552,False,-0.04727646454265155,-0.016066318663203318,0.05260231432383777,-0.5933226756394774,False,False,
2010-04-07,475.25,-0.001746171640508316,0.020503529423855416,1.3215658822495306,False,-0.0031463030938646552,-0.016086301153401632,0.05261403694629475,0.2459419350913018,False,False,
2010-04-08,469.25,-0.0014205841612948704,0.020739153213639724,-0.5402510878057628,False,-0.014180672268907513,-0.0157134637639348,0.05260521794414727,0.029137632252654193,False,False,
2010-04-09,465.75,-0.0011235839050069425,0.020410111706557287,-0.3103915791668715,False,-0.001607717041800627,-0.015144619127398963,0.052384650712829835,0.2584135219266229,False,False,
2010-04-12,467.75,-0.001467327820208421,0.020294958338332288,0.2838871086033151,False,0.0064550833781602535,-0.014948697801447999,0.052407737509950654,0.4084087998560197,False,False,
2010-04-13,476.0,-0.0011954260326061499,0.020232798426606198,0.9308180002083712,False,0.024206562668101173,-0.01468535873469013,0.05246574655885312,0.7412821498530386,False,False,
2010-04-14,474.75,-0.0010500876381495875,0.020329470724077685,-0.07752109257581123,False,0.005826271186440746,-0.01445889729568101,0.05259807344049454,0.3856637164680728,False,False,
2010-04-15,480.25,-0.001238065314879934,0.020277230616094058,0.6323896156264284,False,0.0660377358490567,-0.014743673226787362,0.05242710234304972,1.540832994111743,False,False,
2010-04-16,490.5,-0.0009701765013134134,0.02031259362253089,1.0984922659555107,False,0.07861462341946135,-0.014036999150216323,0.05315872262819457,1.7429241710284564,False,False,
2010-04-19,467.75,-0.0013529046872839735,0.01959611860198775,-2.2978192700414946,True,0.0314222712238148,-0.01379766310244087,0.053538646007012476,0.8446222999426019,False,True,shock
2010-04-20,486.0,-0.001735279507768627,0.020190256393484686,2.0183918120410467,True,0.04854368932038833,-0.013785048692472547,0.0535493288648822,1.1639499380119447,False,True,shock
2010-04-21,487.25,-0.0013074800338117808,0.0207096105772853,0.1873283169782155,False,0.025249868490268224,-0.013336526407294016,0.05393238490201611,0.7154587168297059,False,False,
2010-04-22,498.5,-0.0011936392880977668,0.020707123117631634,1.1726594089676907,False,0.0623335109216836,-0.013105336909012107,0.0540617035997948,1.3954212096080163,False,False,
2010-04-23,493.25,-0.0012859122233230514,0.020581237641806353,-0.4492286966382136,False,0.05904455179817503,-0.013283545191547808,0.053786341716974245,1.3447298083650308,False,False,
2010-04-26,476.0,-0.0013127820154275878,0.020592117518690445,-1.6345740851352573,False,0.01763762693746651,-0.013127597632218603,0.0539811162760375,0.5699256831289714,False,False,
2010-04-27,478.25,-0.0021226574678508527,0.020706760110195236,0.33078802225466913,False,0.004726890756302504,-0.014117966648734128,0.05269391900265881,0.35762869343777154,False,False,
2010-04-28,476.25,-0.0018363327131803641,0.02065019347670565,-0.11358636977257135,False,0.003159557661927437,-0.014940856033933718,0.051894671244086615,0.3487913741803248,False,False,
2010-04-29,484.5,-0.0021490764657914243,0.020503256768873143,0.9496984469814502,False,0.008849557522123908,-0.01589431776038212,0.05087288003470704,0.4863863666775893,False,False,
2010-04-30,491.75,-0.002011919467935946,0.020599711199918224,0.8240795024816234,False,0.0025484199796126372,-0.016996533383633366,0.04938813725599861,0.3957418612882004,False,False,
2010-05-03,490.0,-0.0009565058675766247,0.019361432531930754,-0.13440188319442659,False,0.04756814537680376,-0.016599413279441592,0.049424424788149096,1.2982965190043312,False,False,
2010-05-04,499.75,-0.001035064489568057,0.019359857392671,1.0812591874342028,False,0.02829218106995879,-0.01586658846985808,0.04996724764466828,0.8837542914879523,False,False,
2010-05-05,501.0,-0.0005400873553251614,0.019414815160282563,0.15665037011835697,False,0.028219599794766514,-0.015073266379899752,0.050192222317134175,0.8625413296332036,False,False,
2010-05-06,497.25,-5.829269200581836e-05,0.019026961608327737,-0.3903270212551137,False,-0.0025075225677031465,-0.013921381780604803,0.05018108558459362,0.2274534135707477,False,False,
2010-05-07,500.25,9.027292186448044e-05,0.018923229411730635,0.31405366666548934,False,0.014191586416624435,-0.012586221361352127,0.04910925985008037,0.545270033792471,False,False,
2010-05-10,482.5,0.0002506354351681702,0.01892193359623429,-1.8884377816886613,False,0.013655462184873901,-0.011058844693759763,0.04811371560677926,0.5136644835459642,False,False,
2010-05-11,483.75,-0.00027606268980619425,0.019360294176853608,0.14807297031483604,False,0.011500261369576492,-0.00928429353349839,0.04648943958811367,0.4470812099956791,False,False,
2010-05-12,482.75,-0.00021482701544444093,0.01936202447121695,-0.09566956440126079,False,0.01364829396325451,-0.007714551515775246,0.04513979440165183,0.47325969828183384,False,False,
2010-05-13,471.0,-0.00023570273476433072,0.019363181743767676,-1.2448376478800058,False,-0.02786377708978327,-0.0058849635915744795,0.04311598487562014,-0.5097602098528583,False,False,
2010-05-14,463.5,-0.00044650094625008573,0.019539947217148468,-0.7920730675847457,False,-0.0574478901881037,-0.004428241900369842,0.04038111580143052,-1.3129812595682562,False,False,
2010-05-17,469.0,-0.00038216199991315017,0.019480046578957272,0.6287663182669282,False,-0.042857142857142816,-0.003900077823052103,0.03940030806214267,-0.988750264912831,False,False,
2010-05-18,467.75,-0.00031352348106013396,0.019514442524599978,-0.12051185774504684,False,-0.06403201600800401,-0.0032300414658649073,0.038273911653977075,-1.588601005610074,False,False,
2010-05-19,469.25,6.860518566257726e-06,0.019271213929909093,0.16604977529852705,False,-0.06337325349301393,-0.002725835470557132,0.03719096958137742,-1.6307027943908374,False,False,
2010-05-20,469.75,2.8521355637522266e-05,0.01927392144218346,0.05380372378805613,False,-0.0553041729512318,-0.0026492435563463374,0.03705807072882228,-1.4208761643366548,False,False,
2010-05-21,472.0,-0.00030833353878250737,0.019027233455601773,0.267937813950075,False,-0.05647176411794108,-0.0030336521760490746,0.037455939383707545,-1.4266926106020006,False,False,
2010-05-24,467.5,0.00025493162096381044,0.018531546668845964,-0.528225198952494,False,-0.031088082901554404,-0.0030227899354775692,0.037440108220077366,-0.7496050171945481,False,False,
2010-05-25,460.5,-6.408467768820832e-05,0.01849078327533155,-0.8063031799354676,False,-0.04806201550387601,-0.0028033304068643275,0.03722320558247551,-1.2158728510560959,False,False,
2010-05-26,461.75,-0.00019366336150014707,0.018561567024348757,0.1566734200229623,False,-0.04350077679958575,-0.002768797868681303,0.0371793913934787,-1.0955526006283383,False,False,
2010-05-27,467.75,-0.00046034104079520246,0.01837067846802521,0.7323836983229207,False,-0.006900212314225107,-0.002967473554659389,0.03735867173878564,-0.10526976941427932,False,False,
2010-05-28,457.75,-0.00023887774911977318,0.0184321403188346,-1.1469131434325253,False,-0.012405609492988079,-0.002742337384166196,0.03728232028973647,-0.2591918108563137,False,False,
2010-06-01,450.75,-0.00092482887143571,0.01824539319159693,-0.7874514425514121,False,-0.038912579957356086,-0.0032660573109116356,0.037136272186335716,-0.9598842465281312,False,False,
2010-06-02,442.5,-0.0010414910532801777,0.018309658272413556,-0.9427449332407898,False,-0.053981827899519,-0.003962852011506636,0.03731021645090588,-1.3406241144119095,False,False,
2010-06-03,441.75,-0.0010964034726914814,0.01835572559926898,-0.03260627199447871,False,-0.05860415556739473,-0.005034227157058592,0.0375800973329445,-1.4254866860968505,False,False,
2010-06-04,435.75,-0.0016260252958140954,0.017775521763363587,-0.6726282253490978,False,-0.07237892496008513,-0.006665185847053204,0.037208491542849095,-1.7660952214995425,False,False,
2010-06-07,432.25,-0.001536496139163286,0.017696947682748564,-0.36704817640530385,False,-0.08421610169491522,-0.007835471632907185,0.037879601641754225,-2.016405314511402,True,True,trend
2010-06-08,432.25,-0.001380832216841017,0.017585957363868383,0.078519024484731,False,-0.07540106951871661,-0.009413221503409395,0.03856679046325949,-1.7110018029156535,False,False,
2010-06-09,428.0,-0.001511416409280879,0.017538155850230004,-0.4744430743998523,False,-0.07057546145494031,-0.01081093203270782,0.039036832701065026,-1.530977932556551,False,False,
2010-06-10,433.25,-0.001955598289748727,0.017317087113108094,0.8212670720568476,False,-0.061721710882512215,-0.012540809465595312,0.03876773918908784,-1.268603804236284,False,False,
2010-06-11,440.75,-0.0015393453084946974,0.01727816999671323,1.090993239581517,False,-0.057723142704436126,-0.013577264233285006,0.039032261453935145,-1.131010011378688,False,False,
2010-06-14,451.5,-0.0015390011024553106,0.017278550329580884,1.5006609067488423,False,-0.01365374112506823,-0.014844573321080808,0.038900018903428465,0.03061263797760321,False,False,
2010-06-15,451.75,-0.0009339377804577728,0.01738247032628059,0.08558321162465206,False,0.002218524681087075,-0.014838735264482992,0.038900166292313056,0.4384880984156795,False,False,
2010-06-16,461.25,-0.0013825699560032975,0.0168906521442072,1.3268818839264265,False,0.04237288135593231,-0.015160387627060056,0.03865400888349981,1.4884166130450578,False,False,
2010-06-17,462.75,-0.0007402177128073465,0.016813484884486418,0.23744335338928313,False,0.04753820033955858,-0.014766707413845635,0.039090996546883555,1.593842911594213,False,False,
2010-06-18,461.75,-0.0006765630123334014,0.016819520973646584,-0.08825644007690749,False,0.05966724039013194,-0.013789630419219177,0.0397236527902953,1.8491972829673162,False,False,
2010-06-21,462.0,-0.0010170293829614519,0.01658288195992821,0.09397931573297807,False,0.06882591093117418,-0.013229876545329531,0.04046209301375639,2.0279669528861546,True,True,trend
2010-06-22,460.75,-0.0006655536008213802,0.016327484208310213,-0.12494724103104245,False,0.06593406593406592,-0.012463400482054767,0.04146584294988657,1.890651698817934,False,False,
2010-06-23,462.25,-0.0004773676786905027,0.01621976286736237,0.23014696907654478,False,0.08002336448598135,-0.01138009379384762,0.04244023053473934,2.1536984396211256,True,True,trend
2010-06-24,463.0,-0.0004961685890326085,0.01621453726272128,0.130664674706535,False,0.0686670513560299,-0.009867562815996298,0.043648507601785416,1.7992508446912807,False,False,
2010-06-25,456.25,-0.00030941659467646895,0.01615632460348442,-0.8832093591107065,False,0.03516732841747028,-0.008592740989069942,0.04453034147602862,0.9827023093927305,False,False,
2010-06-28,449.5,-0.00028784841417479613,0.01613589613429926,-0.899031080333634,False,-0.0044296788482834915,-0.007337569746935289,0.04441774383066339,0.06546687534913381,False,False,
2010-06-29,442.0,-0.0004213805946795279,0.016214815959352844,-1.0030224968507266,False,-0.021582733812949617,-0.006818105672501309,0.044217786964106914,-0.3339069897919871,False,False,
2010-06-30,464.75,-0.0007505735910480767,0.016291886484088924,3.2053477586737893,True,0.007588075880758716,-0.00620426308418302,0.04367856940361111,0.3157690179248741,False,True,shock
2010-07-01,484.0,-0.0002619345144539646,0.017284623861585684,2.4115105536248174,True,0.045921123716909706,-0.005737791935453269,0.04363597190997819,1.1838607779594381,False,True,shock
2010-07-02,487.75,7.471905441340058e-05,0.017845794850108662,0.42997327349851816,False,0.056307525717379514,-0.004990008930880923,0.04403781873848605,1.391929400778667,False,False,
2010-07-06,492.75,-6.838173130452023e-05,0.01773892003786878,0.5817453917158238,False,0.06655844155844148,-0.0040406321894390015,0.04458548533594156,1.5834541940259799,False,False,
2010-07-07,515.75,0.0002497519249952533,0.017706726581418232,2.6220013993906495,True,0.11937059142702111,-0.0031192073689316137,0.04532471030225378,2.702494907945653,True,True,shock+trend
2010-07-08,534.0,0.0010219987286525416,0.018446333996204566,1.862883020712609,False,0.1552190373174689,-0.0015690717486604969,0.047477604457935106,3.3023593093253636,True,True,trend
2010-07-09,523.5,0.001418006816687368,0.01886191404538153,-1.117645224884469,False,0.13066954643628503,0.0004454758558888994,0.050811093063560395,2.5629063011397295,True,True,trend
2010-07-12,521.25,0.0014230493316320736,0.018856149344567887,-0.3034046610699532,False,0.14246575342465762,0.0022364999720787255,0.052985421852758806,2.6465629327678464,True,True,trend
2010-07-13,535.75,0.0013867180953332926,0.018864623463487707,1.4010895981666942,False,0.19187986651835365,0.003987344466315797,0.055398617587562086,3.391646402639167,True,True,trend
2010-07-14,548.25,0.002023727815288421,0.01894060656862556,1.1249930137655764,False,0.24038461538461542,0.0066026619323805045,0.0594830145651268,3.9302304222707405,True,True,trend
2010-07-15,596.25,0.0023848360505641015,0.019086626267061896,4.462101491766115,True,0.2829478214093599,0.010019542387376365,0.06525436560759272,4.18252903818326,True,True,shock+trend
2010-07-16,587.25,0.003552186711758812,0.021467632571430185,-0.8685879205523441,False,0.21332644628099184,0.01419558810910645,0.07228524493529405,2.7547926046337237,True,True,trend
2010-07-19,582.25,0.0031429317190495385,0.02152734620689462,-0.5415062774036071,False,0.1937467965146078,0.017450618344256156,0.07564992016845361,2.3304212057036384,True,True,trend
2010-07-20,577.0,0.0036367528666469053,0.020808031044377298,-0.6081064673512779,False,0.17097919837645859,0.02125702724402082,0.07724721675806968,1.9382209148240535,False,False,
2010-07-21,588.25,0.0033907434313344234,0.020847597526002282,0.7725905536691628,False,0.14057198254968495,0.024476964503245685,0.07839475880839795,1.4809028028287359,False,False,
2010-07-22,596.5,0.0036873589433776893,0.02091720621518008,0.49420034081252084,False,0.11704119850187267,0.027185021600462846,0.07885515721159432,1.1395091973540317,False,False,
2010-07-23,596.25,0.0035803447131840145,0.02084238532829772,-0.19189052183046676,False,0.13896848137535822,0.029375923774389832,0.07904084355397277,1.3865307184649855,False,False,
2010-07-26,589.5,0.0032367486492451735,0.020690502290844247,-0.7035838551231375,False,0.13093525179856114,0.03127078756731281,0.07994890357758307,1.246602014179383,False,False,
2010-07-27,595.0,0.0032541377096205466,0.02067753538004051,0.29383593384610274,False,0.1105926271581894,0.033205666554879054,0.08058750490281127,0.960284856773258,False,False,
2010-07-28,615.5,0.003477986394103588,0.02065085132641476,1.4999766657987619,False,0.12266301869585039,0.03470167114421225,0.08097301167023956,1.0863045073568265,False,False,
2010-07-29,627.5,0.0038801148246491836,0.020958315318515587,0.7451090115517565,False,0.052410901467505155,0.036251110281781455,0.08153508527023438,0.19819432496041156,False,False,
2010-07-30,661.5,0.0039048977246218747,0.02097589479346316,2.3969594481050454,True,0.12643678160919536,0.03662716813244018,0.08154382430447438,1.1013662192420284,False,True,shock
2010-08-02,693.25,0.00466235528932106,0.021748362627381085,1.9925463825274845,False,0.19063975955345636,0.03823530827141024,0.08211547272475168,1.8559772747445626,False,False,
2010-08-03,680.0,0.005147847713427792,0.022304296807827063,-1.0877151638531413,False,0.17850953206239173,0.039896668587468896,0.08392608529145433,1.6516064462384368,False,False,
2010-08-04,725.75,0.004608435384920314,0.022396343257920996,2.7982682555832232,True,0.23374415639609003,0.041228600702707965,0.08532979655202684,2.2561351775402687,True,True,shock+trend
2010-08-05,785.75,0.00612391079016906,0.022742260977960352,3.3659444010616495,True,0.3172673931265717,0.0439262258383383,0.08816654815272304,3.1002820572576906,True,True,shock+trend
2010-08-06,725.75,0.006705997831723291,0.024112913211039307,-3.4448829368622014,True,0.21719077568134182,0.047509208555754086,0.09364672085233954,1.8119328213652945,False,True,shock
2010-08-09,712.5,0.005653568739617551,0.02594845158533121,-0.9214632404376893,False,0.20865139949109412,0.05006842065163507,0.09563186415314204,1.6582650588668746,False,False,
2010-08-10,694.75,0.005102292219471049,0.026012152438956732,-1.1538673314967427,False,0.16764705882352948,0.05201932583256054,0.09736225412368718,1.1876032866297204,False,False,
2010-08-11,694.75,0.004910549740572365,0.026181402593378478,-0.18755869640896508,False,0.12875710804224205,0.053467359259565264,0.0982715068168284,0.7661401684112965,False,False,
2010-08-12,713.0,0.005376844722832881,0.025769679130614363,0.8107045903384271,False,0.1362549800796813,0.054948952340962275,0.09856123988385504,0.8249290272172951,False,False,
2010-08-13,702.5,0.005664065404556452,0.025882139317325633,-0.7878241001813885,False,0.06198034769463345,0.056702660198607334,0.09882534999930206,0.05340418724612047,False,False,
2010-08-16,663.75,0.005523470811375327,0.025964854026427793,-2.33714439905436,True,-0.04255319148936165,0.05748693739904341,0.09862789362968973,-1.0143188220567474,False,True,shock
2010-08-17,651.0,0.0045570311181163435,0.02685347508706887,-0.8850277511227329,False,-0.04264705882352937,0.05680156741222359,0.09914767490565964,-1.0030353846459807,False,False,
2010-08-18,656.0,0.004101392186956606,0.02696419755578042,0.13273524484081492,False,-0.09610747502583539,0.05619896102818169,0.0996181043373288,-1.5289031754536706,False,False,
2010-08-19,681.25,0.0042512483257921944,0.026952279318325372,1.270378839887738,False,-0.13299395482023546,0.05428328608947985,0.10115590458309666,-1.8513723116960756,False,False,
2010-08-20,679.0,0.0044991535854570375,0.02718266498724813,-0.2870176961197537,False,-0.0644161212538753,0.05213280427761059,0.10340530626320786,-1.1271077833745038,False,False,
2010-08-23,692.25,0.00442176687987183,0.02719668783895447,0.5549287609201752,False,-0.028421052631578902,0.050897661330295364,0.10424464710005311,-0.76089004249537,False,False,
2010-08-24,674.75,0.004781753827919769,0.02721563330157081,-1.1045724319411185,False,-0.028787333573227825,0.050552147596110354,0.10446675589559772,-0.7594710919196983,False,False,
2010-08-25,647.75,0.004364246268738639,0.02743547074834725,-1.6175799197915457,False,-0.06765023389708524,0.049979095329579,0.10478629875875362,-1.1225640243051123,False,False,
2010-08-26,656.5,0.004303812116295286,0.02752926151808413,0.3343528060902063,False,-0.07924263674614307,0.04889501938181953,0.10558470234835378,-1.2136005811258552,False,False,
2010-08-27,662.5,0.004449380441352996,0.027548938321547627,0.17024231496383538,False,-0.05693950177935947,0.047685114073609945,0.10653464568154011,-0.9820712800389813,False,False,
2010-08-30,671.25,0.0045988012272002166,0.02754350665400857,0.31255083278796425,False,0.011299435028248483,0.04674394346370842,0.1071494311455774,-0.3307951153497366,False,False,
2010-08-31,652.5,0.005099431460826357,0.027350968985589707,-1.2077229282839952,False,0.0023041474654377225,0.047266119625282176,0.10687600766921872,-0.42069284903494686,False,False,
2010-09-01,675.5,0.004939306207294706,0.027510400197401447,1.101755544114623,False,0.029725609756097615,0.04806281346066273,0.10630606922125284,-0.1724944195462654,False,False,
2010-09-02,680.75,0.005251076967006541,0.027721648404613226,0.09093772930049034,False,-0.0007339449541284848,0.04903058349550594,0.10579634421927633,-0.47038041642054407,False,False,
2010-09-03,708.25,0.0053902405127125045,0.027707565313298557,1.2634232010262916,False,0.04307805596465397,0.04987455777622428,0.10513260945583179,-0.06464694300606746,False,False,
2010-09-07,702.5,0.005886104247540874,0.02799920785537947,-0.500182237596517,False,0.014806789454676839,0.05129390856899318,0.10429830439544308,-0.34983425019046144,False,False,
2010-09-08,678.75,0.00576364915034463,0.028040628492439365,-1.4112193791415535,False,0.005928121526491248,0.05222872140107197,0.10364210145996032,-0.4467354407365801,False,False,
2010-09-09,706.75,0.005249014337273647,0.02841049873227092,1.2672529274402917,False,0.0910845233500579,0.05306071987633106,0.10300621457371636,0.3691408681610673,False,False,
2010-09-10,704.75,0.005926163675018546,0.028657551432596243,-0.3055396643200969,False,0.0734958111195736,0.054689687959685894,0.10262280126788996,0.18325482180900105,False,False,
2010-09-13,713.75,0.006088075769180583,0.02857205318267258,0.23387924473033292,False,0.07735849056603783,0.05631045898133189,0.10193567470010718,0.2064834676047306,False,False,
2010-09-14,704.5,0.006222156371350569,0.028579601821513336,-0.6711736671836247,False,0.04953445065176898,0.0579219158795402,0.10128973886900947,-0.0828066625644885,False,False,
2010-09-15,726.75,0.00587610618220176,0.028653530036071843,0.8971521672604494,False,0.11379310344827576,0.05867437805242012,0.1010109176017632,0.5456709700743626,False,False,
2010-09-16,719.25,0.006582261175483223,0.02862535856193304,-0.590461725730864,False,0.06476683937823835,0.06035702755830364,0.10086186474240663,0.043721299732034764,False,False,
2010-09-17,739.25,0.006648558143742102,0.028579733815088784,0.7403212755010897,False,0.08593463092177744,0.061739419816111564,0.10019118427170504,0.24149041935717336,False,False,
2010-09-20,731.75,0.007263352433797817,0.02853164124905129,-0.6101566304883831,False,0.03318037416166608,0.0636049726003955,0.09930605242401187,-0.3063720457724373,False,False,
2010-09-21,718.0,0.007150679068480625,0.028584133626796977,-0.9075401744628209,False,0.022064056939501864,0.06482876633011633,0.09834051922629931,-0.4348635712630837,False,False,
2010-09-22,719.75,0.007081236033868735,0.02864145266559062,-0.16213947605231982,False,0.060405156537753246,0.06608800608877749,0.09715739632358641,-0.05849116759054861,False,False,
2010-09-23,697.25,0.0072208287594600525,0.028592268528892937,-1.3458772319492265,False,-0.01344181110718079,0.06801628953187974,0.09555594894662087,-0.8524649855611227,False,False,
2010-09-24,720.0,0.006804017366615314,0.028924876684054232,0.8928012056749317,False,0.02163887903511874,0.06884241297736689,0.09456194961714313,-0.499181056792537,False,False,
2010-09-27,706.5,0.007370156768406053,0.029010266388941774,-0.9003763156881132,False,-0.010157618213660236,0.07007193751723434,0.09331598900177628,-0.859762154258124,False,False,
2010-09-28,684.75,0.006956605366536894,0.029160213109277203,-1.2943035723983018,False,-0.028034066713981565,0.07075945875281903,0.09251840035363382,-1.067825698338723,False,False,
2010-09-29,683.5,0.00631531758009748,0.029456781827731603,-0.27636424715031277,False,-0.05951152390780878,0.07115531309935844,0.09202342938612924,-1.419930096920108,False,False,
2010-09-30,674.0,0.005965774544689032,0.029394877710980004,-0.675792012215272,False,-0.06291275634341331,0.07054387599558855,0.0927440726311679,-1.4389774845206866,False,False,
2010-10-01,655.0,0.005773071093109411,0.029478092990837774,-1.1521431214323845,False,-0.11396685830233344,0.06967545891526188,0.09369256947765374,-1.960052096355359,False,False,
2010-10-04,647.25,0.005116814541628387,0.029681034022113605,-0.5710338661955995,False,-0.11547659719849679,0.06759092905315166,0.09601852268166666,-1.9065855330703034,False,False,
2010-10-05,663.5,0.004915693293774688,0.029744877598245328,0.6787899952441965,False,-0.0759052924791086,0.06541739841931093,0.09829660611340166,-1.4377168906053588,False,False,
2010-10-06,658.25,0.005279256129434597,0.02982374744669908,-0.4423267374666814,False,-0.08544633553317127,0.06360976464772106,0.09964114384027466,-1.4959292360175043,False,False,
2010-10-07,659.25,0.005166536085511832,0.029857852898001195,-0.12215735856757634,False,-0.05449982072427395,0.06155280136152978,0.10111350585204039,-1.147746001959657,False,False,
2010-10-08,719.25,0.005222866850160104,0.02984678360050507,2.874334753078506,True,-0.0010416666666667185,0.05994701620608525,0.1019954466079201,-0.5979549568246717,False,True,shock
2010-10-11,709.25,0.006392959551977866,0.031445956619726254,-0.645435321463586,False,0.0038924274593064023,0.058866149124049943,0.10220912601939885,-0.5378553149384113,False,False,
2010-10-12,710.0,0.0061859479491042264,0.031528780420691536,-0.16266068089263608,False,0.036874771814530805,0.058002487472093626,0.10239868504437624,-0.20632799775120902,False,False,
2010-10-13,702.75,0.006394431799123755,0.03144119371087531,-0.5281510478723902,False,0.028163862472567747,0.058025253384054426,0.10239372926856803,-0.2916330045286599,False,False,
2010-10-14,700.75,0.006455541838354573,0.03140388563791451,-0.2961895937528296,False,0.039688427299703344,0.058459833934999116,0.10219404755426395,-0.18368395307298455,False,False,
2010-10-15,704.5,0.006640065084930639,0.03130658521741713,-0.04116245421074931,False,0.07557251908396956,0.05927678274983449,0.10178963641040638,0.16009229336896505,False,False,
2010-10-18,690.0,0.006025142697852368,0.030863932786695577,-0.8620779442547236,False,0.0660486674391656,0.06018324199254396,0.10162569300582262,0.05771596997902467,False,False,
2010-10-19,671.5,0.005198448146202856,0.030733152096867902,-1.0415476501794838,False,0.012057272042200529,0.06045160924217405,0.10161409664018246,-0.4762561376827354,False,False,
2010-10-20,683.0,0.004737654438373573,0.030952707893253637,0.4002293848148051,False,0.03759969616407144,0.05986160585983833,0.10176683430097079,-0.21875407492708582,False,False,
2010-10-21,668.75,0.004829316897334929,0.03097942376907472,-0.8293618727845016,False,0.014410314751611697,0.05947548925458007,0.1017960147146373,-0.44270077398706287,False,False,
2010-10-22,670.75,0.003928774899765982,0.03072716236111485,-0.03053066479531669,False,-0.06743135210288498,0.05807601889890793,0.10168288510782084,-1.2343018283628504,False,False,
2010-10-25,674.0,0.003496845474179738,0.03050589232561596,0.044203818453334105,False,-0.04970038773352137,0.05510734703996988,0.10205792164175632,-1.0269436520703148,False,False,
2010-10-26,692.0,0.0038236220574945756,0.030385481819017925,0.7530770626842361,False,-0.025352112676056304,0.05270241458437246,0.10237793464426133,-0.7624155295928704,False,False,
2010-10-27,702.75,0.0042370117338058665,0.030484238668324008,0.37060693790126586,False,0.0,0.05046484303636295,0.10222335236544945,-0.4936723543946266,False,False,
2010-10-28,718.25,0.0040732375508401005,0.030388686199101244,0.5917653065547486,False,0.02497324295397796,0.047906444816118235,0.10103043462383231,-0.2269930041133418,False,False,
2010-10-29,717.25,0.00405622994915707,0.03037811725000378,-0.1793561723988011,False,0.01809794180269697,0.04503429318370973,0.09851522016982285,-0.27342324703309034,False,False,
2010-11-01,702.5,0.002870315649489218,0.028767990996207478,-0.8146197044965096,False,0.018115942028985588,0.04150296145562089,0.0945384123352206,-0.24738113163682138,False,False,
2010-11-02,694.25,0.0027973780887937776,0.028821039316297144,-0.5045324761263621,False,0.033879374534623974,0.038900154732260814,0.09240710394733903,-0.05433327074613314,False,False,
2010-11-03,690.25,0.0027543179440715345,0.02884057378917697,-0.2952760669060525,False,0.010614934114202113,0.036768589105861026,0.09061340136373457,-0.28862899524844643,False,False,
2010-11-04,713.75,0.0027977197058391967,0.028825065437670955,1.0840535991493214,False,0.06728971962616814,0.03463039891569761,0.08928598042458911,0.3657833016467191,False,False,
2010-11-05,728.75,0.0029916961764077394,0.028987456820313978,0.6217884430733248,False,0.08647036898993665,0.033653302076717385,0.08850854245281917,0.5967454151826556,False,False,
2010-11-08,736.25,0.00308491100890908,0.029034617159389455,0.24821006417217023,False,0.09235905044510395,0.03324569101655823,0.08818914215249962,0.6703020120813163,False,False,
2010-11-09,721.75,0.0032277204313212165,0.02904348884079504,-0.7892343044770768,False,0.0429913294797688,0.03262423193748818,0.08759629062657322,0.11835087385693085,False,False,
2010-11-10,710.0,0.003116071863767213,0.029116175616098368,-0.6661571019006358,False,0.010316613304873767,0.03145164630657094,0.08684791366889011,-0.24335683045047032,False,False,
2010-11-11,704.0,0.002774607651357434,0.029192388463574907,-0.384528723667679,False,-0.01983988861816921,0.03011463278852674,0.0863837112729276,-0.5782863536490768,False,False,
2010-11-12,669.25,0.002202547841518004,0.028982838330606414,-1.7790991588843657,False,-0.06692227256883931,0.02821459402433981,0.0858863376677217,-1.1077066408541718,False,False,
2010-11-15,672.75,0.0012844526429851536,0.02951336148882306,0.133677830505526,False,-0.042348754448398584,0.02662348503718855,0.08653494465647024,-0.7970449366946011,False,False,
2010-11-16,626.25,0.0006317388809246942,0.02886178093930589,-2.416726311456545,True,-0.09794742527907818,0.0243730112230873,0.08609772731985535,-1.4207162059892917,False,True,shock
2010-11-17,632.5,-0.0009298112934619196,0.029427197019196605,0.37074041426727405,False,-0.08366533864541836,0.020525182091986838,0.08500841003567644,-1.2256495644804837,False,False,
2010-11-18,645.25,-0.0005419057726127644,0.02937597616158401,0.7046577252633195,False,-0.09597197898423815,0.017029517149216036,0.08380607745444926,-1.3483687527897172,False,False,
2010-11-19,644.5,-0.0011701898925848637,0.02839330522868324,0.0002764635640749569,False,-0.11560891938250428,0.012633302010811661,0.08088117226148811,-1.5855633370237265,False,False,
2010-11-22,645.5,-0.002287995718913437,0.026644277173881823,0.14410547052921946,False,-0.12325976230899827,0.006861617844023981,0.07400111855180252,-1.7583704503322368,False,False,
2010-11-23,642.0,-0.0012491723078845718,0.02519679703744366,-0.16561553658567074,False,-0.11049532386560446,0.002322277337486113,0.07131809676057237,-1.5818930443676795,False,False,
2010-11-24,647.5,-0.0010780413455770891,0.02512320101253875,0.383908863122565,False,-0.0880281690140845,-0.001933012307269868,0.06829804429515814,-1.2605801175615534,False,False,
2010-11-26,648.25,-0.0006316512269784121,0.024991073428078107,0.07162366956469078,False,-0.07919034090909094,-0.005342015345104721,0.06606359232561936,-1.1178369653287525,False,False,
2010-11-29,650.25,-0.0006162072115343964,0.024991826944544868,0.14810588612385306,False,-0.02838998879342547,-0.008114647997789161,0.06470931963245027,-0.31332953136890473,False,False,
2010-11-30,650.25,-0.0009253167104894484,0.024797426512928367,0.037315029848239534,False,-0.03344481605351168,-0.010309914249430584,0.0625004830131913,-0.370155568224941,False,False,
2010-12-01,697.5,-0.0007289632743043158,0.02474491662256027,2.9659959762799257,True,0.11377245508982026,-0.011582249766072519,0.06197807990600591,2.022565156035843,True,True,shock+trend
2010-12-02,706.5,0.0009753634218336326,0.02534011306066246,0.4707107010952771,False,0.11699604743083003,-0.009497907811683427,0.06353161199391717,1.9910395985958076,False,False,
2010-12-03,738.0,0.0014035269598932888,0.025265640831747767,1.7091377412043272,False,0.14374273537388604,-0.007369333061625302,0.06506189419932132,2.3225894403346103,True,True,trend
2010-12-06,752.0,0.0018956002360224521,0.025744392534623507,0.6632352829032974,False,0.16679596586501155,-0.004171330256295683,0.0665195625996648,2.5701807023332526,True,True,trend
2010-12-07,743.0,0.0016353247166005901,0.0254665932625737,-0.5341668468461979,False,0.15104570100697123,-0.0001741313138257228,0.06767123338042982,2.2346250358801494,True,True,trend
2010-12-08,742.0,0.00151978694576319,0.02550892068094997,-0.11234038483218639,False,0.15576323987538943,0.0026986929829855644,0.06945703627039569,2.2037298898922897,True,True,trend
2010-12-09,748.25,0.0012416551299810022,0.0254236513337583,0.282474195729514,False,0.15559845559845553,0.005154483549745142,0.07156595054919627,2.1021724841800475,True,True,trend
2010-12-10,735.5,0.0016910293303517483,0.0252457725783058,-0.7419376337540879,False,0.13459313536444273,0.00761296073870092,0.07352447138972774,1.7270464136037635,False,False,
2010-12-13,740.25,0.001997363475220094,0.02486945781154308,0.17936974199058137,False,0.1384083044982698,0.010309538995521294,0.07442997755021985,1.7210641426878965,False,False,
2010-12-14,721.0,0.0019033620585782855,0.024838665807217827,-1.1235744466941644,False,0.10880430603613989,0.013211551545446797,0.07513095513848964,1.2723484523055246,False,False,
2010-12-15,764.75,0.0014347740104663264,0.025031068023432346,2.3668521688550523,True,0.09641577060931894,0.015421468982986792,0.07547645018248991,1.0731069284591546,False,True,shock
2010-12-16,749.75,0.0020677348702086477,0.025917313360074263,-0.8365831594054745,False,0.0612172682236376,0.016556353457401064,0.07605135923793178,0.587246766050714,False,False,
2010-12-17,756.75,0.002178650975141858,0.025804742893075695,0.2773829034586522,False,0.025406504065040636,0.017341861734177063,0.07620625276639564,0.10582651735396449,False,False,
2010-12-20,769.5,0.0018331496862916375,0.02552796620720564,0.5881868892090684,False,0.023271276595744572,0.017284273658296302,0.07619839960752492,0.07857124254952236,False,False,
2010-12-21,765.0,0.0019541676061870174,0.02557796518833147,-0.30503289707035125,False,0.02960969044414541,0.017604343278961276,0.0761721038764519,0.1576081866487018,False,False,
2010-12-22,783.5,0.0013375732783222239,0.02519323352160341,0.9068082998569934,False,0.055929919137466255,0.01742476507202116,0.07612709997645307,0.5058008787587488,False,False,
2010-12-23,783.0,0.0017682613946480962,0.025305247233216782,-0.0950958299534418,False,0.04644169729368519,0.017973073467791686,0.07625597547671942,0.3733297442976759,False,False,
2010-12-27,780.25,0.002210523622492402,0.024962613325810287,-0.22924909224360177,False,0.06084296397008848,0.01851325447802094,0.07631297203922738,0.5546856368050859,False,False,
2010-12-28,798.25,0.0016136644911822642,0.024548226944887154,0.8740290919627028,False,0.07835190813914217,0.018110033686288014,0.07600360758885259,0.7926186185626509,False,False,
2010-12-29,799.25,0.0019589896107429197,0.024666754232416217,-0.02863162435276679,False,0.1085298196948683,0.018174781646548926,0.07605348080914426,1.188046057682288,False,False,
2010-12-30,784.75,0.001805419669164512,0.024634366819814228,-0.8097398219200213,False,0.02615233736515199,0.018590399368266668,0.07646533660338287,0.09889367303917392,False,False,
2010-12-31,794.25,0.001736322491260752,0.024683560173080467,0.4200951403929653,False,0.0593531177059019,0.018278637857778442,0.07638509201618483,0.5377290092079801,False,False,
2011-01-03,805.5,0.0014766302701119944,0.024466812797340597,0.5185667534218228,False,0.06442021803766096,0.017552771381213455,0.07572095576352408,0.6189494860948949,False,False,
2011-01-04,789.25,0.001803086581974247,0.0244706305635137,-0.89809257734243,False,0.025666016894086985,0.017548149763339092,0.07571804563965635,0.10721178897539141,False,False,
2011-01-05,808.25,0.0011633459389713608,0.02440872926475057,0.9386044353499209,False,0.05653594771241832,0.016744568242969885,0.07530112687531419,0.5284300663300321,False,False,
2011-01-06,789.0,0.0016195980075200053,0.024514072837817886,-1.0376279174337397,False,0.007019783024888371,0.017055975890313248,0.07541821805707133,-0.13307385302885538,False,False,
2011-01-07,774.0,0.0015525804370006362,0.024577413760853397,-0.8367026523295635,False,-0.011494252873563204,0.016855385571451734,0.07542472442671784,-0.3758666493048875,False,False,
2011-01-10,767.25,0.0012665973336753152,0.024691503789311592,-0.40449247852440845,False,-0.016661326497917295,0.01589672677930085,0.075320574564916,-0.4322597572481018,False,False,
2011-01-11,759.5,0.0015671296567526113,0.024425990866130256,-0.47769361012666334,False,-0.04854368932038833,0.015853799907424363,0.0753384365246614,-0.8547760240117633,False,False,
2011-01-12,770.5,0.0009974070934839752,0.024188885353434685,0.5575207517569933,False,-0.03597122302158273,0.014918032329350935,0.07570060303919823,-0.6722437247241333,False,False,
2011-01-13,783.5,0.0014405165953492371,0.024126564319959475,0.6396121774513349,False,-0.0015928639694170466,0.014573850931911967,0.07587463519964963,-0.2130714020408716,False,False,
2011-01-14,773.25,0.002075952909577965,0.023892799393611535,-0.6344286230289986,False,-0.026440037771482516,0.014926400301839494,0.07573528453351179,-0.5461976980494203,False,False,
2011-01-18,793.25,0.0019258617208203048,0.023952920156374877,0.9994186199274897,False,-0.015207945375543153,0.015367353450323844,0.0753915240586732,-0.4055535314828212,False,False,
2011-01-19,797.25,0.0024560471226759556,0.024037836680537127,0.10760117050772812,False,0.010136205258156394,0.016003417596562115,0.07492194051152595,-0.07831100340364397,False,False,
2011-01-20,803.5,0.0028991465555453406,0.02377009584417396,0.20783683749929707,False,-0.005876894525208787,0.01765812511070198,0.07336697724200365,-0.32078491605671094,False,False,
2011-01-21,824.5,0.0031614333444994194,0.023713814624968438,0.968811788471645,False,0.04499366286438522,0.01911945447967915,0.07175311175784399,0.3606005056899504,False,False,
2011-01-24,835.25,0.0031751591829737302,0.023726982445055042,0.4156890077605516,False,0.07913436692506459,0.020731440550925736,0.0709429304485066,0.8232381437433035,False,False,
2011-01-25,838.25,0.00345450304631246,0.023718007365744725,0.005786150238954929,False,0.09253828608667325,0.02292584991703555,0.07015528898845266,0.9922621255411788,False,False,
2011-01-26,856.5,0.0034821371710765476,0.023716929383818457,0.7711542417874383,False,0.12771560236998014,0.024886358007848178,0.07001674180133147,1.468637953104189,False,False,
2011-01-27,846.25,0.0025589242863682258,0.021508475450850696,-0.6753725123152907,False,0.09831278390655429,0.026603121595003467,0.07094478353912655,1.0107813250568654,False,False,
2011-01-28,825.75,0.0025847384564036996,0.0214896041760943,-1.2475454725751969,False,0.05392469687300583,0.027862059680966774,0.07137279761381672,0.3651620514171034,False,False,
2011-01-31,840.75,0.002247645456416021,0.021711035259275455,0.7331598250539497,False,0.08729388942773997,0.028089392015079775,0.07142902334075374,0.8288577197846291,False,False,
2011-02-01,835.75,0.0026259997480757593,0.02173822166320316,-0.3943777438835702,False,0.053577056413488755,0.02887779237448207,0.0717554354861919,0.34421453750022374,False,False,
2011-02-02,863.0,0.002584651631055765,0.021751715604738153,1.3801574609678435,False,0.08247099404201941,0.02906297409599921,0.07180161845184298,0.7438275222422837,False,False,
2011-02-03,859.0,0.0029480387644872583,0.022024506321278267,-0.3442997931544278,False,0.06907280647168634,0.02915495376210654,0.07186639281583589,0.5554453360679017,False,False,
2011-02-04,853.75,0.0031606651488107367,0.021870715706791513,-0.42396522962921257,False,0.035476046088538604,0.029195275615873477,0.07188821744300351,0.08736856603301965,False,False,
2011-02-07,858.75,0.00343666296674306,0.021616502578931933,0.11194467734887614,False,0.02813528883567784,0.029507525936491325,0.07186362780720684,-0.019095015694098726,False,False,
2011-02-08,874.25,0.0032864053360298585,0.021559153219119526,0.6847711063833046,False,0.042946614971667074,0.02938133383877941,0.07185753544355383,0.18878021698286027,False,False,
2011-02-09,886.0,0.0038052496901117665,0.02143800270685126,0.44942814629905686,False,0.03444249854057202,0.02976181784171348,0.07185274237610648,0.06514268689089073,False,False,
2011-02-10,862.75,0.0039445755207970805,0.021466573569050598,-1.4061913706168343,False,0.01949778434268823,0.031120135850292906,0.07094777741005344,-0.16381558283963615,False,False,
2011-02-11,867.0,0.003530084088943594,0.02174723482440699,0.0641931857871873,False,0.049954586739327844,0.03204277814464237,0.07032979489514705,0.2546830773698366,False,False,
2011-02-14,872.0,0.003239682447881974,0.021578334529581206,0.11712350812252095,False,0.03716919417187037,0.033046867470180825,0.070036261692851,0.058859890605930665,False,False,
2011-02-15,840.25,0.0031094468559686814,0.02153255324461344,-1.8353604826018721,False,0.00538438528268026,0.03354245672580576,0.06993068439880169,-0.40265688352977147,False,False,
2011-02-16,837.0,0.00232989007978251,0.02189268516762497,-0.2830985094663013,False,-0.030127462340672095,0.03328127195685513,0.06999966941691627,-0.9058433393430245,False,False,
2011-02-17,850.75,0.002296881765463823,0.021900238018418783,0.6452366528287536,False,-0.009604190919674016,0.03263826656827687,0.07036158542334878,-0.6003625022629628,False,False,
2011-02-18,822.25,0.002790113428336102,0.021794710569860893,-1.6650813683821057,False,-0.036896046852123,0.03226866479562808,0.07051154610623386,-0.9808990933704159,False,False,
2011-02-22,762.25,0.0025000323506184094,0.02213292553464377,-3.409876384647111,True,-0.11237263464337699,0.03132499251047145,0.0709618622433619,-2.024997972305759,True,True,shock+trend
2011-02-23,763.0,0.0016039137572663295,0.023771841608759427,-0.026080629779104147,False,-0.12725193022590797,0.029685158260370395,0.07284301691555975,-2.154456187175789,True,True,trend
2011-02-24,747.25,0.0011630910041708583,0.02346670391838311,-0.9292013448020571,False,-0.1566027088036117,0.027091269595676048,0.07491998485910516,-2.451868867095254,True,True,trend
2011-02-25,776.5,0.0006076514887544792,0.02348345652442572,1.6409796715456966,False,-0.0999710228919154,0.0238502952250954,0.07752873158396165,-1.5971023333835337,False,False,
2011-02-28,782.5,0.0009923439029639288,0.023877253057581403,0.2820523834726679,False,-0.09746251441753173,0.02128589424726848,0.07840790519694736,-1.5144953607231866,False,False,
2011-03-01,775.75,0.0013579622672594783,0.023765892579790754,-0.4201045812525703,False,-0.11037844036697253,0.019413176328637805,0.07955146204656599,-1.631542819661013,False,False,
2011-03-02,776.75,0.0014600112968596883,0.023705488930425074,-0.007210828206814137,False,-0.07557274620648613,0.01780390894634652,0.08094651922384426,-1.1535598571522871,False,False,
2011-03-03,790.5,0.0015898750210460344,0.02367712355123356,0.6804917942311645,False,-0.05555555555555558,0.0170608041785023,0.0815503337350464,-0.8904483453125449,False,False,
2011-03-04,800.5,0.0024840451378887454,0.022983107882395798,0.44233252930828976,False,-0.05906553041434026,0.01721236040534608,0.08140257556307394,-0.9370451769131457,False,False,
2011-03-07,769.0,0.0025829849592372495,0.023011042734883278,-1.8223159827486342,False,-0.06476132563089088,0.01698947005913352,0.0815905344463339,-1.0019642136772116,False,False,
2011-03-08,751.25,0.002979903366095096,0.02199169874702588,-1.1850757071230293,False,-0.014430960970810092,0.01743195138777602,0.08104696265280495,-0.39314135059055627,False,False,
2011-03-09,732.25,0.0025390771727946564,0.022180042954331243,-1.254743220943706,False,-0.04030144167758842,0.018355076423437467,0.08027047374032314,-0.7307359153102931,False,False,
2011-03-10,714.0,0.0019330867177121069,0.022312634282655393,-1.2036350504771378,False,-0.04449648711943799,0.01909735025419279,0.07945221335913576,-0.800403597143068,False,False,
2011-03-11,695.0,0.00161627549377685,0.022524857079578315,-1.2531453430206794,False,-0.10495814552479077,0.020045516017700347,0.078237975681449,-1.5977363991554645,False,False,
2011-03-14,700.5,0.0012407790319389456,0.02275946485404045,0.29319186877210496,False,-0.10479233226837059,0.020289537574823113,0.0778123547370667,-1.607480846272471,False,False,
2011-03-15,667.75,0.0014185899977286675,0.02275880029685809,-2.1165838770495498,True,-0.13922010957138253,0.020365577462786232,0.07768550503136953,-2.054253067798527,True,True,shock+trend
2011-03-16,662.0,0.0006809993581988275,0.02341107252132749,-0.3969064835955063,False,-0.14773093015770844,0.01968301825535559,0.07886665404569983,-2.1227469383455126,True,True,trend
2011-03-17,710.25,0.0005507419145756032,0.02343554601813884,3.0865273804186515,True,-0.10151802656546494,0.018769143732040687,0.08040985269562756,-1.4959257636352625,False,True,shock
2011-03-18,723.0,0.00148140814005135,0.024879038630076494,0.6620037718989723,False,-0.09681449094316052,0.017794103228413495,0.08142637224181673,-1.4075119769699929,False,False,
2011-03-21,721.0,0.0017207604807764464,0.024950842444053652,-0.17983409657388635,False,-0.062418725617685356,0.016949174229884845,0.08228944985669677,-0.9644966637374012,False,False,
2011-03-22,722.25,0.0007150189929031262,0.023532487937571227,0.043288418964169725,False,-0.03860232945091513,0.014599958487118102,0.08200243635020979,-0.648789112933437,False,False,
2011-03-23,714.25,0.0005660920246839574,0.02348961617637332,-0.4956483322277495,False,-0.024581768521679703,0.012525313462028167,0.08134247593884514,-0.45618333540284295,False,False,
2011-03-24,739.5,-0.0001760744329020684,0.022953207664752947,1.5478377811149342,False,0.03571428571428581,0.010280986743420624,0.07998390290217863,0.31798021911947016,False,False,
2011-03-25,733.25,4.234660558436391e-05,0.023214321931470903,-0.3658949486156712,False,0.05503597122302151,0.008533231008077614,0.07792323360164015,0.5967763151703331,False,False,
2011-03-28,725.25,8.923232000708659e-05,0.023193278299219286,-0.4742565021425754,False,0.03533190578158463,0.007253101277624951,0.07632257650281288,0.3678964441527315,False,False,
2011-03-29,737.25,-3.8293489315733474e-05,0.023227545040138995,0.713993324517409,False,0.1040808685885437,0.005647350156374221,0.07439847207312406,1.3230583329106826,False,False,
2011-03-30,727.25,7.00110176346532e-05,0.023286394914407618,-0.5854891253292005,False,0.09856495468277937,0.004960448996242063,0.07322385631613944,1.2783334611933805,False,False,
2011-03-31,763.25,0.00011635554384556101,0.023255321002036422,2.123608243256293,True,0.07462161210841245,0.0044800732538198855,0.07247628828902936,0.9677860236836908,False,True,shock
2011-04-01,759.5,0.0006902669467391487,0.02393513527095336,-0.23411052472964192,False,0.050484094052558826,0.0036295840219551204,0.07124727869635236,0.6576322757573968,False,False,
2011-04-04,790.0,0.0009714873200907359,0.023740362638146405,1.6506281711252369,False,0.09570041608876556,0.002851981195507373,0.07039705944400178,1.3189249043437052,False,False,
2011-04-05,786.25,0.0006978658138621855,0.02315391040268443,-0.23515255791388634,False,0.08861197646244379,0.002842443135233328,0.0703842585238417,1.2185897120470086,False,False,
2011-04-06,782.25,0.0008960980482731987,0.023041026673330033,-0.25969061685767675,False,0.09520476023801194,0.003207705911750744,0.07076136439377195,1.3001028896830924,False,False,
2011-04-07,773.25,0.0007037795700947283,0.023029818696251918,-0.5301410741162884,False,0.045638945233265726,0.004138349327390361,0.07151226933115415,0.5803283309846766,False,False,
2011-04-08,797.5,0.00032573106385763793,0.02299390722184718,1.349723067523048,False,0.08762359359018079,0.004436584909223977,0.07163966749228574,1.1611864151925957,False,False,
2011-04-11,798.25,0.0008218522807915567,0.02325879224048901,0.005098570444054834,False,0.10065494657014828,0.005210103617837782,0.07222594271260002,1.3214759041928004,False,False,
2011-04-12,759.5,0.000511951378598566,0.023097605018567828,-2.1238410068728677,True,0.03017972193964047,0.005806437316940209,0.07283245958977824,0.3346486547341724,False,True,shock
2011-04-13,752.75,-0.00012678898443098922,0.02378208682893233,-0.36837124583316094,False,0.03506359573736684,0.005589610978886279,0.07273399119837116,0.40522985570934283,False,False,
2011-04-14,740.5,-0.0001984595593061833,0.02380051934138732,-0.6754139876076556,False,-0.02980674746151324,0.005245886069116657,0.0725299750659948,-0.48328478672074004,False,False,
2011-04-15,744.25,-0.0007230354557318108,0.023714166064929883,0.24403899708244955,False,-0.02007899934167212,0.0038037706611079186,0.07213092622505514,-0.33110305457971795,False,False,
2011-04-18,775.0,-0.0006722167160272512,0.02372253969414354,1.7700035113513783,False,-0.01898734177215189,0.0020889864072873793,0.07112937616017499,-0.29630975719480307,False,False,
2011-04-19,785.75,0.00012056688361813024,0.02412100704846927,0.570059153446083,False,-0.0006359300476947993,0.0014871240187899943,0.07111398560441673,-0.029854241025030318,False,False,
2011-04-20,785.0,0.00014410290460968125,0.024133717462229566,-0.045521580934094905,False,0.003515500159795515,0.0006872700487420384,0.07079097265012081,0.03995184703891266,False,False,
2011-04-21,799.5,-5.7481202284934694e-05,0.024078105087437907,0.7695297746486612,False,0.03394762366634341,-0.00012479285629616755,0.07039823262634717,0.4839953398189099,False,False,
2011-04-25,826.0,0.0004577873666433874,0.02405529067834719,1.3588665023002664,False,0.03573667711598749,-1.437143266608191e-05,0.07044571178371806,0.5074978681231329,False,False,
2011-04-26,811.25,0.0005787504144357017,0.02419803451318572,-0.7618756499224235,False,0.016285624804259324,-0.00029169504061849296,0.0702607792627482,0.23593988024079607,False,False,
2011-04-27,777.0,0.0006582136875271827,0.024126519581871616,-1.7771735244708051,False,0.02304147465437789,-0.0001681504835602136,0.0702819524977648,0.330235918512313,False,False,
2011-04-28,743.0,0.0003487818034352497,0.02452768572325646,-1.7982465226899949,False,-0.01295250747260046,0.000292325883479001,0.07031986896643684,-0.18835122349845568,False,False,
2011-04-29,769.25,-0.00011837971023789103,0.02503125871385067,1.4161542731596342,False,0.03882511816340317,0.0003417768038165588,0.070309088813576,0.5473451869305958,False,False,
2011-05-02,759.75,0.00048736368150819053,0.025334285804034164,-0.5067068019412103,False,0.020826335236815652,0.0015066942369337788,0.07021190234452272,0.2751619078070602,False,False,
2011-05-03,760.75,0.00012959162954001495,0.02532343025769119,0.04685900764538632,False,-0.01838709677419359,0.002263995013712424,0.07010843652179513,-0.29455929717511325,False,False,
2011-05-04,741.0,-7.782088369819343e-05,0.02524804002311451,-1.025164787857734,False,-0.05695195672923958,0.0020400719096487366,0.07014773060875627,-0.8409684551010204,False,False,
2011-05-05,722.5,-0.00024953954460217825,0.025381127993482175,-0.9738228446786155,False,-0.07961783439490444,0.0016332463235453091,0.0704031473760429,-1.154083073651026,False,False,
2011-05-06,724.5,-0.0009272877837369097,0.02535302815377816,0.14575986155530088,False,-0.09380863039399623,0.0007744478032871586,0.0710016588249499,-1.3321249075387378,False,False,
2011-05-09,759.25,-0.0009576128556837086,0.025347150592372823,1.9300680705273905,False,-0.08081113801452788,-0.0006114833387415431,0.0718261496206287,-1.1165801744822021,False,False,
2011-05-10,769.0,-0.000422617321301697,0.02595158060946654,0.5111148157280067,False,-0.05208012326656397,-0.0016106065852657977,0.07241911410004057,-0.6969087831090978,False,False,
2011-05-11,727.75,-0.0005998711410756148,0.02581276065598921,-2.054844961897394,True,-0.06338481338481339,-0.0029049237336784537,0.07244239541512565,-0.8348687160958651,False,True,shock
2011-05-12,700.5,-0.0014889284384144016,0.02647645298761711,-1.3580085231611523,False,-0.05720053835800809,-0.004805179471143493,0.07212987510414863,-0.726403016935919,False,False,
2011-05-13,696.0,-0.0020360739885340456,0.026792169026509664,-0.1637757986859286,False,-0.09522261943451416,-0.0068016971304059115,0.07146836045816268,-1.2372037323546763,False,False,
2011-05-16,736.5,-0.0024120143983601835,0.026651036897646016,2.2738953761355,True,-0.03060217176702862,-0.009774206754465836,0.07042654157165987,-0.2957402784200339,False,True,shock
2011-05-17,764.0,-0.0014765882118620733,0.02752791871589879,1.410035863546232,False,0.0042720999014129735,-0.011493072830113608,0.06931731318243665,0.2274348500790002,False,False,
2011-05-18,817.0,-0.0006557444202986525,0.027757350187047593,2.5228442807796085,True,0.10256410256410264,-0.012155107456401512,0.06892005135656867,1.6645258928636946,False,True,shock
2011-05-19,812.0,2.7007892765942286e-05,0.02883538317635587,-0.21317417200815653,False,0.12387543252595146,-0.011951504614583342,0.06923962724081606,1.9616936507778624,False,False,
2011-05-20,806.5,2.470282646071039e-05,0.028835874096392128,-0.23575154401473927,False,0.1131815044858524,-0.01101419293308384,0.07060112505865476,1.759117823062389,False,False,
2011-05-23,803.0,-0.000500348416560145,0.028592098358392184,-0.13428154698327696,False,0.05762265393480415,-0.010604719460499401,0.07123684435595408,0.9577540107530185,False,False,
2011-05-24,779.75,-0.0004964116886850226,0.028591541703868118,-0.9953122288961503,False,0.013979193758127506,-0.010757388160991163,0.07107586637612366,0.348030677364045,False,False,
2011-05-25,796.5,-0.0008009738877725543,0.028773247706236536,0.7744074670931456,False,0.09446925455170052,-0.011044012858729978,0.07093009847124153,1.4875669100221347,False,False,
2011-05-26,814.5,-0.0005926441729044877,0.028878474158317565,0.8030727005263908,False,0.1627408993576016,-0.010159559982516341,0.07183306463769078,2.406975954766618,True,True,trend
2011-05-27,819.75,-0.0005319857793321722,0.028922904312488222,0.2412502525843457,False,0.17780172413793105,-0.008562302857370549,0.07431872192514401,2.507632291941362,True,True,trend
2011-05-31,782.25,-0.0006252447035385404,0.028888499914600355,-1.5618813573809662,False,0.062118126272912466,-0.006650846516072428,0.07722643718568586,0.8904848559002462,False,False,
2011-06-01,759.25,-0.0008852996258604229,0.02920823340535817,-0.9763365333058099,False,-0.0062172774869110325,-0.006082575290336105,0.07757746549007513,-0.001736357274937796,False,False,
2011-06-02,769.75,-0.0013430126038233444,0.029384378196188863,0.5163440739455298,False,-0.05783353733170138,-0.00683153348001929,0.07729980747821572,-0.6597947073290609,False,False,
2011-06-03,773.75,-0.0012355136137310089,0.029425459772627224,0.21858642247507262,False,-0.047105911330049266,-0.00809823656673358,0.07734741365950433,-0.5043177647158792,False,False,
2011-06-06,744.0,-0.0006807530427127784,0.02914420670875585,-1.2959130713293183,False,-0.07749535027898324,-0.00879810718823664,0.07746116191341662,-0.8868604781262381,False,False,
2011-06-07,733.75,-0.0011418359095224581,0.029467072845921448,-0.4287852368972742,False,-0.08623910336239105,-0.009429679027414121,0.07782964699153648,-0.9868915934223561,False,False,
2011-06-08,748.0,-0.001544563906336478,0.029430084624545806,0.7123780926714188,False,-0.04071817890349472,-0.010451477859983682,0.0783333956007489,-0.38638311043957446,False,False,
2011-06-09,745.0,-0.0008389554167834683,0.02928764042345292,-0.10829618653206564,False,-0.06465787821720026,-0.010502439620668639,0.07835207333444928,-0.6911806706807456,False,False,
2011-06-10,759.25,8.050875076254016e-05,0.02804879152633656,0.679066975483653,False,-0.0678330263965623,-0.009866242868319615,0.07770477968987533,-0.7459873608752483,False,False,
2011-06-13,743.0,0.0003224232523815089,0.02813479892961399,-0.7721797955499657,False,-0.09362610551997563,-0.009073990817261674,0.07678929576480246,-1.1010924616588253,False,False,
2011-06-14,731.25,0.0003122832764073117,0.028142592795610256,-0.573029993389121,False,-0.06519654841802491,-0.008234302773479859,0.07548756445190953,-0.7545911178633097,False,False,
2011-06-15,708.5,-0.0004204872935950643,0.02783162159561796,-1.1027249602426403,False,-0.06684227856437275,-0.007770643113827986,0.07502184409088576,-0.7873924743702914,False,False,
2011-06-16,673.25,-0.0009383285089250097,0.028038525400159758,-1.7409856648552755,False,-0.1253653783696005,-0.007362373302452533,0.07460932752153103,-1.5816119644436446,False,False,
2011-06-17,672.25,-0.0014866858584078975,0.0285876971391184,4.7346076514790696e-05,False,-0.1311793214862682,-0.007562199142487572,0.07490843366186482,-1.6502430540970308,False,False,
2011-06-20,659.25,-0.0015236779574977059,0.02858585176720064,-0.6231882145777666,False,-0.11391129032258063,-0.008303620146217999,0.07585982491140887,-1.392142287432038,False,False,
2011-06-21,674.25,-0.002017544720046267,0.0285691672999552,0.8670421862544596,False,-0.08109028960817721,-0.009081696609778334,0.07664622079592655,-0.9394930663329698,False,False,
2011-06-22,638.25,-0.0018828392910289053,0.028662925406486777,-1.7970886951674772,False,-0.1467245989304813,-0.00937536006569616,0.07688214743455082,-1.7864906671826442,False,False,
2011-06-23,649.0,-0.002070069324538273,0.028955347137510138,0.6531781201284784,False,-0.12885906040268458,-0.0104682037096907,0.07825043089077746,-1.5129738628307967,False,False,
2011-06-24,635.75,-0.0015377379316878549,0.028930823290986243,-0.6525319563756325,False,-0.1626605202502469,-0.011993911702115691,0.07943531473464044,-1.8967207349960682,False,False,
2011-06-27,622.75,-0.00147273584220679,0.028882168450315254,-0.6569989234838298,False,-0.16184387617765816,-0.01362536608308447,0.08126011040801259,-1.8240008455607357,False,False,
2011-06-28,640.25,-0.0014130706081877608,0.028837657353085175,1.0234615952990436,False,-0.12444444444444447,-0.015189997937194076,0.08297421492819763,-1.3167276918714392,False,False,
2011-06-29,641.25,-0.0006835798288705463,0.02888360523877455,0.07774201652012695,False,-0.09491884262526462,-0.01544981525612279,0.08328901620105335,-0.9541357431490083,False,False,
2011-06-30,584.75,-0.0007682702179103466,0.028867363908678223,-3.0255929101030676,True,-0.13145191236539178,-0.015318168727548044,0.08315358611621218,-1.3966173807049016,False,True,shock
2011-07-01,584.5,-0.0013196947782007557,0.03012521640117018,0.02961511155645259,False,-0.13053179620676836,-0.0152145927648015,0.08300186812314415,-1.3893326264762942,False,False,
2011-07-05,613.75,-0.0012105817918057849,0.03011326834964392,1.7020189504627352,False,-0.06901782328403494,-0.014985270978788965,0.08265382725891814,-0.6537211173051397,False,False,
2011-07-06,611.25,-0.001515147455471979,0.0294622125701554,-0.08682892685120885,False,-0.09343715239154615,-0.014551934935036565,0.08227836710284414,-0.9587601241272414,False,False,
2011-07-07,624.5,-0.0018088107262717523,0.0293751951499373,0.7995079597578011,False,-0.021543282412847642,-0.014506903754348374,0.08223364822399032,-0.08556568765298339,False,False,
2011-07-08,650.5,-0.0014829021483457631,0.029499759494736034,1.4615783156251068,False,0.0023112480739599928,-0.013961897844950538,0.08204706009597626,0.1983391714447133,False,False,
2011-07-11,636.0,-0.000950907435608399,0.02991539522554811,-0.7133329891700061,False,0.00039323633503740574,-0.0134163834779522,0.08201702449121813,0.1683750404096683,False,False,
2011-07-12,662.75,-0.0011004280846250033,0.029994607703838466,1.4389311885140852,False,0.06423123243677242,-0.013083383413195974,0.08202177971891085,0.9426108055070992,False,False,
2011-07-13,702.0,-0.0010109883401010888,0.030114533319956154,2.000161265716592,True,0.09644670050761417,-0.012703157456896152,0.08231661421407312,1.3259760378464365,False,True,shock
2011-07-14,691.25,-0.00010866045655061255,0.030892401746616047,-0.4921834819303167,False,0.07797270955165692,-0.012151014399768251,0.082913833936215,1.0869564181624587,False,False,
2011-07-15,694.75,-0.00016736791780381713,0.03091738013292536,0.16918183347216983,False,0.18811457887986327,-0.01158247034950062,0.08338866183111397,2.394774599379084,True,True,trend
2011-07-18,689.5,-0.00032047095080422284,0.030861878356551426,-0.23447063165006504,False,0.17964071856287434,-0.010462020878949693,0.0855015606145877,2.2233832701457144,True,True,trend
2011-07-19,693.5,-0.00024037435200555753,0.030834826350635842,0.19593687919608258,False,0.12993890020366594,-0.00938101069388176,0.08739029992973374,1.5942262586301685,False,False,
2011-07-20,697.0,-0.0008230442404008928,0.030290258565931132,0.19378863875669491,False,0.14028629856850716,-0.008643446852611713,0.08833715905071463,1.6859241005884948,False,False,
2011-07-21,677.25,-0.0006902433888582538,0.030293917477702968,-0.9125753103805534,False,0.08446757405924732,-0.007446084125732402,0.08974679461884436,1.0241441889410987,False,False,
2011-07-22,692.25,-0.0016034930317523892,0.030077496336348868,0.7896896406389262,False,0.06418139892390462,-0.007595855352792646,0.08958155625660809,0.8012503608565354,False,False,
2011-07-25,688.5,-0.0012448899692929815,0.03019959615571675,-0.13815509659031275,False,0.08254716981132071,-0.007921596386639834,0.08927087201379583,1.0134186454903185,False,False,
2011-07-26,694.0,-0.0012492856721145337,0.030200187003703714,0.30588109300057575,False,0.04715201810637493,-0.008090364258995718,0.08908504680085365,0.620108361045855,False,False,
2011-07-27,704.75,-0.0009893702882793364,0.030194611638867653,0.5457690276014427,False,0.0039173789173789775,-0.008070189954020928,0.08909754927965903,0.1345443165195641,False,False,
2011-07-28,693.25,-0.0012009866150660153,0.03001993282062618,-0.5035606402609405,False,0.002893309222423257,-0.009186272816324953,0.08840421613189622,0.1366403387449968,False,False,
2011-07-29,672.5,-0.0014310970427764723,0.030069400236806616,-0.9478202053273489,False,-0.032025908600215924,-0.01048976131429462,0.08747864553848382,-0.2461874798512635,False,False,
2011-08-01,676.5,-0.0011829342804952514,0.029750437245901838,0.23969024763869942,False,-0.018854242204496052,-0.011319169721492705,0.08738267797662805,-0.08623073425397569,False,False,
2011-08-02,718.0,-0.0009851291961158947,0.029747838006791105,2.095288003384348,True,0.03532804614275409,-0.01203807422738421,0.08721756370478212,0.5430800673413126,False,True,shock
2011-08-03,710.5,4.9788432429974294e-05,0.030548168110757574,-0.34357120353764903,False,0.01936872309899562,-0.011169610312660646,0.08736240992066377,0.34955919186969514,False,False,
2011-08-04,681.75,-0.00015700927821874267,0.03056625640732354,-1.3186911681749633,False,0.006644518272425293,-0.010643640680118409,0.0874267704115097,0.19774445368586693,False,False,
2011-08-05,679.0,-0.001247425591385502,0.030525431958233144,-0.09127835175046592,False,-0.0191404839292163,-0.010301882546190714,0.0874438102869357,-0.10107749598311012,False,False,
2011-08-08,656.5,-0.0014861549840380292,0.030475570866868033,-1.0385633555769898,False,-0.046477850399418985,-0.010548609931277667,0.08744227451167318,-0.4108909639964239,False,False,
2011-08-09,671.75,-0.00191525450481895,0.030693769234384126,0.8192053675237321,False,-0.03206051873198845,-0.01121518793873386,0.08752412703435349,-0.23816668042941733,False,False,
2011-08-10,685.0,-0.0018518157258602115,0.030741354244731182,0.7018693932498355,False,-0.028024122029088328,-0.012095296504044952,0.08739563212720344,-0.18226111691553573,False,False,
2011-08-11,701.25,-0.002030763941153248,0.030573481817914295,0.84234408863728,False,0.011539848539487974,-0.012945440492645963,0.08723402556665445,0.28068507526830827,False,False,
2011-08-12,702.5,-0.0014763669998949928,0.0306594872470207,0.10629330386167843,False,0.044609665427509215,-0.01300871750950958,0.08721425465621895,0.6606532746755547,False,False,
2011-08-15,712.5,-0.0008896826086243618,0.030288069085066892,0.4993569583780805,False,0.053215077605321515,-0.012721141632534495,0.08737015068966657,0.7546767256022875,False,False,
2011-08-16,724.75,-0.00011644368591924821,0.029916862510974015,0.5785842728564926,False,0.009401114206128103,-0.01183890716482887,0.08770122462754204,0.2421861434793086,False,False,
2011-08-17,727.5,-0.00035826717690332484,0.02969898058174844,0.13982564255475383,False,0.02392681210415204,-0.012231227217592537,0.08753718180704216,0.4130592118152443,False,False,
2011-08-18,707.75,-0.0001430124685849332,0.029669384192676385,-0.9101892266811865,False,0.038137147048038056,-0.012189887526028053,0.08755373484436654,0.5748131094981415,False,False,
2011-08-19,730.75,-0.0005225323187798218,0.029832070362197795,1.1068585812961396,False,0.0762150220913107,-0.01143623094173163,0.0877427432159654,0.9989572906023935,False,False,
2011-08-22,735.5,0.00025691532438373816,0.02992199307736042,0.20865106534207137,False,0.12033511043412037,-0.009660671224124293,0.08815565165488731,1.4746165358422343,False,False,
2011-08-23,757.25,0.0006764677625904062,0.02978383093864285,0.9701657323854371,False,0.1272794938593227,-0.006994631959737296,0.08903057599223917,1.5081799069879624,False,False,
2011-08-24,749.25,0.0010338484803031722,0.02996949995529119,-0.3870064983062678,False,0.0937956204379562,-0.004046790303026376,0.08977433825759422,1.0898705870739833,False,False,
2011-08-25,757.25,0.0002534664011713265,0.029489129206455567,0.35348204202734046,False,0.0798573975044563,-0.001718700190326589,0.09002040503683212,0.9061956304396297,False,False,
2011-08-26,762.25,0.0002246093877169401,0.029477701150471863,0.21637473697795395,False,0.08505338078291813,4.046675328701473e-05,0.0903116310905426,0.9413285199599681,False,False,
2011-08-29,757.25,0.0010278618083644513,0.028803142876862788,-0.2634222784230917,False,0.06280701754385976,0.002019642675523435,0.09052913198797444,0.6714675545150603,False,False,
2011-08-30,750.25,0.00143965713562671,0.02846446562957327,-0.37533225404160847,False,0.03518454639530866,0.0036197434208816727,0.09052883724304882,0.34867125145640443,False,False,
2011-08-31,745.25,0.0014020572417622853,0.028476853235103787,-0.2832652315936708,False,0.024398625429553178,0.005358505631945977,0.08985458106286821,0.21189926626317998,False,False,
2011-09-01,715.5,0.0005373359036642578,0.027703317942342442,-1.4603603110593846,False,0.010950194277640435,0.006091849594567067,0.08978153710393386,0.054112959521390225,False,False,
2011-09-02,730.0,-0.0004927741567401789,0.027752742298184148,0.7479737498061171,False,-0.0010263427984946727,0.006180890852916767,0.08978301947362673,-0.08027390584172239,False,False,
2011-09-06,716.25,-0.001147523212490255,0.026639128731012984,-0.6639891793936055,False,-0.026172671651937485,0.004799684914748803,0.0890742511652567,-0.34771391464435925,False,False,
2011-09-07,714.75,-0.0013170654177964488,0.026711568262221947,-0.029095087651558396,False,-0.056124133377352226,0.0027990435257102837,0.08804271882987331,-0.6692566709226794,False,False,
2011-09-08,709.25,-0.0012546766421020225,0.026704115369243248,-0.24117337421528737,False,-0.05338672005338674,0.0005416350208675554,0.08734197825019484,-0.6174391301256563,False,False,
2011-09-09,701.0,-0.0012994134239088712,0.026712162826360804,-0.3868122653720405,False,-0.07428194123473097,-0.0009384899656416564,0.08730218436303473,-0.840110150785004,False,False,
2011-09-12,699.75,-0.0010684545285784856,0.02654418129718123,-0.026925387821988424,False,-0.0819940964250574,-0.0021153050988797694,0.08769237853368853,-0.9108977617192905,False,False,
2011-09-13,688.75,-0.0013786466738168856,0.026412714221290795,-0.5429677983982358,False,-0.09045889732585011,-0.004468149778569875,0.08743286181010869,-0.9835060384279709,False,False,
2011-09-14,701.75,-0.0018895636074271539,0.02631305849289615,0.7891266898060835,False,-0.06464511829390207,-0.007844147067682565,0.08576162238800795,-0.6623122282976073,False,False,
2011-09-15,696.0,-0.0017238422614509223,0.026405241917634124,-0.24502555098674686,False,-0.06608520630660852,-0.01107677163344034,0.08320053566127726,-0.6611548139199049,False,False,
2011-09-16,688.25,-0.0012231508887629635,0.025910621272777826,-0.38254221997042914,False,-0.03808525506638716,-0.012786149401167285,0.0829931324755042,-0.3048337243167321,False,False,
2011-09-19,673.0,-0.0009795867887420254,0.025727362218192818,-0.8231725909476683,False,-0.07808219178082187,-0.013211055768893634,0.08304061173336275,-0.7811977134781312,False,False,
2011-09-20,674.75,-0.0014594145640552784,0.025782962568247622,0.15745714753024992,False,-0.05794066317626523,-0.01348103782821524,0.08322037077112741,-0.5342396931915,False,False,
2011-09-21,666.75,-0.0014940304999330322,0.02577564743294869,-0.4020156071736024,False,-0.06715634837355722,-0.013625501186164787,0.08328890529749286,-0.6427128198670633,False,False,
2011-09-22,633.75,-0.001139458921037959,0.025441157442124593,-1.9006350030380048,False,-0.10645047585477618,-0.013487647827425776,0.08319026205760587,-1.1174724748790603,False,False,
2011-09-23,640.75,-0.001615684675076768,0.026008863929485558,0.48679748569263814,False,-0.08594864479315267,-0.01375713279399091,0.08346141075785138,-0.8649687483550064,False,False,
2011-09-26,648.25,-0.0017273569251319303,0.025935196811357766,0.5179212707385366,False,-0.07359771346909616,-0.014360205672519681,0.083821493363049,-0.7067102412504873,False,False,
2011-09-27,658.25,-0.001517813880446246,0.025979948202820725,0.6521938022306528,False,-0.04428312159709624,-0.014479403475878293,0.08390030476453657,-0.35522776949215024,False,False,
2011-09-28,638.75,-0.0015671654732304673,0.02594369056052705,-1.081451287729161,False,-0.08977556109725682,-0.014165404745218746,0.08374184770519691,-0.9028957256617328,False,False,
2011-09-29,654.25,-0.001676782846636229,0.026045799686756008,0.9960503410428155,False,-0.059985632183908066,-0.014114064152915828,0.0836936399558728,-0.548089054976912,False,False,
2011-09-30,609.25,-0.0011423773626188433,0.026162728874063724,-2.585306370881537,True,-0.11478387213948416,-0.014044585269794272,0.08365281338195263,-1.2042546185472767,False,True,shock
2011-10-03,619.5,-0.0016446431744757905,0.027090959044695488,0.6817258493519714,False,-0.07949479940564641,-0.014683806517462423,0.08424280048102063,-0.7693356882501251,False,False,
2011-10-04,604.0,-0.000756950332018292,0.026579218718766694,-0.9128645761660685,False,-0.1048536494998148,-0.014072198797943034,0.08359238760802752,-1.0860014087353793,False,False,
2011-10-05,625.25,-0.001070748268277475,0.02672645432020722,1.3564413385791205,False,-0.06224221972253463,-0.013721189838123656,0.08314809408886946,-0.5835495138656004,False,False,
2011-10-06,616.0,-0.0003438127604403777,0.026963286437499415,-0.5359238993402503,False,-0.02800788954635114,-0.01303226889678971,0.0825184212805101,-0.18148215170833012,False,False,
2011-10-07,607.5,-0.0008444422394034371,0.026877081742306328,-0.4819816073598125,False,-0.05189231369488878,-0.012324503562632028,0.08215363442919606,-0.48163188892584163,False,False,
2011-10-10,611.5,-0.0003165228099267218,0.02621159534933106,0.26327603710777536,False,-0.0566910913999229,-0.011060073092824129,0.08077534504993975,-0.5649127005138409,False,False,
2011-10-11,660.75,-0.00045330371321326,0.026147529544850633,3.0975377676297,True,0.0037979491074819904,-0.010097833506120639,0.07977677613454465,0.17418330605597798,False,True,shock
2011-10-12,626.75,0.0008927720365932442,0.027660773203483233,-1.8925519423804662,False,-0.018786692759295454,-0.007878387248017588,0.07776515152029298,-0.14027241377432823,False,False,
2011-10-13,618.0,0.00047932685532041814,0.02821034970126592,-0.5118772529148246,False,-0.05540695452808564,-0.005970958135772751,0.07566370639515832,-0.6533647206512774,False,False,
2011-10-14,622.75,-8.150079327449007e-05,0.028071561158024748,0.2767065533670507,False,0.02215839146491594,-0.0050504582702213,0.07461560414157324,0.36465361432324594,False,False,
2011-10-17,624.25,1.5513013393420039e-07,0.02808530994273304,0.08575714817304865,False,0.007667473769168653,-0.003489428482352226,0.07393161322976509,0.1509084106801159,False,False,
2011-10-18,625.25,0.0012070595702639508,0.02612427829219467,0.015114780668297289,False,0.035182119205298124,-0.0016345033338914202,0.072407200376447,0.5084663175454778,False,False,
2011-10-19,619.5,0.001234118976138429,0.026123613350689648,-0.3992725013775533,False,-0.009196321471411473,0.0005750155382694662,0.07093413397748231,-0.13775225637889368,False,False,
2011-10-20,630.75,0.00044426440185750445,0.025516426654294815,0.6942798901099377,False,0.02394480519480524,0.0013726355624377792,0.07047587299018361,0.32028222815361895,False,False,
2011-10-21,632.0,0.0007407060825375093,0.025592269523739927,0.04849361457109125,False,0.04032921810699586,0.0029377283302557977,0.06964035944931943,0.5369226993142046,False,False,
2011-10-24,642.5,0.0004781044308212342,0.025475319161224152,0.6333902832656912,False,0.050695012264922346,0.003762695003853711,0.06971287213168777,0.6732231197190296,False,False,
2011-10-25,636.25,0.00014451266289212229,0.025090018295350642,-0.3934687892940052,False,-0.03707907680665912,0.004407811859733209,0.06992281251555295,-0.5933240837125136,False,False,
2011-10-26,619.5,0.0003120182532242133,0.024979908213666597,-1.0663829382952723,False,-0.011567610690067842,0.003908181017843922,0.070085575234226,-0.2208127943045579,False,False,
2011-10-27,644.0,-0.0005997934546915839,0.02468177278238751,1.626618007042444,False,0.04207119741100329,0.0028975297761527187,0.0697496609251746,0.56163237376702,False,False,
2011-10-28,644.5,-0.0008621256165947422,0.02413587106452471,0.06788746624235194,False,0.03492573263749499,0.002172523068197907,0.06904315444725283,0.4743875020125229,False,False,
2011-10-31,628.25,-0.0006475951122091657,0.02407712104760282,-1.0202942667643358,False,0.006407689227072577,0.0015985633760090812,0.06858189307391656,0.07012238413833649,False,False,
2011-11-01,630.0,-0.001051283576429296,0.02423338481790066,0.1583269908679599,False,0.007596961215513787,-0.0008241951526947947,0.06502098413858863,0.1295144402960643,False,False,
2011-11-02,623.5,-0.0009133877046518757,0.02422529064401106,-0.3881923544695744,False,0.006456820016142117,-0.0031181119173262686,0.06150813797299011,0.1556693512275237,False,False,
2011-11-03,636.0,-0.0011283045794672282,0.02423641262900689,0.8737439975447471,False,0.00832342449464929,-0.004764539653159919,0.05951887995442789,0.21989600875941107,False,False,
2011-11-04,636.75,-0.0009282878895676812,0.024349699245916123,0.08655273937069173,False,0.007515822784810222,-0.006524044640811358,0.05707322738872268,0.2459974329118765,False,False,
2011-11-07,638.75,-0.0005347549586778847,0.02413835126963894,0.1522765600282662,False,-0.005836575875486361,-0.007550067991137186,0.056098710295891474,0.0305442336662117,False,False,
2011-11-08,657.0,-0.0007881875467312301,0.023996342230777366,1.2235038088639807,False,0.03261296660117874,-0.0084836409884624,0.05546791107729951,0.7409077931990142,False,False,
2011-11-09,643.0,-0.00033500692453652427,0.02422757132301303,-0.8657068019290378,False,0.037933817594834496,-0.009149430364597625,0.054654204700290025,0.8614753104106969,False,False,
2011-11-10,620.0,-0.0007256384012097236,0.024327536952519633,-1.440515354846306,False,-0.037267080745341574,-0.009272339704751498,0.0545361175761515,-0.5133247888704147,False,False,
2011-11-11,616.75,-0.0014091016341640412,0.024584511445882303,-0.1559044139699144,False,-0.04305663304887508,-0.009821465833587771,0.05460881058088973,-0.6086044882090493,False,False,
2011-11-14,615.75,-0.0012614228645248416,0.024526943647816823,-0.014676906092255282,False,-0.019896538002387554,-0.010434131730538415,0.05472187679022641,-0.17291816046665948,False,False,
2011-11-15,632.75,-0.0008839551360432034,0.024296513633935552,1.1727016869453066,False,0.00436507936507935,-0.010272406789234039,0.054675105734178324,0.2677175646532541,False,False,
2011-11-16,616.75,-0.0005951464427228285,0.024506650466860486,-1.007534735720725,False,-0.010825982357658415,-0.009962815834973033,0.05469159126177391,-0.015782435704859116,False,False,
2011-11-17,592.5,-0.0017502345353946384,0.023571515585035178,-1.5938209943922146,False,-0.06839622641509435,-0.0105782028816452,0.054434149622297215,-1.062164540727313,False,False,
2011-11-18,598.25,-0.0021352122486374856,0.023948225752322673,0.4943937693463594,False,-0.060463290145268966,-0.011748402208499733,0.05472425653222797,-0.8901882094657654,False,False,
2011-11-21,591.5,-0.0014662908753449717,0.02356067148562988,-0.41665270931340176,False,-0.07397260273972606,-0.012643172987402322,0.054967541945745935,-1.115738990345559,False,False,
2011-11-22,594.0,-0.001562946499025927,0.02358620226327876,0.24546084708689014,False,-0.09589041095890416,-0.013374267904875786,0.05541792882639387,-1.4889791950277373,False,False,
2011-11-23,579.25,-0.0010647663814960864,0.023303185916483626,-1.0198984608942316,False,-0.09914463452566091,-0.01403310204566892,0.056106243067950555,-1.5169708008592375,False,False,
2011-11-25,574.5,-0.0017055783259383958,0.023286904677702926,-0.2788984074738887,False,-0.07338709677419353,-0.014927556922917888,0.05692626327373091,-1.0269344321824172,False,False,
2011-11-28,574.75,-0.002077909777686576,0.023162541350440907,0.10849719593538365,False,-0.06809890555330356,-0.015532396586185958,0.05730701100669902,-0.9172788467535452,False,False,
2011-11-29,594.5,-0.002388409334055277,0.022967268970899315,1.6001543675394545,False,-0.034510759236703215,-0.016594246640756514,0.057535968394407645,-0.31139673313794686,False,False,
2011-11-30,595.75,-0.0019540061977101194,0.0233521114482308,0.1737150595427764,False,-0.05847491110233105,-0.017649185636279346,0.0571224741734938,-0.7147051323802046,False,False,
2011-12-01,602.0,-0.002115769773868399,0.023280363996324393,0.5415184889285201,False,-0.023915687069314906,-0.019138385485714712,0.05670442204294363,-0.08424918924281122,False,False,
2011-12-02,612.25,-0.0022051298364952417,0.023218026261186787,0.8283093357394549,False,0.03333333333333344,-0.019582609502720616,0.05660824227388309,0.9347745259433267,False,False,
2011-12-05,598.75,-0.002028700953736191,0.023314306177723506,-0.8587480641789351,False,0.0008357709987463213,-0.019457189219664866,0.056716261119308886,0.35779791929024934,False,False,
2011-12-06,598.75,-0.0019607282861162866,0.02324741765957766,0.08434176710842074,False,0.012256973795435444,-0.019954540900322084,0.05636685833081883,0.5714619485568481,False,False,
2011-12-07,583.0,-0.002394026296242274,0.022896696287880176,-1.0442893190036537,False,-0.01851851851851849,-0.020807314877600427,0.05536719394216603,0.04133849299772544,False,False,
2011-12-08,576.75,-0.002831425932605997,0.023037400090216455,-0.34244253693159526,False,-0.004315925766076867,-0.022658696596968946,0.05284806364651422,0.34708501249131274,False,False,
2011-12-09,573.5,-0.003368654353702407,0.022739428661327832,-0.09966694944440099,False,-0.0017406440382942145,-0.02441330219197427,0.04990531815519358,0.45431346781867066,False,False,
2011-12-12,575.5,-0.003302927434863762,0.022725468267743534,0.29879629677729547,False,0.001304915180513344,-0.02568711905165761,0.04803138361230035,0.5619666185351897,False,False,
2011-12-13,591.75,-0.0033987939106585536,0.02268081755985204,1.3947958478092437,False,-0.00462573591253157,-0.026734485482643518,0.046531836496211926,0.47513167832762804,False,False,
2011-12-14,588.0,-0.0031103475503135264,0.02294574957261184,-0.14062683174404358,False,-0.013008812421317684,-0.027930207038582844,0.0447380834625797,0.33352780142550964,False,False,
2011-12-15,579.25,-0.003107382322322828,0.022945312184831774,-0.5131143984352733,False,-0.03779069767441856,-0.028941084771451877,0.043499530261371794,-0.20344157396166798,False,False,
2011-12-16,583.75,-0.0031825420219460466,0.02297489802436248,0.47665971745649016,False,-0.04654961208656594,-0.029914088025714904,0.04285719368880109,-0.38816176769871014,False,False,
2011-12-19,599.75,-0.0029901005344276916,0.02300576522613218,1.3213685270470625,False,0.001670146137787043,-0.03086006452592983,0.042422973795370564,0.7668064671898781,False,False,
2011-12-20,607.75,-0.002092387418694237,0.022858409870934956,0.6750810187800541,False,0.01503131524008361,-0.030983798501127875,0.04231276927335254,1.0874994601261085,False,False,
2011-12-21,617.0,-0.0021847428501977953,0.022780716738602526,0.7640153333853783,False,0.05831903945111483,-0.03076969639394683,0.04250658397124553,2.0958808617819678,True,True,trend
2011-12-22,621.75,-0.0017306669771049998,0.02278374547183521,0.4138568137434895,False,0.07802340702210664,-0.029643140245906134,0.043732046810327094,2.4619599383257746,True,True,trend
2011-12-23,622.0,-0.001600096548215563,0.02280967949086942,0.08777797257319257,False,0.08456843940714909,-0.027854506373913353,0.04534780061371789,2.479126754982116,True,True,trend
2011-12-27,644.75,-0.0014921353598999095,0.02279960175196697,1.669665043933518,False,0.12033014769765416,-0.02601510424777287,0.047063581677918756,3.109522198011741,True,True,trend
2011-12-28,651.25,-0.0008493677820235756,0.023186133603070137,0.4714367163929034,False,0.1005492184199408,-0.023420276395341066,0.049659765873835665,2.496376948901362,True,True,trend
2011-12-29,645.25,-0.0006911731978358793,0.023220126389214946,-0.3670039724477448,False,0.09736394557823136,-0.020986365530741093,0.05119967308097304,2.3115442733745524,True,True,trend
2011-12-30,652.75,-0.00060441522262446,0.0231753279843323,0.5276221770473344,False,0.12688821752265866,-0.018482060958686677,0.052336499667063184,2.7776079677875534,True,True,trend
2012-01-03,657.0,-0.0007011001740576717,0.023107992896568712,0.31210047382475276,False,0.12548179871520349,-0.015928283147799198,0.05467427343871394,2.5864098957165575,True,True,trend
2012-01-04,650.0,-0.0005050372864662316,0.02310594295624426,-0.4392572438743898,False,0.08378491037932467,-0.013374056414175039,0.056735305964560376,1.712495687503473,False,False,
2012-01-05,629.25,-0.0004986297216033053,0.023103021733023466,-1.3601877522608017,False,0.035376388317564844,-0.011749120874898879,0.057754070419388626,0.8159686209172057,False,False,
2012-01-06,624.75,-0.0006288354645224518,0.023253765387715206,-0.28049372246197873,False,0.012560777957860703,-0.010236339806920389,0.057478376125456136,0.3966207694354931,False,False,
2012-01-09,641.75,-0.0007588577026051239,0.023262727113097504,1.2023414933410357,False,0.03216726980297557,-0.009296320591798711,0.05726376251790628,0.7240807898679149,False,False,
2012-01-10,639.75,-0.0002379626705154688,0.023447536498026278,-0.12276409972357358,False,0.02853697749196149,-0.007972005682778272,0.057055705306717955,0.6398831278743486,False,False,
2012-01-11,641.0,0.0003804017947366578,0.02273160217101372,0.06922021734405871,False,-0.005816207832493259,-0.0061721729714884375,0.05602703275210106,0.006353453351174123,False,False,
2012-01-12,605.0,0.00025918210601764654,0.02269817736256193,-2.4857250736324747,True,-0.07101727447216888,-0.005103740478679645,0.05524372615496359,-1.1931406257535178,False,True,shock
2012-01-13,602.25,-0.000645714956037288,0.023571711776491495,-0.16544150999277507,False,-0.06664083688492828,-0.005069334625387281,0.05520127881489145,-1.115399925172224,False,False,
2012-01-17,604.75,-0.0009120029809061059,0.023500396524232494,0.2154475571165944,False,-0.07353504404442746,-0.005367437495891709,0.055475593785098275,-1.2287855234610716,False,False,
2012-01-18,592.25,-0.0004616682731745003,0.023265194130456163,-0.8685949421233229,False,-0.09855403348554037,-0.005150897268520651,0.055172536004360374,-1.692928093963959,False,False,
2012-01-19,605.75,-0.0010608128469944455,0.023198293784673942,1.028318767626718,False,-0.06807692307692303,-0.005665142619209081,0.055865924202524314,-1.117170821903164,False,False,
2012-01-20,610.5,0.00016019348672670298,0.021962846367896492,0.34974179407252326,False,-0.02979737783075087,-0.0050423832983749325,0.05488481255714882,-0.4510354208935267,False,False,
2012-01-23,619.75,4.042755190464042e-05,0.02189513571986393,0.6901572930603606,False,-0.00800320128051224,-0.004379751010709659,0.054270353316347386,-0.06676666077114188,False,False,
2012-01-24,633.5,0.0005760501214255154,0.02176476504757057,0.9929036817667888,False,-0.012855473315153909,-0.003088411701118958,0.052984333578915015,-0.18433867059001247,False,False,
2012-01-25,641.25,0.00040277340495417315,0.02153606142035918,0.5493506493588409,False,0.0023446658851113966,-0.0024299217490205485,0.05254429695802758,0.09086785646681864,False,False,
2012-01-26,653.5,0.0007631428062596868,0.02150443960561747,0.8528551020276475,False,0.01950078003120126,-0.0020252210099343817,0.05246145471973621,0.4103203229139102,False,False,
2012-01-27,647.25,0.0012018363414444504,0.021538936757649382,-0.4998261161244068,False,0.06983471074380154,-0.0010733130935865142,0.05219140905461976,1.3586148586864333,False,False,
2012-01-30,644.75,0.0009865263560644715,0.02156509983398131,-0.2248550465926751,False,0.07056870070568699,0.0006136976016631449,0.05241375869673414,1.3346686985145122,False,False,
2012-01-31,666.0,-0.00013883566732294294,0.019456740229878082,1.7010735779518176,False,0.10128152128978907,0.0015039742896392116,0.05303199875588708,1.8814592951594826,False,False,
2012-02-01,674.25,0.0009867001869197148,0.018881097326237568,0.6038148632720133,False,0.138455044322499,0.003104883810293672,0.054210388874244425,2.4967568638215534,True,True,trend
2012-02-02,662.75,0.0013380108114652823,0.01884430521190293,-0.9761038541665928,False,0.09409822534048695,0.0056897104616348,0.05597581939865899,1.579405461654933,False,False,
2012-02-03,660.75,0.0010081165144338196,0.01894795823476639,-0.2124685743636009,False,0.0823095823095823,0.006648908246642414,0.05687105827906556,1.3303897685827109,False,False,
2012-02-06,668.5,0.0009357645094313272,0.018952897604424767,0.5694818512924558,False,0.07866075030254138,0.007644136360514596,0.057538317686566795,1.2342490499788579,False,False,
2012-02-07,662.25,0.00107079348833516,0.018993739015828695,-0.5486061977398409,False,0.04538279400157852,0.008223851441811173,0.058036394208463286,0.6402696629686301,False,False,
2012-02-08,660.75,0.0010687539152339598,0.018994864590570378,-0.1755084676625247,False,0.03040935672514622,0.00895157298145104,0.05815706971632018,0.3689626015953421,False,False,
2012-02-09,646.0,0.0007964230891284426,0.018892658647049393,-1.2237314604768108,False,-0.011476664116296886,0.009037767001855585,0.05818437544012877,-0.35257628810094643,False,False,
2012-02-10,630.0,0.00047235795037995726,0.019079577490037275,-1.3228888229388007,False,-0.02665121668597914,0.008347021905545015,0.05811534391391479,-0.6022202784064465,False,False,
2012-02-13,641.25,-7.939839506294918e-05,0.01920442073043814,0.9339798114179583,False,-0.0054284606436603156,0.007315738852866329,0.058039927453427745,-0.21957642015925696,False,False,
2012-02-14,635.0,0.0002883985291542072,0.01928113803407511,-0.5204561683743343,False,-0.04654654654654655,0.00773774706837298,0.057827447585462315,-0.938728854229535,False,False,
2012-02-15,626.0,0.0005094590754482686,0.019065715580067606,-0.7701094333566545,False,-0.07156099369669999,0.007271361256953264,0.05812553834568043,-1.3562430077606609,False,False,
2012-02-16,628.75,-0.0002068242704894215,0.018582251054071644,0.24753704506042604,False,-0.05130139569973591,0.00575626537551722,0.058684467224876934,-0.9722787608620533,False,False,
2012-02-17,644.0,-0.00015860328741637453,0.018589528079611402,1.31327037157151,False,-0.025349981082103623,0.004606570331020808,0.05894932767668861,-0.508174606798284,False,False,
2012-02-21,633.0,0.0005009676037610008,0.018566116975342408,-0.946978464518244,False,-0.05310396409872853,0.004183134726898459,0.05905018741490997,-0.9701425403293841,False,False,
2012-02-22,644.5,0.00023608412826834642,0.018674482877087284,0.9602071739193756,False,-0.026802567006417477,0.0033737890560418945,0.05941760731238225,-0.507868920130192,False,False,
2012-02-23,641.75,0.0006158830199155781,0.018746468233391104,-0.26046274447591466,False,-0.028755202421490766,0.0029303305624077667,0.059518315438320965,-0.5323660918584694,False,False,
2012-02-24,641.0,0.0002916831662818546,0.01861566181944221,-0.078448060172825,False,-0.007739938080495334,0.002435948870192566,0.059626808671931715,-0.17065959385275675,False,False,
2012-02-27,645.75,0.00026037750394444743,0.01861612327816008,0.38407131286566903,False,0.02499999999999991,0.0022325387253218252,0.059635266128182166,0.3817784802995746,False,False,
2012-02-28,662.25,0.000317302120936979,0.01863157158070673,1.3543882682158208,False,0.03274853801169586,0.0026436930703283086,0.05968516221826793,0.5043941211263612,False,False,
2012-02-29,664.25,0.0002770388611615256,0.018572859010509014,0.14768693862938848,False,0.0460629921259843,0.0026455006891352036,0.05968608417598744,0.7274307242008109,False,False,
2012-03-01,659.25,0.000601425364669641,0.018402429502309893,-0.4417194901845642,False,0.053115015974440905,0.0027538896828838678,0.059758370646843695,0.8427459742699159,False,False,
2012-03-02,670.75,0.000977992598185069,0.017931034947670198,0.918300180413709,False,0.06679920477137169,0.0039589843058143006,0.05985165194536808,1.0499329328941036,False,False,
2012-03-05,667.75,0.0012804726076451505,0.018015838016573037,-0.31933445976455743,False,0.036878881987577605,0.0054237288100842575,0.0600294761044612,0.5239951307047256,False,False,
2012-03-06,654.0,0.0012424565705863625,0.018025050014247895,-1.2113139937398065,False,0.033175355450236976,0.00618073440995046,0.0600638335598422,0.44943220304763776,False,False,
2012-03-07,633.0,0.0005997879554011002,0.01793130751275767,-1.824177053193034,False,-0.01784328937160584,0.006564871424419228,0.06014413873729272,-0.4058277549311825,False,False,
2012-03-08,630.5,0.0005088060394161934,0.018081112506936305,-0.2465696242482367,False,-0.017530190884300745,0.006471307330899929,0.060177007973499966,-0.39884831472129967,False,False,
2012-03-09,638.75,0.0009804002243102975,0.017479529153106497,0.6924930849511634,False,-0.0035101404056162577,0.007149521137977177,0.05960575153856591,-0.178836123502217,False,False,
2012-03-12,652.75,0.00102546971685467,0.0175066645892678,1.19339343001585,False,0.01084010840108407,0.007908896467839214,0.059093314083909255,0.049603106183597964,False,False,
2012-03-13,651.5,0.0014681459395513856,0.017610677442717187,-0.19210624099382043,False,-0.016232540581351484,0.009039732616383349,0.05831155438656839,-0.4334007807474277,False,False,
2012-03-14,651.75,0.0013862590356393204,0.017611956505672665,-0.05692321469984018,False,-0.01881821603312006,0.010101837554750718,0.05708709721837494,-0.5065952727854259,False,False,
2012-03-15,664.75,0.0017224640981170875,0.017343331012841693,1.050768985248587,False,0.008342813803564608,0.011172856467984596,0.055747604507590004,-0.05076527842617307,False,False,
2012-03-16,672.0,0.0020977515298885156,0.017430025477016366,0.5053695563769403,False,0.00186358553857624,0.012262588609021371,0.05486413439253124,-0.1895410031632754,False,False,
2012-03-19,652.25,0.0022373674600654945,0.017458442423580207,-1.8115733147952051,False,-0.023212280044927036,0.013195421823579767,0.05406831591318148,-0.6733648210343252,False,False,
2012-03-20,642.5,0.0013873321617646464,0.017425146189863905,-0.9374720889321823,False,-0.01758409785932724,0.013346068212803451,0.0539492084842593,-0.5733201086936272,False,False,
2012-03-21,636.25,0.0011599873181677856,0.01752662324600342,-0.6212043029905611,False,0.005134281200631863,0.013891279056043503,0.05341757898458111,-0.1639347574688724,False,False,
2012-03-22,646.25,0.0008904059285908384,0.01753665229304038,0.8454684600897753,False,0.02498017446471046,0.014278611966309456,0.05324477634746242,0.20098802610354144,False,False,
2012-03-23,654.25,0.0008729461187885438,0.01752101462757964,0.6567064965832803,False,0.02426614481408995,0.014167236514727819,0.053213106761582266,0.18978234713131126,False,False,
2012-03-26,659.5,0.0013319984721616373,0.017362624764027803,0.38545191767789916,False,0.010340865568747581,0.014479641498932399,0.05320255916430482,-0.07779279785025163,False,False,
2012-03-27,639.75,0.0014389912119400097,0.017379022328882006,-1.8059658426135725,False,-0.018035303146584858,0.014454093389243229,0.05320410096242293,-0.6106558695310864,False,False,
2012-03-28,630.75,0.0013904295076480988,0.01746248177967042,-0.8852364179021136,False,-0.03222094361334871,0.014460536260869012,0.05320008321729483,-0.8774700536378488,False,False,
2012-03-29,612.5,0.0013457950590232937,0.017498097572047726,-1.7304512043059734,False,-0.07860097781120723,0.014088469356238718,0.05343025736106945,-1.73477448444749,False,False,
2012-03-30,660.75,0.0010351445907952324,0.01782742261608927,4.360718163663528,True,-0.016741071428571397,0.013063664905933213,0.054465045038431054,-0.547226873923892,False,True,shock
2012-04-02,657.0,0.0020389866158354157,0.019959564350462047,-0.3864991930365101,False,0.007282483710233878,0.012823051751145415,0.0545574772178612,-0.10155469650450862,False,False,
2012-04-03,658.0,0.0015868308138924753,0.01974099497289966,-0.003280523537978864,False,0.024124513618676957,0.012981828012782288,0.054523327845113045,0.2043654715564724,False,False,
2012-04-04,639.25,0.0016916202222914479,0.019719211614282365,-1.530845225572337,False,0.004715127701375277,0.013476939026648881,0.05445267764521003,-0.16090689575197306,False,False,
2012-04-05,638.5,0.0015100937109777017,0.019935313564131425,-0.13460252855189225,False,-0.0119922630560928,0.014043683364992798,0.0541321296947199,-0.4809702956066251,False,False,
2012-04-09,643.0,0.0013908681605621354,0.019924113560543456,0.2839222949107723,False,-0.01719526175009556,0.014504448018732442,0.053755159737079845,-0.5897054333737161,False,False,
2012-04-10,625.75,0.0011193851556383669,0.019702288325109358,-1.418452333539391,False,-0.05117513267626994,0.01425290924689401,0.053860063878246434,-1.2147783944532178,False,False,
2012-04-11,628.0,0.0005838349836404003,0.019910450220104327,0.15126981865559055,False,-0.01836654943337246,0.013370156608009297,0.054387108273367984,-0.5835336175966986,False,False,
2012-04-12,639.25,0.0004288431320961772,0.019840095947006343,0.8813046899299729,False,0.013476020610384554,0.012347682089549464,0.05425132528086497,0.02079835865748089,False,False,
2012-04-13,623.5,0.000565049417560739,0.01992555990080523,-1.2648727307961323,False,0.01795918367346938,0.011487050270726502,0.053704608310227796,0.1205135575211018,False,False,
2012-04-16,616.25,0.0002311782333027394,0.020136992569027984,-0.5889203747478657,False,-0.06734771093454406,0.010598926860944108,0.053026195516578396,-1.4699647416929713,False,False,
2012-04-17,615.5,-0.00041153469573337984,0.019726381493825686,-0.04083383686321464,False,-0.06316590563165903,0.008096555412514797,0.05219980146663863,-1.3651864382993546,False,False,
2012-04-18,610.75,-0.00056218090172283,0.019688271274774096,-0.36342053622204945,False,-0.07180851063829785,0.0059136870918268,0.051702122533744184,-1.5032689940224033,False,False,
2012-04-19,624.75,-0.0005422375841530958,0.019680145806294277,1.1923119837760638,False,-0.02268283144309735,0.0036580543422730766,0.05134753085234202,-0.5129922578189363,False,False,
2012-04-20,615.75,-0.00039158112654113765,0.019817306624264713,-0.7071688117910826,False,-0.03563038371182459,0.0016637736893963299,0.04936296660344847,-0.7555088352128246,False,False,
2012-04-23,625.0,-0.0006704701620481032,0.019865975558010857,0.7899335528473931,False,-0.027993779160186638,-0.0004843887429640444,0.04736714544990829,-0.5807694374640822,False,False,
2012-04-24,624.5,-0.00032811255407722527,0.019912786047114064,-0.023697710848010027,False,-0.0019976028765481546,-0.0019747712701575285,0.046429064961704916,-0.0004917524488045979,False,False,
2012-04-25,616.5,8.686180489713369e-05,0.019566751718809724,-0.659133932335729,False,-0.018312101910827994,-0.0024730911527457017,0.0462228685378199,-0.3426661143957929,False,False,
2012-04-26,626.0,1.141010464141908e-05,0.019605911840807663,0.7853835197506415,False,-0.020727414939382127,-0.0028847295509948846,0.046224644356066914,-0.38599940869086247,False,False,
2012-04-27,642.25,-0.00014594075135385834,0.019431246305431863,1.3434242351058365,False,0.030072173215717646,-0.0035899920142263204,0.046085925523436023,0.7304218120307855,False,False,
2012-04-30,647.75,0.00024172517975421304,0.019659868320769613,0.4232947100913076,False,0.05111561866125758,-0.003569522737909572,0.046100726249482006,1.1862099764595704,False,False,
2012-05-01,633.75,0.00032985524913334323,0.01968244915815421,-1.1148578004671224,False,0.02965069049553204,-0.002810431717992894,0.04652995195652896,0.6976392806906837,False,False,
2012-05-02,607.0,0.0007905081793030384,0.018723355828573398,-2.296574479025063,True,-0.006139991813344237,-0.001468192185090215,0.045984592937770595,-0.10159488928337826,False,True,shock
2012-05-03,608.25,0.0002883266001983816,0.019362584937408958,0.09146410347657637,False,-0.026410564225690325,-0.0006615142508024277,0.04535217651503297,-0.5677577561542787,False,False,
2012-05-04,603.75,0.0002604360406114011,0.019358451775047997,-0.39562615160223147,False,-0.01948842874543244,-3.318785321926606e-05,0.04464991848900535,-0.43572847500278994,False,False,
2012-05-07,606.25,0.00043738836709510397,0.019224741725016384,0.19263709418620154,False,-0.030000000000000027,0.001021020209982173,0.043202277864052036,-0.7180413104049387,False,False,
2012-05-08,609.0,0.00018867315003881686,0.01905147716406491,0.22819276882047695,False,-0.02481985588470781,0.0015287125176744799,0.04259881528345742,-0.6185281967833115,False,False,
2012-05-09,591.25,0.00014460066598352158,0.019037352374067187,-1.538593251075727,False,-0.0409570154095702,0.001595079476955054,0.04255320413513936,-0.9999739326653149,False,False,
2012-05-10,594.75,-0.00044603475223810323,0.019251435339061183,0.33066087664317384,False,-0.049920127795527125,0.0011556952885676145,0.04282292860852536,-1.1927213935089522,False,False,
2012-05-11,592.75,-0.0006629241353891994,0.019083912465751172,-0.14147168881507802,False,-0.07707279096924868,0.0006614998954959716,0.043199028323311114,-1.7994453551816945,False,False,
2012-05-14,597.75,-0.0008708758712822462,0.01902637138382675,0.4891177128718794,False,-0.07719027402547274,-0.00039739952922882943,0.04412072494977128,-1.740517060489551,False,False,
2012-05-15,608.5,-0.0010131165973613113,0.018914575482860747,1.0043695499667853,False,-0.03984220907297831,-0.0016866135833178161,0.04493656067990825,-0.8490991502765449,False,False,
2012-05-16,638.75,-0.0006458100129379381,0.019013503927545625,2.648550091787906,True,0.05230642504118621,-0.003148972514208214,0.044358483535351934,1.2501644135602314,False,True,shock
2012-05-17,657.75,6.852202348144616e-05,0.019877774932207274,1.4929777073448125,False,0.0813810110974107,-0.0033924695230682245,0.04399700750246465,1.9268010583612993,False,False,
2012-05-18,695.25,2.568316772264101e-05,0.019809279506694533,2.876775986346486,True,0.151552795031056,-0.003657809658966603,0.04341333892948431,3.5751823867343875,True,True,shock+trend
2012-05-21,704.0,0.0006206852393495691,0.02082951953277945,0.5744115065514159,False,0.16123711340206182,-0.003483172982852509,0.04401491039935822,3.742374683723453,True,True,trend
2012-05-22,685.5,0.001015903760281307,0.020770714905152626,-1.3140767169462917,False,0.12561576354679804,-0.002587987808698178,0.04663133946223021,2.7493044985194315,True,True,trend
2012-05-23,665.5,0.0007057613611866268,0.021004107521097028,-1.4226524707308092,False,0.12558139534883717,-0.0020105720588686343,0.04794637396621631,2.6611390362409657,True,True,trend
2012-05-24,663.0,0.00016036296353658515,0.02124371157408641,-0.1843810086756434,False,0.11475409836065564,-0.0013849634582513573,0.049300203853253594,2.355752162092578,True,True,trend
2012-05-25,680.0,0.0002349325028631662,0.02121968192907891,1.1972890650800248,False,0.14719527625474482,-0.0004600127334636624,0.05081692643391606,2.9056320275533407,True,True,trend
2012-05-29,656.75,0.0006070129202436961,0.0214189797359075,-1.6246427150073384,False,0.09870347135089919,0.001097132860264319,0.05349437386652273,1.8246094203135967,False,False,
2012-05-30,653.75,0.000448772136226722,0.021633440193776613,-0.23189656019618737,False,0.07436318816762522,0.0025662013331602665,0.05464492130369795,1.3138821526604758,False,False,
2012-05-31,643.75,0.000718103517928923,0.02144013531953234,-0.7469388785130541,False,0.007827788649706457,0.003913060064541658,0.05515752467189768,0.07097360892192689,False,False,
2012-06-01,612.25,0.0002760567183295433,0.021423760799762787,-2.296893435900659,True,-0.06917521854808062,0.004089810055119882,0.055148424436060425,-1.3285062873943865,False,True,shock
2012-06-04,627.75,-0.0002464159502170471,0.022137423036574913,1.1547356530245247,False,-0.09708737864077666,0.0037880944284327607,0.05549004068154115,-1.8179023087789123,False,False,
2012-06-05,613.25,0.00028011317035174196,0.022270923577767807,-1.0497310662984045,False,-0.12890625,0.0034477426291784053,0.056034061737180604,-2.3620274619742014,True,True,trend
2012-06-06,624.25,-8.643800872019399e-05,0.022427998759433115,0.8036230933034665,False,-0.0893508388037928,0.002413011238508217,0.05774901433241084,-1.589011537306877,False,False,
2012-06-07,641.75,-0.000170668054454756,0.022347065735593443,1.2621034348135547,False,-0.035687453042824946,0.001559666468885695,0.0586309352675601,-0.6352810055260895,False,False,
2012-06-08,630.25,0.00043085708834600243,0.022492447543197604,-0.8158564217981457,False,-0.04939668174962297,0.0017918866162977428,0.058445700966232396,-0.8758311992099373,False,False,
2012-06-11,630.5,-5.030567482482133e-05,0.022493887627495514,0.019870894312276823,False,-0.07279411764705879,0.0014906317530550028,0.058652943673110455,-1.2665135754161605,False,False,
2012-06-12,616.0,1.1874878965543919e-05,0.022488519270211865,-1.023166333819455,False,-0.06204796345641417,0.0009034462167140959,0.05917792363745869,-1.063765096909906,False,False,
2012-06-13,616.0,-0.0002791776749475039,0.02264472038688357,0.012328598904193628,False,-0.057743785850860374,0.0001793392117018448,0.059615753730707585,-0.9716076949091141,False,False,
2012-06-14,623.5,-0.000377981627105591,0.022626875465192008,0.5547962785114369,False,-0.03145631067961163,-0.0009239112663096256,0.05991509250901248,-0.5095944633434271,False,False,
2012-06-15,609.5,-0.0005563330859448549,0.022471916030867036,-0.9744409964143539,False,-0.004491629236422989,-0.001779975915527059,0.05988615156426506,-0.04528013989988987,False,False,
2012-06-18,630.25,-0.000895985044403808,0.022609224153710167,1.5453994976684982,False,0.0039824771007566095,-0.0024540375336924896,0.0596243093429331,0.10795118141208254,False,False,
2012-06-19,649.5,-0.00034169724415497555,0.022951448722717444,1.345672456761672,False,0.05911129229514889,-0.00310913805200828,0.059274400135254944,1.0497015609635836,False,False,
2012-06-20,664.0,-0.00016703897856632733,0.023137712292516287,0.9720885096676769,False,0.06367641169403293,-0.003211643551691251,0.05915840523613714,1.1306602160543935,False,False,
2012-06-21,661.75,0.00019026062908124994,0.023276815155489107,-0.1537501940038715,False,0.031164783794312534,-0.00285434315560518,0.05948384271592392,0.5719053342330679,False,False,
2012-06-22,673.25,0.000419633756183444,0.023153695632826078,0.7324329762274603,False,0.06822689408964688,-0.0028811507776841726,0.059467836661517344,1.1957395603957843,False,False,
2012-06-25,724.25,0.0010794771655476879,0.022918092166858854,3.2582324824198983,True,0.14869151467089603,-0.001733548331534136,0.060003272466314005,2.5069476516781513,True,True,shock+trend
2012-06-26,729.0,0.002142162453229147,0.02447659464971397,0.1804314044573009,False,0.18344155844155852,0.00048274107586848767,0.06243253986887051,2.9305041529619897,True,True,trend
2012-06-27,732.0,0.002055144526711417,0.024448751270043947,0.08426122823137265,False,0.1883116883116882,0.002975430393830818,0.06590644513842323,2.8121112818116023,True,True,trend
2012-06-28,726.0,0.0018177767682883595,0.02433947944943,-0.4114507913191342,False,0.16439454691259026,0.005341718125972206,0.06929164084315342,2.2954114933812217,True,True,trend
2012-06-29,739.0,0.0017340201522063363,0.024363294785548342,0.6637983933741517,False,0.21246923707957333,0.007750079292558097,0.07163117515077616,2.857961737415346,True,True,trend
2012-07-02,754.5,0.001967654901992623,0.024434085755651987,0.777873781265793,False,0.19714399047996833,0.010833912000727341,0.07535382091795624,2.4724702239331933,True,True,trend
2012-07-03,782.25,0.001981361450701999,0.02444459341799454,1.4235443400481331,False,0.20438799076212466,0.01335126102307939,0.07836303574859294,2.4378423821141393,True,True,trend
2012-07-05,822.5,0.0023263343611395846,0.024752870461470906,1.9847316058875388,False,0.2387048192771084,0.016051586426060038,0.08139267690128466,2.7355438023139174,True,True,trend
2012-07-06,791.25,0.003404254623204143,0.02511073302040369,-1.6486247359728823,False,0.1956932376275029,0.019543814417020508,0.08521443205048518,2.0671313411573626,True,True,trend
2012-07-09,810.75,0.0030969790907261602,0.025476680507126367,0.8457762252927629,False,0.2042331971778686,0.02238751222351158,0.08748703370593618,2.078544411113328,True,True,trend
2012-07-10,804.75,0.0035552747736885223,0.02555190984277753,-0.4287675513387685,False,0.11114946496375566,0.0250421644365414,0.08994264236174818,0.9573579146239866,False,False,
2012-07-11,807.75,0.00324703947529458,0.025542651631417404,0.018824448161262174,False,0.10802469135802473,0.026191088309862002,0.09049053266273388,0.9043333113438918,False,False,
2012-07-12,832.75,0.0031316895492329876,0.025520378828792215,1.0900496761168113,False,0.13763661202185795,0.027307868930447798,0.09098196987821465,1.2126440352862489,False,False,
2012-07-13,842.0,0.003437365745800432,0.025716321795543128,0.29827009313357017,False,0.15977961432506893,0.029005145549822604,0.09184444035837284,1.4238691886517056,False,False,
2012-07-16,884.5,0.003984761811598425,0.025431469154305084,1.8280618114803022,False,0.19688768606224638,0.031376011116111324,0.09290268617096956,1.7815596272592442,False,False,
2012-07-17,885.0,0.004845335874172972,0.025900045334759314,-0.1652524037670115,False,0.17296222664015914,0.034430792845119254,0.09453563165458814,1.465388566939527,False,False,
2012-07-18,903.25,0.005238657208606566,0.025602417355628626,0.6008343471740628,False,0.1546820070310002,0.037784968904470806,0.09493297265356783,1.2313639282434934,False,False,
2012-07-19,935.0,0.004463269991572858,0.024186680933007767,1.2687798820864427,False,0.13677811550151975,0.040070609950598426,0.09566325686167729,1.0109158805951375,False,False,
2012-07-20,943.25,0.005007619499210129,0.024413770216807545,0.1563015412477136,False,0.19210110584518159,0.04179721837448224,0.09623041302626288,1.5619166825115767,False,False,
2012-07-23,912.75,0.005104972291164048,0.024414241063011426,-1.5335305374180064,False,0.125809435707678,0.04403690627083563,0.09775620225737798,0.8364945399735056,False,False,
2012-07-24,878.75,0.00505377800853251,0.024489559395218605,-1.7274237482272798,False,0.09195402298850586,0.04565149704425301,0.09809739936853247,0.47200564176327897,False,False,
2012-07-25,903.25,0.004572753760903691,0.02496325303636526,0.9336827334234469,False,0.11822965026307641,0.047037447524847655,0.09800623524548756,0.7264048308753562,False,False,
2012-07-26,884.0,0.004850523679361077,0.025106657712905357,-1.0420523959534496,False,0.06154308015610921,0.048843113018356615,0.09805434204706184,0.1295196813584977,False,False,
2012-07-27,898.0,0.004924062913366728,0.025020546862732612,0.4361631749658545,False,0.0665083135391924,0.05034602252278834,0.09736200421531921,0.16600203689994542,False,False,
2012-07-30,914.5,0.0050872818319615465,0.025051672674837017,0.5303790749299823,False,0.0339174674957603,0.05147768736242253,0.09704529328470297,-0.18094870211938663,False,False,
2012-07-31,888.25,0.00509341719291937,0.025054912635849712,-1.3489421270363162,False,0.0036723163841807516,0.05175023998756088,0.09696579540986798,-0.49582353653840444,False,False,
2012-08-01,879.5,0.005039204366199635,0.025124416667515054,-0.5926519547703056,False,-0.026293938555217222,0.05155974842370369,0.09704707517517559,-0.8022260005094487,False,False,
2012-08-02,865.0,0.005062898722099334,0.025109319250360175,-0.8582287175400588,False,-0.07486631016042777,0.05210713205542805,0.09648145849923388,-1.316039829734374,False,False,
2012-08-03,891.25,0.004859304034140835,0.025222577236463914,1.0105040629337745,False,-0.055128544924463285,0.05195112666171114,0.09667962362601559,-1.107572284314937,False,False,
2012-08-06,893.25,0.005366825685006634,0.025348736809783695,-0.12319297950634252,False,-0.021364009860312283,0.05217352620456227,0.09640989147106716,-0.7627592453720721,False,False,
2012-08-07,889.0,0.005091111060573774,0.025267533330508015,-0.38978943662113624,False,0.011664295874822095,0.052191110492332736,0.09639617314485124,-0.4204193309273012,False,False,
2012-08-08,899.25,0.005219749137690991,0.02519137663472629,0.2504849071056285,False,-0.00442845280929971,0.05282170622015469,0.09596764844888386,-0.5965568600959111,False,False,
2012-08-09,913.0,0.005173182181459423,0.02517623488342752,0.4018606333735879,False,0.0328054298642535,0.05313591057149985,0.09573777956843615,-0.21235588290110208,False,False,
2012-08-10,885.25,0.005387722446495101,0.02519319861222072,-1.4203050389888952,False,-0.014198218262806206,0.053599951008043864,0.09555109956242505,-0.7095488129527641,False,False,
2012-08-13,856.75,0.005153268362600018,0.025445400378070047,-1.4677530400177279,False,-0.06314926189174408,0.05365480279001749,0.09551043222977536,-1.222945619183869,False,False,
2012-08-14,839.75,0.004518550155255001,0.02577766039478571,-0.945042240512318,False,-0.05460174500422177,0.053089178163986006,0.09608079634600394,-1.1208371210870662,False,False,
2012-08-15,846.75,0.003907871565480695,0.025805382057344343,0.1715898898572913,False,-0.03723706651506542,0.051960192587720146,0.09684931136950937,-0.9209901220925678,False,False,
2012-08-16,861.75,0.003904833842672669,0.025804839993244046,0.535169294292801,False,-0.003757225433525968,0.05078215678536917,0.09739552610870218,-0.5599783110984408,False,False,
2012-08-17,874.5,0.0044292080903837105,0.025678564283364753,0.40369337322462273,False,-0.01879382889200565,0.05033671790631506,0.09756971683517791,-0.7085246226049955,False,False,
2012-08-20,879.5,0.005189268721101102,0.025116960032125872,0.02103296599538732,False,-0.015393226980128794,0.050168000078599576,0.09767957492353438,-0.6711866540169843,False,False,
2012-08-21,900.5,0.005238045318632792,0.025114351557308897,0.742171566526783,False,0.012935883014623117,0.0503148979085404,0.09757107818015055,-0.38309523263545847,False,False,
2012-08-22,896.5,0.005655051674530836,0.025161308771304527,-0.40129185830224073,False,-0.003058103975535187,0.05074722206534114,0.09732914347333879,-0.5528182425196737,False,False,
2012-08-23,874.5,0.005540614828809437,0.025187792724134024,-1.1942488354924754,False,-0.04216867469879515,0.051106447345667334,0.09707648291172152,-0.9608415884749771,False,False,
2012-08-24,867.5,0.0051529353651448995,0.025426097876914775,-0.5174804828939549,False,-0.020050833097994936,0.0508751297614795,0.09728030364635805,-0.7290886253532963,False,False,
2012-08-27,862.0,0.005434822927448857,0.02515646480635581,-0.4680657896478971,False,0.006127808578932026,0.051153878858967175,0.09704327364902311,-0.46397930105780605,False,False,
2012-08-28,854.75,0.005271360002508819,0.02519307608896447,-0.5430870294688,False,0.0178624590651979,0.051901184677293294,0.09646851343994366,-0.35284803712960866,False,False,
2012-08-29,885.5,0.005204054463939349,0.025223179605126884,1.2199642325228377,False,0.04576321228225577,0.053166988011085915,0.0953699100802115,-0.07763219785572983,False,False,
2012-08-30,883.5,0.005571256757652251,0.02547011352885688,-0.30741393056785576,False,0.02523933855526539,0.0548063678285223,0.09414776296446747,-0.3140491960963095,False,False,
2012-08-31,870.0,0.005301353850686444,0.025444040071515895,-0.8088923620725073,False,-0.005145797598627766,0.05567412179689889,0.0935617064344939,-0.6500514121993809,False,False,
2012-09-04,866.0,0.0044347866055797465,0.02501417829797878,-0.3610947218575978,False,-0.015349630471859,0.05490809216170136,0.09382447575255101,-0.7488208388060204,False,False,
2012-09-05,845.75,0.003976875965335617,0.024858436257809025,-1.100642353608266,False,-0.060799555802331984,0.0536183502741111,0.09412003270050523,-1.2156594382040509,False,False,
2012-09-06,872.0,0.0029049304375504516,0.02426690503025841,1.159299472749803,False,-0.02732849972113771,0.050786985596332594,0.0943279225466786,-0.8281268494894978,False,False,
2012-09-07,884.75,0.003150958967010225,0.024459152599772525,0.4689696676623181,False,0.011720983419096553,0.0482727774213566,0.09385603704423347,-0.3894453159686843,False,False,
2012-09-10,868.25,0.003696291883329379,0.024249183233013685,-0.9215002270064253,False,0.0008645533141209416,0.04675418035298724,0.09350848038552655,-0.4907536391316354,False,False,
2012-09-11,860.0,0.003836644525043839,0.024086266683284785,-0.5537809690974766,False,-0.002320185614849146,0.0450912891258577,0.09319614555305641,-0.5087278498413389,False,False,
2012-09-12,867.0,0.0037600405573603992,0.024119855254348316,0.1815721645166613,False,0.014331675928634047,0.043530298672850964,0.09299380853460708,-0.313984588913259,False,False,
2012-09-13,879.0,0.0035266873472630054,0.02398961130099415,0.42994206838760024,False,-0.00734048560135514,0.041758784001836156,0.09225490140666436,-0.5322131274820748,False,False,
2012-09-14,897.5,0.004167114106201875,0.02360717099081451,0.7150170519756084,False,0.015846066779852785,0.0403448645758061,0.09218295915471618,-0.2657627615841179,False,False,
2012-09-17,878.0,0.004508642001447983,0.023664307641948386,-1.1086595854403418,False,0.009195402298850519,0.0395646362906358,0.09213877143909739,-0.3296032008833434,False,False,
2012-09-18,863.5,0.0044228999696373636,0.023748536207497783,-0.8816419742602526,False,-0.0028868360277136684,0.03958287113929105,0.09213254075687663,-0.46096316044377456,False,False,
2012-09-19,881.5,0.004855129735728288,0.02304903887524689,0.6937498345329748,False,0.04227017440141889,0.040466716239562606,0.0913900713307262,0.019733633376101182,False,False,
2012-09-20,879.5,0.004795515614999921,0.023001134673768173,-0.3071316095095869,False,0.008600917431192734,0.04232481694679188,0.08996109694292735,-0.3748720353754033,False,False,
2012-09-21,897.25,0.005073242378819754,0.022784511784440065,0.6631118239641839,False,0.014128284826222082,0.04415824584587445,0.08779945182146912,-0.3420290263396532,False,False,
2012-09-24,892.0,0.005103171736358308,0.02280310475757309,-0.4803900122196889,False,0.027353872732508,0.04553796749427465,0.08647616350677653,-0.21027869443285013,False,False,
2012-09-25,886.5,0.004651373704288693,0.022677980876149934,-0.4769954188547829,False,0.030813953488372015,0.04637851850461242,0.08598094463386563,-0.18102342423102358,False,False,
2012-09-26,869.25,0.0048080914562782726,0.02256020071530137,-1.0756392020517347,False,0.002595155709342656,0.04744799364111903,0.08526945158049923,-0.526012975343611,False,False,
2012-09-27,855.5,0.004543355285236288,0.022728535806860996,-0.8958601455072448,False,-0.026734926052332186,0.04845318395253771,0.08427135263671741,-0.8922143486766593,False,False,
2012-09-28,902.5,0.004639080442914961,0.022625861446318275,2.223099971470738,True,0.0055710306406684396,0.048924024451258805,0.08374260969940049,-0.5176933697935703,False,True,shock
2012-10-01,884.25,0.005371595541297974,0.023351332891466115,-1.0960060527787114,False,0.007118451025057038,0.04976822200447919,0.0829683297091891,-0.5140488078874571,False,False,
2012-10-02,871.5,0.004939636456984318,0.023522788966720207,-0.8229736548755445,False,0.00926462072958878,0.050282552160541436,0.08257664535201656,-0.49672557241938115,False,False,
2012-10-03,873.0,0.005046768326085373,0.0234143895412857,-0.14203222870073964,False,-0.0096426545660806,0.05046596882675493,0.08246854528025917,-0.7288672691941369,False,False,
2012-10-04,869.25,0.004615793283291438,0.023169633423207034,-0.38461229690469867,False,-0.011654349061967051,0.050284300404530434,0.08258724849502837,-0.7499783634301136,False,False,
2012-10-05,857.5,0.004151273712747014,0.022991345990726934,-0.768492361316914,False,-0.044302033992755674,0.049340758519768886,0.08288873016994514,-1.1297409469360982,False,False,
2012-10-08,861.0,0.003673376841566931,0.022980991260782242,0.017764934804663682,False,-0.034753363228699596,0.04790104591061171,0.08357130644493671,-0.9890285632158983,False,False,
2012-10-09,864.25,0.0037729793331659806,0.02296615392843896,7.407730472597239e-05,False,-0.025098702763677427,0.04702213728363821,0.0840946855472924,-0.8576147181947305,False,False,
2012-10-10,869.75,0.0035915995550959796,0.022910903901437112,0.12100350957403352,False,0.0005752085130859008,0.04577779599226055,0.08446632458066258,-0.5351551367196953,False,False,
2012-10-11,886.0,0.002666425552909087,0.021302099193283387,0.7519026200980842,False,0.03565166569257738,0.04380291191015642,0.08375615887087885,-0.09732115616888853,False,False,
2012-10-12,856.75,0.0028280924988786744,0.021377911346770525,-1.6765733534745804,False,-0.05069252077562325,0.04183238000683667,0.08214960261477279,-1.1262976062871588,False,False,
2012-10-15,848.25,0.0023330422274719102,0.02177393138519785,-0.5627948348134296,False,-0.040712468193384255,0.03864565721900585,0.08101853832456833,-0.9795057656369156,False,False,
2012-10-16,847.75,0.0023100489930955896,0.02178610818559757,-0.13308929863496138,False,-0.027251864601262166,0.035910897017592855,0.08017382072336798,-0.7878227711860212,False,False,
2012-10-17,856.25,0.0020634385270493875,0.02171173409025813,0.3667649153796806,False,-0.0191867124856816,0.032714615661848384,0.07778267924474459,-0.6672607404563878,False,False,
2012-10-18,868.5,0.0019174685438879842,0.021619481974156626,0.5730526205016089,False,-0.0008628127696289623,0.02983020628897305,0.07558273490376656,-0.4060850549755969,False,False,
2012-10-19,872.5,0.0016178318143866477,0.021282893539193756,0.1403855209561849,False,0.017492711370262315,0.027093528908549668,0.07284316941180971,-0.1318012054638965,False,False,
2012-10-22,878.25,0.0009931851905050533,0.02047251321968303,0.2733945084851568,False,0.020034843205574804,0.024144034136458388,0.06850861022499147,-0.05998064940141757,False,False,
2012-10-23,868.75,0.001587640908535728,0.019966184410243736,-0.6212807720375434,False,0.005206826728377134,0.02180192221083268,0.06550120078931383,-0.25335559169112126,False,False,
2012-10-24,884.0,0.0011148207042752257,0.019832227651380284,0.8289102172096673,False,0.016384018396090827,0.019148237271506125,0.06194550944443806,-0.04462339401526208,False,False,
2012-10-25,872.75,0.0014475475292907002,0.019896661170640293,-0.712370369662677,False,-0.014954853273137725,0.01788469798393726,0.061002867625192386,-0.5383279923633166,False,False,
2012-10-26,863.75,0.001228159394081064,0.01996178578672202,-0.5781241703366721,False,0.008170411438576108,0.016244970722188428,0.06019466780035932,-0.13414077323912268,False,False,
2012-10-31,864.5,0.0006779940383711673,0.01969842754800289,0.009661317529107994,False,0.019157088122605304,0.014518754714411337,0.058498929955605204,0.07928920087451162,False,False,
2012-11-01,868.5,0.000541467789823522,0.019660611420097434,0.20780046552230916,False,0.024476555588321958,0.012643787698378489,0.05597952929950872,0.21137669498137981,False,False,
2012-11-02,864.5,-6.984030867047538e-05,0.01878010511332722,-0.24152163021984885,False,0.009635036496350446,0.01034497262539283,0.051686715953742954,-0.013735369251893302,False,False,
2012-11-05,866.0,-0.0001387860824874195,0.018787232347723986,0.09974290231096188,False,-0.0028785261945883933,0.008167276756808714,0.04805580717065791,-0.2298536556085878,False,False,
2012-11-06,877.0,-0.0003906042415312679,0.018631133020924725,0.7027314307061658,False,0.00515759312320907,0.0060664696471342,0.04490487301192308,-0.020240042181698333,False,False,
2012-11-07,894.0,-0.0006899211168896254,0.018228400471592757,1.1012587575290358,False,0.017933390264730953,0.004311529348756724,0.042219092234184,0.32264693992981847,False,False,
2012-11-08,902.5,-0.0005491113152038436,0.018343309897410138,0.5482620829653172,False,0.03884892086330938,0.0019892931410173823,0.03609626785203233,1.0211478891221906,False,False,
2012-11-09,886.5,8.79324352251872e-06,0.01799652879805593,-0.9855970169866465,False,0.002828054298642524,0.0008298196097591341,0.03335800421511369,0.05990270508983385,False,False,
2012-11-12,857.75,0.0002690803984349843,0.017586874071002827,-1.8593405702367776,False,-0.017187052420509885,-0.00035852663943904367,0.03160961984428416,-0.5323862122977691,False,False,
2012-11-13,851.0,-0.0005350718703178714,0.01768587039085609,-0.4147013288556752,False,-0.014761215629522484,-0.0021640826752201943,0.02845432045041857,-0.44271424356286054,False,False,
2012-11-14,848.75,-0.00035583849269947175,0.017539979989399778,-0.13045110683168304,False,-0.018218623481781382,-0.0031814732856952836,0.027493594329730805,-0.5469328606418458,False,False,
2012-11-15,845.5,-0.0006022525242797435,0.01743894233443843,-0.18504035072925276,False,-0.02648244099021302,-0.004311165779308268,0.026306449232896625,-0.842807594997626,False,False,
2012-11-16,838.0,-0.0008982968621581669,0.017300356140961894,-0.46081097445111696,False,-0.030653556969346463,-0.005116497892454578,0.02604353453210416,-0.980552737394844,False,False,
2012-11-19,841.75,-0.0006338472739319453,0.01701887423146703,0.30018363956265287,False,-0.028002309468822206,-0.005574176203834941,0.02618820888238691,-0.8564210468044451,False,False,
2012-11-20,845.0,-0.0004428369990200028,0.016994404680741475,0.25325046336580925,False,-0.036488027366020526,-0.005596954482683008,0.02620721036194881,-1.1787241929491807,False,False,
2012-11-21,845.25,-0.0001715350790540689,0.01689695461352812,0.02766137910115734,False,-0.054530201342281925,-0.005085244045424244,0.025191402149399814,-1.9627711472199936,False,False,
2012-11-23,847.75,-0.0005722145833351725,0.01651548461413026,0.21373392830229182,False,-0.06066481994459838,-0.00507726613099516,0.025175429353645775,-2.208008174667072,True,True,trend
2012-11-26,849.0,-0.0005626990426635503,0.01651733463923301,0.12333650601992749,False,-0.04230118443316411,-0.005601276932118974,0.025917094969080498,-1.4160501994852703,False,False,
2012-11-27,873.0,-0.000479600405041789,0.016511619946139196,1.7410860797164167,False,0.01777907315651417,-0.00632081666955879,0.026179072248285605,0.920578452800259,False,False,
2012-11-28,876.0,-0.00025641717220384515,0.016786972268383174,0.21998268836110935,False,0.029377203290246845,-0.006024716323347938,0.026325943157641408,1.3447540854132312,False,False,
2012-11-29,869.25,-0.00041447175568167644,0.016694163348710236,-0.4367399278464837,False,0.024153166421207573,-0.006070426011001361,0.02626050623946593,1.1509143105088748,False,False,
2012-11-30,844.75,-0.0001119540884998734,0.016345485080224712,-1.7174934188204511,False,-0.0008870490833826628,-0.00555907421521451,0.02647263844754665,0.17648505800013398,False,False,
2012-12-03,842.0,-5.8499711758982126e-05,0.016245397883628294,-0.19678811915574465,False,0.004773269689737569,-0.004728911377769691,0.025604252634184022,0.37111729849208636,False,False,
2012-12-04,838.5,0.00016266064521680483,0.01608453447761016,-0.26854555519956014,False,-0.0038610038610038533,-0.003937244515183566,0.024950962825539602,0.003055619725491061,False,False,
2012-12-05,842.25,-3.907139138198031e-06,0.016063422706201442,0.27865661852641643,False,-0.0032544378698224907,-0.003492230346462746,0.02464477776073472,0.009648797767578895,False,False,
2012-12-06,845.25,-0.00018047407163237643,0.015938322134684088,0.2348027502859165,False,0.0,-0.0034855265122800327,0.024644773086826294,0.14143065955609055,False,False,
2012-12-07,844.25,-0.0003302552252985924,0.015848212442955742,-0.05381217005984858,False,-0.004128575641403676,-0.003234942127053291,0.02458248484634708,-0.03635244849884154,False,False,
2012-12-10,832.75,-0.000422263689509097,0.015832650321386723,-0.8336755778759481,False,-0.01914016489988224,-0.003084746775870289,0.02454157430201312,-0.654213047884827,False,False,
2012-12-11,805.75,-0.0009222471635320846,0.015645911700922225,-2.0133341748139966,True,-0.07703321878579605,-0.0035124274147303606,0.0245381043701533,-2.996188713766009,True,True,shock+trend
2012-12-12,794.75,-0.0012953234196320656,0.01605911703274438,-0.7694416628435315,False,-0.0927511415525114,-0.004498762278867172,0.02596486972013474,-3.3989147731100675,True,True,trend
2012-12-13,793.0,-0.0011501500840652963,0.015894518108934524,-0.06617377183518056,False,-0.08771929824561409,-0.005173195170250056,0.02756423840520021,-2.9946810741482723,True,True,trend
2012-12-14,801.0,-0.001072781767485645,0.0158748128120013,0.7030668193077741,False,-0.05179047055341812,-0.006075441372218311,0.02912130201149127,-1.5698140544389345,False,False,
2012-12-17,808.0,-0.0008537373672157514,0.015914443064257634,0.602774063992653,False,-0.040380047505938266,-0.0068476850939829794,0.029557990331130303,-1.1344601590399466,False,False,
2012-12-18,811.25,-0.0006250740471006199,0.015927596370357067,0.2917798245736926,False,-0.03249850924269526,-0.0076242518482647955,0.02966491547470756,-0.8385076106364896,False,False,
2012-12-19,805.75,-0.0010511161029002321,0.01535231456297511,-0.373138844344966,False,-0.043336301573167146,-0.008667741468597475,0.02913328541459027,-1.1899982995809761,False,False,
2012-12-20,790.5,-0.001111396770402712,0.01536598967872757,-1.1593831329785615,False,-0.06477373558118904,-0.009582083336976577,0.029130854130278928,-1.8946115344707883,False,False,
2012-12-21,792.0,-0.001160014506429546,0.01541710857386192,0.1983217344946552,False,-0.061889250814332275,-0.010377122510077393,0.029813819649391338,-1.7277936510663277,False,False,
2012-12-24,793.75,-0.0010734113816794602,0.015415779877249706,0.21296407755020413,False,-0.04683278294806359,-0.01099765078131037,0.03039732800562725,-1.1788908604111292,False,False,
2012-12-26,774.5,-0.0007321718112251086,0.015196965553916619,-1.5476640128759285,False,-0.03878374185541422,-0.010811427143253458,0.030129707146359385,-0.928396501707807,False,False,
2012-12-27,772.25,-0.0014693652665362488,0.014974411297427437,-0.0958792148488805,False,-0.028310789556464266,-0.010964163705043812,0.030243389219837935,-0.573567523313229,False,False,
2012-12-28,778.75,-0.0017030540625040524,0.014856197733160032,0.6811983565954763,False,-0.017969735182849944,-0.011497920678051289,0.030190824197054364,-0.2143636246085025,False,False,
2012-12-31,778.0,-0.0013421700706481173,0.01476745861389041,0.025670510993224257,False,-0.028714107365792718,-0.011749044524677567,0.030164924579674728,-0.562410252222089,False,False,
2013-01-02,755.25,-0.0012283195410640157,0.014736583702786741,-1.9009375760444718,False,-0.06528465346534651,-0.012100963481356815,0.030207368753306284,-1.7606197487216952,False,False,
2013-01-03,755.5,-0.0017267352761031745,0.015044397760853184,0.13677858885467123,False,-0.0687211093990755,-0.013162514539943222,0.030661447545484808,-1.812001692898345,False,False,
2013-01-04,747.25,-0.0019068661325036048,0.01493597172401437,-0.6034461377160205,False,-0.07260316475333539,-0.013980922857246163,0.031316136519583544,-1.8719500044148107,False,False,
2013-01-07,751.25,-0.0023330869924493907,0.014726748650208633,0.5219107103328097,False,-0.04965211891208099,-0.015160245944355335,0.03183879110229316,-1.0833285992834512,False,False,
2013-01-08,750.5,-0.0019720205877149775,0.014576026389158375,0.06680040603864872,False,-0.052398989898989945,-0.01594487956050109,0.031955364932856424,-1.1407821633420572,False,False,
2013-01-09,745.5,-0.0017651343174264053,0.014476600714494659,-0.33827629582141067,False,-0.06078740157480311,-0.016605041612118107,0.03219250780849422,-1.3724423156318124,False,False,
2013-01-10,744.5,-0.002131902608423554,0.014242580864058833,0.05550405455985149,False,-0.03873466752743704,-0.017979142625134403,0.031843077595915106,-0.6518064982815982,False,False,
2013-01-11,754.75,-0.002119536231425827,0.014242862988513494,1.1154474718766358,False,-0.022661055357720894,-0.01861028375791613,0.03177816998973516,-0.1274702602797211,False,False,
2013-01-14,767.0,-0.0022050601282916455,0.014125917930401528,1.3050904113277897,False,-0.01508828250401284,-0.019100808293702035,0.03154910443495748,0.1271835084245111,False,False,
2013-01-15,782.75,-0.0019106367689495421,0.014278196753547067,1.5719903116575802,False,0.006105398457583622,-0.019666703696855647,0.031081768459322,0.8291710360100097,False,False,
2013-01-16,785.0,-0.0015546305092418308,0.014501781923021541,0.3054184326615277,False,0.03939093015557771,-0.01999615109726616,0.030667663397572206,1.936472318838129,False,False,
2013-01-17,781.25,-0.0012568568314319354,0.014357755666164523,-0.24517851634417479,False,0.03408338848444736,-0.01950554077131636,0.0313213118622926,1.7109414028177685,False,False,
2013-01-18,791.25,-0.0011096413108163288,0.01426272485298709,0.9752443137051129,False,0.05888256942121117,-0.018694629910825964,0.03191331370413529,2.430872583500621,True,True,trend
2013-01-22,779.25,-0.0016714897425326761,0.012777655386201198,-1.0560925793390363,False,0.037271214642262906,-0.017983809393752062,0.03303509894598449,1.6726156663360432,False,False,
2013-01-23,774.75,-0.0016040800109200326,0.012691515653585585,-0.32862138365029986,False,0.03231179213857427,-0.01758177254552265,0.03352457470889114,1.488268385724354,False,False,
2013-01-24,768.5,-0.0014888238015039956,0.012612571197839408,-0.5215665006451182,False,0.030851777330650476,-0.017274476926736178,0.03387774976706181,1.420585918140826,False,False,
2013-01-25,776.5,-0.0016193343191195661,0.01262953792519512,0.9524674445964637,False,0.04298186702484896,-0.016734551168113097,0.034320817576755897,1.7399474257689471,False,False,
2013-01-28,779.25,-0.0014232620252399228,0.012701374551565295,0.3908863975935419,False,0.03246107982775759,-0.01600606828695555,0.03500316800650542,1.3846503295274704,False,False,
2013-01-29,777.0,-0.001195809590903541,0.012634436351081685,-0.13388663212997387,False,0.01303780964797907,-0.014982560102682039,0.03528575359720665,0.7940986628915105,False,False,
2013-01-30,787.0,-0.0012887299159151633,0.012620718246772132,1.1218650562577266,False,0.00542957521558618,-0.014345344464326323,0.035355348479951046,0.5593190430897963,False,False,
2013-01-31,779.5,-0.001167458819034312,0.012713387294518343,-0.6577634438374991,False,-0.007006369426751591,-0.013938300757936143,0.0354055721077461,0.1957864516378757,False,False,
2013-02-01,765.0,-0.001379375613212977,0.012718615994395497,-1.3541011168278145,False,-0.02080000000000004,-0.014039388463800642,0.035374383578008796,-0.19111602386768572,False,False,
2013-02-04,763.0,-0.0018765115796883928,0.012652330001106039,-0.05831870534632083,False,-0.03570300157977879,-0.014792077339701674,0.03490018459355691,-0.5991637145649248,False,False,
2013-02-05,757.5,-0.001471189380580508,0.012116961438310465,-0.47348492367178635,False,-0.02791145332050049,-0.014592217083757084,0.034734343657542056,-0.38346013870486156,False,False,
2013-02-06,761.5,-0.001435018367948954,0.012095425894586372,0.5552137212266238,False,-0.017102291061632746,-0.014421536885451966,0.03463556838925112,-0.07739887926922924,False,False,
2013-02-07,756.0,-0.0013567520090407381,0.012119938004095698,-0.48398226033173053,False,-0.01626545217957054,-0.014286209238256905,0.03460457473303112,-0.05719599089378163,False,False,
2013-02-08,756.25,-0.0015867403802774375,0.012064542620592084,0.15893086636310796,False,-0.026078557630392796,-0.014247259100842093,0.03460062812440393,-0.3419388366885181,False,False,
2013-02-11,741.5,-0.001773085467109142,0.011922843654429778,-1.4871491464796762,False,-0.0484440166827077,-0.014583469032318941,0.03459132350321355,-0.9788740129368887,False,False,
2013-02-12,732.0,-0.0020945491223457605,0.012072619400525805,-0.8877376447944743,False,-0.05791505791505791,-0.015462625406358545,0.03460298018904767,-1.2268432451993299,False,False,
2013-02-13,735.5,-0.0023532441318807576,0.012091865768613418,0.5900383806300146,False,-0.06543837357052096,-0.016501957421300315,0.03469290458837185,-1.410559788228941,False,False,
2013-02-14,732.0,-0.002145265647593666,0.012078461312863551,-0.21636877891909836,False,-0.06093649775497112,-0.01744389342528562,0.0350526983169559,-1.2407776410367528,False,False,
2013-02-15,742.25,-0.0024427673063618254,0.011859501441847973,1.386694004586798,False,-0.029738562091503273,-0.018474833640633112,0.03518114301643611,-0.32016380040887005,False,False,
2013-02-19,732.25,-0.0020863809519041107,0.011947584863986315,-0.9530100733951908,False,-0.04030144167758842,-0.01867194975821132,0.03520256366994793,-0.6144294524163301,False,False,
2013-02-20,738.5,-0.002128518528273724,0.011982510382974685,0.8899516444964185,False,-0.02508250825082503,-0.019318241133093512,0.03514800978695293,-0.16399981542827602,False,False,
2013-02-21,721.25,-0.0020262914684002114,0.012040985265127303,-1.7716047724623427,False,-0.052856204858831246,-0.019908102418072584,0.034863651867863096,-0.9450559730700452,False,False,
2013-02-22,715.0,-0.002399426274061831,0.012263577591949308,-0.5109508170940558,False,-0.05423280423280419,-0.020939205890701296,0.03467628948984082,-0.9601257467831725,False,False,
2013-02-25,699.25,-0.0024535578654461417,0.01228239317878246,-1.593697081472706,False,-0.07537190082644629,-0.021790777100423354,0.03469952591088848,-1.5441456999621295,False,False,
2013-02-26,705.75,-0.002770398919129301,0.01247782635487313,0.9670011837259864,False,-0.048213081591368834,-0.02275735542884813,0.035172051701318374,-0.7237486848561221,False,False,
2013-02-27,704.25,-0.0028158176469370313,0.012426841579529774,0.05555869770266376,False,-0.03790983606557374,-0.0234689644250425,0.035139526703628805,-0.4109580576405418,False,False,
2013-02-28,707.75,-0.003102613154275956,0.012152753628788076,0.6642477463907043,False,-0.03772943575798782,-0.024213540776113228,0.03484075611027914,-0.3879334575602671,False,False,
2013-03-01,713.25,-0.0031631198732298303,0.012100303522820197,0.9036323319492617,False,-0.02561475409836067,-0.02523458553106386,0.03408150180055813,-0.011154689412500732,False,False,
2013-03-04,696.0,-0.002823124706931887,0.012043625578093119,-1.7737136963997628,False,-0.06231054227012467,-0.025613822976357236,0.03392289643831055,-1.0817684557243257,False,False,
2013-03-05,696.25,-0.0027131801773809584,0.011804960637680445,0.2602613997604513,False,-0.04916353704335952,-0.026215469507685434,0.03417066569488478,-0.6715721531614564,False,False,
2013-03-06,676.25,-0.002603465227705306,0.011794624805512943,-2.2147248756237583,True,-0.08429248476641837,-0.026674167126536592,0.03424565049658557,-1.6825003118462172,False,True,shock
2013-03-07,686.75,-0.0029512167728653273,0.012174216450224894,1.5177994466032774,False,-0.04783362218370879,-0.027555151943665084,0.03486939783695159,-0.5815549306261414,False,False,
2013-03-08,690.0,-0.0026931372695545813,0.01235911166253047,0.6008176684835991,False,-0.034965034965035,-0.02783983435957836,0.034947592104444855,-0.20388244729886307,False,False,
2013-03-11,694.0,-0.002511764919982826,0.012367042993548875,0.671855541667665,False,-0.00750804433321417,-0.02789732073285421,0.034955828100466026,0.5832868939920269,False,False,
2013-03-12,700.5,-0.002494136105114208,0.012378074327277036,0.9581563357791357,False,-0.007438894792773598,-0.02762406386437944,0.035035010542884874,0.5761427999828352,False,False,
2013-03-13,707.25,-0.0024207362334434414,0.012432470782438358,0.9697758996178695,False,0.004259850905218299,-0.027236742096736145,0.03509621238455222,0.8974356735947333,False,False,
2013-03-14,714.25,-0.0022962013492314037,0.012506608856420198,0.9749798501311902,False,0.00918403391027911,-0.02645287473343614,0.0351348914141794,1.0142882817999332,False,False,
2013-03-15,723.0,-0.0022036708764555154,0.012571509004614151,1.1497651874390626,False,0.013669821240799074,-0.025521556682037774,0.035141521712283394,1.1152441901551993,False,False,
2013-03-18,712.75,-0.0020599892600538464,0.012675268088014236,-0.9559601237984138,False,0.024066091954022983,-0.02477527660638493,0.035373910587854544,1.380717250333565,False,False,
2013-03-19,722.0,-0.002625930478019168,0.012243034425916843,1.2745069911215976,False,0.03698384201077198,-0.024691449689084814,0.035483395869176405,1.7381451292668602,False,False,
2013-03-20,736.0,-0.0024987107930389578,0.012355933893856964,1.7715611542218823,False,0.08835489833641397,-0.024590027839477814,0.035650505699407385,3.168115681954246,True,True,trend
2013-03-21,728.75,-0.0021374299774455396,0.012595449079724758,-0.6123730445809461,False,0.06115762650163825,-0.02373400474727506,0.03755655777969378,2.260367729835263,True,True,trend
2013-03-22,729.75,-0.0018929676619395019,0.012256425641516275,0.2664055941274366,False,0.05760869565217397,-0.022906742406141448,0.03873156245524488,2.0788068684642576,True,True,trend
2013-03-25,727.25,-0.0018312661459504046,0.01226112147707692,-0.13005047058632077,False,0.04791066282420742,-0.022202270059975632,0.03970996920854428,1.7656254658867139,False,False,
2013-03-26,731.5,-0.0018215202948538823,0.012259538447067864,0.6252643972564688,False,0.04425410421127762,-0.02151198117083948,0.040475706150756574,1.6248286104549605,False,False,
2013-03-27,736.75,-0.0018032314854037202,0.012270073018584352,0.7318835808576759,False,0.041710851891127554,-0.020878533943091478,0.04113173830225118,1.5216810282679796,False,False,
2013-03-28,687.75,-0.0017550295428398722,0.012298502213961726,-5.265135775870507,True,-0.037101855092754654,-0.02032238925120978,0.041695970551513716,-0.4024241580086141,False,True,shock
2013-04-01,664.0,-0.002626032630983457,0.014392422829146217,-2.2169210060114866,True,-0.0816044260027663,-0.02076203297722779,0.04169675070568338,-1.4591638915702254,False,True,shock
2013-04-02,670.75,-0.0029048504914210302,0.014804953407712247,0.8828472999593948,False,-0.05892669238863557,-0.021594889791932914,0.04228362247387244,-0.8828903583123803,False,False,
2013-04-03,696.5,-0.002337005710918052,0.01447045606213663,2.814484051553427,True,-0.035318559556786755,-0.021353469439970768,0.04201364544478885,-0.33239415358916785,False,True,shock
2013-04-04,694.0,-0.0016431158545477068,0.015152246961556546,-0.12844692929452114,False,-0.057065217391304324,-0.020587701680027777,0.04121044376989923,-0.8851522180870159,False,False,
2013-04-05,699.0,-0.0016616148565455175,0.015153785306839,0.5850832401296324,False,-0.04082332761578045,-0.020178980601970313,0.040684295218368714,-0.5074279129822393,False,False,
2013-04-08,712.5,-0.001700063675643461,0.015127205093602847,1.3891110926736834,False,-0.023638232271325776,-0.020032752029468477,0.040588737951015294,-0.0888295725333611,False,False,
2013-04-09,708.75,-0.0015590739614271465,0.015274377001211994,-0.24250311047159565,False,-0.02543829494671712,-0.01980952782634031,0.0405213036832314,-0.13890883581581606,False,False,
2013-04-10,696.75,-0.0016828797630599412,0.015266155391031514,-0.9988328284091085,False,-0.04750512645249483,-0.019715391635727268,0.040499622288894865,-0.6861726911558778,False,False,
2013-04-11,697.75,-0.0018182338419168447,0.015356690409234253,0.2118600281018162,False,-0.052935188327112304,-0.01977097596745164,0.040535324311985726,-0.8181558411722012,False,False,
2013-04-12,714.75,-0.001546744494647824,0.015229608897356802,1.701341899169068,False,0.03925845147219187,-0.019613128670730614,0.04038046661003469,1.4579222353090067,False,False,
2013-04-15,693.75,-0.001247191241000462,0.015516516127085718,-1.8131461303559278,False,0.044804216867469826,-0.018264492640243626,0.04063769638591546,1.5519755083748379,False,False,
2013-04-16,703.5,-0.0016683978859741591,0.015846671736918845,0.992161142796872,False,0.048825941110697046,-0.01704266597603651,0.041141615279395846,1.601021414434383,False,False,
2013-04-17,703.75,-0.001157650918534278,0.015725805753636038,0.09621236388427129,False,0.010409188801148606,-0.0158745368698217,0.0417551526478151,0.629472628028954,False,False,
2013-04-18,702.75,-0.0011141780373134017,0.01572541643344323,-0.019508615966355468,False,0.012608069164265157,-0.015358270491720193,0.04183859740149544,0.668433967506419,False,False,
2013-04-19,709.0,-0.0012453503381934879,0.015685820082397557,0.6463788596520582,False,0.014306151645207432,-0.014950566433758658,0.04196161033769554,0.6972258176823063,False,False,
2013-04-22,702.25,-0.0011139274845757244,0.015729448331313865,-0.534444926374446,False,-0.014385964912280724,-0.014376962980278657,0.042064834585216156,-0.00021400136457997863,False,False,
2013-04-23,697.5,-0.0008509782325183846,0.01541457093209809,-0.3835977490153231,False,-0.015873015873015928,-0.013698313799571113,0.041640869285598764,-0.05222518431422185,False,False,
2013-04-24,691.75,-0.0009455780880370905,0.015428983339610652,-0.47301558047526954,False,-0.0071761750986724104,-0.012993672552556984,0.04114134665947266,0.1414026988964668,False,False,
2013-04-25,701.25,-0.000909895514919364,0.01540868523724052,0.9503199290421482,False,0.005016123253314131,-0.012121312690494811,0.04054971020044806,0.42262782789553893,False,False,
2013-04-26,688.75,-0.000798157857720776,0.015484911551874508,-1.0995964702928522,False,-0.03637635536901018,-0.01139240279495621,0.04035684205957399,-0.6190760054310778,False,False,
2013-04-29,709.75,-0.0010225175355403741,0.015609254253083366,2.0188367216925767,True,0.02306306306306305,-0.011178767667889812,0.04017885059135198,0.8522351990408358,False,True,shock
2013-04-30,721.75,-0.0005271542911132861,0.0160121753945535,1.0888286949528203,False,0.025941719971570798,-0.010060761472718264,0.039945723928561286,0.9012849913216168,False,False,
2013-05-01,710.5,-0.0002838377128444088,0.016137794092877283,-0.9482880281511187,False,0.009591474245115528,-0.009198409639398159,0.040016401305279836,0.46955456441892773,False,False,
2013-05-02,718.75,-0.0006752342986215373,0.016148365610318686,0.7608680508795136,False,0.022767698327997188,-0.00876837591136034,0.0400430617643964,0.7875540193431785,False,False,
2013-05-03,711.25,-0.0007368209485640342,0.016091727713853695,-0.6026675216348879,False,0.003173483779971731,-0.008263629500266873,0.04020060137260364,0.28450104948014276,False,False,
2013-05-06,693.0,-0.0011497453859542054,0.015935098561474535,-1.5380705356858417,False,-0.013171947312210719,-0.008302721695968365,0.040187863223351834,-0.12116159521049151,False,False,
2013-05-07,699.5,-0.0015301924787954682,0.016176510021380125,0.6744162890441666,False,0.0028673835125447855,-0.009003560062205544,0.03980135621483097,0.2982547506842725,False,False,
2013-05-08,696.75,-0.0013414380862194176,0.016220644388067213,-0.15966945632025595,False,0.007228044813877954,-0.009419773461830911,0.0395068229534368,0.421390965690412,False,False,
2013-05-09,716.25,-0.0015645231469771008,0.016138372740147764,1.8311391431853152,False,0.021390374331550888,-0.010108500456595355,0.038742872818877734,0.8130237253030497,False,False,
2013-05-10,696.75,-0.0009891503514827867,0.016413802319523066,-1.5984096815497626,False,0.011615245009074515,-0.010320244994071515,0.038523199995500156,0.5694098622572447,False,False,
2013-05-13,701.5,-0.0012751549840752086,0.016682992059082715,0.4850761361723572,False,-0.01162381120112721,-0.010596198955798178,0.038287090697449365,-0.026839653434349093,False,False,
2013-05-14,701.5,-0.0010766951871547118,0.016689634564944364,0.06451280781283547,False,-0.028056806373398024,-0.011162540136221881,0.0379786146822032,-0.4448362948081097,False,False,
2013-05-15,693.75,-0.0012154937124203805,0.01663601657399241,-0.5910225596955567,False,-0.023574947220267428,-0.012109722448198508,0.03749275166799811,-0.30579843468397777,False,False,
2013-05-16,687.75,-0.0014100175434714046,0.016664912000564955,-0.43436359609530917,False,-0.043130434782608695,-0.012856869475505506,0.03714931585302633,-0.8149158231304813,False,False,
2013-05-17,683.25,-0.0014868343024825818,0.0166850799962983,-0.30303965842564307,False,-0.039367311072056266,-0.013605779401246677,0.03718638098047916,-0.6927679164136192,False,False,
2013-05-20,685.25,-0.0017456754773542901,0.016609758527352542,0.28133230906902057,False,-0.011183261183261184,-0.014203071218415244,0.03723623413814187,0.08109869606982634,False,False,
2013-05-21,680.5,-0.0015795815244084065,0.016593142046938764,-0.3225546544635529,False,-0.027162258756254443,-0.014258763108502036,0.037228447772643385,-0.34660310648875065,False,False,
2013-05-22,688.5,-0.0014239829775830116,0.016485732413553614,0.7994819014574758,False,-0.011840688912809427,-0.014343593225252095,0.03725079622805471,0.06719062586258637,False,False,
2013-05-23,703.25,-0.001232377100192461,0.016555074624970297,1.3685085559507235,False,-0.018150087260034864,-0.014025429056359172,0.037167710253122384,-0.11097423477490621,False,False,
2013-05-24,697.5,-0.0008506201387149274,0.016744445277743592,-0.4375005530969567,False,0.0010764262648008671,-0.013895277508886297,0.03713550486605066,0.4031641370621117,False,False,
2013-05-28,693.75,-0.0010300448355393898,0.016749956674866933,-0.2594812234352623,False,-0.011047754811119082,-0.013652894611200516,0.0371735964438792,0.07008038095034473,False,False,
2013-05-29,702.75,-0.0010054282633617643,0.016742087638112756,0.8349258191979297,False,0.0017818959372772891,-0.013583325312954492,0.03717352343077905,0.41333776925513704,False,False,
2013-05-30,698.75,-0.0008368644614646289,0.016819187221639397,-0.28866199398079095,False,0.007207207207207134,-0.013211852598718895,0.03718617373655659,0.5491035445212444,False,False,
2013-05-31,705.5,-0.000652701692805886,0.016687127009425085,0.6180098600260564,False,0.025808796801163103,-0.012469836280186697,0.03702854829454032,1.033760026908584,False,False,
2013-06-03,708.75,-0.0003530753572059586,0.016667589075037178,0.2975677692054025,False,0.03732162458836452,-0.01135351821730375,0.03690178965503733,1.3190455872381737,False,False,
2013-06-04,709.0,-0.0003554054748478549,0.01666687377620985,0.04248782167688616,False,0.034658883619117065,-0.00998338490851861,0.036774002449106044,1.2139627333037528,False,False,
2013-06-05,701.5,-0.0002872534580592356,0.01665907382836401,-0.6177429738615912,False,0.03085966201322554,-0.008708779823530768,0.03664052604675499,1.0799092181773038,False,False,
2013-06-06,697.75,-0.0006150002781527005,0.01661588136155314,-0.2847087933972142,False,0.013435003631081965,-0.007900803502134384,0.036838128554912655,0.5791772809905961,False,False,
2013-06-07,696.25,-0.0005066421199100975,0.016557295366558828,-0.09923873146406846,False,-0.009953785993601083,-0.007184317564685445,0.0367218259066857,-0.07541750336579585,False,False,
2013-06-10,689.75,-0.0006491101652542748,0.016524379372420225,-0.5256849136954119,False,-0.011111111111111072,-0.006982601267922459,0.036663686626581725,-0.11260487482443679,False,False,
2013-06-11,696.75,-0.0004621444143244983,0.016342290163415478,0.6492816413791453,False,0.00432432432432428,-0.0064260000179528565,0.03627264243044114,0.29637554977949787,False,False,
2013-06-12,683.0,-0.000211289536564007,0.01635905662450363,-1.193417960027235,False,-0.02810387762362143,-0.005645238303857811,0.03585754460130779,-0.626329537325445,False,False,
2013-06-13,685.5,-0.0001807096631423688,0.016319820293016228,0.23535993059504567,False,-0.018962432915921257,-0.0050149979944868125,0.035021092516522856,-0.3982581330052477,False,False,
2013-06-14,680.75,-0.0002558476875158992,0.016288543393420406,-0.4096990673051369,False,-0.03508150248051023,-0.004624989345480845,0.03469487474148742,-0.8778389707979003,False,False,
2013-06-17,680.5,-0.00031989902366707845,0.016305430683434034,-0.002903510476868338,False,-0.03985890652557322,-0.004587278231013331,0.03465972664420747,-1.0176545434600157,False,False,
2013-06-18,687.5,-0.00039105993124806854,0.016293674955240263,0.6553226307133735,False,-0.030324400564174847,-0.004615671174581137,0.034688103902286535,-0.7411396558893226,False,False,
2013-06-19,707.0,-0.00035752061940782137,0.01631328034231857,1.7605997310386512,False,0.00784034212401985,-0.004678466460791992,0.034730868428384326,0.36045193084146027,False,False,
2013-06-20,700.5,0.000343128776762079,0.016404286337686116,-0.5813666685006504,False,0.003941239699032595,-0.003743121335536732,0.034096624928279105,0.22537013709518391,False,False,
2013-06-21,698.0,0.00021575581779130547,0.016441205926961067,-0.23019206781312204,False,0.0025134649910232287,-0.0030350576456381704,0.03368962892952004,0.1646952730844592,False,False,
2013-06-24,679.0,0.0005511749486079272,0.0160957777969813,-1.7254093384855997,False,-0.015585357013410683,-0.0018776449822056158,0.032323718917341,-0.42407595692373024,False,False,
2013-06-25,675.75,-1.8790819266836973e-05,0.016313698372376735,-0.29224886562481356,False,-0.030139935414424057,-0.0014476681132683078,0.031916057778389045,-0.8989915828697308,False,False,
2013-06-26,667.0,-0.00014570929989076684,0.016313262779794824,-0.7848133466374522,False,-0.02342606149341142,-0.0013833334525934953,0.031852381845993316,-0.6920276212747545,False,False,
2013-06-27,663.5,-0.0003956516613034733,0.016364504763409598,-0.2964785504165655,False,-0.03209336250911743,-0.0015955736813961252,0.031946637157112205,-0.9546478609856328,False,False,
2013-06-28,648.5,-0.0005904966019455464,0.016333674945785796,-1.3479445715834342,False,-0.04737421961072341,-0.0019242999176140429,0.03213387335636959,-1.4143928181038987,False,False,
2013-07-01,645.75,-0.001020408060388139,0.01648450633610126,-0.19534385811580918,False,-0.051065393093313705,-0.0026127541911599326,0.03255001437114309,-1.4885596777219554,False,False,
2013-07-02,649.5,-0.0012089153324743689,0.016438742124616053,0.4268037182188196,False,-0.05527272727272725,-0.00341607988454117,0.03299536173913031,-1.571634455720712,False,False,
2013-07-03,657.75,-0.0012948274871606947,0.016384196153057192,0.854293117486207,False,-0.0696605374823197,-0.004335313864721521,0.03346986499656085,-1.9517623875779178,False,False,
2013-07-05,656.0,-0.0009364392387261603,0.016392577506447528,-0.10517846198183504,False,-0.0635260528194147,-0.00558500225720609,0.034138187732153824,-1.6972503349272852,False,False,
2013-07-08,660.0,-0.001144952409647848,0.016312460476855684,0.4439865706055426,False,-0.054441260744985676,-0.0069251341882752455,0.034416199846665996,-1.380632573276781,False,False,
2013-07-09,675.5,-0.0013221926862057387,0.016157803287376152,1.5352978823820405,False,-0.005154639175257714,-0.008829082976027242,0.03299442155769855,0.11136560749652466,False,False,
2013-07-10,672.0,-0.0008777207933642813,0.01637704425164613,-0.2627840708473525,False,-0.005549389567147567,-0.009713246518385853,0.031966090212408114,0.13025856223173715,False,False,
2013-07-11,679.25,-0.0009651015912739676,0.01638235997046757,0.7174663533613568,False,0.01836581709145424,-0.010555354321310141,0.03098547964802212,0.9333782062208772,False,False,
2013-07-12,675.5,-0.0007755746414052908,0.01643564417208204,-0.2887152035777378,False,0.018085908063300682,-0.01094928559774685,0.03041468275035844,0.9546439757194359,False,False,
2013-07-15,669.5,-0.0009271043429702737,0.016426176661126883,-0.4843004687938183,False,0.0323824209714727,-0.011298194879719876,0.02991890265764052,1.459967176972571,False,False,
2013-07-16,669.5,-0.001141228914880501,0.016423778178880553,0.06948638141910703,False,0.0367789392179636,-0.011422573958648607,0.029714245237265256,1.6221685185582868,False,False,
2013-07-17,665.0,-0.0002544514010246024,0.014533402723593087,-0.4449737358737784,False,0.02386451116243271,-0.010437496701172364,0.03007388952011006,1.1405910047208134,False,False,
2013-07-18,660.5,0.00011636810860762441,0.013991677930894784,-0.49195567792779504,False,0.004180919802356575,-0.009031244205636377,0.029152917763524022,0.45320211565663393,False,False,
2013-07-19,664.5,-0.00010939962397684837,0.013963915980982008,0.44152498485584,False,0.012957317073170715,-0.008189809376423149,0.02859879935839505,0.7394410578074222,False,False,
2013-07-22,659.75,-0.0005405175429983903,0.01323958529446276,-0.49908770276687414,False,-0.00037878787878786735,-0.007546131021357049,0.028523133277327185,0.25128176041818123,False,False,
2013-07-23,653.75,-0.0005879689603920705,0.013257026320954206,-0.6416510577566535,False,-0.032198371576609874,-0.006790311961190163,0.027938277040088676,-0.9094354522636328,False,False,
2013-07-24,653.25,-0.0008052884920313878,0.013261150060567117,0.0030517817991635087,False,-0.0279017857142857,-0.006675312547334555,0.027813771002886158,-0.7631641593924294,False,False,
2013-07-25,649.25,-0.00107299679972033,0.013050509068120952,-0.3869759545582072,False,-0.04416635995583362,-0.006732159926574021,0.02785323834668076,-1.343980170755283,False,False,
2013-07-26,650.25,-0.0010844644278415316,0.013054617996094435,0.20105553189155204,False,-0.03737971872686896,-0.0069818674600289074,0.028106009961057225,-1.081542748649073,False,False,
2013-07-29,651.5,-0.0008381783522652494,0.012925214209760342,0.21357602821442023,False,-0.02688573562359975,-0.00684686202368723,0.027932511512688663,-0.7174032163491505,False,False,
2013-07-30,655.25,-0.0008316836516953622,0.012926494315529334,0.5096224315451924,False,-0.021284540702016463,-0.0064995359876403955,0.02751045003822834,-0.537432310043308,False,False,
2013-07-31,664.25,-0.0010797913772639426,0.012611090745532929,1.1747601569744814,False,-0.0011278195488721998,-0.007306775883296507,0.027033755167552326,0.2285644852565911,False,False,
2013-08-01,658.0,-0.0005049098041971556,0.012281977571941913,-0.7249808233410594,False,-0.0037850113550340625,-0.0079192030355144,0.0263488714245294,0.15690204008630232,False,False,
2013-08-02,660.5,-0.0008177519651386778,0.012204705040117041,0.37830853324407276,False,-0.0060195635816403525,-0.008620682401724148,0.025504540807873947,0.10198649878380713,False,False,
2013-08-05,645.25,-0.0007718316175352562,0.012215652741793422,-1.826896860928296,False,-0.02197802197802201,-0.008839732433494668,0.02540926348345582,-0.5170669174681821,False,False,
2013-08-06,650.5,-0.001060733085779034,0.012484474861250833,0.7366841165184664,False,-0.004971319311663502,-0.00930088031539183,0.02532847099908494,0.17093653240595316,False,False,
2013-08-07,643.5,-0.0010708297646029733,0.012476619327515787,-0.7766625793428283,False,-0.014925373134328401,-0.009557913261483442,0.02518306621858497,-0.21313766267603276,False,False,
2013-08-08,641.25,-0.0010873697882439674,0.012488788526844036,-0.19290371544695972,False,-0.012321909896033878,-0.009565105371110745,0.025184540692444156,-0.10946415734118299,False,False,
2013-08-09,633.5,-0.0010438035289425714,0.012474409386800644,-0.8851694785043616,False,-0.02575932333717801,-0.00951775729141765,0.025175857898921142,-0.6451246313420111,False,False,
2013-08-12,635.0,-0.0010950307607017784,0.012512207620568972,0.27675601409599493,False,-0.025326170376055224,-0.009765532601264393,0.025243854956071305,-0.6164128973910302,False,False,
2013-08-13,628.25,-0.0012465705900145706,0.01239849872778403,-0.7568134558743491,False,-0.04120564669973292,-0.01017009651632265,0.025246895572136427,-1.2292818376316517,False,False,
2013-08-14,630.5,-0.0011506320475730177,0.012295894349753663,0.38484462808495307,False,-0.05080918328942419,-0.010234487067398953,0.025320686681492108,-1.6024326959380166,False,False,
2013-08-15,637.5,-0.0015094139316848916,0.011740202443061282,1.0742330683771326,False,-0.03115501519756836,-0.011219450352098783,0.025444419702573634,-0.7834945767481247,False,False,
2013-08-16,631.0,-0.0015868147581515654,0.011635815242926563,-0.7398934662918979,False,-0.044663133989401915,-0.011980740154353972,0.02517022467651709,-1.298454592880112,False,False,
2013-08-19,641.5,-0.001514934275211363,0.01156459300693638,1.5698942306132668,False,-0.00581170089112748,-0.012704134930814204,0.0253210484209862,0.27220176373006116,False,False,
2013-08-20,634.25,-0.0014478847765770006,0.01165594347875797,-0.8453843337655977,False,-0.024980784012298196,-0.0130851935870692,0.024992937044724106,-0.47595808383553306,False,False,
2013-08-21,638.75,-0.0014594428323114084,0.011665401278442258,0.7333169871854285,False,-0.007381507381507335,-0.013460583824299465,0.0249568444821791,0.24358353665797003,False,False,
2013-08-22,630.5,-0.0010227222315899024,0.011356204654804587,-1.0472802667741652,False,-0.016764132553606204,-0.013383377958556753,0.024966704099281842,-0.13541052842239984,False,False,
2013-08-23,634.5,-0.0013199937069435712,0.011372027529116296,0.6739488609173303,False,0.0015785319652723562,-0.013645131506105433,0.024896838733241458,0.611469738567718,False,False,
2013-08-26,654.75,-0.0011829863622842217,0.011402000187406242,2.902813491957562,True,0.0311023622047244,-0.013720458344086844,0.02484131685783869,1.8043657188273166,False,True,shock
2013-08-27,650.75,-0.0011306155525215693,0.011545904871812698,-0.43119932896064944,False,0.03581376840429762,-0.013590965172444527,0.025051242822326895,1.9721470079205103,False,False,
2013-08-28,646.5,-0.0008490698337940798,0.011151719974995037,-0.5095049045106099,False,0.025376685170499513,-0.013268318193841553,0.02553150143302295,1.5136204764815302,False,False,
2013-08-29,641.25,-0.001027047063107703,0.011134216239464546,-0.6370994092715373,False,0.00588235294117645,-0.012774978242219863,0.02591825452396292,0.7198529193448013,False,False,
2013-08-30,643.25,-0.0011353223918006646,0.011163539942646173,0.3810825952810128,False,0.019413629160063284,-0.012322456118025538,0.025944103484505505,1.223248484845215,False,False,
2013-09-03,636.5,-0.000946433549224861,0.011113291541854116,-0.8590752494032939,False,-0.0077942322681215925,-0.011749275099621127,0.026166065741377014,0.1511516049294844,False,False,
2013-09-04,634.25,-0.0009710327306060081,0.011132595834212191,-0.2303078367838673,False,0.0,-0.0112781257327613,0.025910260485505838,0.4352764318625923,False,False,
2013-09-05,627.25,-0.0009309244846007703,0.01111765850023013,-0.9089803383187381,False,-0.018003913894324874,-0.01075322825180055,0.025731673685385377,-0.2817805686165856,False,False,
2013-09-06,635.0,-0.0011171090674231277,0.011168980589003247,1.206254150735022,False,0.007137192704202988,-0.010844170287948067,0.02574526340537661,0.6984338326247557,False,False,
2013-09-09,628.75,-0.0008599451094049367,0.011255001775361059,-0.7980962380031482,False,-0.009062253743104765,-0.0103868442684753,0.02575611679390493,0.05142819222205089,False,False,
2013-09-10,633.75,-0.0011479261947964477,0.011204039957954546,0.8122259927002333,False,-0.032073310423825885,-0.01034979846621257,0.025755995580337827,-0.8434351485211887,False,False,
2013-09-11,635.0,-0.0013275408332787922,0.010942224223790832,0.30157738989438987,False,-0.02420284287360741,-0.010535441441729784,0.025862933544933246,-0.5284551888954291,False,False,
2013-09-12,641.75,-0.0011922246893214497,0.010919111966515273,1.0827021451394443,False,-0.007347254447022444,-0.010872498363575228,0.025874280345729708,0.13624510013220872,False,False,
2013-09-13,627.75,-0.0009788078180432644,0.010992404457972582,-1.8955398627879945,False,-0.021052631578947323,-0.010823158358720606,0.025877469700504616,-0.39530422945591315,False,False,
2013-09-16,641.25,-0.0014426521064298218,0.011128859251275847,2.0620288146680434,True,-0.0031092110376992332,-0.011127618725603602,0.02586148574863125,0.31005208926671013,False,True,shock
2013-09-17,643.0,-0.0010800214274153512,0.011427624618311125,0.33332091217101195,False,0.01021209740769824,-0.01126517096886902,0.02578998520082877,0.8327755215569909,False,False,
2013-09-18,646.5,-0.0011724355940849233,0.011367463537503135,0.581982991101031,False,0.01931415057154129,-0.011473126960781885,0.02554875504883998,1.2050402249921388,False,False,
2013-09-19,657.0,-0.0011612812888206852,0.011373619675078953,1.5300828663100279,False,0.04742925468314074,-0.011713226614339527,0.025165743164396903,2.3501186081065857,True,True,trend
2013-09-20,646.25,-0.0009494337472489874,0.01154882363868171,-1.3345791223921524,False,0.017716535433070835,-0.011542955000152545,0.02552438383776965,1.146334838842484,False,False,
2013-09-23,653.5,-0.0010265533925429868,0.011632996228867631,1.052619790895619,False,0.03936381709741554,-0.011718196687887941,0.025273210159093305,2.0211921423414494,True,True,trend
2013-09-24,658.25,-0.0008056966395135342,0.011706892320501447,0.6897005933585907,False,0.03865877712031551,-0.011372479175003494,0.025793914490331027,1.9396534912943697,False,False,
2013-09-25,670.5,-0.0006801190255284043,0.01174273928871236,1.6427231481441968,False,0.055905511811023656,-0.01072431166681794,0.026432916278914222,2.520714051176896,True,True,trend
2013-09-26,678.25,-0.00030750998904604496,0.011906605563904172,0.9965937251835242,False,0.05687573042462013,-0.009830756694522809,0.027529647750281355,2.4230781201499823,True,True,trend
2013-09-27,683.0,-0.000288710871215326,0.01192443732899785,0.6115196911084276,False,0.08801274392672243,-0.009130071279852199,0.02854484345210646,3.4031651064951274,True,True,trend
2013-09-30,678.5,6.779311388073269e-05,0.011733370499770872,-0.567302712296747,False,0.05808966861598441,-0.007581849659180947,0.03057837635669706,2.147645692796323,True,True,trend
2013-10-01,681.25,-6.885891149750024e-05,0.011750633833166373,0.3507825353656912,False,0.05948678071539648,-0.006554488305422205,0.031472170403096876,2.098402117647412,True,True,trend
2013-10-02,686.0,7.757184770535256e-05,0.011732401640329383,0.5876806324814142,False,0.0610982211910287,-0.005293577862810115,0.032199805327502176,2.061869578979501,True,True,trend
2013-10-03,689.25,0.00017543476872810437,0.01175922176520752,0.38796568784987,False,0.04908675799086759,-0.003947482826588756,0.032839174739255995,1.6149687450598185,False,False,
2013-10-04,687.0,0.00010144883972860323,0.011712107447299192,-0.2873835217409168,False,0.0630560928433268,-0.00288866737918819,0.03325480062224573,1.9830147524144646,False,False,
2013-10-07,694.75,-0.0003202585497263385,0.011240657462590781,1.0320739845461795,False,0.06312165263963276,-0.0021524573695974308,0.034096088373371414,1.9144163780443624,False,False,
2013-10-08,693.5,-4.7262441631435634e-05,0.011270827513403437,-0.1554407522084622,False,0.053551082415495666,-0.0013633851970560951,0.034914002188294574,1.572849406275246,False,False,
2013-10-09,690.5,-2.3666827984095325e-05,0.011265206348869334,-0.3819030242265627,False,0.02982848620432521,-0.0006828836313964626,0.03548332616016078,0.859879079486595,False,False,
2013-10-10,685.5,0.0002815964676337609,0.010819655534694661,-0.6952833257705188,False,0.010689273866568483,-7.736572182665066e-05,0.035612835011596775,0.3023246979604163,False,False,
2013-10-11,692.25,0.00024886741492068304,0.0108388889193966,0.8855114015775817,False,0.013543191800878374,0.0004670237352532499,0.03545880989529477,0.3687706413226315,False,False,
2013-10-14,692.5,0.0005528061187894432,0.010783277772546429,-0.017774272036814476,False,0.020633750921149607,0.0009599471125104471,0.03537904716232861,0.5560863105885933,False,False,
2013-10-15,685.75,0.0006275863523635206,0.010761936865659242,-0.9640345321335035,False,0.00660550458715603,0.0016629752915806742,0.035236951775793716,0.14026551805683324,False,False,
2013-10-16,681.5,0.000799054254501564,0.010485637678230946,-0.6672601461660483,False,-0.006559766763848396,0.0023827049475524,0.03476999644709539,-0.2571893191018094,False,False,
2013-10-17,686.0,0.0007729604045268656,0.010500772540481493,0.5552087725928669,False,-0.004715270221254952,0.0029761132986119375,0.03422093458425825,-0.22475667638267702,False,False,
2013-10-18,705.75,0.0007835721446448974,0.0105063294050577,2.665680299860942,True,0.02729257641921401,0.003650212725964902,0.033549379525092536,0.7047034558587383,False,True,shock
2013-10-21,699.75,0.0009980789305331225,0.01090945658403032,-0.8707741679199019,False,0.007196833393307012,0.0049429209113186845,0.03253909650553656,0.0692678262165276,False,False,
2013-10-22,700.75,0.0009201988142649646,0.01095667453191152,0.04644502300280486,False,0.010454217736121096,0.005885892727488308,0.031537420367143486,0.14485411157445807,False,False,
2013-10-23,701.75,0.0008579524254559523,0.010940112362965704,0.05201866399321506,False,0.016292541636495184,0.006751165773903064,0.03074006304209343,0.3103889490898826,False,False,
2013-10-24,696.5,0.0005638483450514808,0.010615279959312886,-0.7578834598797477,False,0.01604668125455877,0.0070371281847264365,0.030727566148834175,0.29320750710267895,False,False,
2013-10-25,690.75,0.0005331823502802058,0.01063540430856304,-0.8263668805848261,False,-0.0021668472372697867,0.007325075795682521,0.030709206926995754,-0.3090904644824343,False,False,
2013-10-28,681.0,0.0002792589635050602,0.01061456537631312,-1.3560942670921565,False,-0.016606498194945862,0.007051306937966201,0.03070097196646453,-0.7705881481131639,False,False,
2013-10-29,681.25,0.00016466833288494224,0.010723854287477162,0.018877435014437213,False,-0.006562158220925984,0.00658874152118958,0.03079368093107723,-0.4270648829397843,False,False,
2013-10-30,675.0,0.00028799388749487805,0.01067146374341738,-0.8866924014933834,False,-0.009537784299339713,0.00606948046529093,0.030681002126991864,-0.5086947518868695,False,False,
2013-10-31,667.5,0.00016566972847347204,0.010727245115260164,-1.0512280383658459,False,-0.02696793002915454,0.005451924151726887,0.0305202371151346,-1.0622412289452636,False,False,
2013-11-01,667.75,0.0001071406990706573,0.010777188722670285,0.024810842884549756,False,-0.05384342897626637,0.00477415826917239,0.030669875116299275,-1.911243101680805,False,False,
2013-11-04,662.75,0.00020236002078317808,0.010747140274143006,-0.7155570781785038,False,-0.05287602715255446,0.004000500285457417,0.03140800172102188,-1.8108929037641865,False,False,
2013-11-05,656.0,2.1775348241690473e-05,0.01076123153892522,-0.948461263220626,False,-0.06386014983945776,0.003122722362447748,0.03206731898851982,-2.088820466278629,True,True,trend
2013-11-06,653.25,-1.871270719536374e-05,0.010794234371098547,-0.3866286686076074,False,-0.06911293195582469,0.0022763042029721498,0.032985637927770387,-2.164252100114599,True,True,trend
2013-11-07,653.0,4.6651036154082465e-05,0.010753299884087231,-0.039927549312428694,False,-0.06245513280689163,0.0017841100645826188,0.03377301448384707,-1.9020879199930034,False,False,
2013-11-08,649.75,5.174592255943485e-05,0.010753000735115264,-0.46766248258638493,False,-0.0593557727108216,0.0013233987700145397,0.03441305737836478,-1.7632601141386717,False,False,
2013-11-11,646.25,6.702860132409061e-05,0.010744917446751398,-0.5075623722314161,False,-0.051027900146842886,0.0011208732666147,0.034727646475645906,-1.5016500887852826,False,False,
2013-11-12,645.25,-2.5330411001029952e-05,0.010761840414002877,-0.1414310482108502,False,-0.05284403669724769,0.0009388975143483809,0.03496705266760472,-1.5381031602192583,False,False,
2013-11-13,645.5,-7.159342891979392e-05,0.010760812415498543,0.04265850358415385,False,-0.04370370370370369,0.0005927868333664084,0.03537230984997111,-1.2522928450234152,False,False,
2013-11-14,644.75,-0.00014317344340865587,0.010739358282598721,-0.09485823431255781,False,-0.03408239700374527,0.00029386466001057876,0.03565330099836781,-0.9641817363651566,False,False,
2013-11-15,644.5,-0.0003418015177329714,0.010616262083545124,-0.004327857652560696,False,-0.03481842006739044,-0.0001455297060543955,0.03587344660131574,-0.9665335685940014,False,False,
2013-11-18,642.25,-0.00022151670669660876,0.010563113060757056,-0.30952633279712427,False,-0.03093172387778198,-0.0005593084888858139,0.03609428928243495,-0.8414742606852409,False,False,
2013-11-19,650.25,-0.000318722979397658,0.010559155182119688,1.209844102161205,False,-0.008765243902439046,-0.0008914706261677022,0.03625946764452694,-0.21715082398513433,False,False,
2013-11-20,647.25,0.0001552073926983762,0.010318294781104558,-0.46217108968175924,False,-0.009184845005740572,-0.000715300251826596,0.03618765869658612,-0.2340451153506921,False,False,
2013-11-21,648.75,-1.4792492601902e-05,0.01029001636304018,0.2266555769636688,False,-0.006508422664624813,-0.0007714805944142903,0.03619762465635015,-0.1584894623521682,False,False,
2013-11-22,649.5,0.00015958684361301175,0.010215996541482258,0.09754139172841883,False,-0.0003847633705271747,-0.0006592545881515758,0.0361661835304933,0.007589720308557454,False,False,
2013-11-25,652.5,0.0002216211484218844,0.01020761816497882,0.4307877141218454,False,0.009671179883945946,-0.0005000926344781531,0.03614042196446959,0.2814375695010891,False,False,
2013-11-26,646.5,0.00044435058341986503,0.010117290900624895,-0.9527998134041096,False,0.0019372336303757898,-2.768592486316705e-05,0.03603720221623816,0.05452475315504862,False,False,
2013-11-27,651.25,0.00029017458012974435,0.010175521090508377,0.6935349850019339,False,0.008907823392718894,0.00033582612855591315,0.03591586505609358,0.23866882367374953,False,False,
2013-11-29,655.0,0.0005298702562212757,0.010126427701876415,0.5163012354737084,False,0.015897634742148226,0.001004005729788604,0.03559732627670749,0.41839178865815596,False,False,
2013-12-02,649.75,0.0005588939968773483,0.010138404325445875,-0.8457111096792655,False,0.00814584949573316,0.0018934299702095694,0.03511533817940335,0.17805380354249023,False,False,
2013-12-03,653.75,0.0003039931043751339,0.010110026918392884,0.5788531396896673,False,0.017905799922148802,0.00241744149945359,0.03490812944489857,0.4436891540448513,False,False,
2013-12-04,647.25,0.000522023669172554,0.010056709044944392,-1.0405652829103422,False,-0.0046136101499423265,0.0032516939516075995,0.034513186957055346,-0.2278927214498244,False,False,
2013-12-05,638.0,0.00016758510665127938,0.009948826621079826,-1.453318847870503,False,-0.014291232135959842,0.0032676684948234015,0.03450921228642741,-0.5088177755274125,False,False,
2013-12-06,637.25,0.00012772383535549845,0.010001251516404365,-0.13031093384257836,False,-0.01772639691714839,0.0034101958531745796,0.03441290624156646,-0.6142053978804216,False,False,
2013-12-09,639.0,1.744993299754416e-05,0.009968935533334092,0.2737228090656985,False,-0.0161662817551963,0.0032722639926993655,0.03447741689168304,-0.5638051658268172,False,False,
2013-12-10,629.5,0.00022627694956544117,0.009857773037717102,-1.5311020600219492,False,-0.03524904214559388,0.003280235336678164,0.034472790581898394,-1.1176721359628978,False,False,
2013-12-11,630.25,-5.653839641238445e-05,0.009983350958199003,0.1250041358800172,False,-0.025135344160866158,0.0027892010151999475,0.034758461797546256,-0.8033884047779529,False,False,
2013-12-12,622.5,-0.0004661846877952784,0.009257706149769665,-1.277910831960389,False,-0.04414587332053743,0.002039364930325407,0.03474601384652836,-1.3292240789076133,False,False,
2013-12-13,618.25,-0.0005486847633979656,0.009335913129598281,-0.6725238748895624,False,-0.05610687022900762,0.0009732363739942729,0.03492196784674288,-1.6345042998006674,False,False,
2013-12-16,621.75,-0.000552636541826829,0.009338541916148451,0.6653904766961665,False,-0.043093497499038125,-0.00011321103133248893,0.03541650376717574,-1.2135666114942736,False,False,
2013-12-17,619.75,-0.0003688793422617831,0.009323193047247245,-0.30545840074357167,False,-0.05200764818355641,-0.0007662223705353499,0.035754361507619965,-1.4331517513492862,False,False,
2013-12-18,612.75,-0.00045335448042663245,0.00931986623077691,-1.1632701819571476,False,-0.05330243337195828,-0.0017185060684502792,0.03615846264407815,-1.426607314898001,False,False,
2013-12-19,610.75,-0.0004640383432837532,0.009331982828788566,-0.300036508456434,False,-0.04271159874608155,-0.002325282083168102,0.036640422398178545,-1.1022339268916592,False,False,
2013-12-20,613.5,-0.00046042523786023805,0.00933083016792193,0.5319018577834296,False,-0.037269517457826584,-0.002894770066449189,0.036934537571304576,-0.9306938614031558,False,False,
2013-12-23,609.5,-0.00025323432942595464,0.009265105203583035,-0.6763801309361906,False,-0.04616588419405321,-0.0031516447806292118,0.037107628894268725,-1.1591750994380443,False,False,
2013-12-24,606.25,-0.0005049074964620074,0.009173891941908702,-0.5262032815203017,False,-0.03693407466243048,-0.003862352472605961,0.037417064098974585,-0.8838673740500889,False,False,
2013-12-26,606.0,-0.00044477042786957634,0.009126515133026104,0.0035500180930767527,False,-0.03847679492264977,-0.004233976751530304,0.03760733409248638,-0.9105356441088678,False,False,
2013-12-27,609.0,-0.0005562991934206012,0.009073469043250206,0.6069116692498207,False,-0.02168674698795181,-0.004319356544847956,0.03767859312427905,-0.4609352155431936,False,False,
2013-12-30,600.5,-0.0005165910805974846,0.009091184080864232,-1.478434036821327,False,-0.028710068742418104,-0.004285808599705881,0.037661766568673045,-0.648516051369408,False,False,
2013-12-31,605.25,-0.0008444207915387884,0.00912704635045655,0.9591816884607908,False,-0.026537997587454787,-0.00457064612364449,0.03776587334452583,-0.5816720101613768,False,False,
2014-01-02,597.0,-0.00044808181029117804,0.00884513929125002,-1.4903834590371816,False,-0.03670835014118601,-0.004643784337091256,0.03780351683858951,-0.8481900226638045,False,False,
2014-01-03,605.75,-0.0009165632429169923,0.008593576714632668,1.812188355962464,False,-0.011423908608731104,-0.005091772858471079,0.03798373851086943,-0.16670649068542895,False,False,
2014-01-06,605.75,-0.0007575289551689594,0.00877050036253852,0.08637237601683438,False,-0.008186655751125649,-0.005380252938690138,0.03794808169041183,-0.07395374647210669,False,False,
2014-01-07,602.5,-0.0008301054196583335,0.008740967072527571,-0.518837816591458,False,-0.01792991035044822,-0.005746930356325697,0.037838952706432824,-0.32196927036121037,False,False,
2014-01-08,588.75,-0.0011181927395838083,0.008524086301507227,-2.546124388729395,True,-0.03404429860541425,-0.006618385890106883,0.03734715699628623,-0.7343507490552649,False,True,shock
2014-01-09,584.25,-0.0012043170609153141,0.008710775176203677,-0.7391988555261679,False,-0.03628865979381446,-0.007308530343953351,0.037369632830232494,-0.7754994431311572,False,False,
2014-01-10,569.0,-0.0014558088044791544,0.008619064090328034,-2.8594788138245453,True,-0.06105610561056107,-0.008317230035836417,0.03711294833766048,-1.4210370756560915,False,True,shock
2014-01-13,573.5,-0.0019007473898936815,0.009014849790789297,1.088133381791138,False,-0.05829228243021345,-0.009646761805581439,0.037193344141426214,-1.3079092979555522,False,False,
2014-01-14,579.25,-0.002043431910258544,0.00876711000085335,1.3766893647426774,False,-0.035387177352206534,-0.011169399062131267,0.036809025602145794,-0.6579304367313511,False,False,
2014-01-15,567.75,-0.0020638636864816194,0.008736715120936765,-2.036165148024689,True,-0.061957868649318515,-0.012399571165822288,0.036037852650497436,-1.375173431228627,False,True,shock
2014-01-16,572.75,-0.0024219513649457345,0.008908746028599278,1.2604068424046297,False,-0.04061976549413737,-0.014399179333502833,0.03451973472310509,-0.7595824930567706,False,False,
2014-01-17,563.5,-0.002216681059855497,0.008988451600368957,-1.550152610410446,False,-0.06974824597606277,-0.01571530512163779,0.03358777656238774,-1.6087084762535948,False,False,
2014-01-21,562.25,-0.002486057206367095,0.009100057277045428,0.029426033531503287,False,-0.07181180354931904,-0.017438438810857246,0.032987258412576485,-1.6483141477962837,False,False,
2014-01-22,561.25,-0.002608600615433952,0.009032597654905798,0.09189298522849736,False,-0.06846473029045641,-0.019210572474061886,0.03227347325098882,-1.5261498950964456,False,False,
2014-01-23,570.0,-0.002695482983193989,0.008992229920274878,2.033498207980571,True,-0.031847133757961776,-0.020777925651146206,0.03176218761941059,-0.34850269885223295,False,True,shock
2014-01-24,565.25,-0.0024440880726484086,0.009236353921142174,-0.6376158071643737,False,-0.03252032520325199,-0.02204330200583005,0.030230690068136362,-0.3465691048999537,False,False,
2014-01-27,563.5,-0.002705611604914299,0.009119428881504922,-0.042805709914090585,False,-0.009666080843585223,-0.023318528377068517,0.028560730782784673,0.47801464315865727,False,False,
2014-01-28,566.0,-0.0027229018300325854,0.009118916444301845,0.7851216869186955,False,-0.013077593722754965,-0.024161423887189597,0.02715996212826158,0.40809446316941794,False,False,
2014-01-29,551.5,-0.0026060692909293604,0.009154165875885013,-2.5138615117294547,True,-0.04790677600345272,-0.024733504952883997,0.026449977599574476,-0.876116849752702,False,True,shock
2014-01-30,553.5,-0.0028510992234904763,0.009518607060660567,0.6805168484180165,False,-0.02509907529722588,-0.025514785617817615,0.026254200328662394,0.015834049995340806,False,False,
2014-01-31,555.75,-0.002934037275206737,0.009433188145241836,0.7419631430910981,False,-0.029681361850720234,-0.02603001584579234,0.025853454506318978,-0.14123242230687005,False,False,
2014-02-03,563.75,-0.002884651949284138,0.009460328852266891,1.8265341493415754,False,0.0004436557231588534,-0.02670088401608393,0.025272502021743307,1.0740740950733276,False,False,
2014-02-04,584.5,-0.0025627552268554007,0.009632824464998267,4.08705159256146,True,0.039573143619386464,-0.02678304200093723,0.02517258182252503,2.636050051923819,True,True,shock+trend
2014-02-05,587.5,-0.00198935937060207,0.010640737059276628,0.6693099631977529,False,0.04677060133630295,-0.02616793652916077,0.026215464462903303,2.782271432523227,True,True,trend
2014-02-06,580.75,-0.002008965896989605,0.01062603535348835,-0.8921856073089202,False,0.01885964912280702,-0.02548145824172666,0.027430751184333607,1.6164744110200675,False,False,
2014-02-07,577.5,-0.0025460252191987333,0.010050681155976609,-0.30348058291352636,False,0.021671826625387025,-0.02559389727234542,0.02722804075726651,1.7359208589078656,False,False,
2014-02-10,584.75,-0.0025072867891481774,0.010032999924471594,1.5011860317594954,False,0.03771073646850054,-0.02540089736258435,0.027513417371292814,2.2938493237461244,True,True,trend
2014-02-11,590.25,-0.0023589530459591267,0.010173243263439333,1.1564337630883328,False,0.04284452296819796,-0.025037477112819295,0.028165703098952395,2.4100942853275367,True,True,trend
2014-02-12,587.0,-0.0022525705594327273,0.010254759077561595,-0.3172742413000296,False,0.06436990027198553,-0.02468345069506326,0.028850757843028277,3.086690181643472,True,True,trend
2014-02-13,595.5,-0.0022262351555310733,0.01024367987494172,1.630922111789358,False,0.07588075880758804,-0.024039141108164238,0.030276991852525945,3.3001924498459108,True,True,trend
2014-02-14,598.5,-0.001923088856990427,0.010398094390002438,0.6694372998765971,False,0.07692307692307687,-0.02299850636089946,0.0323118026186262,3.0924174817277557,True,True,trend
2014-02-18,612.0,-0.0016677171814397222,0.01032958545933159,2.345119100302286,True,0.08558758314855885,-0.021751445359325827,0.03430521186042781,3.1289423002136822,True,True,shock+trend
2014-02-19,620.25,-0.0013718600643444893,0.010699789651051788,1.388088243374692,False,0.061163387510692946,-0.020522782141066027,0.0364403346281074,2.2416415898868354,True,True,trend
2014-02-20,616.25,-0.0010697973432315807,0.010795891920201582,-0.4982650059384474,False,0.04893617021276597,-0.019580099850265594,0.03762362729650257,1.821096874128368,False,False,
2014-02-21,609.75,-0.0010076360283495884,0.01075062101624289,-0.8873935096433769,False,0.04993542832544118,-0.01856804518037332,0.038434367120315185,1.7823494606108847,False,False,
2014-02-24,617.75,-0.001153265350722991,0.010805481768462058,1.320940320652318,False,0.06969696969696959,-0.017184327083017217,0.03901101977316728,2.2270962739545164,True,True,trend
2014-02-25,615.0,-0.0008784925044047354,0.010903796068873987,-0.3276974812781677,False,0.051731509191962344,-0.015550020458356895,0.040049252706275726,1.6799696649464875,False,False,
2014-02-26,600.0,-0.0008020498790923162,0.010857670082806348,-2.1724913211997285,True,0.016518424396442244,-0.014008798337937965,0.040387738763869974,0.7558537236476637,False,True,shock
2014-02-27,582.25,-0.001071358822181748,0.011188348828590301,-2.5483630290729837,True,-0.008091993185689983,-0.012867046919907737,0.04001759998028744,0.11932384092424163,False,True,shock
2014-02-28,599.0,-0.0014607005749563366,0.011662104534505382,2.5920203295782067,True,0.005877413937867448,-0.012142205058291715,0.03959740521842749,0.45507070215230555,False,True,shock
2014-03-03,626.75,-0.001010770700814662,0.01216472305708762,3.8914147489175357,True,0.0472013366750208,-0.011272429236309195,0.039261335159956896,1.489347361038503,False,True,shock
2014-03-04,639.75,-0.0003212520447158207,0.013323741412502884,1.5808753719599904,False,0.04534313725490202,-0.009962706078684345,0.03955453149603755,1.398217631249829,False,False,
2014-03-05,637.25,-2.4061226074424032e-05,0.013542807028502897,-0.2867732842192386,False,0.027408303103587217,-0.00865354375932235,0.03974052598661924,0.907432550717917,False,False,
2014-03-06,641.5,-8.133086875790063e-05,0.013550123148476641,0.4981956891600153,False,0.04097363083164307,-0.00770538366855847,0.039741294056227505,1.2248975695489082,False,False,
2014-03-07,646.25,2.308475896405149e-05,0.013571839601922882,0.5438788043667759,False,0.05986059860598614,-0.006704636630753292,0.04001219426695809,1.6636237141262893,False,False,
2014-03-10,645.0,0.00012698166354469632,0.013598452144542732,-0.15157737207326982,False,0.04411169566976936,-0.005442249715108272,0.04060242723952758,1.2204675620140142,False,False,
2014-03-11,663.25,0.00014773956192502878,0.013594042115551085,2.070527209069541,True,0.07845528455284545,-0.004441670787807587,0.04088943869766202,2.027343929898283,True,True,shock+trend
2014-03-12,688.0,0.00035891776195057603,0.01390724667080293,2.6574151499847694,True,0.14666666666666672,-0.003278730408403794,0.041990313912781144,3.5709520387612455,True,True,shock+trend
2014-03-13,679.0,0.0009179825074100408,0.014533339254639703,-0.9632595517769968,False,0.16616573636753973,-0.0012007102527716966,0.045411136203604464,3.6855815690211,True,True,trend
2014-03-14,690.25,0.0007126639413838301,0.0146218045955417,1.0843955011393802,False,0.15233722871452415,0.001101611867657164,0.04934523713477729,3.064847300942038,True,True,trend
2014-03-17,674.5,0.0009181627907060497,0.014735979920008229,-1.6107501876442167,False,0.07618667730355,0.0031379050954578485,0.05234313700814474,1.3955749766531105,False,False,
2014-03-18,692.5,0.0005523393603739117,0.014981383866605646,1.7444379817093736,False,0.08245408362641649,0.004024778394385902,0.05301452427454579,1.479392794809768,False,False,
2014-03-19,715.75,0.0010307638496365712,0.01523664835804174,2.1358531486620604,True,0.12318556296586891,0.0050983363943331115,0.05378137708776446,2.1956899017076537,True,True,shock+trend
2014-03-20,703.75,0.0013804538866124952,0.015678138048436898,-1.1574132265013202,False,0.09703819173811379,0.006622039588641778,0.05548268029232524,1.6296284114806727,False,False,
2014-03-21,693.25,0.0010801367153165323,0.01580833202566228,-1.0121376333252687,False,0.07272727272727275,0.0077039136819213195,0.056448675343738236,1.1519023015048373,False,False,
2014-03-24,714.5,0.0009880726636847352,0.015881951909786987,1.8678214231998655,False,0.10775193798449623,0.008564999325008513,0.056945890620616564,1.7417751760225926,False,False,
2014-03-25,708.25,0.0013146927804124815,0.016237583223881056,-0.6196777210587432,False,0.06784771956275915,0.00976294783250648,0.058078804471308046,1.0001027441766224,False,False,
2014-03-26,696.75,0.0013306296182266574,0.0162269681800038,-1.0826319371760822,False,0.012718023255813948,0.0107290988953425,0.05843800871485264,0.03403477298784041,False,False,
2014-03-27,710.5,0.0013046833216796487,0.016253818039257198,1.1338750166365066,False,0.046391752577319645,0.01108922230056615,0.05836491402761939,0.6048587728587703,False,False,
2014-03-28,695.5,0.0015834837231555262,0.016389467881185026,-1.3847537284773528,False,0.007605939876856205,0.01194413096049239,0.058406704260586036,-0.07427556713833756,False,False,
2014-03-31,697.25,0.0012653761497735012,0.016596818114436748,0.0753637989507193,False,0.033728687916975586,0.012261093915586423,0.05831652671000635,0.36812195808817955,False,False,
2014-04-01,685.25,0.0014971515506946162,0.016489515956699008,-1.134516095088694,False,-0.01046931407942242,0.01318079698308735,0.05810064483176216,-0.4070541924447085,False,False,
2014-04-02,669.25,0.0012517929978185297,0.016630431508909544,-1.4792722385650232,False,-0.06496681802305271,0.013376344050839931,0.057994526534844035,-1.350871655566027,False,False,
2014-04-03,676.0,0.001104427197912181,0.016800212383860265,0.5346057340361215,False,-0.03943161634103021,0.013098731454806398,0.05832250543639076,-0.900687434512371,False,False,
2014-04-04,669.75,0.0013299368820227982,0.016805818126920887,-0.6292760597747749,False,-0.03389830508474578,0.01332106817331276,0.05808642186802846,-0.8129158543340869,False,False,
2014-04-07,676.25,0.0011311808494150143,0.01684201140121434,0.5090801089481363,False,-0.05353393981805454,0.013443670738836662,0.057975336862367124,-1.1552776435934369,False,False,
2014-04-08,681.0,0.001303472060464994,0.016863013043837066,0.3392369738151314,False,-0.0384751147193787,0.013423320183710015,0.05799888521120106,-0.8948178006198265,False,False,
2014-04-09,669.0,0.0015477241476833958,0.01681065516704073,-1.1402809308536404,False,-0.03982777179763186,0.013621017765744411,0.057793273336450735,-0.9248271723980314,False,False,
2014-04-10,662.25,0.0013562951945335225,0.016947377279032224,-0.6753836363429223,False,-0.0679099225897255,0.013659468791723745,0.05775623510441559,-1.4123045110884156,False,False,
2014-04-11,660.25,0.0011617305710432055,0.016994465660695776,-0.24606470156537152,False,-0.05068296189791521,0.013250930056631758,0.05822779190292453,-1.097996160684497,False,False,
2014-04-14,678.75,0.001208396702378461,0.01697788425890779,1.5791892794358764,False,-0.026532807457870233,0.013190702353913597,0.05829238026365895,-0.6814528696909045,False,False,
2014-04-15,701.75,0.001653089089740538,0.017239029860746685,1.8697531526894162,False,0.024078803356439193,0.013329385916641068,0.0581837884497999,0.18474935589786426,False,False,
2014-04-16,688.0,0.002110398298476528,0.017633898959735227,-1.2308265352851535,False,0.028016436309301396,0.01416346056036225,0.05787867473632369,0.23934507505655186,False,False,
2014-04-17,691.25,0.0017831400649937572,0.01780737848893341,0.16513925090861256,False,0.02255917159763321,0.014826169670992297,0.05774704415118256,0.13391164933733765,False,False,
2014-04-21,668.25,0.002032221988594527,0.017714643052978183,-1.992999686241222,False,-0.002239641657334812,0.01550975954219298,0.05752775007661179,-0.3085363355231218,False,False,
2014-04-22,673.0,0.0014831135753222834,0.01816260425558201,0.30970253851004675,False,-0.004805914972273562,0.015833737621261244,0.05735591410934048,-0.3598522125231653,False,False,
2014-04-23,676.5,0.0017596315662833431,0.01808710606095605,0.1902439658262927,False,-0.0066079295154185536,0.016259103423513412,0.057078610969262526,-0.40062350065326785,False,False,
2014-04-24,689.0,0.0016335512721264087,0.018028853678659657,0.934274942264308,False,0.029895366218236186,0.01632331647809091,0.057049748587085516,0.23789850220685477,False,False,
2014-04-25,700.25,0.0018799173721510461,0.018132181438691438,0.7968205197886065,False,0.05738014345035869,0.016831076771015738,0.05699810185100725,0.7114108253172712,False,False,
2014-04-28,700.25,0.002169160856171004,0.018187984087581252,-0.11926340191006139,False,0.060583112457402555,0.01783521082169316,0.05704079463303582,0.7494268253225116,False,False,
2014-04-29,708.0,0.002473448546350811,0.017953629682614533,0.47867910316959356,False,0.04309392265193379,0.019096909635864055,0.056924176094499,0.4215610073342589,False,False,
2014-04-30,713.0,0.0027229257197291384,0.01794114595130924,0.24185864073021965,False,0.01603135019593882,0.02015534406847403,0.056617618432161884,-0.0728394091227362,False,False,
2014-05-01,698.75,0.0031651122111747833,0.017627054678774633,-1.3133837381017515,False,0.015625,0.021183176812560697,0.05581745389722148,-0.0995777561404924,False,False,
2014-05-02,707.75,0.00279318439312338,0.017818857101018225,0.5660833723730501,False,0.023869801084990927,0.02216874057829687,0.055042393774605965,0.030904551747145247,False,False,
2014-05-05,721.25,0.0028312375654601244,0.017837549873793854,0.9106236291962139,False,0.0793116348671905,0.022958833624126172,0.054628797686270665,1.03155851180717,False,False,
2014-05-06,731.75,0.0033502747720128728,0.0177346199090523,0.6319720530205949,False,0.0872956909361069,0.024842427004346294,0.05409417554863539,1.1545284367188415,False,False,
2014-05-07,729.75,0.0034269596498626154,0.017770929756962966,-0.34664103861185114,False,0.0787139689578713,0.026547966423416215,0.05401879727502503,0.9657009257141207,False,False,
2014-05-08,726.75,0.00360585270150963,0.017638227678730987,-0.43750708737971966,False,0.05478955007256903,0.028527462622535336,0.05315564917179462,0.49406013959413453,False,False,
2014-05-09,714.0,0.0035806164574968546,0.01764802457944232,-1.196988139467293,False,0.01963584434130672,0.030215480670827178,0.05192207368014296,-0.20375989592970606,False,False,
2014-05-12,705.5,0.003370412572209306,0.017805903135829,-0.8578713677395277,False,0.007497322384862448,0.03139015499925069,0.05064014319318977,-0.47181605555968137,False,False,
2014-05-13,700.0,0.0030038130742066917,0.01783393436300998,-0.605570385899827,False,-0.011299435028248594,0.03191474774782167,0.05017788041516922,-0.8612197729062752,False,False,
2014-05-14,681.0,0.003010978992782956,0.01782942478889034,-1.6912399862966525,False,-0.04488078541374474,0.03219769295015505,0.049868508065833685,-1.5456343362457323,False,False,
2014-05-15,678.25,0.002690353900640837,0.018153992057612055,-0.370636553524921,False,-0.029338103756708422,0.031728163555886264,0.0504306080760955,-1.210896906506677,False,False,
2014-05-16,674.25,0.002577357415575509,0.01816934452697556,-0.466438831193622,False,-0.04733309784528439,0.031511356755433546,0.050660266003913455,-1.5563371616451298,False,False,
2014-05-19,674.5,0.002840302004231011,0.017896434377166683,-0.13798947887751378,False,-0.06481802426343153,0.03151900579754246,0.05064815471675929,-1.9020837106449688,False,False,
2014-05-20,670.5,0.0027968927921776833,0.017898450041572058,-0.4875959385611787,False,-0.08370345063204643,0.030989419811326382,0.05144947853793757,-2.2292329038631777,True,True,trend
2014-05-21,664.25,0.0026636213334438217,0.01792607113697063,-0.6685805930769478,False,-0.08975676601575877,0.03026912529424204,0.05267393494399186,-2.278658152986372,True,True,trend
2014-05-22,659.25,0.0023474031507473648,0.017925512108971114,-0.5508734982836827,False,-0.09287925696594423,0.029066453004389804,0.054366671485893366,-2.2430232831519867,True,True,trend
2014-05-23,652.5,0.0017562780606549804,0.017499732347698266,-0.6854496784382017,False,-0.08613445378151263,0.02730042099658539,0.05614301695636262,-2.020462756147674,True,True,trend
2014-05-27,641.0,0.0015513247298713972,0.017549598184066505,-1.0926658036010344,False,-0.09142452161587522,0.025528353595014514,0.05759876409815725,-2.0304754284585664,True,True,trend
2014-05-28,638.75,0.001469522604929141,0.01762533995294102,-0.2825286220771291,False,-0.08750000000000002,0.02405789798516542,0.05915794704789774,-1.8857635119562488,False,False,
2014-05-29,632.5,0.0014973368901221578,0.01761568229620486,-0.64045618628612,False,-0.07121879588839941,0.02260227363016026,0.060544332407864665,-1.5496259647644968,False,False,
2014-05-30,627.25,0.001199485578572214,0.017615060611395377,-0.5393044648023286,False,-0.07519351271654995,0.02114987986540159,0.06147637611305186,-1.5671612198607974,False,False,
2014-06-02,620.75,0.0009634039225600807,0.017622241735476784,-0.6427160853364502,False,-0.07934742306266218,0.01957603938960496,0.062417203037965246,-1.5848749645525926,False,False,
2014-06-03,612.5,0.0008986498847595807,0.017655227723626432,-0.8036726942179694,False,-0.09191994069681242,0.017659808411809655,0.06322430054328518,-1.733190374065121,False,False,
2014-06-04,614.5,0.0005283727726859529,0.017657746265097474,0.1549990190522175,False,-0.08351976137211037,0.015422465751750979,0.0640991330997392,-1.543581361231606,False,False,
2014-06-05,605.75,0.0005047397426477425,0.017652814784050543,-0.8352185642997222,False,-0.08806925103500185,0.013283227907815151,0.0646934277217212,-1.566658044133706,False,False,
2014-06-06,618.25,1.4131611253350347e-05,0.01754264115119332,1.1755039588156209,False,-0.06219188471748194,0.01096780345203434,0.06517648033845057,-1.1224860224057858,False,False,
2014-06-09,612.5,0.00010953405892935327,0.017636071870637447,-0.5335643295079835,False,-0.06130268199233713,0.009323066488992008,0.06544854611428728,-1.0791033976217186,False,False,
2014-06-10,601.25,7.151496147708307e-05,0.01765346649074967,-1.0444895856524534,False,-0.062012480499219924,0.0078532151262573,0.0657839076664109,-1.0620484264900316,False,False,
2014-06-11,589.25,-3.2747433135934166e-05,0.017739911618509442,-1.1232114879588244,False,-0.07749510763209388,0.006360576341928485,0.06608551693038989,-1.2688965429800665,False,False,
2014-06-12,585.25,-0.0004737947819323611,0.017819506224818007,-0.354358607797967,False,-0.07470355731225298,0.004398015310874306,0.06636419521924815,-1.1919314678916624,False,False,
2014-06-13,586.0,-0.0005049501310905017,0.017828595374330736,0.10020159886457758,False,-0.06576325229174973,0.002712214424151435,0.0667503141936651,-1.0258448599542291,False,False,
2014-06-16,581.0,-0.00016266016397895378,0.0176089078887226,-0.4753141476520811,False,-0.06403544099879177,0.0016151254016422087,0.06719503045395986,-0.9770152042034701,False,False,
2014-06-17,581.75,0.00011801863768960827,0.017298655439052537,0.06780059660385236,False,-0.05020408163265311,0.0008692127641341848,0.0676134458584493,-0.7553718605573025,False,False,
2014-06-18,587.0,-0.00024833914454033785,0.01697156678955912,0.5463746699131794,False,-0.04475183075671274,0.00012145948986057734,0.06786694461708831,-0.6611950854683771,False,False,
2014-06-19,593.5,-0.000745708704033922,0.016113060054470264,0.7335020472293425,False,-0.02022286421791164,-0.0011045827425625364,0.06783551246251679,-0.2818329335377706,False,False,
2014-06-20,585.25,-0.000874624287815576,0.01597692392221455,-0.8152987081612804,False,-0.05337646583097455,-0.001978796095533385,0.06765107207331417,-0.7597465666137704,False,False,
2014-06-23,579.75,-0.0010078617977729435,0.016044086053218175,-0.5229236160827303,False,-0.053469387755102016,-0.003055926347994209,0.0678197633271776,-0.7433446967943853,False,False,
2014-06-24,571.0,-0.0012220881359711407,0.016047458485391512,-0.8643502179912086,False,-0.05031185031185026,-0.004315166595817477,0.0678679650945252,-0.677737775870685,False,False,
2014-06-25,575.5,-0.00152205124304767,0.01609422250787766,0.5842445586580782,False,-0.02333474756045817,-0.005784132581388629,0.0676521126158747,-0.25942449245777516,False,False,
2014-06-26,582.25,-0.0013911826209169842,0.016130689720620282,0.8133634836566468,False,-0.005126014523707867,-0.006683418491124996,0.0674277986257562,0.02309735745728808,False,False,
2014-06-27,585.25,-0.0016120578513087124,0.01582931401844433,0.4273390354947683,False,-0.0012798634812286602,-0.007797835812145707,0.06668829026633284,0.09773788329084819,False,False,
2014-06-30,564.75,-0.0020409087823172515,0.015182904426316401,-2.172631546867298,True,-0.0279690189328744,-0.009770456214117646,0.06419918701949699,-0.28347029866951334,False,True,shock
2014-07-01,559.75,-0.0023335270564928006,0.015604201580400361,-0.4178328444968154,False,-0.03781693167168032,-0.012358919618123167,0.060835263661074314,-0.4184745905826749,False,False,
2014-07-02,561.75,-0.002672486497189621,0.015463535414855385,0.40388630419351623,False,-0.043015332197615,-0.014894308423272558,0.05776349063455473,-0.48683040905980407,False,False,
2014-07-03,568.0,-0.0023206085864982814,0.015298310378515503,0.8789568232820777,False,-0.04296545914069083,-0.016483668549954762,0.056856330796039266,-0.46576678832361174,False,False,
2014-07-07,545.0,-0.0025280817690377998,0.015002255293518818,-2.5306112470864583,True,-0.06877402819307987,-0.01815592912018286,0.055740519287022505,-0.9081023951759614,False,True,shock
2014-07-08,545.25,-0.0035156413019270735,0.015031423198371035,0.2644032335333382,False,-0.05950840879689523,-0.02071539033563551,0.053525930534442503,-0.7247518739781171,False,False,
2014-07-09,539.5,-0.003285983354541844,0.014957647488754972,-0.4853462368036507,False,-0.05516637478108577,-0.022802678342768962,0.051899604497406174,-0.6235827180520089,False,False,
2014-07-10,536.75,-0.003227657357564341,0.014920150243596355,-0.12531073334640944,False,-0.06733275412684625,-0.024507926976213745,0.050807991617769464,-0.8428758112071301,False,False,
2014-07-11,514.75,-0.0037043244910209133,0.014384573171841723,-2.5918808557320863,True,-0.11592958351223703,-0.02684238953769831,0.04862432021165228,-1.8321529964174177,False,True,shock
2014-07-14,549.75,-0.004134191804697327,0.015005637759340008,4.80675096184584,True,-0.06065783853054252,-0.029292753578698257,0.048418223655018286,-0.6477950363342881,False,True,shock
2014-07-15,537.75,-0.0030111067872959133,0.017094308015251112,-1.1007755844465048,False,-0.047808764940239,-0.030271098402516343,0.04829905160368911,-0.3631058158579479,False,False,
2014-07-16,538.0,-0.003565274590027136,0.017020505145688765,0.23678349156035416,False,-0.038856632425189774,-0.03152710530275046,0.04749667713521041,-0.15431662938386398,False,False,
2014-07-17,550.75,-0.003277584015632932,0.016901852253160436,1.5960658258004248,False,-0.019581664441477575,-0.03214660626677774,0.04728188673981455,0.26574535602699695,False,False,
2014-07-18,532.25,-0.0029951478910330283,0.017174758571159847,-1.7814172066379972,False,-0.06294014084507038,-0.03285741096489045,0.046674999723857455,-0.6445148378823331,False,False,
2014-07-21,530.0,-0.00321354907272834,0.017459752521903533,-0.05806426544876768,False,-0.02752293577981646,-0.03355702198843242,0.04672810210206373,0.1291318486557892,False,False,
2014-07-22,524.5,-0.00295859166111716,0.017300636331078808,-0.4288146798463061,False,-0.038055937643282856,-0.03305777022518927,0.046587797078975056,-0.1072849057365978,False,False,
2014-07-23,530.75,-0.003231435335276022,0.01725343088089187,0.8779439881466184,False,-0.01621872103799815,-0.03303942784255264,0.046585524437074234,0.36107153472695563,False,False,
2014-07-24,528.75,-0.0029492796991202395,0.017326628643443347,-0.0472667124487227,False,-0.014904517931998096,-0.03280370005526267,0.04662583256002933,0.3838898125887602,False,False,
2014-07-25,538.0,-0.0031289245834051284,0.01726338457230272,1.1946101491018084,False,0.04516755706653708,-0.032288641096781916,0.04660709736464161,1.6618970616711481,False,False,
2014-07-28,534.75,-0.002989323779943076,0.017388476180329498,-0.17549372249291595,False,-0.027285129604365577,-0.03117340547296971,0.047450159018162234,0.08194442229615793,False,False,
2014-07-29,520.0,-0.002834920404194531,0.017308023261799088,-1.4298607023844676,False,-0.03300790330079029,-0.031006170243726157,0.04744134711408361,-0.04219384943371239,False,False,
2014-07-30,527.25,-0.0030681643589084324,0.01752363742616608,0.9707158187270161,False,-0.019981412639405227,-0.030540809986540355,0.047245234675940634,0.22350184985984292,False,False,
2014-07-31,530.25,-0.002842000155677411,0.01763338351561603,0.4838493176799654,False,-0.03722197004085337,-0.030131455996426883,0.047201341248163095,-0.15021848652875777,False,False,
2014-08-01,534.25,-0.0031397306768081606,0.017290436753015555,0.617875784945249,False,0.003757632691404389,-0.0302739781642,0.04720646589240763,0.7209099476577806,False,False,
2014-08-04,544.0,-0.0034909601170371087,0.016788417542031926,1.2949906133902498,False,0.026415094339622636,-0.03054492710640046,0.04694789390413046,1.2132604193563572,False,False,
2014-08-05,552.5,-0.0029863767107001313,0.016866421321690812,1.1034573580090308,False,0.05338417540514784,-0.03056627833266284,0.04692125771307584,1.7891773969736469,False,False,
2014-08-06,568.0,-0.00284102787349083,0.016980349501344402,1.8194753007633064,False,0.07018370230805471,-0.030155278281895986,0.04752402289429415,2.1113317955664406,True,True,trend
2014-08-07,561.5,-0.0020233298108188287,0.01697169882794851,-0.5550612379179765,False,0.06193853427895979,-0.029189633695690786,0.048817104432093195,1.8667262025221916,False,False,
2014-08-08,549.25,-0.0022706868800329676,0.01697200553646661,-1.151653872386655,False,0.02091078066914509,-0.028299707705674346,0.04986474900946092,0.9868792955416792,False,False,
2014-08-11,546.5,-0.002630915641791806,0.017097539252021194,-0.13896221059775904,False,0.021972884525479186,-0.027932791569880162,0.050127073416130416,0.9955832785422533,False,False,
2014-08-12,538.0,-0.0029440394417102386,0.016919859129381053,-0.7452475151973436,False,0.034615384615384714,-0.02803842465911692,0.05001177996406035,1.252781031179577,False,False,
2014-08-13,528.0,-0.0033691265620622523,0.016829380486137302,-0.9042658489579458,False,0.0014224751066855834,-0.028341954776916575,0.04955333466451688,0.6006544279030176,False,False,
2014-08-14,537.25,-0.0036169580366595257,0.016915734167220805,1.2494815313163274,False,0.013201320132013139,-0.029130763274926134,0.048579974122063274,0.8713895832997895,False,False,
2014-08-15,551.25,-0.003530938523426516,0.017007570344279063,1.7397882146760515,False,0.03182030884417397,-0.029529331308525072,0.04809965911751406,1.2754693334273632,False,False,
2014-08-18,542.5,-0.0032776520563709316,0.017306290410463776,-0.7277910816190599,False,-0.0027573529411765163,-0.029318811859881937,0.048335733536129535,0.5495201370814309,False,False,
2014-08-19,546.0,-0.003222812604617034,0.017259082405282948,0.5605411273128539,False,-0.0117647058823529,-0.029563909899097626,0.04815100845060182,0.3696538159736561,False,False,
2014-08-20,539.5,-0.003308526340743375,0.01719386942821935,-0.4999593372455161,False,-0.05017605633802813,-0.030039036658662213,0.04779109534582963,-0.4213550564942874,False,False,
2014-08-21,546.25,-0.0037215835923735696,0.01702012105839612,0.9537633920122434,False,-0.027159394479073895,-0.03176553920806513,0.04609618911252674,0.09992463189846436,False,False,
2014-08-22,552.0,-0.0037488699140367063,0.01699203673866783,0.840110336568728,False,0.005006827492034516,-0.03329160701360087,0.04394568422318198,0.8714947823120345,False,False,
2014-08-25,542.5,-0.0035720767182011995,0.017071540339630858,-0.7988774262902836,False,-0.007319304666056681,-0.03427436889981203,0.04219638745327891,0.6388002826924649,False,False,
2014-08-26,541.5,-0.003746732025011652,0.017143982027345874,0.11102520112452895,False,0.006505576208178487,-0.03510248696299371,0.041017853529528595,1.014389091355517,False,False,
2014-08-27,547.25,-0.003537391469321351,0.017068925596760633,0.8293458942077782,False,0.03645833333333326,-0.03527755720476875,0.04080855204690887,1.7578641470945253,False,False,
2014-08-28,556.5,-0.0032370792853526576,0.017117789456986224,1.1765406176197732,False,0.03583061889250816,-0.03489141039212247,0.041352174124606005,1.710237267610762,False,False,
2014-08-29,550.25,-0.0029077648222224097,0.017265838457371976,-0.48205841005922584,False,-0.0018140589569161092,-0.034263009673179044,0.04206744554434359,0.7713553864842653,False,False,
2014-09-02,543.5,-0.0026956054930819488,0.017060559177820112,-0.5610335336621152,False,0.0018433179723502668,-0.03368878665375467,0.04221422929335333,0.8417091871839408,False,False,
2014-09-03,523.5,-0.0028053251217026783,0.017095734960952878,-1.9884025468818005,False,-0.04120879120879117,-0.03327303436403388,0.04241074630001017,-0.18711665172360786,False,False,
2014-09-04,525.25,-0.003217338423699164,0.017537909470318507,0.37405956887344033,False,-0.02641334569045417,-0.033191376942213975,0.04238919968323061,0.1598999580650547,False,False,
2014-09-05,531.5,-0.003177710395953171,0.017549480630749282,0.8591026926612088,False,-0.027002288329519453,-0.03267931456124094,0.04223366560621694,0.13441945306508762,False,False,
2014-09-08,533.5,-0.0029399848703083407,0.017632253436218662,0.38015106712960095,False,-0.03351449275362317,-0.031923299063873915,0.04181335700651844,-0.03805467447880825,False,False,
2014-09-09,527.5,-0.00276552704326539,0.017632990701119303,-0.48097107142952245,False,-0.027649769585253448,-0.03117340208704544,0.041262844204158426,0.0853948042058837,False,False,
2014-09-10,518.75,-0.002815116364065943,0.01765178292422958,-0.7802362752913615,False,-0.042012927054478344,-0.030303675588636225,0.04062719810609694,-0.28821213403059925,False,False,
2014-09-11,503.0,-0.002899766629069798,0.01770301391780376,-1.5512431545029026,False,-0.08085883965280949,-0.029715388565609107,0.04012416495302004,-1.2746296688562224,False,False,
2014-09-12,498.25,-0.0030695922918742725,0.017906105822257788,-0.35595387024026115,False,-0.10467205750224617,-0.029574512806101568,0.039922618464388535,-1.8810776343022824,False,False,
2014-09-15,500.75,-0.003148701619269237,0.01792117858862448,0.4556766757282801,False,-0.08995910949568375,-0.029803473572798177,0.040306711237711575,-1.492447140331386,False,False,
2014-09-16,496.25,-0.002951337655572422,0.017928615573121687,-0.33662289982646154,False,-0.08693652253909845,-0.030053344420895307,0.04062376497780887,-1.4002438757036955,False,False,
2014-09-17,499.25,-0.0029604859884091363,0.01793155670189779,0.5022333637008736,False,-0.04632282712511937,-0.03020991788519595,0.04082224210033593,-0.39470907061694255,False,False,
2014-09-18,488.5,-0.0027417121970638547,0.017940116707193438,-1.047406020668369,False,-0.06996668253212757,-0.029769589939362042,0.040461575546787636,-0.9934633550362792,False,False,
2014-09-19,474.5,-0.0028516045157405533,0.018030620502713975,-1.4313182497731034,False,-0.10724365004703673,-0.02947687983049958,0.04008352888402724,-1.9401178584235428,False,False,
2014-09-22,476.75,-0.0032772640733199822,0.01825963899785757,0.43917065300238,False,-0.10637300843486408,-0.029793198346165266,0.04060597421367669,-1.8859247086579098,False,False,
2014-09-23,476.0,-0.003024183374838746,0.01823717785166134,0.07956449400827549,False,-0.09763033175355451,-0.0300372484448301,0.04101391366727934,-1.6480525086453715,False,False,
2014-09-24,480.25,-0.0033202997385653505,0.01802691286407845,0.6794769165132323,False,-0.07421686746987954,-0.030509761071977733,0.04158946748526144,-1.0509176731678718,False,False,
2014-09-25,474.0,-0.003077246188799306,0.018068036414587096,-0.5499661813152125,False,-0.05765407554671964,-0.030681950211678296,0.04174512192100146,-0.6461144223289955,False,False,
2014-09-26,474.25,-0.003005868965343552,0.01801731991045026,0.19610547757615318,False,-0.048168590065228334,-0.03062383814564496,0.04170393157495331,-0.4206977917190058,False,False,
2014-09-29,481.25,-0.002732724350426784,0.017911819301349486,0.976610564097467,False,-0.03894158761857214,-0.030232817911420084,0.04139486200110535,-0.2103828660407059,False,False,
2014-09-30,477.75,-0.002445411846415023,0.0180183929487751,-0.2679104313040559,False,-0.037279596977329965,-0.029755991648837667,0.04108045898440017,-0.18314316622775076,False,False,
2014-10-01,479.0,-0.002559468258463748,0.018021556634082884,0.28720601396522827,False,-0.040560841261892855,-0.029376209577978738,0.040874225078006275,-0.2736353206102096,False,False,
2014-10-02,482.75,-0.0024108168665164017,0.018017603146107536,0.5683123778650493,False,-0.011770726714431912,-0.029063214914820095,0.040694719533045966,0.42493199114803815,False,False,
2014-10-03,485.75,-0.002323644436863403,0.018051538528291545,0.47298135331441055,False,0.023709167544784027,-0.028550770182577137,0.040666882331697775,1.2850736208668543,False,False,
2014-10-06,491.5,-0.0023611124151615274,0.018030570057075868,0.787466911465133,False,0.030938647089669535,-0.027637956871890516,0.04106471296919897,1.4264462046890738,False,False,
2014-10-07,506.25,-0.0023509242676069894,0.018038477854164108,1.794003766238864,False,0.06355042016806722,-0.026955803387789436,0.041610861874809585,2.175062459127947,True,True,trend
2014-10-08,507.75,-0.0017654474321140837,0.01836813915667556,0.2574245738637431,False,0.0572618427902134,-0.025396778241135547,0.042781556436595876,1.9321087850988454,False,False,
2014-10-09,493.25,-0.0016006386820283857,0.018354181058951827,-1.4686965404420327,False,0.04061181434599148,-0.023920361833864673,0.04370049277421643,1.4766921854467177,False,False,
2014-10-10,498.5,-0.0017801673290941651,0.018552712609952476,0.6696517863860881,False,0.05113336847654182,-0.02270804630509345,0.044216590687866854,1.6699934036727426,False,False,
2014-10-13,505.25,-0.0017433302740347519,0.018574883786746883,0.822828950915778,False,0.04987012987012984,-0.021715138091266784,0.04503094008278699,1.5896907288586672,False,False,
2014-10-14,509.25,-0.0017191744006805453,0.018593809041438307,0.5182395502952463,False,0.06593406593406592,-0.02098185616601561,0.045746814344922185,1.8999338717829004,False,False,
2014-10-15,506.0,-0.001682315108662505,0.018610347668434425,-0.2525272064795653,False,0.056367432150313146,-0.020085670440478355,0.046784588088777404,1.634151452733019,False,False,
2014-10-16,517.0,-0.0013003706860622696,0.018206309865508252,1.2654679224422722,False,0.07094769549456248,-0.01896118442603585,0.047598989750189696,1.8888821042728121,False,False,
2014-10-17,516.0,-0.0008924692804127243,0.018376707370771423,-0.05668951871288114,False,0.06227483273288725,-0.017510989397152617,0.04866174764838133,1.639600425092703,False,False,
2014-10-20,513.5,-0.0009658994090536721,0.018369624572181806,-0.21116718069081844,False,0.04476093591047814,-0.016107120531412587,0.0494287574898486,1.2314300324945748,False,False,
2014-10-21,519.25,-0.0011788448349962725,0.018320061143800623,0.675571322292319,False,0.02567901234567893,-0.014937435264063664,0.04982101621935904,0.8152472729763427,False,False,
2014-10-22,522.25,-0.0004896365570912576,0.017785575788655254,0.3523754544411392,False,0.02855736090595773,-0.013678061390213549,0.049635190221261914,0.8509169020587163,False,False,
2014-10-23,526.75,-0.00041871858112321487,0.0178000066354377,0.5075998967278118,False,0.06791687785098843,-0.012503851127508842,0.04957798367584361,1.622105681108639,False,False,
2014-10-24,517.75,-0.0001632227914775619,0.017790205237551582,-0.9512358689317156,False,0.038615847542627924,-0.01086274109241452,0.05018017105966264,0.9860187319053568,False,False,
2014-10-27,522.75,-0.0003230706821824351,0.01788872486888936,0.5579067934907826,False,0.03463631865413164,-0.009450093070154863,0.05006013522663917,0.8806690498276202,False,False,
2014-10-28,530.75,0.0003521905813116089,0.017278441712909536,0.8653264059169579,False,0.04221894943544435,-0.007442547707936614,0.04873379567341322,1.0190361012752769,False,False,
2014-10-29,538.25,-0.00035034927841547456,0.015467222908635865,0.9362570215344821,False,0.06373517786561256,-0.0060708572017234555,0.04866349042458,1.4344642042379452,False,False,
2014-10-30,536.0,0.00012910472767687717,0.015349338459052902,-0.2807494534397907,False,0.03675048355899424,-0.004583604630978768,0.049073434740658624,0.8422905062263073,False,False,
2014-10-31,532.5,6.716987831881572e-05,0.015357334683798306,-0.4295680702685478,False,0.03197674418604657,-0.003575509751189648,0.04913640625602045,0.7235420057379587,False,False,
2014-11-03,538.25,-0.0003358799284096244,0.015123639524527561,0.7361985834216743,False,0.04819863680623171,-0.0028880643028226594,0.04926992905067149,1.0368738517263627,False,False,
2014-11-04,530.5,0.00025596914352741845,0.014666302583190927,-0.9991940887769757,False,0.02166586422725092,-0.0014062139341386316,0.04911044163417015,0.46979985098192273,False,False,
2014-11-05,524.75,0.00012035345120766501,0.014755075348725683,-0.7427400052815584,False,0.00478697941598849,-0.0007503632673777331,0.04908539201128027,0.11281039951954937,False,False,
2014-11-06,520.25,0.00011420048053208435,0.014759607648425585,-0.5887495681567919,False,-0.012339819648789718,-0.00017912437325411516,0.0488942992867036,-0.24871396978671098,False,False,
2014-11-07,514.5,-0.00015902115586989397,0.014727815472622394,-0.739645165196673,False,-0.0062771607918880035,-0.00012740568806466937,0.04887915302592186,-0.12581550053786655,False,False,
2014-11-10,517.25,-0.00025614283841906893,0.014775876905694842,0.3790731348860773,False,-0.010521281683405048,-1.2374259529868147e-05,0.048854052152010524,-0.21510820415011775,False,False,
2014-11-11,525.25,-0.0004181307676670931,0.014644664103727697,1.0846639805694733,False,-0.010362694300518172,-0.0007548921095290965,0.048580529890331466,-0.19777063388724436,False,False,
2014-11-12,542.75,-0.0001313667531805122,0.014743314312010345,2.268745949367288,True,0.008360427310729168,-0.0005292596388111311,0.04849486759664581,0.18331191299417346,False,True,shock
2014-11-13,553.75,0.0006806392544813411,0.014887331472105756,1.3156500729446767,False,0.03311567164179108,2.2318102675794962e-05,0.048355525683797085,0.6843758406333316,False,False,
2014-11-14,560.5,0.0007649705918066892,0.014981087952622103,0.7626045382782329,False,0.05258215962441315,0.000730279226425079,0.0484473018355858,1.070273852896004,False,False,
2014-11-17,551.75,0.000851633469487744,0.015028686997635215,-1.0954180511087679,False,0.025081281932187727,0.001927667621961966,0.04860613240347791,0.47635171048024083,False,False,
2014-11-18,549.0,0.0005429044954051705,0.015126866769542465,-0.36537942377512417,False,0.03487276154571162,0.0022119829451724103,0.048679291115262736,0.6709378434292536,False,False,
2014-11-19,537.75,0.00023311750364592024,0.014996688292399902,-1.3819664967523193,False,0.02477370176274407,0.002324751841253597,0.048745867804591406,0.46053031636408764,False,False,
2014-11-20,547.25,-0.00024843987340325964,0.015075426936858833,1.1883339500139074,False,0.05189812590100917,0.00194327885935488,0.04845195293094788,1.031018236000689,False,False,
2014-11-21,547.25,-0.00038694783174877403,0.014858030563998896,0.0260430095416785,False,0.06365403304178807,0.0016994711739276062,0.04814898923405478,1.286726115198308,False,False,
2014-11-24,542.25,-0.0002343656721243607,0.014801603295281171,-0.6014366282792231,False,0.04833252779120345,0.0017223444907653166,0.04817839118748252,0.9674499739739788,False,False,
2014-11-25,551.5,-6.529939576292628e-05,0.014623096639990384,1.1710140571180687,False,0.04997620180866247,0.002087967785726095,0.04842937641603928,0.9888261540174677,False,False,
2014-11-26,562.0,0.0002289056685076929,0.01474380426300834,1.2757954855772782,False,0.03546752648549045,0.0024613453495018717,0.04869199254846444,0.6778564484321863,False,False,
2014-11-28,577.25,0.0006901390952124838,0.014784433632165505,1.7887118897797072,False,0.04243792325056428,0.0024727072411032816,0.0486996956407695,0.8206461145930379,False,False,
2014-12-01,606.75,0.001299773654032769,0.014920839858946005,3.3379220610069327,True,0.08251561106155214,0.003019579883021664,0.048917546675561696,1.6251025773180328,False,True,shock
2014-12-02,605.25,0.0017475794512863791,0.015886899813133713,-0.26561301369051477,False,0.0969642048028998,0.003943770428748851,0.049760024538074724,1.86938079789279,False,False,
2014-12-03,597.0,0.0013671685205116665,0.01563651783840995,-0.9591585401783319,False,0.08743169398907114,0.004812355708198528,0.05081066602996754,1.6260235249060635,False,False,
2014-12-04,599.75,0.0013970656507805445,0.015605221347927137,0.20565549419616502,False,0.11529521152952116,0.006014876333935164,0.051688746263029176,2.114199764867381,True,True,trend
2014-12-05,609.0,0.0013724623475259224,0.015598597832746499,0.9007624120147051,False,0.1128369118318866,0.007709008566093484,0.05315944680904252,1.9775958851383433,False,False,
2014-12-08,610.0,0.0017368337456613874,0.015603439013556894,-0.0060754312420594515,False,0.11466423024211969,0.009882514808359015,0.054085201514936225,1.9373453828183307,False,False,
2014-12-09,600.5,0.001591906429982101,0.015552404568348796,-1.1037313777652002,False,0.10742277547256807,0.011773496471308263,0.05523957485932644,1.7315353936890543,False,False,
2014-12-10,593.25,0.001243905279565074,0.015641539132028835,-0.8513981546356593,False,0.07570262919310977,0.013139042444382043,0.056325253534816204,1.1107555283360675,False,False,
2014-12-11,610.25,0.001312396914957481,0.01557072645422252,1.756071769488111,False,0.0858540925266904,0.014246001562504263,0.0567320975786722,1.2622147606103393,False,False,
2014-12-12,627.5,0.001719050622210676,0.015882342884140976,1.6715451377356343,False,0.08705067128627109,0.015303981780084424,0.05732259844291552,1.2516300979906785,False,False,
2014-12-15,619.0,0.0019543633122527633,0.016144556298733237,-0.9600870880878112,False,0.020189534404614795,0.01597854628612359,0.05786997245646986,0.07276637502564454,False,False,
2014-12-16,623.25,0.0015483831518831245,0.016146415014504145,0.3293319046896992,False,0.029739776951672958,0.015769998492951683,0.05782563029614574,0.24158454282602784,False,False,
2014-12-17,648.5,0.001789674088147694,0.016087974513767145,2.4070005521245617,True,0.08626465661641536,0.016190716305066206,0.05781075145374115,1.21212643927351,False,True,shock
2014-12-18,655.25,0.0024934152737505883,0.01661068038908195,0.47651389666801425,False,0.0925385577323885,0.017316334153653738,0.058347007600159,1.2892216185998504,False,False,
2014-12-19,632.25,0.0031228441186990767,0.015984269449705643,-2.3913479866496887,True,0.03817733990147776,0.019099632139536134,0.05857754217984566,0.3256829674309133,False,True,shock
2014-12-22,625.75,0.0026102575736373403,0.01658234345700732,-0.7773931943870529,False,0.025819672131147442,0.019960841280761893,0.05837381943168336,0.10036744053114967,False,False,
2014-12-23,635.5,0.002314526386363232,0.01661219862645266,0.7986165076058438,False,0.058284762697751846,0.020665134086904118,0.0581176340944565,0.6473014464027544,False,False,
2014-12-24,611.5,0.002472104617665975,0.016682029390259735,-2.4120352879171785,True,0.03076274757690678,0.021889124159589112,0.057927522070330084,0.15318493006733755,False,True,shock
2014-12-26,610.75,0.0021185172380336756,0.017248172320550675,-0.19393414027201153,False,0.0008193363375665896,0.02266795772175125,0.05764445822590596,-0.37902379615679493,False,False,
2014-12-29,615.5,0.002323333044605711,0.01711372150846039,0.3186910524556219,False,-0.01912350597609558,0.023239054566978515,0.05720549347299357,-0.740533084695323,False,False,
2014-12-30,602.0,0.0028318499612284024,0.016690803972445052,-1.483765401113039,False,-0.02746365105008075,0.024062192349334703,0.05612125699880046,-0.9181163458351757,False,False,
2014-12-31,589.75,0.0026653159941669754,0.01687621628749201,-1.3637033806284249,False,-0.053750501403931006,0.025091637768696908,0.05440997892131077,-1.4490382230555836,False,False,
2015-01-02,581.25,0.0023270973451745705,0.01708137631224199,-0.9800137796639343,False,-0.10370084811102542,0.02557441920992028,0.05352884007701628,-2.4150582589674445,True,True,trend
2015-01-05,589.0,0.0022547457905508746,0.017141331966986386,0.6463084411479529,False,-0.10110644792064094,0.025350894868961256,0.05403759361729471,-2.340173466738711,True,True,trend
2015-01-06,591.75,0.0023519190343236143,0.01718371623028236,0.1348376174930953,False,-0.06405693950177938,0.024620446591687634,0.05537328769747626,-1.6014470113810606,False,False,
2015-01-07,579.5,0.002701268752165798,0.016956417489874406,-1.3801605463438542,False,-0.07391130643228128,0.02469924316542561,0.05524091724689756,-1.7850997867571625,False,False,
2015-01-08,567.0,0.0028073734324499905,0.01678152408250322,-1.4526506980728542,False,-0.1077891424075531,0.02514367441362235,0.054290965467141725,-2.4485255636433614,True,True,trend
2015-01-09,563.75,0.0024565447291209027,0.017013963043586183,-0.48127923557450336,False,-0.07808667211774323,0.025124792627319828,0.05433754986837067,-1.8994501039352418,False,False,
2015-01-12,555.5,0.002401094451098813,0.01703403880867167,-1.0000705636463596,False,-0.09046254604993864,0.025385374755797312,0.053784960128557546,-2.153909206752867,True,True,trend
2015-01-13,548.0,0.002086924880831682,0.017129047624346482,-0.9100491374481737,False,-0.10966693744922829,0.025168765708063187,0.05422244454047498,-2.4867138377843108,True,True,trend
2015-01-14,537.75,0.0020804276147594215,0.0171349444274554,-1.2130069790888658,False,-0.10672757475083061,0.02447526088269641,0.05561090830258099,-2.3593003538019484,True,True,trend
2015-01-15,532.75,0.0018240035384610017,0.017301590544446528,-0.64283133043112,False,-0.09665112335735482,0.023694474420221708,0.05703741588248946,-2.1099412712791348,True,True,trend
2015-01-16,532.75,0.0015032282247106538,0.017281520562023717,-0.08698471985237284,False,-0.08344086021505381,0.02292501394370461,0.05826977397934564,-1.8254039254804895,False,False,
2015-01-20,537.0,0.0016001979216803514,0.017251990712895952,0.36965458352766145,False,-0.0882852292020373,0.02230953043386829,0.059151411068566306,-1.8696892878465385,False,False,
2015-01-21,536.75,0.0016716785106912738,0.01726735762434751,-0.12377272223218853,False,-0.09294465568229826,0.02167320526133303,0.06008619562156002,-1.9075572976117048,False,False,
2015-01-22,533.75,0.0015610870524365042,0.0172539464735101,-0.4144142493958483,False,-0.07894736842105265,0.02059088620842815,0.06141318507603089,-1.6207961613821238,False,False,
2015-01-23,530.0,0.0014037058403011111,0.01726475752122965,-0.4882470520687931,False,-0.06525573192239864,0.01922213239555032,0.062477509166131526,-1.3521323984494507,False,False,
2015-01-26,520.5,0.0011521974933176246,0.01724809723389014,-1.106019147301728,False,-0.07671840354767179,0.017939540675389415,0.06321673913927119,-1.4973556926832734,False,False,
2015-01-27,519.0,0.0005130681434260697,0.01705130166695819,-0.1990999039333284,False,-0.06570657065706575,0.016069289692512895,0.06392011358347655,-1.279344728366031,False,False,
2015-01-28,505.25,0.0004351373788478489,0.017053309779366126,-1.5790713937227927,False,-0.07801094890510951,0.014429710846549171,0.06442433615790438,-1.4348717466810392,False,False,
2015-01-29,507.75,0.00046265877410005247,0.01700749212018376,0.2637300500404558,False,-0.05578800557880059,0.01284807400320116,0.06522402056213666,-1.0523129207684236,False,False,
2015-01-30,502.75,0.0003867168502273932,0.016974100736929326,-0.602923408932195,False,-0.05631159080244019,0.011422455682463261,0.06554362175363729,-1.0334193423045717,False,False,
2015-02-02,492.75,7.487701429089721e-05,0.016943987619039716,-1.1783223143150252,False,-0.07508212106992018,0.010006699406828993,0.06584798833929728,-1.2922007584849666,False,False,
2015-02-03,513.75,-0.00029588931272151933,0.017073813671106493,2.5134308342325973,True,-0.04329608938547491,0.00812648358010918,0.06624156817667835,-0.7762885810376756,False,True,shock
2015-02-04,511.0,0.0003574426158540186,0.017761430938050476,-0.32149665695847,False,-0.04797391709361898,0.006797636626298672,0.06626040056635861,-0.826610664163808,False,False,
2015-02-05,525.75,-3.783097323456867e-06,0.017595418521052848,1.6406971910656596,False,-0.014988290398126436,0.0052120151251229185,0.06612730749420738,-0.3054760021042572,False,False,
2015-02-06,527.0,0.0004068729909776344,0.01790641517594347,0.11005457330358555,False,-0.005660377358490565,0.004181840150042736,0.06582748045952382,-0.14951533067690645,False,False,
2015-02-09,529.75,0.0005031732191492748,0.017897208157533446,0.26345131923000653,False,0.01777137367915471,0.003509555973123154,0.06566472379420114,0.21719146722872562,False,False,
2015-02-10,521.75,0.0004234472621144514,0.017862208039829106,-0.8691484379602287,False,0.005298651252408471,0.0034041207909028307,0.06563498791708203,0.02886464249675855,False,False,
2015-02-11,525.75,0.00014506023880568985,0.017940167468705633,0.4192517557088841,False,0.04057397328055412,0.0030940046621888407,0.06556945071193232,0.5716071769920238,False,False,
2015-02-12,521.25,0.0001323928254589246,0.0179344394721229,-0.48463148124566785,False,0.026587887740029625,0.0027294326012497166,0.06527953270083203,0.36548140208233776,False,False,
2015-02-13,533.0,0.000246082198630481,0.017850645184574514,1.2490239987232945,False,0.06016907011437089,0.0025690598038817392,0.06520491079375454,0.8833692065415141,False,False,
2015-02-17,534.75,0.0004178794783344812,0.018003788556997354,0.15915664507966848,False,0.0852359208523592,0.0029094964900182626,0.06544082418617711,1.2580285377843778,False,False,
2015-02-18,527.75,0.0002576077398704898,0.017922803973150256,-0.7447404345255072,False,0.027250608272506138,0.0034830561089104605,0.06597633103969347,0.36024361750725964,False,False,
2015-02-19,527.75,-0.00010534127149541383,0.017913684215273996,0.005880491708433445,False,0.03277886497064575,0.002996595181002375,0.06565981875217516,0.4535844045207139,False,False,
2015-02-20,510.25,-4.9605089423886045e-05,0.017907336410980648,-1.848964811501778,False,-0.029481692819781302,0.002943640266491062,0.06563382464636608,-0.49403388056355857,False,False,
2015-02-23,505.75,-0.00040466894588765917,0.01829732115747936,-0.4598781019979183,False,-0.040322580645161255,0.0021241944397466903,0.06565010041298225,-0.6465607031503358,False,False,
2015-02-24,505.75,-0.0006662333237165023,0.01827521430037683,0.0364555683323924,False,-0.045304388862671074,0.000943911540394784,0.06560628214706918,-0.7049370714132427,False,False,
2015-02-25,497.75,-0.000474253141025683,0.018204498992785284,-0.8428597132892635,False,-0.04599904168663149,5.097483252915739e-05,0.06577596505086769,-0.7001040043053413,False,False,
2015-02-26,503.25,-0.0005406432830446794,0.01825182638766066,0.6350250541385009,False,-0.042796005706134066,-0.0006261721155057757,0.06598762429859917,-0.6390567025084354,False,False,
2015-02-27,517.5,-0.0002789734709707033,0.018275741001930915,1.5646380530717066,False,-0.007194244604316502,-0.001032254596270367,0.06615418549048943,-0.09314588279424899,False,False,
2015-03-02,508.0,0.00024593752920045733,0.018525781448206637,-1.0041911324451387,False,-0.046904315196998114,-0.0010444823804360804,0.06615525279458076,-0.6932152909907516,False,False,
2015-03-03,508.75,-7.009557831445967e-05,0.01863944345546297,0.08296779540470792,False,-0.0486208508648901,-0.0015295894939506545,0.06635876668940394,-0.7096464223235617,False,False,
2015-03-04,493.5,-0.00025662932418684704,0.01855165690447086,-1.6019485916689782,False,-0.06489815253434394,-0.00203969824814228,0.06657428335978141,-0.9441852185851011,False,False,
2015-03-05,481.25,-0.0011005346288251367,0.018443012287683178,-1.286241099697051,False,-0.08810990052108003,-0.003016479312743255,0.0669559627595454,-1.2708863811566304,False,False,
2015-03-06,485.75,-0.0017017326691874013,0.018471951945168402,0.5983331947075441,False,-0.04801567858892697,-0.00463282027491487,0.06753266340562526,-0.6423981541115767,False,False,
2015-03-09,494.25,-0.0017395855612163643,0.018445991563214362,1.042952818512848,False,-0.022738507167572863,-0.005974124784426072,0.067379770052196,-0.24880438698677954,False,False,
2015-03-10,496.5,-0.0012981218961218607,0.018505630365640537,0.3161456177976445,False,-0.018289668808699977,-0.006611721972422879,0.06730814465962129,-0.17349975839228257,False,False,
2015-03-11,503.0,-0.0011709686505627706,0.018512722797074353,0.7704220658049129,False,0.010547463586137562,-0.007320554377148367,0.0671450947870027,0.26611054791071126,False,False,
2015-03-12,513.25,-0.0007231893869744846,0.01844511083827284,1.143984613071578,False,0.019870839542970753,-0.007510237552836454,0.06707326007891716,0.4082264238176456,False,False,
2015-03-13,508.75,-0.0006870356292172956,0.018484258326671343,-0.43716233105834257,False,-0.016908212560386437,-0.0079372680376103,0.06679127807707153,-0.13431311364373685,False,False,
2015-03-16,514.0,-0.0008039377237131558,0.01850756496290708,0.6010162906582805,False,0.011811023622047223,-0.00901143131230596,0.06627014366481847,0.3142056706511626,False,False,
2015-03-17,503.5,-0.0005445243587721515,0.018525535955286415,-1.0733018064050288,False,-0.010319410319410305,-0.009498384701228043,0.06597661587934679,-0.012444191131046998,False,False,
2015-03-18,510.75,-0.0010443452640050074,0.018549864880120497,0.8325424969336556,False,0.0349544072948329,-0.010302326196269014,0.0656084410637045,0.6898004701431408,False,False,
2015-03-19,512.0,-0.001106208984357225,0.018489620950247868,0.19219378785136923,False,0.0638961038961039,-0.010309167785477781,0.06560363030424761,1.1311153260489173,False,False,
2015-03-20,530.0,-0.001435380317886811,0.018197494873083604,2.0108059143904726,True,0.09109624292331442,-0.01002305871020392,0.0658829751032275,1.5348320484173865,False,True,shock
2015-03-23,534.0,-0.0016480219737262805,0.017660515979418628,0.5206638240786967,False,0.0804248861911987,-0.009908650285380422,0.06605307451246387,1.367590186275639,False,False,
2015-03-24,523.5,-0.0015144305377582793,0.017692064501061127,-1.0257983634113372,False,0.05438066465256797,-0.010129174533536437,0.06571820818335483,0.9816128736517122,False,False,
2015-03-25,519.0,-0.0015948597410311398,0.017761465517351194,-0.3941751760749349,False,0.031809145129224614,-0.010569854924689813,0.065163636536184,0.6503473763374495,False,False,
2015-03-26,499.25,-0.0017708911236686193,0.01776459857511317,-2.042436175890965,True,-0.027277155382367302,-0.011683002476693766,0.06368070662800161,-0.24488033709752355,False,True,shock
2015-03-27,507.75,-0.0024839183617894043,0.018134515360752054,1.075819026929951,False,-0.0019656019656019152,-0.013551190039550486,0.06201170405430207,0.18682905510552275,False,False,
2015-03-30,530.25,-0.0022788049993538537,0.01826831844159384,2.550423640889383,True,0.03161478599221801,-0.015106254468986773,0.060188563101519495,0.7762444898776008,False,True,shock
2015-03-31,511.75,-0.0014803127763513757,0.018974507264029692,-1.760725059407328,False,0.01638530287984108,-0.016117027662058105,0.058721737221207645,0.5534974283792273,False,False,
2015-04-01,528.5,-0.0017845251887904305,0.0193262756290261,1.7859287246937812,False,0.03475281448849721,-0.016907925346235024,0.05786150489654878,0.8928343624504242,False,False,
2015-04-02,536.25,-0.0017301903150998,0.019418521700824885,0.844262728692682,False,0.04736328125,-0.0175892757200776,0.05692842344109629,1.1409512690489991,False,False,
2015-04-06,527.75,-0.0019115631130042,0.019196816400145134,-0.7261231470498535,False,-0.004245283018867951,-0.018118440920561214,0.05612135430017209,0.24719927155518986,False,False,
2015-04-07,526.0,-0.001942296434574174,0.019217528000738598,-0.07147993037804956,False,-0.014981273408239737,-0.01844423848620765,0.05596667407998146,0.0618754845610268,False,False,
2015-04-08,526.25,-0.002078054791382512,0.019190408091246836,0.13305292677178038,False,0.005253104106972328,-0.01904051915767315,0.055683893474807726,0.43627738199801525,False,False,
2015-04-09,518.75,-0.002611896824105823,0.018535291652070948,-0.6279849741278706,False,-0.0004816955684007196,-0.020120673191132393,0.05438414397515011,0.36111587288576913,False,False,
2015-04-10,526.5,-0.002940702381238398,0.018519918016083093,0.965471953053748,False,0.05458187280921378,-0.021360943235142916,0.052818303475914465,1.4378124825419123,False,False,
2015-04-13,502.25,-0.0022734908414508612,0.01824499055783822,-2.3998581096525307,True,-0.010832102412604683,-0.02114221612970644,0.05310139860571607,0.19415898616259666,False,True,shock
2015-04-14,497.0,-0.0027505326549893136,0.01891269873842129,-0.4072622910149272,False,-0.06270627062706269,-0.021630906456956464,0.0528313353519879,-0.7774810895170885,False,False,
2015-04-15,490.75,-0.0030976561764499712,0.01881032888116127,-0.5038612881106997,False,-0.04103566194430874,-0.023244120234620656,0.05220160847149329,-0.34082363035621493,False,False,
2015-04-16,494.5,-0.002761788360057782,0.018403441572229402,0.5652830518947807,False,-0.06433301797540203,-0.0242014323615702,0.05185500188236495,-0.7739192779294823,False,False,
2015-04-17,494.5,-0.002643550260198113,0.01844188568301096,0.14334490006265496,False,-0.07785547785547786,-0.025070130419076447,0.05197576850571765,-1.0155760838936843,False,False,
2015-04-20,498.75,-0.0027472478997123714,0.01840432535366655,0.6162566473421643,False,-0.054950260540028384,-0.02585322337746821,0.05232622409026995,-0.5560698802260942,False,False,
2015-04-21,500.75,-0.0023402088673233285,0.018311612889137217,0.3467872528993385,False,-0.0480038022813688,-0.026219711504000848,0.05243380207676472,-0.41545891990581507,False,False,
2015-04-22,498.75,-0.0020154240370305414,0.018203588046886866,-0.10869203062569191,False,-0.052256532066508266,-0.026143088849033352,0.05239721319026028,-0.4983746582600493,False,False,
2015-04-23,497.75,-0.001876505665964842,0.018147368231976862,-0.007081294858891073,False,-0.04048192771084336,-0.025457164635106454,0.051700285861081816,-0.2906127659740277,False,False,
2015-04-24,486.0,-0.002081016944160332,0.018059861610985058,-1.1918812860041155,False,-0.07692307692307687,-0.024648837698975818,0.05097031095460721,-1.025582113294445,False,False,
2015-04-27,470.25,-0.0024580190563817973,0.018211538380201446,-1.6445281955743467,False,-0.06371329019412642,-0.024820386197926453,0.05112615065038165,-0.7607242771348683,False,False,
2015-04-28,471.5,-0.0026141003594846463,0.018418986509911636,0.28624055452481084,False,-0.05130784708249492,-0.024684412648084388,0.05100724850654457,-0.5219539421146108,False,False,
2015-04-29,477.25,-0.0022910539622363504,0.018294070194796074,0.7918508980891856,False,-0.0275089149261335,-0.023931328710416946,0.05017383182655835,-0.07130382682517863,False,False,
2015-04-30,467.0,-0.002052026704238902,0.018365481348634725,-1.0577009187855408,False,-0.0556117290192113,-0.023256958614528818,0.049774421058766845,-0.6500280609287726,False,False,
2015-05-01,470.0,-0.0021432675956944373,0.018445658227394,0.46445891816157114,False,-0.04954499494438824,-0.022792281054119116,0.049298940175712236,-0.5426630632406414,False,False,
2015-05-04,469.25,-0.0018775964889692028,0.018423336005019754,0.015298630391439407,False,-0.059147869674185505,-0.021990655154054586,0.0483468372385214,-0.7685552280661928,False,False,
2015-05-05,464.0,-0.0016494813572199662,0.018317789677066067,-0.5207279302692637,False,-0.07338991512730908,-0.02135625908636598,0.04752509469714609,-1.0948669618130766,False,False,
2015-05-06,475.75,-0.0016746822256608492,0.018329750627014106,1.4729037310491622,False,-0.04611528822055133,-0.021046109643298706,0.04710108919475719,-0.5322420140560798,False,False,
2015-05-07,465.75,-0.0013370385474999298,0.0185923687599842,-1.0586281227178973,False,-0.06428930185836268,-0.020548435350038672,0.046627725698831765,-0.9380870684289008,False,False,
2015-05-08,476.5,-0.0017236641254791281,0.01869725480523876,1.3266501660494319,False,-0.019547325102880708,-0.02022848965212301,0.04623734717391379,0.01473191242309425,False,False,
2015-05-11,476.25,-0.0014097094399485898,0.018915088172838237,0.04679071332858414,False,0.012759170653907415,-0.019249858577730775,0.04544747822917059,0.7043081481932061,False,False,
2015-05-12,479.25,-0.0013421823032441777,0.018909004972994074,0.40411406695290386,False,0.0164369034994698,-0.018027104723397976,0.045051573040548985,0.764990119031986,False,False,
2015-05-13,481.0,-0.0011645159869435521,0.018917479104642355,0.25458227404983036,False,0.00785751702462023,-0.01693786958443973,0.04488151299122851,0.5524632517158209,False,False,
2015-05-14,501.75,-0.0008768350914143083,0.018822982110403334,2.3384248028573533,True,0.07441113490364026,-0.015810190643475837,0.04441932253822742,2.031127905417092,True,True,shock+trend
2015-05-15,511.0,-0.0002632199244850201,0.019494872757431687,0.9591596719673842,False,0.08723404255319145,-0.013941954569333089,0.045231552277314076,2.23684556528628,True,True,trend
2015-05-18,521.75,0.0003358298368032653,0.01936785320460813,1.0688511494065591,False,0.11188066062866286,-0.011738688016555743,0.04608508191826619,2.6824157297683153,True,True,trend
2015-05-19,510.25,0.0005503516564574973,0.019508223688912227,-1.1580531109114771,False,0.09967672413793105,-0.00950310580045623,0.04794849957830356,2.2770228661709897,True,True,trend
2015-05-20,513.0,0.0003877671011881138,0.019646374418119148,0.254588848609853,False,0.07829742511823445,-0.007423261601251281,0.04925596504954727,1.7403107752179476,False,False,
2015-05-21,522.0,0.0007248353229795304,0.019510151956184277,0.8620652655046123,False,0.12077294685990347,-0.005378200985409219,0.04959181374209648,2.5437897573451345,True,True,trend
2015-05-22,515.25,0.0003905139792854406,0.018990491580055238,-0.7014851830394464,False,0.08132214060860443,-0.0031906138354708406,0.051479355847055576,1.6416824385907518,False,False,
2015-05-26,493.5,0.00028947082689569764,0.019041555305287894,-2.232064993669066,True,0.03622047244094495,-0.0014666663994411951,0.0521203316153687,0.7230794139704467,False,True,shock
2015-05-27,487.75,-0.0006582290243155493,0.019366131295488708,-0.567652873267617,False,0.01773604590505995,-0.0007838828949202433,0.052275991237433865,0.35427216895541935,False,False,
2015-05-28,488.75,-0.0008452826905934237,0.01940412752728227,0.14922151678659853,False,0.016112266112266127,-0.00047193058473956977,0.05231629044849811,0.3169987121570045,False,False,
2015-05-29,477.0,-0.0008875224994979206,0.019394195418606628,-1.1938313354521233,False,-0.04932735426008972,-0.0004940520189647509,0.05230882243728243,-0.9335576670584668,False,False,
2015-06-01,493.75,-0.001006715269656439,0.01950985703959074,1.8514753429296669,False,-0.03375733855185914,-0.0012223987591313934,0.05260653338790956,-0.6184581590431346,False,False,
2015-06-02,512.5,-0.0006407313091836834,0.019927735757119727,1.9377723251720183,False,-0.01772879731672261,-0.0022134829168969036,0.05250856059973583,-0.29548161714232485,False,False,
2015-06-03,510.75,-2.0279513376609456e-05,0.02039676058855997,-0.16641635902069002,False,0.000979911807937217,-0.0028043720509869333,0.05242936574824787,0.07217870757955176,False,False,
2015-06-04,523.75,-0.0003663675210192752,0.020228272888175795,1.2763884096591718,False,0.020955165692007727,-0.003593560828406049,0.05191156669932328,0.47289511916683863,False,False,
2015-06-05,517.0,-7.077467465819166e-05,0.020443163857066182,-0.6269603656873671,False,-0.009578544061302652,-0.004450637563877402,0.05094682782601766,-0.10065212528907477,False,False,
2015-06-08,528.0,-6.807599576862167e-05,0.0204414352344693,1.04418655028963,False,0.024745269286754024,-0.004941692928328186,0.0508144620473762,0.5842226999747426,False,False,
2015-06-09,532.25,0.0002156119474937886,0.020589495738482805,0.38046733034394775,False,0.0785207700101318,-0.005048807537446742,0.050742290275261955,1.6469413795522085,False,False,
2015-06-10,513.5,0.0007650637128977097,0.020233581533763128,-1.7788679742513174,False,0.05279343926191693,-0.0036087746997145675,0.05156537479734013,1.0938001359109846,False,False,
2015-06-11,504.25,0.000412949043424633,0.020628558144438775,-0.8932558859463866,False,0.03171355498721229,-0.0023672277676201918,0.05178996058081313,0.6580577079538953,False,False,
2015-06-12,503.75,0.00017276728425553203,0.020738008660396188,-0.05614516535187436,False,0.056079664570230614,-0.0013403218496217469,0.05169055680175047,1.1108409344491308,False,False,
2015-06-15,489.25,0.00037045422161031017,0.02065401189142697,-1.4115695043446495,False,-0.009113924050632938,2.072756713641451e-05,0.05184244979333506,-0.17620023077967498,False,False,
2015-06-16,488.75,-0.00016066368323776724,0.020886538149563226,-0.04123750510207497,False,-0.04634146341463419,0.00046982198920976286,0.05161190586764381,-0.9069861811321052,False,False,
2015-06-17,491.25,-0.0005518359333108114,0.020619022170147997,0.2748396796227277,False,-0.038179148311306865,-5.2140928261139584e-05,0.051887677330443444,-0.734798883754928,False,False,
2015-06-18,488.0,-0.00023886823415385282,0.02052302207984022,-0.3107197284329352,False,-0.06825775656324584,6.419463021474373e-05,0.05179090311420454,-1.3191882567253808,False,False,
2015-06-19,488.5,-0.00034676362127626555,0.020535150480680345,0.06678080038911681,False,-0.05512572533849125,-0.00019763077909666619,0.05208913095081603,-1.0545020344313132,False,False,
2015-06-22,501.25,6.656998058192827e-05,0.020240595874696687,1.286213965390193,False,-0.050662878787878785,-6.733174981863025e-05,0.05193709870191739,-0.9741696841489587,False,False,
2015-06-23,521.5,0.0007455433418872203,0.02024850744327687,1.9583398560590917,False,-0.0201972757162987,0.0004319618732907197,0.05125478524811689,-0.40248412884233753,False,False,
2015-06-24,518.0,0.0011595213837954344,0.020738281487222197,-0.37953630751025436,False,0.008763388510223846,0.00080287391159243,0.050999469551841654,0.15609014502669377,False,False,
2015-06-25,532.0,0.0008367197474504288,0.02066882196327181,1.2671407846134788,False,0.055032226078334245,0.001222899187296386,0.05093264468158265,1.0564801263990797,False,False,
2015-06-26,562.25,0.0011363820804966762,0.02088520954683349,2.668133161421452,True,0.11612903225806459,0.0022005244524568425,0.05125571290360517,2.2227475017247174,True,True,shock+trend
2015-06-29,580.5,0.0017199722240327567,0.021814623464467046,1.409095987157244,False,0.18650996423096577,0.0036082787014158693,0.05291124138273663,3.456764210208557,True,True,trend
2015-06-30,614.75,0.001881054050842758,0.02199808920852715,2.596580399967584,True,0.25780051150895145,0.005830133697255803,0.05694813525857459,4.42455888445894,True,True,shock+trend
2015-07-01,587.5,0.002784634296357855,0.02292697625451047,-2.0548543319940564,True,0.1959287531806615,0.009492916684846975,0.0638785279409404,2.9185994496959267,True,True,shock+trend
2015-07-02,585.75,0.0020560159963690784,0.023544304153888657,-0.2138410788323441,False,0.20030737704918034,0.011947819745628498,0.06740914454897246,2.7942730702762355,True,True,trend
2015-07-06,588.5,0.0022886732251683724,0.023404923344498677,0.10280582508929417,False,0.20470829068577268,0.01475617691054304,0.07077251746898026,2.683981304727305,True,True,trend
2015-07-07,579.5,0.0021592816267640897,0.023363855568744957,-0.7469828630068865,False,0.15610972568578552,0.01701956202242224,0.07406507926680471,1.8779452481555934,False,False,
2015-07-08,572.25,0.0019227416347792452,0.023450542608214178,-0.6154879669753935,False,0.09731543624161065,0.018249076979617994,0.07560319124589372,1.0458071671185842,False,False,
2015-07-09,572.25,0.0012871811659843073,0.023182074135950102,-0.0555248490034023,False,0.10472972972972983,0.018331999557195278,0.07568753430468149,1.14150541388677,False,False,
2015-07-10,581.5,0.001186552235166697,0.023170911239063192,0.646401493708569,False,0.09304511278195493,0.01865606413770902,0.07600833664309907,0.9786959158643793,False,False,
2015-07-13,586.75,0.0016642480380867027,0.023104480742193022,0.3187315454782906,False,0.04357492218763892,0.01917159011276752,0.07638410463743889,0.31948181091737715,False,False,
2015-07-14,583.5,0.001899239550502719,0.02308833699400598,-0.3221637613800844,False,0.0051679586563306845,0.019328467140213038,0.07642248286821113,-0.1852924421246799,False,False,
2015-07-15,566.75,0.0023327724033582343,0.022628686089695378,-1.3716596825963965,False,-0.07808052053680359,0.019761068660729013,0.07624672751834932,-1.2832234560360158,False,False,
2015-07-16,562.25,0.0017230174395786617,0.022842556975291684,-0.4230273463808346,False,-0.04297872340425535,0.018746203079779658,0.07704222936298472,-0.8011830264310994,False,False,
2015-07-17,554.0,0.0010263087055038009,0.022316806191290638,-0.703483135289468,False,-0.05420401195049085,0.017751622954493347,0.07735470728417866,-0.9302036997003963,False,False,
2015-07-20,532.75,0.0012958555738030286,0.021996943612904964,-1.802671179852517,False,-0.09473237043330496,0.016810432090088923,0.07779971368263001,-1.4337173910229637,False,False,
2015-07-21,524.75,0.0003480125561969179,0.02215513240835552,-0.6934933399173232,False,-0.09447799827437442,0.015083962957798226,0.07882611540489638,-1.389919580197492,False,False,
2015-07-22,516.75,-4.7728350699092204e-05,0.02216103852175159,-0.6857813349001478,False,-0.09698558322411532,0.013192745897473233,0.07973747424119802,-1.3817634703139698,False,False,
2015-07-23,521.5,-3.965553843380783e-05,0.022155313525992648,0.4166820443972706,False,-0.08868501529051986,0.011956208561403269,0.08072453138571799,-1.2467241633282353,False,False,
2015-07-24,511.75,0.0001271181921521188,0.02217738389059235,-0.8487559811676603,False,-0.11994840928632844,0.010973492002972866,0.0815017737915762,-1.6063687352879803,False,False,
2015-07-27,502.5,-0.00012849986388444368,0.022283547734727772,-0.8053803818251238,False,-0.14358755858542815,0.00930413849106219,0.08289090123186395,-1.8444931205274133,False,False,
2015-07-28,510.75,-0.00017947920487396018,0.022320637695970216,0.7435894027181648,False,-0.1246786632390745,0.007396060317501824,0.0847455462301966,-1.5584857190939356,False,False,
2015-07-29,496.25,-0.0001597705193857409,0.02233481617834803,-1.2639393294519505,False,-0.12439347154830172,0.00500591983685798,0.08591656360077435,-1.5061052952075173,False,False,
2015-07-30,496.5,7.581956446670221e-05,0.021933711772046675,0.019511461512417862,False,-0.11694086260560244,0.0034917682483820195,0.0871906847155321,-1.381255706924511,False,False,
2015-07-31,499.25,0.00022190943126677355,0.021899098445292607,0.24278908019040646,False,-0.098826714801444,0.002768640355334823,0.08796855755565838,-1.1549053204890698,False,False,
2015-08-03,499.0,0.00046343241948139103,0.021855897677294896,-0.044115485916327794,False,-0.06335053965274517,0.001998092983906353,0.08860822023584354,-0.7375007923950705,False,False,
2015-08-04,493.5,0.0003548708676953997,0.02183997775344317,-0.5209215450816147,False,-0.05955216769890426,0.0020111926948751108,0.08859835349768987,-0.6948589670504948,False,False,
2015-08-05,502.0,0.00020791027985304892,0.02187944578654415,0.7777162514575212,False,-0.028543783260764344,0.002255236830296092,0.08840037493865338,-0.34840372693479893,False,False,
2015-08-06,507.0,0.0003229685585410443,0.021946731205240377,0.4391173662211531,False,-0.0278044103547459,0.002607323194019613,0.0882218608959906,-0.34471879463775434,False,False,
2015-08-07,510.5,0.0004023036825396191,0.021970980796644057,0.2958925427513238,False,-0.002442598925256445,0.002876648419707918,0.08809600921002118,-0.06038011701850489,False,False,
2015-08-10,525.5,0.0005476018431225441,0.021977546435355894,1.312037088676848,False,0.04577114427860707,0.003540834194924609,0.08786219609246902,0.480642551197308,False,False,
2015-08-11,507.25,0.0009661081153326171,0.022225732091107828,-1.6060185399079354,False,-0.006852667645619204,0.004690875154783948,0.08784267633338069,-0.13141155623028922,False,False,
2015-08-12,492.25,0.0008178067598673403,0.022428093429480933,-1.3549535186245265,False,-0.008060453400503764,0.0056251472784833835,0.08733407429945433,-0.15670402175514506,False,False,
2015-08-13,503.25,0.0008556226273201398,0.022373640504687056,0.9605386339903663,False,0.013595166163141936,0.006367185102398352,0.0869726564472099,0.08310636188433289,False,False,
2015-08-14,506.5,0.0011181320694826238,0.022510159598751564,0.2372213648044945,False,0.014521782674010941,0.007232558612340177,0.08671354275336647,0.08406096476075273,False,False,
2015-08-17,500.5,0.0010416374148192365,0.022481738827757447,-0.5732492263116636,False,0.0030060120240480437,0.007792967913675436,0.08662175130806737,-0.05526274656584514,False,False,
2015-08-18,494.25,0.0011700535645031691,0.02237864292740939,-0.6102946499623451,False,0.001519756838905817,0.008574537794252228,0.08630580471762031,-0.08174167402098387,False,False,
2015-08-19,496.25,0.000917900293077949,0.02242513898479544,0.1395146252300836,False,-0.01145418326693226,0.009255401151362815,0.08604212704840183,-0.2406912186938984,False,False,
2015-08-20,506.25,0.00099313069087962,0.02242605657583542,0.8542742566262393,False,-0.0014792899408283544,0.009891316970126192,0.08570533070687134,-0.13267094143588573,False,False,
2015-08-21,499.5,0.0014109866850679624,0.02248790222724822,-0.6556556440616244,False,-0.021547502448579836,0.010850125305945934,0.08516156768893031,-0.3804254505138351,False,False,
2015-08-24,503.25,0.0008955652291292656,0.022375148557687637,0.2955038381681052,False,-0.04234062797335869,0.011177695782905554,0.08498656121872764,-0.6297269002157361,False,False,
2015-08-25,495.0,0.0012759245690261774,0.022239634057859396,-0.7944990077627979,False,-0.02414982750123218,0.011470344768038942,0.08476067049812695,-0.42024410684738817,False,False,
2015-08-26,489.75,0.0007495979731660407,0.022183651266314244,-0.5118931253878015,False,-0.00507872016251909,0.011408978069394254,0.08478509333790721,-0.19446458785157383,False,False,
2015-08-27,484.25,0.0006151792847074781,0.022221987073198578,-0.5330485858638054,False,-0.037754595131644364,0.011171139525175235,0.08480627132171975,-0.576911753037882,False,False,
2015-08-28,477.0,0.0003814535233985457,0.0222535586766667,-0.689914782714232,False,-0.05824284304047389,0.010448586210093713,0.08499145533371592,-0.8082157080479815,False,False,
2015-08-31,482.5,0.00013314493088602812,0.02232037710926958,0.5106210050202027,False,-0.03596403596403597,0.009567248075892458,0.08536060674018894,-0.5333992549808303,False,False,
2015-09-01,484.0,-0.00028830699999986406,0.021789468789527297,0.1559062922996997,False,-0.020738492665655084,0.008095579130990108,0.08517882524605709,-0.33851220316025565,False,False,
2015-09-02,473.0,-0.0004926625672588466,0.021683104198462394,-1.0254348250372092,False,-0.04685138539042821,0.006655945328072154,0.08473448629388344,-0.63147052704045,False,False,
2015-09-03,456.5,-0.0010761886302369649,0.021684757553220583,-1.5590458974245949,False,-0.09827160493827158,0.004539518047817606,0.08405033106774508,-1.2232090186917026,False,False,
2015-09-04,457.75,-0.0012474221429754748,0.021902160422523905,0.1819750972451354,False,-0.08358358358358353,0.0019002069934682378,0.08413040835240398,-1.0160867188351062,False,False,
2015-09-08,465.25,-0.0012827726671603183,0.021893441396258387,0.8069659628870242,False,-0.07550919026328862,-0.00025820645588933526,0.08422043409956084,-0.8935003079946328,False,False,
2015-09-09,462.0,-0.0012982309378141968,0.02188037426727837,-0.2599252034658097,False,-0.06666666666666665,-0.0028753016175318965,0.08345483597582322,-0.764381887559099,False,False,
2015-09-10,468.0,-0.0012189570336593426,0.021848405553668307,0.6502062581077943,False,-0.0444104134762634,-0.004848485714535511,0.08318626395105612,-0.47558245655802905,False,False,
2015-09-11,475.5,-0.0004829632845651588,0.02137339217446331,0.7723904645295576,False,-0.018069179143004654,-0.005923564193431622,0.08316935149050914,-0.14603474395203175,False,False,
2015-09-14,485.75,-0.00011393514957957744,0.021416842622874955,1.0118294327130908,False,0.01834381551362685,-0.006400967194072483,0.08313446299029349,0.29764771212377295,False,False,
2015-09-15,494.75,0.00014614519603483995,0.02156142871485821,0.8525364647765515,False,0.025388601036269387,-0.006371213202054341,0.0831430283042497,0.38199010651985577,False,False,
2015-09-16,488.25,0.0007137314643580961,0.02147624837979958,-0.6449767053450753,False,0.008780991735537258,-0.005375000464769552,0.08306896323147056,0.17041253013910052,False,False,
2015-09-17,481.5,7.035476513081415e-05,0.02115206204166927,-0.6569212746437753,False,0.017970401691332016,-0.004807822727604267,0.0830177614079592,0.2743777239065911,False,False,
2015-09-18,486.75,-0.00062030614602826,0.020739335756057835,0.5556461919924105,False,0.06626506024096379,-0.004331833407496872,0.08304501449196718,0.850103935562434,False,False,
2015-09-21,496.75,-0.00042939866686000954,0.0207791274722203,1.0093699082884129,False,0.085199344620426,-0.0034613647617231847,0.08344264789133568,1.062534706444225,False,False,
2015-09-22,495.5,-0.0004948431764171153,0.020704103255131553,-0.09763828525808046,False,0.0650188070929607,-0.0026047757093442744,0.08402441003235296,0.8048087784998078,False,False,
2015-09-23,507.5,-0.00035655688513395843,0.020654787477389684,1.189773487959109,False,0.0984848484848484,-0.0016101443606207628,0.08438150401415248,1.186219587039847,False,False,
2015-09-24,497.25,-0.0003173386729977808,0.02069916322180322,-0.9604110779240362,False,0.0625,-0.0006269499713128379,0.08511911587638761,0.7416307056453404,False,False,
2015-09-25,507.75,-0.0006939558297873516,0.02080159215575786,1.0484819829980108,False,0.06782334384858046,-0.0008405602381145953,0.0849377161086866,0.8084029949525897,False,False,
2015-09-28,505.5,5.729677348083347e-05,0.020553498528270476,-0.2183867330734556,False,0.04065877509006688,-0.0006401615102924149,0.08508357334731342,0.48539259666229495,False,False,
2015-09-29,503.75,0.00023839433767209133,0.02045170837139173,-0.18092929757565437,False,0.018191005558362727,-0.0005208919089210203,0.08513579310969249,0.2197888430213431,False,False,
2015-09-30,512.75,0.00020545637432362558,0.020455704915713996,0.8633556585424169,False,0.05017921146953408,-0.0010260740290792588,0.08490750239850023,0.6030713900673847,False,False,
2015-10-01,518.25,0.0008274580285833455,0.020270714110889695,0.4883408057339279,False,0.07632398753894076,-0.0002354988888103652,0.08510698399017512,0.8995676128834417,False,False,
2015-10-02,513.25,0.0009841039925439106,0.02030159983606763,-0.5237004684864467,False,0.05444273240883413,0.0014000404572373007,0.08538716882487732,0.6212021394032096,False,False,
2015-10-05,515.5,0.0007872647543213018,0.020332550884907968,0.17688699315848905,False,0.03774534474081537,0.0026349988668391807,0.08547674784265989,0.41075902815821974,False,False,
2015-10-06,526.25,0.000933926149321563,0.0203180958241999,0.98038784122356,False,0.06205852674066592,0.00404837355089333,0.08516450208393776,0.6811541401674378,False,False,
2015-10-07,516.75,0.0011983121504982005,0.020447887499229007,-0.941445353868002,False,0.018226600985221664,0.005610830245282092,0.08513915059190066,0.14817825468345366,False,False,
2015-10-08,511.5,0.0006096113025715008,0.02035664246056716,-0.529029430689184,False,0.02865761689291091,0.006529356642256765,0.08489509407379853,0.2606541696204288,False,False,
2015-10-09,509.25,-6.450408626651397e-05,0.01985207900970555,-0.21833093103682497,False,0.002954209748892156,0.00718075521037956,0.08487467874831003,-0.04979748405317599,False,False,
2015-10-12,506.75,-3.366965404650054e-05,0.01984340953026238,-0.24569923356317194,False,0.002472799208704357,0.007103299493561804,0.08487586562539155,-0.05455614797844467,False,False,
2015-10-13,519.0,-0.0004594857499656883,0.019595985895824668,1.2570503739725725,False,0.0302729528535981,0.006402507135300072,0.0846915672868655,0.28185150520883095,False,False,
2015-10-14,508.25,-0.0008953157047243154,0.01864429329827602,-1.0629308078060173,False,-0.008776206728425162,0.005257759409907185,0.08376354754928703,-0.16754264293873977,False,False,
2015-10-15,502.5,-0.0016042727720628847,0.018367735570615766,-0.5285930453820721,False,-0.03039073806078152,0.0026539437971153062,0.08104425398769706,-0.40773627039510013,False,False,
2015-10-16,492.25,-0.002541795323803552,0.01697415241425486,-1.0519650225038393,False,-0.0409157330735509,-0.0011886061971477999,0.07542039408280654,-0.5267424992872004,False,False,
2015-10-19,485.75,-0.0022227426274102307,0.01639307143869599,-0.6699128858315319,False,-0.05771096023278366,-0.0043465326805372986,0.07193319969822401,-0.7418608900496872,False,False,
2015-10-20,491.25,-0.0023590886143208204,0.0164418975183743,0.8321293487905469,False,-0.0665083135391924,-0.007786777177630152,0.06807998072501421,-0.862537499808465,False,False,
2015-10-21,494.75,-0.0022707171319238384,0.0164980388876535,0.5694858116013527,False,-0.04257377842283505,-0.011402998567296353,0.06370271803243922,-0.48931632461374186,False,False,
2015-10-22,490.75,-0.001971813131514524,0.016461954940741794,-0.371345824342439,False,-0.040566959921798595,-0.014052111955411294,0.0607030270705087,-0.43679614091714686,False,False,
2015-10-23,490.5,-0.0019128012141765508,0.016431569683857904,0.08540735247413696,False,-0.03681885125184092,-0.01589054390425675,0.05935762817137049,-0.3525799125120428,False,False,
2015-10-26,509.0,-0.0019195935388496702,0.016430873579096412,2.4123007852450726,True,0.004440059200789381,-0.017777858317344356,0.057697706005914826,0.3850745385935463,False,True,shock
2015-10-27,509.25,-0.0016322288478152528,0.016932240431130226,0.1254050219763727,False,-0.018786127167630062,-0.0189592590317599,0.056287761794469954,0.0030758349348125372,False,False,
2015-10-28,506.0,-0.0017460583912413785,0.016888243632916154,-0.27450313522886266,False,-0.0044269552385637345,-0.019790739689830156,0.05581009687868404,0.2752868264081875,False,False,
2015-10-29,515.0,-0.0017572977016078923,0.016891082235933212,1.1570519101998882,False,0.02487562189054726,-0.01991867187509541,0.05576308879902978,0.8032964946952875,False,False,
2015-10-30,522.0,-0.0011373957650635076,0.016741171628367954,0.8798445593743753,False,0.06043676993397673,-0.018545923309397406,0.05557889797099448,1.4210913876808717,False,False,
2015-11-02,508.0,-0.0008502992073042985,0.016807434737310004,-1.545127175576325,False,0.04580545548121462,-0.017167050064887644,0.05624340631987939,1.1196424552942563,False,False,
2015-11-03,516.5,-0.0010122556778116953,0.016999853616697574,1.0438054081212544,False,0.05139949109414754,-0.015833590499131567,0.056538216823654126,1.1891616922228527,False,False,
2015-11-04,526.25,-0.000277726555323848,0.0165486079821281,1.1574860973931285,False,0.06366851945426988,-0.013885165678765533,0.0562999591951357,1.3775087272130035,False,False,
2015-11-05,526.25,0.0001741865290652515,0.016603376063367332,-0.010491030763891806,False,0.07233825776872127,-0.01177654544238361,0.056202171072569376,1.4966468662303838,False,False,
2015-11-06,523.25,0.0003774579281441781,0.016505078781590965,-0.36826061830114837,False,0.06676860346585123,-0.009518894229145789,0.05613389690953386,1.3590272882344685,False,False,
2015-11-09,501.75,0.00017888754967867164,0.016487175144326512,-2.503050560547437,True,-0.014243614931237714,-0.007446179312394175,0.05604117222387358,-0.12129360163433245,False,True,shock
2015-11-10,490.75,-0.0001196894690617567,0.01702752573793186,-1.2804901561479816,False,-0.03632793323514971,-0.006036782054326298,0.05448106963162839,-0.5559940615269825,False,False,
2015-11-11,494.75,-0.00017099662257031708,0.01708805017266133,0.4869944871549705,False,-0.022233201581027706,-0.004606653716322586,0.05218078978262933,-0.3377976442697096,False,False,
2015-11-12,498.0,-0.000281224900437221,0.017006062894153434,0.4028092317711645,False,-0.03300970873786413,-0.0032407142275486284,0.050302228507717324,-0.5918026972850391,False,False,
2015-11-13,495.75,0.00018488973066529044,0.016701596228424594,-0.28158757734891526,False,-0.050287356321839116,-0.002022264056742794,0.04839869695262378,-0.997239498252231,False,False,
2015-11-16,494.0,0.00011793172230945004,0.016710364697292424,-0.21830383903978504,False,-0.027559055118110187,-0.0011335506396259495,0.046847092429069204,-0.564079927019908,False,False,
2015-11-17,487.5,-2.985296926055388e-06,0.016703418773639497,-0.787557901660019,False,-0.056147144240077496,-0.00018331517718149856,0.045543376564117076,-1.2288028092100012,False,False,
2015-11-18,483.25,-0.00017174721172808383,0.016772314113571895,-0.5095421805453306,False,-0.08171021377672205,-8.726990501259616e-05,0.045415781439619246,-1.7972374642551954,False,False,
2015-11-19,490.75,-0.00014102594012504948,0.01675427189040281,0.9347432863497973,False,-0.06745843230403803,-0.0003827105193835001,0.04587756644105802,-1.4620592805599486,False,False,
2015-11-20,488.5,-0.0001637458549760377,0.016731545607844223,-0.2642357976364622,False,-0.06641184902054464,-0.0009015725066271492,0.04641724642959491,-1.4113348281717368,False,False,
2015-11-23,495.0,-0.0003576789018681096,0.01669687357200716,0.8183398968385868,False,-0.013452914798206317,-0.0014163383555044658,0.0469308658511033,-0.256474629743463,False,False,
2015-11-24,484.25,-0.00027230975736976265,0.01675078112377416,-1.2802305636580447,False,-0.013245033112582738,-0.0015631425671437974,0.0469513356668222,-0.24880848179349793,False,False,
2015-11-25,479.25,-0.0009536448187244136,0.016566488620844654,-0.5656962450122329,False,-0.03132895401718039,-0.0023500249323596613,0.0466408299281726,-0.6213210427311993,False,False,
2015-11-27,465.75,-0.000628263692571891,0.016127999684186867,-1.7076358464303658,False,-0.06475903614457834,-0.0026763754173138106,0.046758244814863716,-1.3277371931533544,False,False,
2015-11-30,460.0,-0.0006095676490526846,0.016094773288053088,-0.7291877402215159,False,-0.0721129601613717,-0.003432356520568138,0.047301660063784876,-1.451970259567842,False,False,
2015-12-01,456.5,-0.0010721282854184114,0.015923721015400568,-0.41049245716084176,False,-0.07591093117408909,-0.00457513153822832,0.04791606188367834,-1.488765913380705,False,False,
2015-12-02,452.25,-0.0012596845321336033,0.015916669473753316,-0.5057768286533662,False,-0.0723076923076923,-0.005780901056202987,0.04856248248308408,-1.3699215495143353,False,False,
2015-12-03,464.75,-0.0012258707343597204,0.015896556803898326,1.8158303693581597,False,-0.0382824624935334,-0.006785083780626192,0.04915340899288371,-0.6407974412815866,False,False,
2015-12-04,471.25,-0.0006908428361477419,0.016185061054272254,0.9068150421519451,False,-0.039735099337748325,-0.007315780038392048,0.04927724313805317,-0.6578963682796052,False,False,
2015-12-07,470.25,-0.0005583164517245454,0.01626487220944141,-0.09613967101980442,False,-0.03735926305015358,-0.007692858919336262,0.049417345256333504,-0.6003237117844804,False,False,
2015-12-08,470.75,-0.0008552917772762629,0.01608396813603688,0.11928374777966869,False,-0.04898989898989903,-0.008171258560793931,0.04952992530182496,-0.8241207750741572,False,False,
2015-12-09,478.0,-0.0006633371432163656,0.016018812477710025,1.0028391984094789,False,-0.012906556530717594,-0.008537157181344854,0.049731032701167355,-0.08786061965832002,False,False,
2015-12-10,484.5,-0.0005580911643644375,0.016098951700033854,0.8793378468342993,False,0.010954616588419341,-0.008144702895442973,0.049576566620980894,0.3852489348421205,False,False,
2015-12-11,482.75,-0.00015820091126065675,0.016072763001583203,-0.21488341442167164,False,0.036500268384326295,-0.007676643640914286,0.04958912941001335,0.8908587940711074,False,False,
2015-12-14,487.75,-6.494638456959745e-05,0.01603156224081871,0.6501097046835566,False,0.06032608695652164,-0.007122257126956347,0.04985029608152437,1.353017923367477,False,False,
2015-12-15,494.25,0.00022288757955266783,0.016022180550358322,0.8178419666677487,False,0.08269441401971522,-0.005814514699114134,0.05032012709929608,1.7589170342152713,False,False,
2015-12-16,483.5,0.0006001956436432791,0.01599269886730578,-1.3975328544175938,False,0.06909894969596464,-0.003935351271644946,0.05096325927072751,1.4330775153063913,False,False,
2015-12-17,484.0,0.00015645531328228212,0.016146296755015006,0.05435740860126644,False,0.041420118343195256,-0.002534511462844938,0.051511974064370226,0.8532895623668733,False,False,
2015-12-18,486.75,0.00012879288492543642,0.016142947186439938,0.34399079875310634,False,0.03289124668435006,-0.0017057299827269335,0.05171476938558813,0.6689960542822894,False,False,
2015-12-21,479.0,0.0005075807637133141,0.01593130794131101,-1.0312720085762008,False,0.01860712387028185,-0.0006424948883965565,0.05159364629331178,0.37310056841580097,False,False,
2015-12-22,471.75,0.0007604046271008347,0.01550687598811325,-1.0251003498693827,False,0.0021242697822623224,0.000915888162384156,0.05035520905760057,0.023997152280629333,False,False,
2015-12-23,469.5,0.0005220856270543406,0.015613053991618863,-0.3389190217112891,False,-0.01778242677824271,0.002058659540595434,0.04937463497537899,-0.40184775702609327,False,False,
2015-12-24,467.5,0.00024003276428377222,0.015513381275105875,-0.2900646602893063,False,-0.03508771929824561,0.002828349720396046,0.048592862408609154,-0.7802806243396788,False,False,
2015-12-28,466.5,0.0002763746411627895,0.015499412190333944,-0.15583894696498687,False,-0.03366131538063177,0.003249402351974993,0.048117041860908316,-0.7671028040190914,False,False,
2015-12-29,475.75,7.469396889388266e-05,0.015430040394451871,1.2802180492292765,False,-0.024602767811378823,0.0033927236599167482,0.047989002337365846,-0.5833730669057344,False,False,
2015-12-30,469.75,0.00012539889098144296,0.01548929995334389,-0.8223137727466059,False,-0.04957005563985839,0.003305609144338426,0.0480343973958116,-1.100787511676109,False,False,
2015-12-31,470.0,-0.0003301734071903721,0.015352325187988906,0.056172037413110935,False,-0.02792140641158225,0.0024000908622919563,0.04838592570646002,-0.626659443446919,False,False,
2016-01-04,458.25,-0.0005701180929301601,0.01519341112077912,-1.6079260748534983,False,-0.05320247933884292,0.0016892907629872677,0.04843519863124751,-1.133303292915935,False,False,
2016-01-05,461.25,-0.0007282787801459263,0.015386521624353304,0.47281145162456245,False,-0.05238828967642528,0.000862844481995532,0.048839679082087716,-1.0903252265216261,False,False,
2016-01-06,462.75,-0.0004566583849840056,0.01533191496974558,0.24189352162645605,False,-0.03392484342379953,-7.527140290789862e-05,0.04918116878683972,-0.6882628627148317,False,False,
2016-01-07,468.5,-0.000558676975263368,0.015280674024633317,0.8497264442401771,False,-0.006889242183359845,-0.0014111367851047428,0.04871333390067205,-0.11245597374684155,False,False,
2016-01-08,478.5,-0.0006669264618607906,0.015157417459452215,1.4522027715632835,False,0.019169329073482455,-0.0026389846091552207,0.04764972731235446,0.45767971639542393,False,False,
2016-01-11,469.0,-0.000348778815213433,0.015367041433820745,-1.269270391289554,False,0.0032085561497325887,-0.003250310982748264,0.047060446858446486,0.1372461921559847,False,False,
2016-01-12,481.25,-0.0009364010973971126,0.01525717434599335,1.7733168323908428,False,0.03161843515541274,-0.004520661547216475,0.04553842730302331,0.7935956255614899,False,False,
2016-01-13,478.0,-0.0003188484664631123,0.015403694985165348,-0.41771784581428806,False,0.004729374671571307,-0.0049324157451443055,0.04506135882140352,0.21441409379173887,False,False,
2016-01-14,468.75,-0.0006904402733490355,0.015214613080922418,-1.2265197979432323,False,-0.002128791910590788,-0.005773668667504428,0.04426666734620952,0.08233908210001592,False,False,
2016-01-15,473.75,-0.0008893756041731452,0.015361025147856106,0.752296292702352,False,0.007978723404255428,-0.006344169560846529,0.043934641715207966,0.3260045468891144,False,False,
2016-01-19,474.5,-0.0007009944633884446,0.015415586838606837,0.14816872972571205,False,0.03546099290780136,-0.006480333322901294,0.043873356265141675,0.9559634776340541,False,False,
2016-01-20,471.5,-0.0009180996834726433,0.015264484517536668,-0.3540470029582491,False,0.022222222222222143,-0.006676576237057729,0.04364883908264542,0.6620748470437534,False,False,
2016-01-21,475.0,-0.0011454186110580623,0.015215598045410108,0.5631416060626518,False,0.026472177201512626,-0.0073979331079473114,0.042695240830191515,0.7932994322287328,False,False,
2016-01-22,475.5,-0.0009178056635638354,0.015214373632062126,0.12951155861972757,False,0.014941302027748238,-0.007770873844044931,0.04226778703277032,0.537340075414508,False,False,
2016-01-25,481.5,-0.0009622216230924652,0.015203545794877633,0.8932467686344839,False,0.006269592476489061,-0.008074927746885827,0.042017218775470155,0.3413962332925587,False,False,
2016-01-26,484.75,-0.0010720248727219847,0.015073036737883972,0.5189243152087104,False,0.033582089552238736,-0.008818780203741518,0.0412455761648425,1.0280101212920507,False,False,
2016-01-27,476.5,-0.0007413315803664281,0.014967165049493546,-1.0875640354628007,False,-0.009870129870129918,-0.008614040356181291,0.04141938705332059,-0.030326125114589937,False,False,
2016-01-28,472.25,-0.0008327906514590389,0.015046243690400259,-0.5374372523331726,False,-0.012029288702928853,-0.009127743646355168,0.0411891591718612,-0.0704443867005643,False,False,
2016-01-29,479.25,-0.0008930623253109182,0.015069756822638333,1.0428648584718994,False,0.022399999999999975,-0.009327523625712781,0.04116609691828599,0.770719742721574,False,False,
2016-02-01,475.25,-0.0006299711565422801,0.015170599057237276,-0.5086419697667922,False,0.0031662269129286713,-0.009061827615162173,0.04130735344270729,0.2960260948465503,False,False,
2016-02-02,475.25,-0.0010635715591062755,0.014914669853580193,0.07131043258399518,False,0.0015806111696523573,-0.009423250627704433,0.041076480176498724,0.26788716438397464,False,False,
2016-02-03,480.0,-0.0007873994332231667,0.014736615669672659,0.7316563915108082,False,0.018027571580063517,-0.009285159722396732,0.04109608889777939,0.6646065850790994,False,False,
2016-02-04,472.75,-0.0005032918376919874,0.01473634309846821,-0.9908071990053229,False,-0.00473684210526315,-0.008639582260518797,0.04114033871743751,0.09486407445647631,False,False,
2016-02-05,466.75,-0.00043270726057755986,0.01465220113483134,-0.8366654362137329,False,-0.018401682439537326,-0.008157197047608295,0.04096852154670959,-0.25005748328625793,False,False,
2016-02-08,458.5,-0.0004258675951374672,0.01464627712979426,-1.177742804976573,False,-0.04776739356178605,-0.007633073343698344,0.040575560674945124,-0.9891254624823983,False,False,
2016-02-09,457.5,-0.0008125090880037404,0.01471453608733643,-0.09300435879609138,False,-0.056214543579164555,-0.007383194410666259,0.04026460117445029,-1.2127612777519323,False,False,
2016-02-10,461.25,-0.0009365851815454818,0.014685909576493935,0.6219094871481052,False,-0.032004197271773394,-0.007565071279417319,0.040456059328246176,-0.604090620741522,False,False,
2016-02-11,458.25,-0.0007194970126021793,0.014699146889836633,-0.39353086756672895,False,-0.029645314981471715,-0.007450901110750316,0.04037366533726962,-0.5497250171693814,False,False,
2016-02-12,457.5,-0.0007994255551377317,0.014714279689251266,-0.05689953389992517,False,-0.04538341158059467,-0.007355253960478727,0.04031160058505496,-0.9433551897766723,False,False,
2016-02-16,464.25,-0.0013241359139296834,0.014006903914943894,1.1478792438514318,False,-0.02314571278274591,-0.008019566904230514,0.04052456270014513,-0.3732587070818959,False,False,
2016-02-17,468.5,-0.0011339633909284044,0.014128182655569857,0.7282262688541388,False,-0.014203051025775904,-0.00807769471243206,0.04054333709496273,-0.1510817005269377,False,False,
2016-02-18,462.25,-0.0009268102633682348,0.014164050529075007,-0.8764186452322218,False,-0.036979166666666674,-0.008208042656261554,0.040547156284491195,-0.7095719317166943,False,False,
2016-02-19,461.75,-0.0013418370567533403,0.014063991695188004,0.018499107302785582,False,-0.023268112109994687,-0.009032773170357741,0.04049416950182923,-0.3515404591516292,False,False,
2016-02-22,458.5,-0.0015374890404198371,0.013955074675504409,-0.39419005646085814,False,-0.01767541510444559,-0.010148838264277359,0.03969933655040541,-0.189589486731394,False,False,
2016-02-23,448.0,-0.0012737359383268357,0.013654474386409208,-1.5838784275708182,False,-0.022900763358778664,-0.010995249872086162,0.03916334422624542,-0.3039963445898471,False,False,
2016-02-24,442.75,-0.0018021765626381099,0.0137149915535414,-0.7230462664631604,False,-0.032240437158469915,-0.011985919931458512,0.038497775963564414,-0.5261217491156102,False,False,
2016-02-25,445.25,-0.0022101206575074217,0.013545568662855731,0.5800161099703068,False,-0.03468834688346889,-0.013264706019628375,0.037531578062238766,-0.570816415667724,False,False,
2016-02-26,443.25,-0.0021348336256986505,0.013573681322879672,-0.17364669353076886,False,-0.032733224222585955,-0.01469172741499091,0.03624544850458746,-0.4977589615234474,False,False,
2016-02-29,445.0,-0.002118715571263762,0.013570107058873833,0.4470728264735267,False,-0.02732240437158473,-0.016018418450836742,0.0350239126183236,-0.3227505174517263,False,False,
2016-03-01,438.5,-0.0015182161581402036,0.012796742107949751,-1.0228013743249882,False,-0.055465805061927886,-0.016192802310041367,0.03504750812699823,-1.1205647662474827,False,False,
2016-03-02,442.75,-0.0014206624649801202,0.01266630911838783,0.8773506654710336,False,-0.05496264674493068,-0.01644797393439841,0.035265081290487305,-1.0921475692421425,False,False,
2016-03-03,453.25,-0.001400111229495374,0.01268328781764924,1.9802062848648099,False,-0.019469983775013522,-0.016884366536583782,0.03553908187502537,-0.07275419346853607,False,False,
2016-03-04,454.75,-0.0011714920189573193,0.012979938668494603,0.3452191889545673,False,-0.015159718462371408,-0.01670383687041244,0.03549041812670724,0.043508036522090246,False,False,
2016-03-07,457.75,-0.0010671252966904263,0.01298413477252483,0.5902708780262486,False,-0.0016357688113413094,-0.016235468365619538,0.03527234627624567,0.41391347884647145,False,False,
2016-03-08,461.25,-0.0009320981449735818,0.013010806331821199,0.6593129554185875,False,0.029575892857142794,-0.015889824548195954,0.035286895558200713,1.288458978499526,False,False,
2016-03-09,463.75,-0.0006547116147485088,0.012968331788158049,0.4684307831202837,False,0.04743083003952564,-0.014746850720233014,0.035353563669251215,1.75873870429186,False,False,
2016-03-10,471.5,-0.00046620490916863194,0.01295228585272306,1.326236573295922,False,0.05895564289724864,-0.01302497013601638,0.03519258154348607,2.045334836954812,True,True,trend
2016-03-11,469.75,-0.000450315934910126,0.012972876103154595,-0.25138935220508335,False,0.059785673998872024,-0.011339449133332558,0.03557547176410986,1.9992742079096981,False,False,
2016-03-14,471.5,-0.0004386724642483042,0.012969506588703265,0.32106528334771517,False,0.059550561797752755,-0.009656815493073668,0.03591824799069688,1.9268027023130887,False,False,
2016-03-15,477.25,-0.000566414504928856,0.012879167089753448,0.9908665962025872,False,0.08836944127708102,-0.008683435805127548,0.036792535682773,2.6378414882573766,True,True,trend
2016-03-16,470.75,-0.00011425058935030652,0.012720894862224708,-1.0616741772438572,False,0.06324110671936767,-0.007328576146598697,0.03845564132753809,1.835093121056114,False,False,
2016-03-17,462.5,-0.00015817660203609602,0.01276225125656778,-1.3608139153890033,False,0.020408163265306145,-0.0060676420034447235,0.03920126605733966,0.6753813825814893,False,False,
2016-03-18,463.0,-1.6259423624860324e-05,0.012503108299842141,0.08776541627810941,False,0.01814183617372178,-0.004932079344646264,0.03870859271598893,0.596092854309249,False,False,
2016-03-21,466.5,0.00016276404428749707,0.01242003445467585,0.5955403127974386,False,0.01911523757509559,-0.0037286820601783507,0.03798804996259562,0.6013448876098372,False,False,
2016-03-22,466.75,0.0003650052562948843,0.012415271702768021,0.013765339043466843,False,0.011924119241192521,-0.002461666476855888,0.03712287331202714,0.3875181103879606,False,False,
2016-03-23,463.0,0.0004962835605867862,0.012363533701835638,-0.6899777490192817,False,-0.0016172506738544312,-0.0013385756562040907,0.03624500991369163,-0.0076886450938745765,False,False,
2016-03-24,463.0,2.0632100969243025e-05,0.01198561023687902,-0.0017214059661108667,False,-0.018027571580063628,-0.0008497061652750378,0.03598632574594579,-0.47734424281211435,False,False,
2016-03-28,471.0,-0.00016584808551094307,0.011873670351459949,1.4691721497851151,False,0.0026609898882383742,-0.0005602724618392419,0.0357559066712184,0.09009035569137339,False,False,
2016-03-29,476.75,9.28270294984257e-05,0.012040631581216436,1.0061964631451392,False,0.011134676564156898,-2.666908932734913e-05,0.035496999427827094,0.3144306795896262,False,False,
2016-03-30,464.0,0.0002414244124236668,0.012121270717684566,-2.2262517964311646,True,-0.027763226820324727,0.0007749919180600632,0.03505241517043316,-0.8141584138960241,False,True,shock
2016-03-31,473.5,-0.000320502683833029,0.012383053914901314,1.6792820864523568,False,0.005841741901221553,0.0005769029808653014,0.035172550742736224,0.1496860139278792,False,False,
2016-04-01,475.75,-0.00022882519621700553,0.012512272199733544,0.398063042233767,False,0.028648648648648578,0.0005087313183693309,0.035157116295800296,0.8004045921604984,False,False,
2016-04-04,474.75,-0.00011730760894904435,0.012518982036027429,-0.15853019708915786,False,0.025377969762419017,0.0004040430552269614,0.03506005106609796,0.7123186061568835,False,False,
2016-04-05,474.0,-0.0002834312370543938,0.012460637725163802,-0.10403541315476961,False,0.016077170418006492,-6.193184069440694e-05,0.034480329703980094,0.46806693547474837,False,False,
2016-04-06,463.0,-0.00048218161121608966,0.012359087983335723,-1.8386930713881777,False,-0.008034279592929794,-0.0009501617553838566,0.03315214283433246,-0.21368506623980887,False,False,
2016-04-07,457.0,-0.0005016032725578068,0.012394056125652734,-1.005107600295255,False,-0.01295896328293733,-0.001978604812569116,0.032130384308454184,-0.34174376393870426,False,False,
2016-04-08,460.25,-0.0006881777985088636,0.012475679592434894,0.6251984202462109,False,-0.005939524838012966,-0.0027036592342508836,0.03174911137229948,-0.10191987945165974,False,False,
2016-04-11,447.25,-0.0006691140759440477,0.012486632529580946,-2.2084741100967364,True,-0.0504246284501062,-0.0032214028545490573,0.03147624984348337,-1.499645791041711,False,True,shock
2016-04-12,452.5,-0.0008334285767926719,0.012767975205771182,0.9846377139455705,False,-0.05086523335081283,-0.004141826218820898,0.031836563206101426,-1.467602103578739,False,False,
2016-04-13,461.5,-0.0004751072339229815,0.012738234909427756,1.5986995169386988,False,-0.0053879310344827624,-0.0048483529272619,0.03228050920533587,-0.016715291068942355,False,False,
2016-04-14,459.75,-0.00014632085898776145,0.012942493767217225,-0.28168155780523635,False,-0.029039070749735996,-0.004683092984011768,0.03224510582633521,-0.755338744952489,False,False,
2016-04-15,459.75,-0.00014008261578781175,0.012940596881236867,0.010825050581007096,False,-0.03363110877561748,-0.004602444336698306,0.032175521881550075,-0.9021971592499528,False,False,
2016-04-18,472.75,-0.00011156211667907664,0.012938488738518135,2.1940583460524605,True,-0.004212743549236397,-0.004602041581964782,0.032175153410773,0.012099337266812804,False,True,shock
2016-04-19,486.25,1.0742420297823094e-06,0.013149474072811295,2.1715883850239788,True,0.025843881856540074,-0.004330174591802883,0.03208990240845544,0.9402975448249518,False,True,shock
2016-04-20,504.25,0.0005499807113441468,0.01347117287721848,2.7071149987941907,True,0.08909287257019449,-0.003324655425184237,0.03183368362942444,2.9031364723985496,True,True,shock+trend
2016-04-21,495.75,0.0010364580030903362,0.014113981533978968,-1.2677624565315755,False,0.08479212253829327,-0.0017644650387605469,0.03343889290839644,2.588500397252076,True,True,trend
2016-04-22,467.0,0.0011450350977854282,0.013941245221166177,-4.241943538724502,True,0.014665942422596334,7.546298626793568e-05,0.0343542909637551,0.42470617285397716,False,True,shock
2016-04-25,471.25,0.00028450729999300725,0.015507234649116573,0.5685175531148703,False,0.05366126327557286,0.0009695194142548905,0.033839159956099346,1.5571232834880269,False,False,
2016-04-26,479.75,0.0003624887650324974,0.015537036008690564,1.1375816148972024,False,0.06022099447513818,0.0021373341702465225,0.03412874792981379,1.701898365106785,False,False,
2016-04-27,474.25,0.00043730769102227283,0.015609254855655754,-0.762471503364508,False,0.027627302275189614,0.003032137325693163,0.03476276127169329,0.7075147096995389,False,False,
2016-04-28,475.5,-1.4592907995029474e-07,0.015474560693551088,0.1703367626648822,False,0.034257748776509,0.0031449103017159247,0.03482947408674845,0.8932905043958319,False,False,
2016-04-29,478.0,0.0002997134062800851,0.015301576654477254,0.3240130255742447,False,0.03969548667754208,0.00355889953673961,0.035014278604334065,1.0320528818871477,False,False,
2016-05-02,477.0,2.1556347201136343e-05,0.01501276574453718,-0.14078728679125832,False,0.008989952406134316,0.003666593557034668,0.03511402734227549,0.15160205912041871,False,False,
2016-05-03,459.75,8.370563445502614e-05,0.014993977033051633,-2.4174525255796335,True,-0.054498714652956304,0.003723401260162175,0.03511921596321804,-1.6578421333237383,False,True,shock
2016-05-04,460.5,-0.00014045513324406993,0.01540840362609151,0.11498767468381509,False,-0.08676251859196826,0.0030251356235973014,0.0357520721209194,-2.511397211101189,True,True,trend
2016-05-05,453.0,-0.00026092640386215984,0.015358005035401455,-1.0434765785228826,False,-0.086232980332829,0.0017619190636476523,0.03721834679464365,-2.364288233488668,True,True,trend
2016-05-06,453.25,-0.0004991898492968852,0.015467236970505713,0.06795436256599405,False,-0.029443254817987152,0.0001393327537725808,0.03836439981042012,-0.7710947575862984,False,False,
2016-05-09,447.0,-0.00040753223518621724,0.015452623936491841,-0.8659867297228103,False,-0.051458885941644605,-0.0005495402734302098,0.038426323908475744,-1.324855996880442,False,False,
2016-05-10,451.5,-0.0006903644646931924,0.01550141164630733,0.6939676723710158,False,-0.05888483585200621,-0.0015886211153389729,0.038738155452393494,-1.4790640924315643,False,False,
2016-05-11,449.5,-0.0005701713644930291,0.015549980574952547,-0.24820014823730674,False,-0.05218766473379022,-0.0025729696204023654,0.03924707841024583,-1.2641627637800286,False,False,
2016-05-12,458.5,-0.0007974777028697208,0.01547902909823566,1.3450278122604218,False,-0.035751840168243953,-0.0033523997165394227,0.03964752094051398,-0.8171870443127008,False,False,
2016-05-13,465.0,-0.0006205109489171152,0.015641497533119546,0.9460202866899576,False,-0.027196652719665315,-0.004276852112812525,0.03958295926765427,-0.5790320135458393,False,False,
2016-05-16,474.75,-0.00020456768181503104,0.015614288545105394,1.3559573691838689,False,-0.004716981132075526,-0.004507872417472997,0.039666518472110585,-0.0052716679622274686,False,False,
2016-05-17,481.75,0.00019392491090292876,0.015769478135454384,0.9227114167278847,False,0.04785209352909181,-0.004410374983194952,0.03965676691207197,1.3178701286507921,False,False,
2016-05-18,480.0,0.00019288417665748477,0.015768502185589273,-0.24260222366193426,False,0.04234527687296419,-0.004071013736140395,0.039996741410516574,1.1605018052020628,False,False,
2016-05-19,468.75,0.0002557346436731267,0.01574338040771758,-1.5049648823869135,False,0.0347682119205297,-0.0035486264033399214,0.040346863918837836,0.9496856658041172,False,False,
2016-05-20,467.75,-5.67653563268733e-05,0.015979369182961462,-0.12995306343010446,False,0.031991174848317705,-0.00310612505999489,0.04058516623259892,0.8647814747675385,False,False,
2016-05-23,462.0,-0.0002184729955810664,0.015937587690202364,-0.7576064044944716,False,0.033557046979865834,-0.0029199436830848343,0.04071524561823643,0.8959049640759764,False,False,
2016-05-24,464.0,-0.00018098932671711882,0.015905378247123916,0.28355148715415995,False,0.027685492801771794,-0.0024093584952831143,0.040931688005607994,0.7352457903258632,False,False,
2016-05-25,466.0,4.595336453017277e-05,0.015845776029861966,0.2691184991520591,False,0.03670745272525022,-0.0017948628253989928,0.041034173862864225,0.9382987867459827,False,False,
2016-05-26,481.25,0.000339096830290598,0.015716341505470133,2.0606720111578953,True,0.04961832061068705,-0.0006685315415718426,0.04091442312915262,1.2290739623413673,False,True,shock
2016-05-27,481.5,0.0008045147898932707,0.016151529674735262,-0.017647509316628018,False,0.03548387096774186,0.0007425733142928455,0.040797676181982614,0.8515508946755094,False,False,
2016-05-31,464.5,0.0007021515793333411,0.016128358465241854,-2.2326193969888477,True,-0.021590310689836745,0.0016424142241530488,0.04080990978469621,-0.5692912588280729,False,True,shock
2016-06-01,473.75,0.00031812132158528074,0.016637142028787574,1.177832379102355,False,-0.01660612350804358,0.0017498142813748485,0.04073699077887718,-0.4505963115698839,False,False,
2016-06-02,485.5,0.0006054619497178833,0.016788337767001428,1.4412772249426702,False,0.011458333333333348,0.0021335114556755297,0.04042135116478233,0.23069050412600262,False,False,
2016-06-03,497.25,0.0007394354491483653,0.016942159481845215,1.3848540580086481,False,0.060799999999999965,0.002594898737223253,0.040326284748086486,1.4433539222960179,False,False,
2016-06-06,507.5,0.0009400661612681575,0.01713119991859571,1.148390508940746,False,0.08498129342597549,0.0035949394175669312,0.04083092039655266,1.9932529861678059,False,False,
2016-06-07,509.0,0.0013927837851829686,0.01719722920284884,0.0908798284312362,False,0.10173160173160167,0.005221078885468827,0.04161426735075349,2.3191690972876247,True,True,trend
2016-06-08,519.5,0.0014466148623817564,0.017195697761051863,1.1155155840539532,False,0.11961206896551735,0.006887741736690112,0.04293987168206509,2.6251668394227963,True,True,trend
2016-06-09,510.25,0.0018155098544909458,0.017307613901415678,-1.1336682373963824,False,0.09495708154506444,0.008718241524289617,0.044766018043688925,1.9264353585483287,False,False,
2016-06-10,495.0,0.0018834456020658068,0.01721905994293317,-1.8450923482145138,False,0.02857142857142847,0.010289679456340859,0.04569994696022188,0.40003873814121493,False,False,
2016-06-13,491.25,0.0016411981335046437,0.017537860890398625,-0.5255461750359862,False,0.02024922118380057,0.011100504332739503,0.04547408008642507,0.20118530894244838,False,False,
2016-06-14,485.0,0.0014649010006857713,0.01756349267288365,-0.8077862174317129,False,0.04413347685683533,0.011833005240303097,0.04516798126336074,0.7151187791236013,False,False,
2016-06-15,477.5,0.001355157163299432,0.01762681640134335,-0.9541754055934218,False,0.0079155672823219,0.012857894588028714,0.045014897702019246,-0.10979314755801643,False,False,
2016-06-16,472.5,0.0010963301223278525,0.01773044338915036,-0.6524108876988357,False,-0.026776519052523207,0.013327734210080803,0.04477309899061769,-0.8957220779157581,False,False,
2016-06-17,481.25,0.0011514706207885453,0.01768732613864827,0.9818922182806151,False,-0.03217697335344394,0.013710258023539534,0.044297439808828505,-1.0358890169503232,False,False,
2016-06-20,473.0,0.0012691557707808032,0.017774071669940272,-1.0358916772444748,False,-0.06798029556650242,0.014014067002092689,0.04389641100110836,-1.8679058423825312,False,False,
2016-06-21,458.5,0.0007243788086125358,0.017702806761639444,-1.7725872711392514,False,-0.09921414538310414,0.013367262844872834,0.04474563842172904,-2.516030884773476,True,True,trend
2016-06-22,458.75,0.0002715145019276314,0.01806648351983175,0.015151912004291418,False,-0.11693936477382094,0.0122465371525964,0.04648849356839316,-2.778879073299311,True,True,trend
2016-06-23,454.25,0.0001908241677216068,0.01805135827514301,-0.5539798346736613,False,-0.10975012248897598,0.010709155873096671,0.04880273804111332,-2.4682893459910606,True,True,trend
2016-06-24,454.75,-4.191395674793282e-05,0.018066458323772912,0.06324590029339547,False,-0.08131313131313134,0.008851475668481754,0.050690101995239364,-1.7787418733164324,False,False,
2016-06-27,446.75,-9.950513988779738e-05,0.018055692956006942,-0.9688123554786937,False,-0.09058524173027993,0.007134889517112994,0.05153879229733589,-1.8960500797851294,False,False,
2016-06-28,443.75,-0.0005568874580063706,0.018058569515204553,-0.3410169126602293,False,-0.08505154639175261,0.005141011055412614,0.05239248366116816,-1.7214789440114562,False,False,
2016-06-29,429.5,-0.0005969355410253385,0.01806898760988458,-1.7441896134829455,False,-0.1005235602094241,0.0032098481168709517,0.0530166862346267,-1.956618108254073,False,False,
2016-06-30,431.25,-0.0010747763663569627,0.018423534350454764,0.2794947759238907,False,-0.08730158730158732,0.0010755264901085937,0.05393208964944124,-1.6386740133035351,False,False,
2016-07-01,416.25,-0.0011830512558578966,0.01836827294402844,-1.8292170168735205,False,-0.1350649350649351,-0.0012667538909403176,0.053904371987388754,-2.4821396899920782,True,True,trend
2016-07-05,419.5,-0.0014652234227864813,0.018721069178733386,0.4953259422345527,False,-0.11310782241014794,-0.003910834448064355,0.05553630048406395,-1.9662272605539772,False,False,
2016-07-06,415.75,-0.0011274496426335187,0.018655812987592564,-0.41873081123761124,False,-0.09323882224645585,-0.005691047590403743,0.05687012839909165,-1.5394333918446095,False,False,
2016-07-07,412.0,-0.0012610535683709372,0.018675652527567026,-0.41544947766722495,False,-0.10190735694822883,-0.007176123036006111,0.05768774860838777,-1.6421378229770065,False,False,
2016-07-08,420.75,-0.001482110087096582,0.018667956850490525,1.2170573537708491,False,-0.07374793615850306,-0.008789757629650436,0.05862735431957372,-1.1079841361213403,False,False,
2016-07-11,416.25,-0.0012060839751356545,0.01885035805711769,-0.5033911378175019,False,-0.08466190214403524,-0.009932051701646377,0.059051394415155736,-1.2655052633813706,False,False,
2016-07-12,424.0,-0.0012415627427735964,0.018865880949295154,1.0527036301548467,False,-0.050923335198656994,-0.011039313721248788,0.05966872895731167,-0.6684241842312766,False,False,
2016-07-13,426.25,-0.0009933144945253488,0.019004427514606362,0.3314973978178673,False,-0.03943661971830981,-0.011477923902830034,0.05984144646849145,-0.46721290118214265,False,False,
2016-07-14,421.75,-0.0011529413470186597,0.018898865270691213,-0.4976088918046703,False,-0.018044237485448145,-0.012039225364250675,0.05990443462370836,-0.10024319833611896,False,False,
2016-07-15,424.75,-0.0014564780495691283,0.018864158481363455,0.45428460482408434,False,-0.015072463768115996,-0.012428277551578742,0.05984662080381414,-0.044182715431925174,False,False,
2016-07-18,429.5,-0.0010050541158447813,0.018654793515936647,0.6533496582365563,False,0.0318318318318318,-0.012259067377549292,0.05982061215388806,0.7370519562046206,False,False,
2016-07-19,418.0,-0.0011289353035616948,0.0185407297936737,-1.3832457040006287,False,-0.0035756853396901045,-0.011912532845141157,0.06000188948369027,0.13894308291270022,False,False,
2016-07-20,413.0,-0.0015492975446358712,0.018761678002029363,-0.5549836716244757,False,-0.006614552014431729,-0.01234219063165234,0.05982262374014922,0.09574368790810116,False,False,
2016-07-21,417.75,-0.0016807612538300336,0.018800107288074554,0.7011647170729087,False,0.013956310679611672,-0.012768757588677015,0.0596638755544191,0.4479271254163316,False,False,
2016-07-22,425.25,-0.0015063480607004761,0.01886163387779818,1.0317064550838688,False,0.010695187165775444,-0.01279703571852228,0.059650520166537456,0.39383098116680487,False,False,
2016-07-25,429.0,-0.0009575470951097446,0.018820458163028925,0.5194288662955622,False,0.03063063063063054,-0.012547309495072876,0.059709904629663656,0.7231286064431726,False,False,
2016-07-26,415.0,-0.0006671830226482412,0.018800777886963972,-1.7002939880242658,False,-0.021226415094339646,-0.011966114909558638,0.05991762494211258,-0.15455052154900228,False,False,
2016-07-27,414.75,-0.0011971247560910673,0.019135728440791144,0.031078781211649528,False,-0.02697947214076246,-0.012169940112976327,0.05992284782209958,-0.2471433278964484,False,False,
2016-07-28,410.25,-0.0008285499680742525,0.018872109098432822,-0.5310142901221765,False,-0.027267338470657987,-0.011857338028851744,0.05978157327016631,-0.2577717446840183,False,False,
2016-07-29,407.75,-0.001129727447082498,0.018849072465425932,-0.2633613817525754,False,-0.040023543260741645,-0.01154269943044968,0.05963541581120352,-0.4775827156208301,False,False,
2016-08-01,406.0,-0.0014761720867993292,0.01869568170356181,-0.1506055489929768,False,-0.05471478463329449,-0.012004507593466465,0.0597211550737055,-0.715161603741868,False,False,
2016-08-02,401.25,-0.001482836924510531,0.018696607500227645,-0.5464451486467619,False,-0.04007177033492826,-0.012346850445247245,0.05989346537617488,-0.4629039197439685,False,False,
2016-08-03,410.25,-0.0016388303563660321,0.018732840174060426,1.2848418432433115,False,-0.006658595641646503,-0.012432725932704721,0.05992900200846074,0.09634951521874216,False,False,
2016-08-04,403.25,-0.0017167814302769162,0.018618490293953658,-0.8242335943014099,False,-0.03470975463794135,-0.012465337293936856,0.059925133872787834,-0.37120346516415115,False,False,
2016-08-05,416.0,-0.002325035910456236,0.018359494191030487,1.848805771613484,False,-0.02175191064079951,-0.013272719113863275,0.0598098260346134,-0.14176920564907045,False,False,
2016-08-08,417.0,-0.0023970344697200577,0.01821312632269764,0.2635945382744828,False,-0.027972027972028024,-0.014750649556676529,0.058603488150277834,-0.2256073628492507,False,False,
2016-08-09,417.0,-0.0021402269490305324,0.018142137588700213,0.1179699436500563,False,0.004819277108433662,-0.016254171563480812,0.05745030648414965,0.36681177110392904,False,False,
2016-08-10,421.75,-0.0013669877491650087,0.016924459418135585,0.7538128529920409,False,0.016877637130801704,-0.016385460434336318,0.057389910469256546,0.5795983526225725,False,False,
2016-08-11,416.25,-0.0013364511506065969,0.016945654121353085,-0.6907051078276558,False,0.014625228519195677,-0.016875908782933262,0.05693860902619026,0.5532473982221667,False,False,
2016-08-12,422.5,-0.0017508249677562053,0.01684518725768723,0.9952896175208854,False,0.03617412630288164,-0.0174838523290125,0.05634462661107474,0.9523175830461084,False,False,
2016-08-15,422.0,-0.0013977673765537477,0.016916191540604347,0.012670430183802874,False,0.039408866995073843,-0.017369894675309937,0.056445649842293256,1.0059014614770354,False,False,
2016-08-16,423.5,-0.0014486896778308604,0.016909632611171274,0.29587822293629656,False,0.0554517133956387,-0.017301213099062403,0.056512412292931594,1.2873795957883898,False,False,
2016-08-17,426.0,-0.001471397960290665,0.016901646558144336,0.43632350589574076,False,0.03839122486288837,-0.01709113007615445,0.0567559209206388,0.9775606498681118,False,False,
2016-08-18,427.0,-0.0013647947878830044,0.016922879746187575,0.21936057479193574,False,0.058896466212027265,-0.016699113110064397,0.05703932977592195,1.3253237655327932,False,False,
2016-08-19,427.0,-0.0008513155898436153,0.016429809797437363,0.05181530403208923,False,0.02644230769230771,-0.01518717736519795,0.05752465229045433,0.7236807768486708,False,False,
2016-08-22,415.25,-0.0008730665414477468,0.016427558366586603,-1.6219390165465506,False,-0.004196642685851293,-0.013677779681407602,0.05710486435190074,0.16603028661674296,False,False,
2016-08-23,407.75,-0.0010228121341366828,0.016620020064500602,-1.0251850833888205,False,-0.02218225419664266,-0.012583961846114567,0.0564785718064496,-0.1699457341701408,False,False,
2016-08-24,404.0,-0.0012709892697310376,0.016734763014887934,-0.47361426601242784,False,-0.04208654416123292,-0.01248714850449664,0.05645550028487231,-0.5242960474600146,False,False,
2016-08-25,401.25,-0.0012097560999754897,0.01669669778518868,-0.33522644208478836,False,-0.036036036036036,-0.012362183947424483,0.05637839060488307,-0.4199100370658872,False,False,
2016-08-26,383.5,-0.001434743363802542,0.016656328709444494,-2.5697149418369993,True,-0.09230769230769231,-0.012057533283211548,0.05618500206761431,-1.4283199443137138,False,True,shock
2016-08-29,370.5,-0.001965504447486904,0.01737191665052355,-1.838185231926985,False,-0.12203791469194314,-0.01259246698419691,0.056760286466405054,-1.9282046395682686,False,False,
2016-08-30,363.25,-0.002684445141164122,0.01756434309812519,-0.9612489298126139,False,-0.1422668240850059,-0.013742947977846231,0.0580948325178259,-2.2123116727761154,True,True,trend
2016-08-31,361.0,-0.003134375996880435,0.0175587949446615,-0.17425485200149085,False,-0.15258215962441313,-0.015277216929384102,0.05994496843360633,-2.2905165568166876,True,True,trend
2016-09-01,368.25,-0.0034965336388373793,0.01733362907004021,1.3603404132298909,False,-0.1375878220140515,-0.017248752642615276,0.06198966250193677,-1.9412764082668852,False,False,
2016-09-02,373.25,-0.003425353637894082,0.017420292516031784,0.9760505537387333,False,-0.1258782201405152,-0.019721284849857183,0.06304717413421267,-1.6837699190874877,False,False,
2016-09-06,371.0,-0.003195882677413362,0.01753052954075783,-0.16156092691354396,False,-0.10656231186032505,-0.02196426481003691,0.06379715862525073,-1.3260472546625999,False,False,
2016-09-07,375.25,-0.002963757761137408,0.017373441168465786,0.8299612740956922,False,-0.07970570202329863,-0.023848671793781636,0.06418487472572401,-0.8702522279307435,False,False,
2016-09-08,377.0,-0.002782572975273377,0.017452894876477762,0.42664157758474924,False,-0.06683168316831678,-0.02533796348540319,0.06416756281941166,-0.6466463406081102,False,False,
2016-09-09,376.0,-0.0025564869868717967,0.017437853751157622,-0.0055071517629330016,False,-0.06292834890965737,-0.026676479887378958,0.0639691614150908,-0.5667085236125406,False,False,
2016-09-12,383.25,-0.002649573976510511,0.017419225305347372,1.2590392790542142,False,-0.0006518904823989979,-0.027884664443531347,0.06378399602161493,0.42695308634949414,False,False,
2016-09-13,374.75,-0.0024499530422967685,0.017585058712081165,-1.121905919577677,False,0.011470985155195734,-0.02838278901963334,0.06341757107503138,0.6284342572451536,False,False,
2016-09-14,376.75,-0.0031820071275756173,0.01724037905067523,0.49412477320691156,False,0.037164487267721924,-0.02889142015903989,0.06293465970782193,1.0495950519702573,False,False,
2016-09-15,399.5,-0.0031177749843574855,0.017263314780014166,3.6784734795963767,True,0.10664819944598336,-0.02886901194170682,0.06295818541404988,2.152495509463141,True,True,shock+trend
2016-09-16,403.25,-0.0018418922513494366,0.018353887075406597,0.611784611182788,False,0.0950441276306857,-0.027159165139895886,0.06487086101680581,1.8837932910883195,False,False,
2016-09-19,404.0,-0.001982254284443369,0.018225061886385865,0.21081644139760372,False,0.08238446081714668,-0.02567049512471283,0.0663798431597741,1.627827828423378,False,False,
2016-09-20,406.0,-0.002288150583259987,0.01796003637284547,0.4030418136407203,False,0.09433962264150941,-0.02472481342492865,0.0674131307710184,1.7661905730333634,False,False,
2016-09-21,407.75,-0.0025448353660534064,0.01771218515207606,0.38703187296098274,False,0.08660892738174542,-0.024277618456375195,0.06809592620865597,1.6283873648821203,False,False,
2016-09-22,405.5,-0.0027622090824129214,0.017523165446206777,-0.15727055646416496,False,0.07559681697612741,-0.02425591667029826,0.0681314670324477,1.4655890735314812,False,False,
2016-09-23,404.75,-0.0028751924435833484,0.0175131153953753,0.05856319600464286,False,0.07646276595744683,-0.024604380467037914,0.06754267617856173,1.4963450094469872,False,False,
2016-09-26,396.0,-0.0031749024719506663,0.017296447204550792,-1.0663103353311785,False,0.03326810176125239,-0.025179704507145524,0.06647295007307664,0.8792720377859514,False,False,
2016-09-27,404.0,-0.003225738479950788,0.017345562569632225,1.3506485354927078,False,0.07805203468979327,-0.026002224237596353,0.06533829710308794,1.592546233080077,False,False,
2016-09-28,403.25,-0.002557880742029357,0.017269266541776344,0.0406181175539898,False,0.07033842070338414,-0.025342482822684823,0.06614166285957944,1.4466056550347417,False,False,
2016-09-29,399.0,-0.00248162311626678,0.01725943406157917,-0.4668602975581976,False,-0.0012515644555695093,-0.02467462682909037,0.06685725286866247,0.3503443735496316,False,False,
2016-09-30,402.0,-0.002452512733966903,0.01724376184891701,0.5782560565271555,False,-0.0030998140111593298,-0.025279760713255772,0.06643007378382873,0.3338841196273934,False,False,
2016-10-03,395.5,-0.0021460765403901777,0.017213598296589472,-0.814651152353421,False,-0.02103960396039606,-0.025426632463835523,0.06636783761967807,0.06610172428065836,False,False,
2016-10-04,395.5,-0.002222049207595164,0.017263340151756085,0.12871490615731912,False,-0.025862068965517238,-0.02535014026260716,0.06636956680049413,-0.007713304871326473,False,False,
2016-10-05,405.0,-0.002468962787842079,0.01709428917433906,1.549592970947081,False,-0.006744328632740659,-0.0252659415374348,0.06636479448830597,0.2790879267765653,False,False,
2016-10-06,395.75,-0.0019201216584699768,0.01727662515986301,-1.210849012512544,False,-0.02404438964241673,-0.02444946197831798,0.06620868893560877,0.0061181144410698655,False,False,
2016-10-07,394.75,-0.0018159098591677377,0.017123850098160885,-0.041517409588351914,False,-0.02470660901791233,-0.023447198568442146,0.06562802246379439,-0.019190132540790373,False,False,
2016-10-11,407.25,-0.0018568712462060006,0.01712179992243115,1.957883081473439,False,0.02840909090909083,-0.022217428491696698,0.06471017908308406,0.7823578935824926,False,False,
2016-10-12,396.75,-0.0013038729068530364,0.017526476937548916,-1.3966763512419036,False,-0.017945544554455406,-0.020375305646389143,0.06414876125284595,0.03787697602385021,False,False,
2016-10-13,416.0,-0.001662318296601922,0.01775011278710494,2.827110878112359,True,0.03161810291382516,-0.019530404489606797,0.06375138048266213,0.8023121541241346,False,True,shock
2016-10-14,421.0,-0.0007808342670827128,0.01857092848129603,0.6892528313382561,False,0.05513784461152893,-0.01790102656101873,0.06347184037000284,1.150728744381363,False,False,
2016-10-17,423.75,-0.0005310423224110809,0.018615969657796484,0.37941127755150333,False,0.05410447761194037,-0.016031834680974976,0.06353179221098779,1.1039561430912272,False,False,
2016-10-18,420.0,-1.5779088215726786e-05,0.018261462837786034,-0.48373881722276973,False,0.06194690265486735,-0.01397012751002345,0.06326123560913985,1.2000560759506012,False,False,
2016-10-19,420.25,-0.00018809992502603882,0.018283308729196753,0.04284443433442731,False,0.06257901390644749,-0.011980147643937384,0.06327072909573928,1.1784147680290564,False,False,
2016-10-20,417.0,0.00028360469885249835,0.01782945470127102,-0.44965461940611173,False,0.029629629629629672,-0.009344894990985618,0.062181519784269744,0.6267862984988476,False,False,
2016-10-21,414.5,7.63873684941796e-05,0.01783113714742998,-0.3405049916460153,False,0.047378395451673994,-0.007441728963788583,0.06113837641087844,0.8966565295592043,False,False,
2016-10-24,402.5,0.00011564082865811158,0.017814254483235856,-1.6316250381787718,False,0.019632678910703083,-0.005566832727813518,0.06062569490543031,0.41565728323320966,False,False,
2016-10-25,404.25,-0.0001501018268970178,0.018098759314308373,0.24852133981899954,False,-0.007366482504604033,-0.003946298916361092,0.05963194549800585,-0.05735488855310473,False,False,
2016-10-26,411.5,-0.000375302333439862,0.017933359820702346,1.020988204239234,False,0.037177063642092056,-0.0030612128676424386,0.05907191862266905,0.681174362504842,False,False,
2016-10-27,414.5,6.426115515478041e-06,0.01801524029135913,0.404322936510127,False,-0.0036057692307692735,-0.0014366933238274078,0.05846977652940033,-0.037097386644725595,False,False,
2016-10-28,408.5,-0.00014461678643872488,0.01790423053471302,-0.8004060602948414,False,-0.029691211401425166,-0.0008057924442555716,0.05818317037013681,-0.4964566003092085,False,False,
2016-10-31,416.25,-0.0004083751222377104,0.017968434439345215,1.0785705016690414,False,-0.017699115044247815,-0.0006758536666971097,0.05810656305278248,-0.2929662413880377,False,False,
2016-11-01,414.25,-1.4654682558414104e-05,0.018066301172143744,-0.2651428245662317,False,-0.013690476190476142,-0.000671252034147772,0.05810518266053466,-0.22406304498498883,False,False,
2016-11-02,417.75,-0.00017356166304215807,0.01805516947640498,0.4775677070665212,False,-0.005948839976204656,-0.0006528255331125739,0.05810077294946533,-0.0911522200866145,False,False,
2016-11-03,412.0,-0.00021001559141234398,0.018034678715032063,-0.7515630119526517,False,-0.011990407673860948,-0.0011565678238863934,0.0579789744701047,-0.18685808000210027,False,False,
2016-11-04,414.25,-3.6534163497449574e-05,0.017837182834047435,0.30821566741734324,False,-0.0006031363088058184,-0.001268764121675338,0.05799185933322542,0.01147795260442977,False,False,
2016-11-07,410.0,0.00019577100365697635,0.01779317509644226,-0.5876003623153299,False,0.01863354037267073,-0.0011886119122669924,0.05798852510024874,0.3418288747759977,False,False,
2016-11-08,415.25,-9.437187345643287e-05,0.01778374980887871,0.725339147303835,False,0.027210884353741527,-0.0011262488496928717,0.05800754454179849,0.4885077178713454,False,False,
2016-11-09,406.75,-0.0001630177843320609,0.017722976397031482,-1.145777006598405,False,-0.011543134872417982,-0.0009060395538533239,0.05808432551478552,-0.18313194178103967,False,False,
2016-11-10,404.75,-0.000553523634734893,0.017844653693252548,-0.24452710823237567,False,-0.023522316043425806,-0.0014683564272273042,0.057978939282981555,-0.380378804595895,False,False,
2016-11-14,394.0,-0.00018396353561117945,0.01745402502569263,-1.511149498171286,False,-0.03549571603427171,-0.0014989684398817864,0.0579901172379894,-0.5862507132873773,False,False,
2016-11-15,399.0,-0.0005300594696871992,0.017717794117143953,0.7461659567905408,False,-0.04144144144144146,-0.0016125183584619095,0.05804899251375086,-0.6861260007836438,False,False,
2016-11-16,397.0,-0.00021618927083338384,0.017741000144495114,-0.2703535324064401,False,-0.04164152082076045,-0.001801506398072356,0.05815661798467929,-0.6850469611761726,False,False,
2016-11-17,403.0,-0.0002017717523265746,0.017736597849084865,0.8634757357968391,False,-0.03530819868342305,-0.00182307943220594,0.05817128618366322,-0.5756296868784215,False,False,
2016-11-18,408.0,5.696418926684969e-05,0.017817480891888896,0.6931385966673961,False,-0.009708737864077666,-0.0015643249528743209,0.05797566950938059,-0.1404798423222273,False,False,
2016-11-21,410.25,0.00037838359299993576,0.017819968098979955,0.28823409002887657,False,-0.00965600482800244,-0.0011594845199296463,0.05780891248072599,-0.14697595826431797,False,False,
2016-11-22,407.25,0.00015284758420389455,0.017643270909683442,-0.4231336628008326,False,-0.006707317073170738,-0.0011994499757477255,0.05781380149968233,-0.09526906992015179,False,False,
2016-11-23,401.5,0.0002828496154856334,0.017550382620776364,-0.8206055328727798,False,-0.0331125827814569,-0.0008260841415507839,0.05768474183151299,-0.5597060438306081,False,False,
2016-11-25,395.75,-0.0003269796429274718,0.01723870752914656,-0.8117960976264817,False,-0.02704363859864778,-0.0009775597700928825,0.05775530693847471,-0.4513191983608094,False,False,
2016-11-28,389.5,-0.0005499815268882605,0.017310931742669983,-0.8805312841382682,False,-0.037677578752316254,-0.0009651812451144792,0.057749542310945125,-0.6357175492323126,False,False,
2016-11-29,384.0,-0.0007605521733401455,0.017399974357884495,-0.7678238527443927,False,-0.025380710659898442,-0.0015318059899244781,0.05790030732651073,-0.41189599453221376,False,False,
2016-11-30,380.5,-0.0011007062375085782,0.017408576369028747,-0.46034074963660565,False,-0.04636591478696739,-0.0020952506271338135,0.057924347908684434,-0.7642842044527566,False,False,
2016-12-01,371.5,-0.0010483553351836106,0.01737806155691178,-1.3007626099630032,False,-0.0642317380352645,-0.0029084658712159876,0.05811425655697886,-1.0552190769905716,False,False,
2016-12-02,387.5,-0.0015639300426111427,0.01746842151435336,2.555043147542974,True,-0.038461538461538436,-0.004247210729057936,0.058357752812482275,-0.5862859017621789,False,True,shock
2016-12-05,389.25,-0.0009739024079619114,0.018212928715311542,0.30143594838782933,False,-0.045955882352941124,-0.0052854828018127666,0.058263188695841635,-0.6980462357363405,False,False,
2016-12-06,389.5,-0.0009610807191273807,0.018216497876885382,0.08801590118096238,False,-0.050578915295551474,-0.006637584078460498,0.058010751412245064,-0.7574687475572972,False,False,
2016-12-07,386.25,-0.001031226411974071,0.018199830083033646,-0.40180619068373924,False,-0.05156537753222834,-0.007823852613906362,0.05798718441279901,-0.7543308984781004,False,False,
2016-12-08,390.75,-0.0011737790606287997,0.01821487367088802,0.7040545396709782,False,-0.02677459526774595,-0.009296677197163103,0.057671604363792345,-0.30305933506430965,False,False,
2016-12-09,400.25,-0.001018439254803556,0.01827459997310845,1.386112931700263,False,0.01137081490840175,-0.010006235903297153,0.05755320386442961,0.3714311172329166,False,False,
2016-12-12,401.25,-0.0003273754615718009,0.01823893047882534,0.15493309439415887,False,0.030166880616174563,-0.009798669802040446,0.05760249032788221,0.6938163643746124,False,False,
2016-12-13,398.0,-5.324416469395891e-05,0.018122924291048104,-0.4439926018341802,False,0.03645833333333326,-0.00910068133786955,0.05776733657779451,0.7886639296559759,False,False,
2016-12-14,391.5,-3.861585404864106e-05,0.01811588554352724,-0.8993787468054607,False,0.028909329829172048,-0.008053416304608667,0.057873128052090335,0.6386858180624236,False,False,
2016-12-15,409.25,-0.0001656122220271487,0.018197176944787632,2.5006106304432767,True,0.10161507402422609,-0.007187478093072559,0.05793462080052446,1.8780230303382552,False,True,shock
2016-12-16,409.25,0.0010287238048365414,0.018205110056507805,-0.05650742025966507,False,0.05612903225806454,-0.0046018412086469805,0.058409809417987804,1.039737572709986,False,False,
2016-12-19,405.0,0.0014807012059664853,0.017741143979662144,-0.6688154695970691,False,0.040462427745664664,-0.0022262819159802115,0.057179186509598696,0.7465777718694669,False,False,
2016-12-20,403.25,0.0016031452167813928,0.01762521946428638,-0.33611682867871945,False,0.03530166880616181,0.00021010810842872965,0.05498227799590624,0.6382340269776718,False,False,
2016-12-21,399.5,0.001628119797540939,0.01761534594973433,-0.6203432996547953,False,0.034304207119741026,0.0027152258208363953,0.052133020554051356,0.6059303865992816,False,False,
2016-12-22,397.0,0.0012363525371869022,0.017525866851769184,-0.4276065131852643,False,0.01599488163787588,0.005007119542620296,0.049598386501102563,0.22153466816932293,False,False,
2016-12-23,393.5,0.0009718784732333452,0.01748673306591076,-0.5597385940039006,False,-0.01686445971267958,0.00689876089966551,0.04718585758767757,-0.5036089588536116,False,False,
2016-12-27,409.5,0.0009347052782000438,0.017504768779751097,2.269440527749857,True,0.020560747663551426,0.008094732261634117,0.04537313485477705,0.27474441520993653,False,True,shock
2016-12-28,401.5,0.0013241080964585582,0.01805807080356918,-1.1551692237442734,False,0.008793969849246297,0.009431618257458784,0.04421352086086163,-0.014422022851768449,False,False,
2016-12-29,404.75,0.0010014470676016588,0.01821312821211863,0.38945522870833144,False,0.0338441890166028,0.010439960297692959,0.0433037481240117,0.5404665815967168,False,False,
2016-12-30,408.0,0.001144742600599602,0.018226264412753514,0.37774637601571875,False,-0.0030543677458766405,0.011730260803376427,0.04252278625867322,-0.34768720138223536,False,False,
2017-01-03,406.5,0.0009947123744289959,0.01812095755154748,-0.25777793195400817,False,-0.006719609040928498,0.011698227773196726,0.04253314361084057,-0.4330231732373294,False,False,
2017-01-04,418.5,0.0012414092266858805,0.017926109770350855,1.5775249810775152,False,0.03333333333333344,0.011455686517248402,0.042586288826533064,0.5137251312317764,False,False,
2017-01-05,426.25,0.0015638546125807018,0.018215928967435183,0.930760321707882,False,0.05703657780533167,0.01140460446478989,0.042557322391548386,1.072247283809472,False,False,
2017-01-06,423.25,0.0010056365847762993,0.016989210883268914,-0.4734628233883017,False,0.05944931163954936,0.010743116176247867,0.041427471316380506,1.175698007038218,False,False,
2017-01-09,427.25,0.0007866384969906134,0.016985576341745287,0.5100822366143813,False,0.07619647355163739,0.010268518629699382,0.04064516157958694,1.6220369746309176,False,False,
2017-01-10,426.75,0.0008878490418023036,0.017014648275688993,-0.12096189254593155,False,0.08449809402795427,0.010186012132825925,0.04050282496002308,1.8347382427886334,False,False,
2017-01-11,418.75,0.0008062387742805255,0.017009576874921304,-1.1495040425637884,False,0.02258852258852251,0.010054791751311857,0.04024160099471649,0.3114620325085044,False,False,
2017-01-12,426.25,0.0004988163285028276,0.017153141145354586,1.0150695598634762,False,0.06164383561643838,0.009201186354068884,0.039262888727218774,1.335679848386039,False,False,
2017-01-13,426.0,0.000811196792827434,0.017255113519960785,-0.08100248399642235,False,0.05250154416306363,0.009015146602606364,0.03897604319565227,1.1157211967916776,False,False,
2017-01-17,433.5,0.0008280375684287996,0.017253097800169228,0.9724396412001806,False,0.0625,0.008695663645347922,0.03851114159778157,1.3971109170586484,False,False,
2017-01-18,431.0,0.0013510231243420026,0.017157722745220545,-0.41485900649331603,False,0.06027060270602713,0.009085422288531222,0.03890905934264376,1.315508040601683,False,False,
2017-01-19,423.5,0.0010047693524826951,0.017033744629944086,-1.0805704713627635,False,0.01194743130227005,0.008848336528747674,0.03853552517969225,0.08042176041642639,False,False,
2017-01-20,428.25,0.0007975032662453,0.017163114163440338,0.6070316438580637,False,0.004692082111436902,0.008069790003399486,0.03786036394569381,-0.0892148817377325,False,False,
2017-01-23,433.25,0.0010875755903592176,0.017152761602140146,0.6172678131556413,False,0.023626698168930815,0.008149038624292905,0.037846807130012164,0.40895548973176843,False,False,
2017-01-24,426.75,0.0011429972735806984,0.017180514813374164,-0.939778733011948,False,-0.001170275014628408,0.00850539212002744,0.03786527987994581,-0.25552873675655224,False,False,
2017-01-25,424.5,0.0011585475276957732,0.01716515459939187,-0.37465175296401043,False,-0.005272407732864637,0.008770316505971008,0.03772502305624086,-0.3722389836024912,False,False,
2017-01-26,427.0,0.0010882487579242446,0.017180752787116095,0.27944251391197333,False,0.019701492537313348,0.009044845322406377,0.03754407653016654,0.2838436365945608,False,False,
2017-01-27,420.5,0.000846502810558986,0.016980108748227425,-0.9463417157345152,False,-0.013489736070381286,0.009397456271340431,0.03751796138046364,-0.610032941545687,False,False,
2017-01-30,414.0,0.0009480631270555495,0.0168588714986769,-0.9731286863150228,False,-0.028169014084507005,0.009538184985634236,0.037410468022521126,-1.0079317651797748,False,False,
2017-01-31,420.75,0.0007756505858584421,0.016960702619653562,0.915569218355039,False,-0.02941176470588236,0.009492019584746308,0.037455407326073435,-1.0386693689364044,False,False,
2017-02-01,433.75,0.0005708337415889986,0.016672945635899977,1.818897169610401,False,0.006380510440835208,0.008721074843213331,0.03765530542448774,-0.06215762628912377,False,False,
2017-02-02,434.5,0.0013265656900411289,0.01674667880649972,0.024037060891425363,False,0.025974025974025983,0.00904542224315054,0.03752705502019749,0.45110397609842484,False,False,
2017-02-03,430.25,0.0007026975297304406,0.01581019909532842,-0.6631197589062585,False,0.004670169293636839,0.008970167883953217,0.037486815069201186,-0.11470695983050362,False,False,
2017-02-06,422.5,0.0004120230143723802,0.015799731386656992,-1.1661468052219943,False,-0.024812463935372175,0.008297265546381322,0.03709782762911513,-0.8924977983284473,False,False,
2017-02-07,430.75,8.475835072095558e-05,0.015924958217085124,1.2208426925325142,False,0.009373169302870465,0.007245039659083822,0.03689966808527554,0.05767340884661922,False,False,
2017-02-08,432.5,0.00046310748060174025,0.016046446913335278,0.22432217602707197,False,0.018845700824499323,0.006544056547723864,0.036341605442985626,0.3385002981245515,False,False,
2017-02-09,443.5,0.000509340057594619,0.016051826997551404,1.5527320321710534,False,0.03864168618266972,0.005960945706631221,0.03577682735877182,0.913461111247076,False,False,
2017-02-10,449.0,0.0009515669640029767,0.016276964536590513,0.7034349608071562,False,0.06777645659928666,0.006081106460671755,0.035872402084576566,1.7198555589657873,False,False,
2017-02-13,452.25,0.0011968543868268356,0.016309446791511428,0.3704266024512601,False,0.09239130434782616,0.006353080609306591,0.036264915947619096,2.3724920212911247,True,True,trend
2017-02-14,449.5,0.0016793723891247551,0.015936541329914098,-0.4869362681476786,False,0.06833036244800961,0.007323195615134899,0.037574486294450364,1.6236327585371482,False,False,
2017-02-15,454.75,0.0015403252736554036,0.01595842402544022,0.6353584012509143,False,0.04841498559077806,0.008332486881169747,0.0381862429414601,1.0496580868417769,False,False,
2017-02-16,447.75,0.00145692790756298,0.015887779149313705,-1.0605636487204126,False,0.03049482163406214,0.00848232584048556,0.038322759858472465,0.5743974566255049,False,False,
2017-02-17,441.0,0.0011544815863743052,0.015990802060260552,-1.0149496197648464,False,0.024985473561882632,0.00893700038534998,0.038379652825171334,0.41815055622408454,False,False,
2017-02-21,436.0,0.0011464801800665308,0.01599887659264596,-0.7803265803381898,False,0.031952662721893565,0.009666022851527416,0.03815462633319597,0.5841136976612435,False,False,
2017-02-22,441.25,0.0007423506239873342,0.015925165376526385,0.7095018175658593,False,0.024376088218224012,0.010328046555075968,0.03810411779499197,0.3686751583839157,False,False,
2017-02-23,438.0,0.0009669651467669945,0.01596462183420421,-0.5219293213948376,False,0.012716763005780285,0.01083560074719197,0.03803332427009098,0.04946089500958088,False,False,
2017-02-24,431.25,0.0007561059025271755,0.015968901599152697,-1.0124093198429245,False,-0.027621195039458812,0.011084475453618436,0.037983046324232654,-1.0190249134489135,False,False,
2017-02-27,418.75,0.0007341492910867838,0.015990254091801177,-1.8586106491392174,False,-0.06737193763919824,0.010876064955410466,0.038153866098938,-2.050853834620621,True,True,trend
2017-02-28,424.75,0.0002748603271545106,0.016343451059861812,0.859885579265142,False,-0.06080707573244881,0.009985814271005233,0.039190220745014825,-1.8063917134852887,False,False,
2017-03-01,435.5,0.0006026985050039491,0.016375859026459515,1.508702948181837,False,-0.031145717463848754,0.008926606056270305,0.04001812726184237,-1.0013542927164503,False,False,
2017-03-02,432.0,0.0007694202016499915,0.01656433479612246,-0.5316337595237655,False,-0.05002748763056619,0.008148518032035769,0.04022460713408393,-1.4462790268822066,False,False,
2017-03-03,433.75,0.000935191631630179,0.01641040517548882,0.18986333737508287,False,-0.03126744835287554,0.007635393328593792,0.040721590425422324,-0.9553369913858386,False,False,
2017-03-06,438.25,0.0010547643133059115,0.016399856002227268,0.5682900785763463,False,-0.006235827664399118,0.007532124897801129,0.04081139463820538,-0.3373556009113065,False,False,
2017-03-07,436.0,0.0015472209061553526,0.016111439901085173,-0.4146914770708737,False,0.0,0.007922256742732763,0.04053342317876627,-0.19544997983005036,False,False,
2017-03-08,427.5,0.0013095620897005044,0.01607627199260507,-1.2941417601858973,False,-0.031161473087818692,0.008474809295285317,0.04013187889655461,-0.9876508021284508,False,False,
2017-03-09,426.0,0.001116457002824293,0.01623939319781097,-0.28481537926382217,False,-0.0273972602739726,0.008614543265057874,0.039972952679346654,-0.9009042646388532,False,False,
2017-03-10,422.75,0.0008681620420807038,0.0161646845266299,-0.525668781800401,False,-0.0197101449275362,0.008720022443850546,0.039865778573074016,-0.7131471750708247,False,False,
2017-03-13,412.25,0.0006010146304535106,0.016136950778262552,-1.5764061819804136,False,-0.01552238805970152,0.008586670349671099,0.03994490526544986,-0.6035577816284277,False,False,
2017-03-14,412.0,0.00019632022755929383,0.01639065789683057,-0.048975969779720255,False,-0.03001765744555618,0.008508451906581777,0.039986831689480785,-0.9634699155790555,False,False,
2017-03-15,436.0,0.00028573604251039015,0.01636741653335044,3.5415907589228874,True,0.0011481056257176547,0.008197647368283306,0.040196737959327586,-0.17537596582336146,False,True,shock
2017-03-16,436.0,0.0012506896245320397,0.017594084941391547,-0.07108580120524986,False,0.0092592592592593,0.008654456547045632,0.03991461550323547,0.015152412332887007,False,False,
2017-03-17,436.25,0.001441640226441545,0.017500261735280145,-0.04961329974158289,False,0.0057636887608070175,0.00913849518515106,0.03969537774526633,-0.08501761706365138,False,False,
2017-03-20,430.25,0.0016598561328322692,0.01738410834906062,-0.8866395379752838,False,-0.01825442099258412,0.009717712085326038,0.039318172967005585,-0.7114301343906132,False,False,
2017-03-21,426.5,0.0016647506109732499,0.017379656424434144,-0.5972853103587961,False,-0.02178899082568808,0.009812729280890229,0.03924074163726586,-0.8053293283470213,False,False,
2017-03-22,422.25,0.0016700668838120396,0.017376375242553633,-0.6695813558999488,False,-0.012280701754386003,0.010140421600373952,0.038866094532090806,-0.5768813055360469,False,False,
2017-03-23,421.0,0.0018525769908830606,0.01717755183100744,-0.28018594240708905,False,-0.011737089201877882,0.010833102084118999,0.03797544151012979,-0.5943365077131856,False,False,
2017-03-24,424.75,0.0012388573615075402,0.016493735310643274,0.4649344684203561,False,0.004730928444707239,0.011189428074247805,0.037630467999209494,-0.17162953247555254,False,False,
2017-03-27,420.75,0.0012974071533498012,0.016513308679599277,-0.6488530952753271,False,0.020618556701030855,0.011865252218216452,0.03704083345029644,0.23631499800240993,False,False,
2017-03-28,424.5,0.0011632796192896293,0.016559491220859132,0.4679718868674234,False,0.03033980582524265,0.01281455184483755,0.03632426891594263,0.4824668053460345,False,False,
2017-03-29,425.5,0.0013933687763590793,0.016545487164706538,0.0581635232086823,False,-0.0240825688073395,0.013906620956270495,0.03558628626846829,-1.0675233003245643,False,False,
2017-03-30,421.0,0.0012694384719080013,0.016502374328643845,-0.717789538674845,False,-0.0344036697247706,0.013942514642409249,0.0355460340219247,-1.3601006609446231,False,False,
2017-03-31,426.5,0.0008042649615871985,0.016334927458880676,0.7505309151755426,False,-0.022349570200573043,0.013332188180633617,0.03598109903430099,-0.9916806139576513,False,False,
2017-04-03,427.75,0.0009451408887961913,0.01639518508968218,0.12111430622656953,False,-0.005810575246949501,0.012631968836410315,0.03615961799980984,-0.5100314965566507,False,False,
2017-04-04,427.0,0.0010922144998616516,0.016362393723614144,-0.17390946311153968,False,0.0011723329425556983,0.012068383388673212,0.03611261285115717,-0.3017242338854572,False,False,
2017-04-05,429.75,0.001286591802309993,0.016238733709282634,0.3173701423029613,False,0.017761989342806483,0.011698556763518327,0.03607982671194634,0.1680560338523051,False,False,
2017-04-06,423.25,0.0007679496575137106,0.015412946363415956,-1.0311475820050202,False,0.005344418052256605,0.010580515634432732,0.034521403899573776,-0.15167684365932682,False,False,
2017-04-07,424.0,0.0005662820212911009,0.015521697076673864,0.07767967223059571,False,-0.0017657445556209517,0.00990338744502196,0.0341115388003043,-0.3420875284740545,False,False,
2017-04-10,428.75,0.0007283733906064368,0.015469177667785744,0.6771178806670314,False,0.019013666072489555,0.009340345147671484,0.03394843492798882,0.284941587007974,False,False,
2017-04-11,433.25,0.0009353576285131071,0.015504519342778389,0.6166117750755851,False,0.020612485276796155,0.009123171777889188,0.03383201083166029,0.3395988951432697,False,False,
2017-04-12,433.25,0.0011992918799215795,0.01549642151804185,-0.07739153704132873,False,0.018213866039952897,0.008940615486649922,0.03373108821199388,0.274917028914758,False,False,
2017-04-13,429.75,0.001282729510292877,0.015472556140953359,-0.6050200144781801,False,0.02078384798099764,0.008970201945344284,0.033738331704384325,0.3501550147519049,False,False,
2017-04-17,421.0,0.0012925647673152755,0.015466283148296173,-1.4000286539844773,False,-0.01289566236811257,0.00947217938125998,0.03362865288651027,-0.6651423660905887,False,False,
2017-04-18,422.5,0.0004789459434913527,0.01496419117617557,0.20609195568081173,False,-0.012273524254821755,0.009026093914171127,0.03370139651585976,-0.6320099571829124,False,False,
2017-04-19,419.0,0.0007869321422138927,0.014783298349250195,-0.6135948552586017,False,-0.0187353629976581,0.008745193992783552,0.03379103659375312,-0.8132498958472889,False,False,
2017-04-20,406.25,0.0005685498922194196,0.014794858541988769,-2.095197062974346,True,-0.05468295520651545,0.008044133299260074,0.03380870018486082,-1.8553534493427242,False,True,shock
2017-04-21,405.0,5.5759996180781236e-05,0.015193880148434667,-0.2061805833993373,False,-0.04311872415829887,0.007355752133118223,0.034555098611896866,-1.4606954782076471,False,False,
2017-04-24,402.5,6.375396299827715e-05,0.015192047581310842,-0.4105169784251703,False,-0.050707547169811296,0.006870430598219951,0.03500809749110585,-1.6447045653554722,False,False,
2017-04-25,408.75,-0.0004121544997900554,0.014811105918047145,1.0762265085773386,False,-0.04664723032069973,0.005749885524844688,0.035491284915043546,-1.4763375282402094,False,False,
2017-04-26,407.75,-0.00045202874256285034,0.014763401078503113,-0.13509451021888397,False,-0.05885747259088281,0.004367434749830936,0.035485914934584285,-1.7816902130680379,False,False,
2017-04-27,413.5,-0.0003908068760731531,0.014745229619758616,0.9828660048080218,False,-0.04558568955568376,0.0027900109600918406,0.035633507529963984,-1.357590197234914,False,False,
2017-04-28,418.5,-0.000328792225637106,0.014796869955712064,0.8394133820778401,False,-0.02617801047120416,0.0011662487853275586,0.035012588843714366,-0.7809836450137475,False,False,
2017-05-01,442.75,-0.00015196324640135206,0.014865761951918062,3.9081081245832014,True,0.051662707838479704,-0.0003094326079945538,0.03376296774945166,1.5393238186923996,False,True,shock
2017-05-02,441.5,0.0008705884925553212,0.016151485288668492,-0.22870046434526786,False,0.04497041420118353,7.82231953382088e-05,0.03419359186177326,1.3128831620650117,False,False,
2017-05-03,443.0,0.0005941390065016824,0.016032893222584346,0.17485112938447087,False,0.05727923627684972,-0.00014408909019852256,0.033840285659535355,1.6968924537097627,False,False,
2017-05-04,426.0,0.00064725925660436,0.016035528346553987,-2.4334699952650594,True,0.048615384615384505,-8.038652868137468e-05,0.03394506219808344,1.4345465287382881,False,True,shock
2017-05-05,427.5,-9.914543187262777e-05,0.016530712106739624,0.21900279728180116,False,0.05555555555555558,-0.0002655147338095813,0.03363560276722173,1.6595828734118425,False,False,
2017-05-08,418.0,2.46964274339249e-05,0.01652246634090914,-1.34646475838619,False,0.03850931677018643,-0.000328382029149202,0.033525152556510326,1.15846449121657,False,False,
2017-05-09,421.75,-3.958130737745276e-05,0.01660036922033296,0.542811611826635,False,0.03180428134556568,2.5776443756349763e-05,0.033795793223266625,0.9403094844340419,False,False,
2017-05-10,424.0,-6.951150477176427e-05,0.01658181451511171,0.32592485873325006,False,0.03985285101164937,0.00038727243354473345,0.033990820569986924,1.1610657794166872,False,False,
2017-05-11,426.0,-0.00015405162724490217,0.016537228545512865,0.2945495217602294,False,0.030229746070133068,0.0006036211381143142,0.03419178141735149,0.8664691836437695,False,False,
2017-05-12,425.0,0.0001088799234524392,0.016454510922233094,-0.14927807793479575,False,0.015531660692950977,0.0010222880859111338,0.03436158686522667,0.42225560373415344,False,False,
2017-05-15,423.25,0.0001478797886856261,0.01644504766688985,-0.25938063141630885,False,-0.04404291360813095,0.0012996756649220086,0.03439404178212218,-1.3183268648763975,False,False,
2017-05-16,424.25,1.4454074465897193e-05,0.016438429640221425,0.14284915249334665,False,-0.03907134767836917,0.00044975024964941806,0.034719231701371873,-1.1383056591790013,False,False,
2017-05-17,427.0,0.0002489227711657671,0.016343298661354495,0.3813859407851292,False,-0.036117381489842004,0.00010866209487624623,0.03498268606753003,-1.035542082583026,False,False,
2017-05-18,425.75,0.0005414536438839602,0.0162544734657763,-0.21340919590976815,False,-0.0005868544600938774,2.683862805112902e-06,0.03508140974599691,-0.016804864090909623,False,False,
2017-05-19,435.25,0.0002850303332910142,0.01615382885470234,1.3636726105708221,False,0.018128654970760216,0.000387015999415626,0.034912294038876295,0.5081774045437557,False,False,
2017-05-22,434.25,0.00017058175903103656,0.015963296733911517,-0.15461166670360718,False,0.0388755980861244,0.0005436579264812927,0.03496586286574038,1.0962675311868484,False,False,
2017-05-23,429.5,0.0001168932685866982,0.01596475541585002,-0.6924811887219153,False,0.018375815056312916,0.0007156788879759383,0.035124040923044816,0.5027934060044383,False,False,
2017-05-24,432.5,0.00010146604649587054,0.015975005400915045,0.43088561813626525,False,0.02004716981132071,0.000898420831478286,0.03518050142830732,0.5443000583395535,False,False,
2017-05-25,430.75,0.0004347680383484394,0.015852266621771735,-0.2826731924102638,False,0.011150234741784004,0.001496549281434191,0.03511875635459039,0.27488688274942213,False,False,
2017-05-26,438.25,0.00012046310510175425,0.01570158957486557,1.1012278977806578,False,0.03117647058823536,0.0015202434872863717,0.035124741402902865,0.8443116138784744,False,False,
2017-05-30,429.5,0.0002984472412983097,0.015822075079897416,-1.2807561650167978,False,0.01476668635558176,0.0016846537508028521,0.03523561714752452,0.37127298068902953,False,False,
2017-05-31,429.25,-0.0003068767449976869,0.015715546433769663,-0.017511031710670602,False,0.011785503830288757,0.0013663204197750126,0.03500430901842205,0.2976543089318044,False,False,
2017-06-01,429.0,-0.0004799890790218061,0.015645019335293442,-0.006546626825949693,False,0.004683840749414525,0.0006197743828550407,0.0341556009140322,0.11898682083762833,False,False,
2017-06-02,429.5,-0.0005842653261146162,0.015618921951012324,0.11202863405706362,False,0.008807985907222537,-0.0005496584651237812,0.03242886401896412,0.28855911717641575,False,False,
2017-06-05,429.5,-0.0004876492095980023,0.015606869676058724,0.031245805194751307,False,-0.013210798391728895,-0.0013432901523342754,0.03143345174967981,-0.3775439087600522,False,False,
2017-06-06,435.75,-0.000643377796917246,0.015541957215424248,0.9776878169234458,False,0.003454231433505983,-0.0021649672721010347,0.03091638571686577,0.18175470952743306,False,False,
2017-06-07,444.75,-0.00024411276303930288,0.015542558935068193,1.3445763725764386,False,0.03550640279394646,-0.002525508474775117,0.030687187960552288,1.2393416861007522,False,False,
2017-06-08,449.25,0.00023227952542539398,0.015629152248968547,0.6325208278704769,False,0.03872832369942203,-0.002385229418347599,0.030838321991509383,1.333196829875805,False,False,
2017-06-09,445.75,0.0005183583564331581,0.01561086399714533,-0.5322652698595005,False,0.03482298316889154,-0.0022948872719805533,0.030949998237398087,1.1992850583112837,False,False,
2017-06-12,434.0,0.0002539310659609306,0.015580978987266273,-1.708108225420942,False,-0.0096976611523103,-0.002155595339304986,0.03109482383502334,-0.2425505239399486,False,False,
2017-06-13,445.0,6.693565100635013e-07,0.01585840665219377,1.598202979603847,False,0.03608847497089629,-0.002454454328079527,0.031057643462828587,1.2410126784121922,False,False,
2017-06-14,443.0,0.0005440904368290663,0.016020633196848755,-0.31449895877349004,False,0.032032615026208466,-0.0016049920612747925,0.031230786026697502,1.0770656575447155,False,False,
2017-06-15,453.75,0.000870638773147799,0.01565605074432827,1.4943568654320696,False,0.05769230769230771,-0.00027959802573603645,0.030502821086030172,1.900542430306356,False,False,
2017-06-16,465.25,0.0010031455395415633,0.01581276230014831,1.5393393396743797,False,0.08323632130384162,0.0013003937532607172,0.030394072416119855,2.6957864161409715,True,True,trend
2017-06-19,467.0,0.001003616837139513,0.015813497032891255,0.17439543886334843,False,0.08731082654249134,0.002825487603496589,0.031590170375311186,2.67441859082289,True,True,trend
2017-06-20,472.5,0.0011609256101018832,0.015780999702224123,0.6727315453657116,False,0.0843373493975903,0.0046566651258040225,0.03245377599151017,2.4552053447534288,True,True,trend
2017-06-21,464.5,0.0012639439567854716,0.015825277335991494,-1.1497530502432995,False,0.04440697020798212,0.006198062429143567,0.03345440568595066,1.1421188628343972,False,False,
2017-06-22,461.25,0.000899865867443214,0.015926619499192066,-0.4958137280199,False,0.026711185308847973,0.00687329973410865,0.0337101557256769,0.588483949352654,False,False,
2017-06-23,459.75,0.0008750296698826624,0.015937604620301207,-0.2589512218762714,False,0.03140773976444189,0.0072294488715599564,0.03377759264838319,0.7158085877987892,False,False,
2017-06-26,450.0,0.0010916080741988146,0.01576649525964713,-1.4143146920736303,False,0.03686635944700467,0.008063705042923431,0.03358873579054855,0.8575093324050006,False,False,
2017-06-27,453.25,0.0008556293290760841,0.015967446399039843,0.3987232982682186,False,0.018539325842696686,0.008920553305869794,0.03349144372319366,0.2872008927511731,False,False,
2017-06-28,457.25,0.001053647065121989,0.015952883923180033,0.4871535864358895,False,0.03216704288939054,0.0094305462494729,0.03334045921730108,0.6819491144896763,False,False,
2017-06-29,480.25,0.0015024807453487598,0.015685910282956815,3.110959398931723,True,0.058402203856749324,0.010066405328794128,0.03331288118931657,1.4509642157117428,False,True,shock
2017-06-30,511.0,0.002181242597471142,0.016664333882383905,3.7113940060641335,True,0.09833422890918864,0.011245336812824868,0.033439483925365734,2.604373090527929,True,True,shock+trend
2017-07-03,536.75,0.0022582655881262913,0.016938099908211355,2.841707399601809,True,0.149357601713062,0.012541151789937813,0.03489430336052752,3.920882113895162,True,True,shock+trend
2017-07-05,539.25,0.0029301507805594277,0.017823603970276415,0.09692265807021724,False,0.1412698412698412,0.014409129689321851,0.03829995195515341,3.312294274652471,True,True,trend
2017-07-06,519.0,0.0029846076786705818,0.017822545358448936,-2.2744654388751027,True,0.11733046286329385,0.016215878389442308,0.040988406170876235,2.4669069602832514,True,True,shock+trend
2017-07-07,515.25,0.0026672933572037248,0.018329234397484084,-0.5397239551136515,False,0.11707317073170742,0.018023676840854014,0.04241278907429534,2.335368553983715,True,True,trend
2017-07-10,530.5,0.002687165748462559,0.018317530322784596,1.4690909008872692,False,0.15388798259923875,0.019875172328285954,0.04366381970178489,3.069195759469358,True,True,trend
2017-07-11,535.5,0.0032146605869174307,0.01851682013442101,0.3353929052628275,False,0.18999999999999995,0.022090754786334283,0.04615491391760386,3.6379494827662047,True,True,trend
2017-07-12,522.5,0.0033797992835196237,0.018516233863594585,-1.493617800726157,False,0.15278543849972426,0.024780582642359324,0.04988459429957671,2.5660197833552614,True,True,trend
2017-07-13,495.5,0.0029373494083465403,0.018776997072980816,-2.9084517798245733,True,0.08365226899945322,0.026754642776426217,0.05196646129537569,1.0948912972854306,False,True,shock
2017-07-14,494.75,0.0023739182503241378,0.01976094248900569,-0.1967285141342798,False,0.030192608016657907,0.027595092273738516,0.052374003381267485,0.04959551638644526,False,False,
2017-07-17,506.0,0.0022349012026586642,0.019750992861947002,1.0381177234283954,False,-0.009784735812133127,0.02759312963629072,0.052373901895223195,-0.7136734918700592,False,False,
2017-07-18,503.75,0.0025066751272572125,0.019892406922121894,-0.3495462098017989,False,-0.06148113646949227,0.027783767409560133,0.05220902579222954,-1.7097599988609256,False,False,
2017-07-19,503.0,0.00258839716550099,0.019850480920429996,-0.20539708477304253,False,-0.06722299490032457,0.02742273451963051,0.05273583652046561,-1.794713721535927,False,False,
2017-07-20,505.75,0.0023943576086539868,0.01981779734679642,0.15505452783976154,False,-0.025529865125240803,0.02682442219030049,0.05355632915091939,-0.9775555596428054,False,False,
2017-07-21,499.25,0.002428175801489938,0.01982088904400732,-0.7709228113317457,False,-0.031052886948083502,0.026561498325256606,0.05376669981775844,-1.0715626115908796,False,False,
2017-07-24,488.75,0.0022801912802155504,0.01989382890770092,-1.1718075343541836,False,-0.07869934024505187,0.02613182872671475,0.054100064215626,-1.9377272558114211,False,False,
2017-07-25,474.0,0.0019139002355298654,0.020068341291504723,-1.5991819105701421,False,-0.11484593837535018,0.024845677665543308,0.05543195367115051,-2.5200557943458484,True,True,trend
2017-07-26,477.75,0.0017131808299792439,0.020314834039955536,0.3051076648174112,False,-0.08564593301435408,0.02324313957984188,0.05769452980524155,-1.887337897748209,False,False,
2017-07-27,479.75,0.0017950393638778255,0.02032743967557226,0.11763658261258247,False,-0.031786074672048414,0.022124737067058774,0.05898446004352322,-0.913983305082859,False,False,
2017-07-28,481.0,0.0017014854933697758,0.02029968399599692,0.04453459556682207,False,-0.027791814047498753,0.021447407190464934,0.05931143315878525,-0.8301809384059765,False,False,
2017-07-31,474.5,0.0015962841185445538,0.02027392177912662,-0.7452824271826186,False,-0.062252964426877444,0.02080201653280767,0.05958337059167199,-1.3939288787280149,False,False,
2017-08-01,461.25,0.001416103938364374,0.02034821325340571,-1.4419071707591005,False,-0.08436724565756826,0.019729125459916598,0.06035013546794431,-1.7248738600226816,False,False,
2017-08-02,460.75,0.0011514952179145672,0.020600818301141275,-0.10851540095857128,False,-0.08399602385685889,0.018327110878069052,0.06153506950529579,-1.662842596222661,False,False,
2017-08-03,457.75,0.0014085174041922762,0.020448486491186822,-0.3872971516181491,False,-0.09490855165595646,0.0173791060582191,0.06256170494486446,-1.7948305247296972,False,False,
2017-08-04,454.75,0.0012741964903667095,0.020467221775250472,-0.3824648169819178,False,-0.08913370055082626,0.016277305692870638,0.06380626767295282,-1.6520478330435262,False,False,
2017-08-07,463.5,0.001297266196081459,0.020457275302213584,0.8771488350820883,False,-0.05166240409207157,0.015338661192161733,0.0648377662550776,-1.0333647988526484,False,False,
2017-08-08,457.0,0.001959545338327433,0.020218906218398107,-0.7905114963201081,False,-0.03586497890295359,0.015378935207020982,0.06479460827737596,-0.7908669482282707,False,False,
2017-08-09,459.5,0.0018135878797486157,0.02029512318879946,0.18018474708589255,False,-0.03819989534275248,0.015475651810425586,0.0647114713084647,-0.8294595389018289,False,False,
2017-08-10,440.5,0.00196883186674558,0.020277731096765617,-2.136241198263146,True,-0.08181344450234496,0.015642420501453036,0.06455453142648396,-1.5096672975588517,False,True,shock
2017-08-11,439.25,0.001210468626478569,0.020820100934905782,-0.1944348439339621,False,-0.08679833679833682,0.015173537645697767,0.06513815185854166,-1.5654707960625514,False,False,
2017-08-14,441.0,0.0012052526095577558,0.020821078464626924,0.13346144101916252,False,-0.07060063224446789,0.01480099278959838,0.0656452069753786,-1.300957510364735,False,False,
2017-08-15,429.5,0.0010703497521543427,0.020769103006741896,-1.3071073531202022,False,-0.06883468834688344,0.014467460220414589,0.0660186541584279,-1.261797133388908,False,False,
2017-08-16,419.25,0.0005614298063713822,0.020962128570805455,-1.1652628204627216,False,-0.09007053716766145,0.013898704515405532,0.06655511554741016,-1.56215252318216,False,False,
2017-08-17,414.0,-0.000529370207908045,0.020044185291894855,-0.5983276933940599,False,-0.09557618787547784,0.012008927915323653,0.0674742003856424,-1.5944629973517128,False,False,
2017-08-18,416.0,-0.0006586915101312677,0.020090420107359116,0.27324512654250477,False,-0.08521165475536008,0.010134973220968168,0.06849043439871881,-1.3921159766817277,False,False,
2017-08-21,409.5,-0.000639579385056268,0.02009501221693103,-0.7457283654855299,False,-0.11650485436893199,0.008235094673872036,0.06913824901089147,-1.8042104164823949,False,False,
2017-08-22,402.25,-0.0003362498139501735,0.019685234444185476,-0.8822992654627859,False,-0.11980306345733038,0.006033491487414483,0.0704515523655292,-1.7861431113945847,False,False,
2017-08-23,403.25,-0.0006192584068179233,0.019781371258038003,0.1569797424767027,False,-0.12241566920565827,0.0036953765672426706,0.07168489288244966,-1.7592416017095875,False,False,
2017-08-24,409.0,-0.00028981522840022757,0.01962183379131358,0.7414678890091224,False,-0.07150964812712823,0.001549710087564741,0.07302464044392569,-1.0004754254256678,False,False,
2017-08-25,409.5,-0.00021931052726283855,0.019665012848104683,0.07331825440085002,False,-0.0677290836653387,0.00017219102792882226,0.07341958959804397,-0.9248386577071869,False,False,
2017-08-28,400.0,-0.00027414279607719175,0.019655047470635307,-1.166360978633904,False,-0.09297052154195007,-0.001262234767764352,0.0736843142339213,-1.2446107116237082,False,False,
2017-08-29,402.75,-0.0006463561871585085,0.01982286219419464,0.37942836475759745,False,-0.06228172293364376,-0.002904905002592127,0.07434309358665744,-0.7986864020104236,False,False,
2017-08-30,403.5,-0.0005233906159535006,0.019840763798659546,0.12023670223009585,False,-0.03756708407871201,-0.0039424167842800565,0.07462475849834065,-0.45058326446952096,False,False,
2017-08-31,410.25,-0.000443659356596872,0.019838139887563846,0.8656196593652329,False,-0.009057971014492794,-0.003856072390554471,0.07458146717867922,-0.06974787196765421,False,False,
2017-09-01,420.5,-0.000252113293684566,0.01993472214546871,1.2659759437068618,False,0.01081730769230771,-0.003455894035036119,0.07447039876959514,0.19166275410319553,False,False,
2017-09-05,430.5,-5.4101166138931235e-06,0.020132694800072713,1.181492254001826,False,0.05128205128205132,-0.002830098179274123,0.0743893847470764,0.727417623432517,False,False,
2017-09-06,421.75,0.0003507047275226253,0.02031569545810518,-1.017730750207043,False,0.04847731510254816,-0.002138512769378854,0.07465116918257628,0.6780312810390764,False,False,
2017-09-07,413.5,-0.00021781217314843874,0.020289365732202864,-0.9533831463104298,False,0.025418474891506504,-0.0017338639676216813,0.07484451503293188,0.36278328274531607,False,False,
2017-09-08,413.75,-0.00044799645790144873,0.0204108450906248,0.05157020077466388,False,0.011613691931540382,-0.0019132922768832531,0.07476192957020454,0.1809341236400438,False,False,
2017-09-11,412.25,-0.0002940898650902701,0.020374160586273116,-0.16350552280709515,False,0.006715506715506692,-0.002003453918546887,0.07474120522317383,0.11665533901974365,False,False,
2017-09-12,419.5,-0.000435559781982322,0.02035976699600002,0.8851759352268518,False,0.04875000000000007,-0.0021812094264910737,0.07470389788654869,0.6817744571218941,False,False,
2017-09-13,420.75,-0.00014712433152539895,0.020460906446000404,0.15282128985110358,False,0.04469273743016755,-0.001679879223048193,0.07492042313401556,0.6189582855166968,False,False,
2017-09-14,428.25,-0.0003395477155436725,0.02036116418600581,0.8921326645451514,False,0.0613382899628252,-0.0014996623318224303,0.07501671970243994,0.8376526265597802,False,False,
2017-09-15,449.0,0.00016433341650430014,0.02033650349743949,2.374482565848074,True,0.09445460085313839,-0.0008787076170591845,0.07534521494121456,1.265286834002372,False,True,shock
2017-09-18,443.5,0.0008181344644834029,0.021086568463090843,-0.6197109640899308,False,0.054696789536266444,0.00022354700991214393,0.07613356326782952,0.715495770698705,False,False,
2017-09-19,443.0,0.00066257403748564,0.02114000769522507,-0.08467214294279589,False,0.029036004645760727,0.0008903863270701695,0.0763917472074278,0.36843794451076356,False,False,
2017-09-20,449.75,0.0006320020790670074,0.02114092848515959,0.6908409082984402,False,0.06639004149377592,0.001160093243584012,0.07645576011697182,0.8531724509755023,False,False,
2017-09-21,452.5,0.0008351623499473678,0.021207879402566635,0.24893322004872595,False,0.09431680773881501,0.002221437775390743,0.0768052733075684,1.199076131070146,False,False,
2017-09-22,449.5,0.0007226650650978324,0.021156451656772293,-0.3475298901027153,False,0.08640483383685793,0.003432938792794863,0.07753810378598863,1.0700789804335702,False,False,
2017-09-25,454.0,0.0003588800117035144,0.02104337121630489,0.4586833240550646,False,0.10127349909035788,0.004111584540033683,0.0780437112566102,1.2449678902487447,False,False,
2017-09-26,453.75,0.0003574544067123971,0.021042704748411682,-0.04315582100882068,False,0.08164481525625744,0.004945520211912828,0.0787495778188918,0.9739645236033845,False,False,
2017-09-27,461.5,0.0004539890945630084,0.0210214156011906,0.7909030023486052,False,0.09685086155674383,0.00556981130641104,0.07917408061978494,1.1529158221449864,False,False,
2017-09-28,455.0,0.0010331885226891671,0.020870534053018114,-0.7243559521063851,False,0.0624635143023935,0.006990458275865094,0.07984946645481401,0.6947204344555017,False,False,
2017-09-29,448.25,0.0005074534671949124,0.020746077673356747,-0.739543085875145,False,-0.0016703786191536452,0.007342125466951724,0.08003720839305187,-0.11260392843596176,False,False,
2017-10-02,444.75,0.0003695763630256736,0.02081401960421361,-0.39289475536181656,False,0.002818489289740711,0.0068927522183468955,0.07999130945664713,-0.050933819639673625,False,False,
2017-10-03,448.0,-5.808374985373307e-05,0.020645212145894005,0.3567684268864717,False,0.011286681715575675,0.006161101306312669,0.07977103771134954,0.06425365090284837,False,False,
2017-10-04,442.0,-0.0002985754366124723,0.02044943137927638,-0.6403249784008407,False,-0.017231795441912223,0.005201772778469124,0.07926261725406876,-0.2830283555799411,False,False,
2017-10-05,440.75,-0.0005272991130792982,0.020499280511210534,-0.11223589941632348,False,-0.025966850828729293,0.003807871152010409,0.078716500441987,-0.37825261302975827,False,False,
2017-10-06,443.5,-0.0007220371960904644,0.020450124944411268,0.3404087717919492,False,-0.013348164627363768,0.002337148482326148,0.07822045949701238,-0.20052698757527773,False,False,
2017-10-09,436.0,-0.0004130961074178593,0.020376831180233035,-0.8096371553114875,False,-0.03964757709251099,0.0015670800178548695,0.07808486934702284,-0.5278187369079238,False,False,
2017-10-10,435.25,-0.0005452849743143728,0.020452136550308385,-0.05744624817236475,False,-0.04077134986225894,0.0006822965191700832,0.07817201869798625,-0.5302875257908223,False,False,
2017-10-11,433.25,-0.0005248603205265494,0.020450161711417506,-0.19903021047347344,False,-0.061213434452871085,-0.0002800913425192612,0.07823292156236286,-0.7788708627195932,False,False,
2017-10-12,430.5,-0.000303365420475045,0.02031262528758328,-0.29754938069550274,False,-0.05384615384615388,-0.001587821927850938,0.07842310855894764,-0.6663639439773336,False,False,
2017-10-13,439.5,-0.00048429337670594504,0.02030511973329801,1.053439575959569,False,-0.019520356943669825,-0.002552961657035612,0.07861723745230967,-0.21582283779593342,False,False,
2017-10-16,436.5,-0.00032321642120390235,0.020427516331335785,-0.3183315112750061,False,-0.018549747048903886,-0.0032421269881430835,0.07853527133628416,-0.19491395140425924,False,False,
2017-10-17,434.75,-0.0010849050790367812,0.019561049274985982,-0.1494939603102419,False,-0.029575892857142905,-0.00426815300021846,0.07822107611963536,-0.32354118752109057,False,False,
2017-10-18,430.0,-0.001992082616191187,0.018017241030653063,-0.4958437756961481,False,-0.02714932126696834,-0.005973621290436213,0.07734328581734425,-0.27378847113557037,False,False,
2017-10-19,432.75,-0.002809645401110427,0.016968812785576912,0.5424654249320096,False,-0.018150879183210455,-0.008327046930169951,0.0752089010714116,-0.1306206062459639,False,False,
2017-10-20,426.0,-0.0027864762413309634,0.016980328811553307,-0.7544873940985496,False,-0.03945885005636973,-0.010452656536210641,0.07314835385758826,-0.396539251951328,False,False,
2017-10-23,436.75,-0.0024937531014028423,0.016556859457435444,1.6747436285682722,False,0.0017201834862385912,-0.012543180708472821,0.07167263279059229,0.19900711944522867,False,False,
2017-10-24,438.0,-0.0020609507639355214,0.01685311015731679,0.29211225377559413,False,0.006318207926478969,-0.014081220538412405,0.07007342992741149,0.29111502727956917,False,False,
2017-10-25,435.5,-0.0024174205458707934,0.016452422681682094,-0.19999133713421066,False,0.00519330640507798,-0.0160488175340492,0.06731062109338343,0.31558353784400395,False,False,
2017-10-26,431.75,-0.002619191655805563,0.01639792837876719,-0.36538765133493256,False,0.0029036004645761615,-0.018512906781981496,0.0629041517903115,0.34046253922871,False,False,
2017-10-27,427.25,-0.002410317188809937,0.016217110386930956,-0.49406959321400074,False,-0.027872582480091057,-0.020511331289116804,0.05968713556787232,-0.12333061590136987,False,False,
2017-10-30,424.75,-0.0018602912844427654,0.015190742436616621,-0.2627313184561047,False,-0.02691867124856817,-0.021998329308844062,0.058433064319961876,-0.08420475627945502,False,False,
2017-10-31,418.5,-0.0019181279840389154,0.015197660833854062,-0.841998654882729,False,-0.03737780333525009,-0.022759813032380408,0.05811499887188237,-0.2515355861073976,False,False,
2017-11-01,418.0,-0.0024175052495250694,0.014990438856674058,0.08156946777803109,False,-0.027906976744186074,-0.023127720599355302,0.0581190890932695,-0.08223212406445363,False,False,
2017-11-02,426.0,-0.002374146620378689,0.014989193308458987,1.43522751081604,False,-0.01559792027729634,-0.022680065136351218,0.057948735194169786,0.12221396783423517,False,False,
2017-11-03,425.75,-0.002099112090675228,0.015193511100201857,0.09953312441133236,False,-0.0005868544600938774,-0.021991730808044178,0.057718642622485036,0.3708485746615905,False,False,
2017-11-06,430.75,-0.0021798327743976207,0.01516883134887689,0.9179226575723382,False,-0.013737836290784178,-0.021659157332508883,0.057769818315911825,0.1371186767181315,False,False,
2017-11-07,427.25,-0.0018518836955570765,0.01520082758123603,-0.4127064141951678,False,-0.024543378995433796,-0.021428289990411558,0.05776636879309951,-0.05392565034128216,False,False,
2017-11-08,426.75,-0.0016798012344694305,0.015053103250121984,0.03384858333692048,False,-0.020091848450057403,-0.020706210507083316,0.05737797564275809,0.010707280104320885,False,False,
2017-11-09,429.0,-0.0012930178595579114,0.014678966139157666,0.4472675752625864,False,-0.006369426751592355,-0.019442822641412748,0.05631037930414819,0.23216671688903576,False,False,
2017-11-10,431.5,-0.0013282043218538926,0.014659754735988644,0.4881193634019706,False,0.009947337624341746,-0.01838580255790926,0.05579254739097274,0.5078301943036091,False,False,
2017-11-13,424.25,-0.0013063214428281548,0.014669319374174872,-1.0563225300100858,False,-0.0011771630370805974,-0.01782935706062406,0.05586516037724432,0.29807833560478664,False,False,
2017-11-14,428.0,-0.0015650864789341324,0.014770207382292002,0.7044054346944512,False,0.022700119474313052,-0.017474495047151813,0.05588554848033032,0.7188730470383569,False,False,
2017-11-15,420.0,-0.0012670512604510665,0.014751357622309,-1.1812158562438972,False,0.004784688995215225,-0.016341787261802607,0.05582659644835296,0.37843031101784325,False,False,
2017-11-16,421.5,-0.0011439507020669338,0.014563220482331864,0.32378684915305667,False,-0.010563380281690127,-0.015153094799765494,0.055305288739686057,0.08298870908492108,False,False,
2017-11-17,427.25,-0.0010818781765797737,0.014573397252974848,1.0103089592382082,False,0.0035231943628890594,-0.014173992885429912,0.054716933219145246,0.323431636371879,False,False,
2017-11-20,422.0,-0.0008131731258679765,0.014657487094086043,-0.7828568740381403,False,-0.02031340684852001,-0.012861569605178636,0.053929095482672475,-0.13817842069566444,False,False,
2017-11-21,424.75,-0.0008896276847155201,0.014702720190316654,0.5037309604326441,False,-0.005851375073142151,-0.011943965689147887,0.0531942698190638,0.11453471655366664,False,False,
2017-11-22,422.75,-0.0010592910676308076,0.014539794311855857,-0.2509912452967768,False,-0.009373169302870576,-0.011333151968895495,0.05299467446259724,0.03698452129200721,False,False,
2017-11-24,415.75,-0.0009350899966706491,0.01446715755490302,-1.0799052613144453,False,-0.030885780885780867,-0.010979927840894388,0.052917184410136854,-0.3761699203533833,False,False,
2017-11-27,409.5,-0.001228806117671648,0.014558679863962193,-0.9481812067707373,False,-0.05098493626882972,-0.010882406314801434,0.05287306384000632,-0.7584680561614205,False,False,
2017-11-28,410.75,-0.000877923185013052,0.013879964276259996,0.28317264794684044,False,-0.031820860341779666,-0.010471359538354564,0.05243217418965157,-0.40718320636871114,False,False,
2017-11-29,416.5,-0.0007993873516531557,0.013885388592198065,1.065736833214335,False,-0.026869158878504718,-0.0097383265189338,0.05173026811443205,-0.33115684460934863,False,False,
2017-11-30,409.25,-0.0006658577653928018,0.013979842816076324,-1.1975173998715865,False,-0.025595238095238115,-0.009155240207387626,0.05127947711761391,-0.32059605151869885,False,False,
2017-12-01,414.5,-0.0005502559691187366,0.013801584119320727,0.9693525312845733,False,-0.016607354685646447,-0.008578714204032355,0.05084063356408404,-0.15791778974378992,False,False,
2017-12-04,410.25,-6.101191861701179e-05,0.013613018000720685,-0.7487175386488042,False,-0.03978935049736687,-0.007599205104272155,0.04994923985176564,-0.644457162684065,False,False,
2017-12-05,406.0,-3.0757997152049595e-05,0.01358744670200049,-0.7601706999955203,False,-0.03791469194312791,-0.006855380605897341,0.049028304830585,-0.6334975570653434,False,False,
2017-12-06,398.5,-0.0002332973937141795,0.013627156659584305,-1.3384750367126883,False,-0.06180105944673342,-0.006224754435067579,0.04830568126414628,-1.1505128083746954,False,False,
2017-12-07,394.25,-0.0002712694791000573,0.013674510804540968,-0.7600801517464646,False,-0.0674157303370787,-0.005495370502771599,0.04701374145085473,-1.317069391276481,False,False,
2017-12-08,392.0,-0.0001774091593928103,0.013577045818213273,-0.4072778125436737,False,-0.05712567648827416,-0.004796872727834909,0.04566222777579207,-1.145997606980128,False,False,
2017-12-11,387.75,-0.000286649890594742,0.013588282296039545,-0.7767859552914601,False,-0.05311355311355315,-0.003926339491603121,0.04398098094364484,-1.1183746375501766,False,False,
2017-12-12,387.25,-0.0006213296397417655,0.01353418884648783,-0.049368382474166174,False,-0.0572124163116251,-0.0036810582247554535,0.04364902104609568,-1.2264045516699607,False,False,
2017-12-13,392.25,-0.0006548227669247424,0.013532672391399058,1.0024907288841305,False,-0.05822328931572629,-0.0035408359933726055,0.04345695647639094,-1.2583130010971033,False,False,
2017-12-14,395.0,-0.00017334837970471196,0.013361035406780554,0.5376965996784708,False,-0.03481979230299326,-0.0030775395636896217,0.04266873129966953,-0.7439230502630267,False,False,
2017-12-15,418.25,-0.00017153724734864686,0.013362012915469778,4.417919449297598,True,0.009047044632086942,-0.002711380488614282,0.0422697749210554,0.2781757211308008,False,True,shock
2017-12-18,420.5,0.0005884435806613183,0.014999805838764755,0.31941174116865223,False,0.024984765386959262,-0.002089858772470296,0.04209267049797164,0.6432146936539517,False,False,
2017-12-19,419.5,0.00043712268926794363,0.01489163602859646,-0.18904866920244928,False,0.03325123152709364,-0.0016359556204509351,0.04219992697155861,0.8267120265648188,False,False,
2017-12-20,423.5,7.228420031934728e-05,0.014614717105470234,0.6474895570834561,False,0.06273525721455453,-0.0013368366359871227,0.042368560746718055,1.512255614099537,False,False,
2017-12-21,427.0,-0.0001176631588275138,0.014393309015926016,0.5823626769542796,False,0.08306911857958155,-0.0011841272235537466,0.04258088683868368,1.9786634816302913,False,False,
2017-12-22,424.75,0.0002635323886651516,0.014228540310595408,-0.3888559972407253,False,0.08354591836734704,-0.0007229031771933015,0.04330722403638325,1.9458375229440807,False,False,
2017-12-26,422.25,0.0004540927975780547,0.014054076806535561,-0.4511081069396902,False,0.08897485493230173,5.212940248457236e-05,0.04429034583830639,2.0077225374227843,True,True,trend
2017-12-27,428.0,0.0003675539961539768,0.014073107213447568,0.9415099995829874,False,0.10522918011620397,0.001083611575828057,0.04544892516171395,2.2914858419601933,True,True,trend
2017-12-28,427.75,0.0005974593669049489,0.014147642172157358,-0.08351720393119484,False,0.09050350541746344,0.0023971272211706874,0.04701062804370676,1.8741799857338304,False,False,
2017-12-29,427.0,0.00035518565811514246,0.014007670133698557,-0.1505279783019931,False,0.08101265822784809,0.0029538406267368656,0.047807445614637116,1.632775326051139,False,False,
2018-01-02,433.5,0.00029207767956971773,0.01400634791787285,1.065974145692567,False,0.03646144650328753,0.003438106237372606,0.0484160310128606,0.6820745024957341,False,False,
2018-01-03,436.0,0.0002573732861382257,0.013965482651284231,0.3945183663797666,False,0.03686087990487508,0.0031064149912454373,0.048098175312991154,0.7017826496322964,False,False,
2018-01-04,434.0,-0.00031177329698250635,0.012795591885647951,-0.33412933958261504,False,0.03456495828367112,0.0023384987119352595,0.047068781808596194,0.6846673810846391,False,False,
2018-01-05,430.75,-0.00020960946706485,0.012729407765012756,-0.571815274518443,False,0.017119244391971655,0.0020700742952339886,0.0468229192194883,0.321406062407019,False,False,
2018-01-08,427.75,-0.0002944239143552041,0.012756767644087313,-0.5228732626885012,False,0.0017564402810303914,0.001911184158516801,0.046750338807651455,-0.0033100054766038033,False,False,
2018-01-09,432.25,-0.000590445473685941,0.012648625724209297,0.878404449853428,False,0.017657445556209517,0.0010494028090135272,0.04613739324296823,0.35996924793160506,False,False,
2018-01-10,434.25,-0.0005317033991931848,0.012690346755010492,0.40650231976753554,False,0.02841918294849033,2.7277979912120702e-05,0.04487511694075687,0.6326870413744118,False,False,
2018-01-11,433.25,-0.0003816129158662962,0.012683814779923955,-0.15146926008769065,False,0.012266355140186924,-0.0007458640319327807,0.043854738700806896,0.2967118162735807,False,False,
2018-01-12,420.5,-0.0005457988415488776,0.012627039808378458,-2.28738785116744,True,-0.016949152542372836,-0.0019326259512683934,0.04223092196629184,-0.3555813108482555,False,True,shock
2018-01-16,416.5,-0.0009308398482487427,0.013060060194451509,-0.657090791368564,False,-0.024590163934426257,-0.0032472121885834637,0.04111389160053791,-0.519117770538743,False,False,
2018-01-17,421.5,-0.0012854048475008017,0.012924757448011472,1.0282751395318384,False,-0.02768166089965396,-0.004866425861799065,0.03947721073020751,-0.5779343225076674,False,False,
2018-01-18,425.25,-0.0009375473946605103,0.012926711029536318,0.7607770085689156,False,-0.024655963302752326,-0.006068361531159697,0.0387654376862662,-0.47948902117459735,False,False,
2018-01-19,422.75,-0.0006211212348179807,0.012872267825354496,-0.4084574376715096,False,-0.025921658986175156,-0.00637483599360768,0.038821018609975964,-0.5035113372204114,False,False,
2018-01-22,425.75,-0.0005953979280221914,0.012859633007687266,0.5981345338926103,False,-0.01160766105629718,-0.0067580379706198915,0.03887085994909675,-0.12476243365925277,False,False,
2018-01-23,421.5,-0.0005982123739303714,0.012857903002102712,-0.7298368678563302,False,-0.014611338398597296,-0.007063295874244863,0.03881709639918885,-0.1944514975239148,False,False,
2018-01-24,433.0,-0.0005527393990680836,0.012818011087530971,2.1716513176855403,True,0.001735106998264957,-0.007028356447000664,0.03880899850326469,0.22581009001117155,False,True,shock
2018-01-25,434.5,-0.00015125185816249775,0.01321132529346991,0.27366331621596673,False,0.0005757052389177009,-0.006658997009307407,0.038758109655270406,0.18666292841868046,False,False,
2018-01-26,441.0,-0.00018825401130879272,0.013197063265178666,1.1478294471589765,False,0.017888055395268276,-0.006473345411090321,0.03875898321404349,0.6285356009424872,False,False,
2018-01-29,449.25,0.00023668811614357298,0.013164393723236424,1.4030873935691348,False,0.06837098692033283,-0.005706203644586598,0.03866277627352174,1.915982185057189,False,False,
2018-01-30,457.25,0.0005090570025360493,0.013333594257819681,1.2973546018834732,False,0.09783913565426161,-0.004250972487485374,0.039372613316380936,2.5929218190673797,True,True,trend
2018-01-31,451.75,0.0008077572316391427,0.0134679606991208,-0.9530906983564199,False,0.07176749703440088,-0.0021302715527236047,0.040529496006806685,1.8233083523839972,False,False,
2018-02-01,451.0,0.0007320098137534433,0.013524603669984744,-0.17687912824878416,False,0.06055261610817175,-0.00045542287431620774,0.04095668894145197,1.4895744885456832,False,False,
2018-02-02,446.75,0.0004311280319100893,0.01331918405057578,-0.7398825123545318,False,0.05677114133648731,0.0006122167663750133,0.04149313641365297,1.3534509421089138,False,False,
2018-02-05,440.25,0.0003964938351182301,0.013341668064105864,-1.120251088977558,False,0.03405754550792728,0.0016164952781802292,0.04193227295787671,0.7736535117553938,False,False,
2018-02-06,446.25,0.00025595569459162677,0.013443827185786676,0.9947066577708708,False,0.0587188612099645,0.0024649411230478315,0.04193637640403644,1.3414110829447377,False,False,
2018-02-07,460.5,0.0005833482217739257,0.01346680470034705,2.3279037295804836,True,0.06351039260969982,0.0036098502227402698,0.042287625658140614,1.4165028528961248,False,True,shock
2018-02-08,456.25,0.0009238472120677195,0.013930604532972454,-0.7288230739507877,False,0.050057537399309515,0.004698667179979073,0.04276833168802929,1.0605714188291855,False,False,
2018-02-09,449.0,0.0010087648316897235,0.013847695506935933,-1.2203601517761187,False,0.018140589569161092,0.005892219012721463,0.04276844201370706,0.28638804641314947,False,False,
2018-02-12,464.0,0.0004604294617838356,0.013688758186216348,2.4068759542019866,True,0.03283249860879245,0.006111157760493763,0.04278882059515692,0.6244935120114798,False,True,shock
2018-02-13,460.75,0.0008677031038615279,0.014205814147110144,-0.5541402532209347,False,0.007654455986878084,0.006464681636257943,0.042899941438026154,0.027733705705377365,False,False,
2018-02-14,455.75,0.0008504158000248611,0.014214710189147689,-0.8232519405756219,False,0.008854454897620379,0.0064974969640152775,0.04289989708662232,0.05494087617147414,False,False,
2018-02-15,461.75,0.0008205347366244704,0.014237205286014196,0.8670646708665761,False,0.023835920177383674,0.0065768416897892005,0.04289866336557321,0.4023220569954898,False,False,
2018-02-16,457.75,0.0011350388802616666,0.014246010777564842,-0.6877528942982231,False,0.02462227196418576,0.0072662883918888635,0.04275279606485722,0.4059613679060282,False,False,
2018-02-20,449.25,0.0010975545977140655,0.014268323052088201,-1.3783429528481714,False,0.020442930153321992,0.007953500968058917,0.042609876313060735,0.2931111344586285,False,False,
2018-02-21,447.25,0.0010461605981596008,0.01433284341077656,-0.3835962382849393,False,0.0022408963585434094,0.008724444081239877,0.04230056507064797,-0.15327331235098204,False,False,
2018-02-22,451.25,0.00100273231698741,0.014344654712993544,0.5535728618885426,False,-0.02008686210640609,0.009126415722609603,0.042090483998883724,-0.6940589666251035,False,False,
2018-02-23,452.25,0.0008667961556327549,0.014218217296988463,0.09489729254928335,False,-0.008767123287671263,0.009066563164888141,0.042129290789170874,-0.4233084896160527,False,False,
2018-02-26,459.5,0.000904168434860598,0.014218028481417316,1.0639159933020002,False,0.023385300668151476,0.008957492913853775,0.042165194467898494,0.3421733952936463,False,False,
2018-02-27,463.25,0.0009613281031250483,0.014270715543634117,0.5045098466556703,False,-0.001616379310344862,0.00945246807330625,0.04211303593072925,-0.26283660484269056,False,False,
2018-02-28,484.5,0.0011784802011666296,0.014254481124374227,3.1353704874910253,True,0.05154639175257736,0.00975816140244077,0.041945809632873046,0.9962432652006087,False,True,shock
2018-03-01,505.5,0.0018057046631353745,0.015156180652501119,2.740660694142885,True,0.10916072408118493,0.0107133379384759,0.0420723597921473,2.33995398948561,True,True,shock+trend
2018-03-02,492.0,0.002313321270040832,0.015893472921763598,-1.8258786400490927,False,0.0655116404981051,0.012253739949579597,0.04352822632525927,1.2235256302556978,False,False,
2018-03-05,502.25,0.0018795381062873403,0.01623653537459317,1.1673546597080497,False,0.09721463681048603,0.012994597321229776,0.04395916398872255,1.9158699085101432,False,False,
2018-03-06,502.0,0.002381340604034217,0.016232942191966353,-0.17736160516241586,False,0.11741791875347807,0.014306487985863996,0.04498667915026379,2.2920436163603655,True,True,trend
2018-03-07,493.0,0.002256848764669443,0.01621854391661204,-1.2445713820575592,False,0.10229178311906084,0.015569391976252863,0.04652857170605392,1.863852423639395,False,False,
2018-03-08,494.75,0.0022670261237688707,0.016205455052972863,0.07915048435254816,False,0.0963988919667591,0.016869486564570806,0.04757368193514988,1.6717101171735855,False,False,
2018-03-09,489.0,0.002266736352688025,0.016205431607940312,-0.8570439848597945,False,0.08126036484245436,0.018295650194550126,0.048337314805088925,1.3026109311573788,False,False,
2018-03-12,489.75,0.001929885859840129,0.016228345942980022,-0.02441059180914522,False,0.06583242655059851,0.01933214580094433,0.0488470392189191,0.9519569966411394,False,False,
2018-03-13,485.5,0.002114174259638622,0.016142961972124524,-0.6685310393743493,False,0.048030221262816974,0.020480756912932576,0.04891498664907551,0.5632111186604011,False,False,
2018-03-14,495.75,0.0019115811321200689,0.016182262406905245,1.1865259499489853,False,0.023219814241486114,0.021199178197412037,0.048918699807373095,0.041306004698218164,False,False,
2018-03-15,478.75,0.002255859899521663,0.016313650577638863,-2.2402917902919164,True,-0.05291790306627098,0.02163375131133679,0.04878803445274996,-1.5280725123249075,False,True,shock
2018-03-16,467.75,0.00201941685948462,0.01671362476450934,-1.4955414230697208,False,-0.04928861788617889,0.02133998968226359,0.049173345661529526,-1.4363189369825275,False,False,
2018-03-19,450.75,0.0019135044788791422,0.016847774702745122,-2.270786861525275,True,-0.10253857640617225,0.021362607260698933,0.04914000864452061,-2.5213911654589602,True,True,shock+trend
2018-03-20,453.0,0.0013882150920184032,0.01741635452186224,0.20690124537280125,False,-0.09760956175298807,0.020419704379840364,0.050823905768362966,-2.3223179003747423,True,True,trend
2018-03-21,453.5,0.0012681203962570627,0.017359183565202718,-0.00946862715391478,False,-0.08012170385395534,0.019476499008180586,0.05234695630770913,-1.902655089947763,False,False,
2018-03-22,455.75,0.0015149299368503399,0.017221118581013866,0.20013109443511717,False,-0.07882769075290552,0.018749479464731024,0.053350420156912756,-1.8289859748179171,False,False,
2018-03-23,460.25,0.0014100374930261239,0.017175175425028652,0.49279245402300986,False,-0.05879345603271979,0.017919874983834235,0.05438145583234546,-1.4106523968953004,False,False,
2018-03-26,454.25,0.0016783995142087926,0.017147694201337785,-0.8581207832357374,False,-0.07248596222562531,0.017666486910029533,0.05469734017957295,-1.6482053576953055,False,False,
2018-03-27,449.0,0.001642708095585239,0.017175851404466206,-0.7685336911567504,False,-0.0751802265705458,0.017205536639596234,0.055314260500288405,-1.6701979268015403,False,False,
2018-03-28,445.5,0.0017349133491971298,0.017084725565895766,-0.5578089934870186,False,-0.10136157337367624,0.017027147744612066,0.05559337032845413,-2.129547469758168,True,True,trend
2018-03-29,451.0,0.0017731785959138912,0.01705977344238153,0.619732756249073,False,-0.0579634464751958,0.0165745365041241,0.05642215569840211,-1.3210764823973367,False,False,
2018-04-02,446.25,0.002013881498492367,0.017080150145708243,-0.7345387580037177,False,-0.04596472474612512,0.016563366237631813,0.056437024760662466,-1.1079267776592652,False,False,
2018-04-03,457.5,0.002018010644607576,0.017077037412299486,1.3580852948358613,False,0.014975041597337757,0.016658683949197516,0.05632367873543897,-0.029892265378617895,False,False,
2018-04-04,455.75,0.0023713383070716578,0.017280607382765444,-0.35857969467401385,False,0.006070640176600417,0.01762118338798369,0.055657108649175974,-0.2075304213912715,False,False,
2018-04-05,464.75,0.002148182407678312,0.01725069532337401,1.0202189500430425,False,0.02480705622932744,0.018478435781214712,0.054963960167478974,0.11514127491594464,False,False,
2018-04-06,472.25,0.0023180068576956255,0.01736155028652853,0.7959946755692923,False,0.03620405924300596,0.019273460428312322,0.054612724656398236,0.3100119783661097,False,False,
2018-04-09,490.75,0.0017483661770520238,0.01613913247713105,2.318947446617464,True,0.06626833242802821,0.01963555395645791,0.05463402929298568,0.8535482203132574,False,True,shock
2018-04-10,492.0,0.002198960957648066,0.016703768578577045,0.02084324822472915,False,0.08310401761144748,0.020186001517005496,0.054895993445161065,1.146131295670869,False,False,
2018-04-11,487.25,0.002264630864802803,0.01669521033580875,-0.7139234648606692,False,0.08518930957683746,0.020850705331463545,0.055356220664802,1.1622651162362194,False,False,
2018-04-12,481.0,0.0020087690987953934,0.01672929057215961,-0.8868194291088358,False,0.07968574635241299,0.021150092696293987,0.05564577205907115,1.0519335340334586,False,False,
2018-04-13,472.5,0.0017275483837857885,0.01679983740242274,-1.154717488664852,False,0.047671840354767125,0.021104981066598406,0.05559624580326791,0.4778534756137641,False,False,
2018-04-16,462.25,0.0015621857594067705,0.01693017154985829,-1.3736014064620081,False,0.03585434173669477,0.02062666002643067,0.05520471931256076,0.27584021619686666,False,False,
2018-04-17,466.25,0.0013514216726371912,0.017121456997265652,0.4264768150722849,False,0.0191256830601092,0.01991838651715591,0.054653985195698467,-0.014504037614243386,False,False,
2018-04-18,475.25,0.0012852323520959885,0.01708294921025041,1.0547193278988973,False,0.04278661546900708,0.018770339889741316,0.05373434973665532,0.44694456519835524,False,False,
2018-04-19,476.75,0.0015503931682452551,0.017207430737933842,0.09332249639676,False,0.025820333512641236,0.018134114690428565,0.05315288009895425,0.14460587663177057,False,False,
2018-04-20,463.25,0.001615854423833459,0.0172040309224693,-1.7398586647227186,False,-0.019057702488088912,0.01739821702755914,0.052650257547668534,-0.6924167366634734,False,False,
2018-04-23,461.5,0.0010353316200950665,0.017471198681632275,-0.2754813541950456,False,-0.05960264900662249,0.01665796170767412,0.05276877158916005,-1.445184498665918,False,False,
2018-04-24,472.5,0.0009080693462342727,0.017471029052393144,1.3123010782580453,False,-0.03963414634146345,0.015371781322187488,0.05344100741183278,-1.029283135322626,False,False,
2018-04-25,486.25,0.001287035687211208,0.01765748348241556,1.5751674603584538,False,-0.0020523345305284435,0.014382459927185691,0.05376670343738372,-0.3056686277382426,False,False,
2018-04-26,480.75,0.0017748891320539,0.017915321910043275,-0.7304330439797367,False,-0.0005197505197505059,0.014126838874885693,0.05379907983127823,-0.27224609492522994,False,False,
2018-04-27,495.5,0.001716936367376598,0.01795096910091024,1.6135224075587462,False,0.04867724867724865,0.01409648966420861,0.053806794011155054,0.6426838775391611,False,False,
2018-04-30,512.5,0.00198575054873793,0.018233312748074135,1.7727457927674712,False,0.10870740941049206,0.0145100870391558,0.053953555956760525,1.7458964604080576,False,False,
2018-05-01,529.75,0.002381508242280955,0.018609656295898523,1.680688124797782,False,0.13619302949061662,0.015580596725315825,0.055019247503974855,2.192186157336797,True,True,trend
2018-05-02,525.75,0.002860993009494776,0.018947543301569607,-0.5495026094356043,False,0.10625986322987901,0.017232952383321554,0.05675198602258975,1.5687012400080749,False,False,
2018-05-03,540.5,0.003152699740405837,0.018609097897422718,1.3381873583074932,False,0.13371788148925012,0.01887573926028491,0.05752711162234301,1.9963133727778115,False,False,
2018-05-04,527.5,0.003653601666178976,0.01876850391294904,-1.4761648387091437,False,0.13869400971397727,0.020986513199267264,0.05880091866970556,2.0017968966759243,True,True,trend
2018-05-07,514.0,0.0031728469220981795,0.019011913499111927,-1.5130125636776783,False,0.11375947995666302,0.02320485547411568,0.060064823099681613,1.5076149368202725,False,False,
2018-05-08,517.75,0.0027129907325696948,0.01928671577187215,0.23761065211899546,False,0.09576719576719572,0.025050394717574552,0.06069751887093262,1.165069056611582,False,False,
2018-05-09,514.5,0.0028886522607315833,0.019267391100388283,-0.4757163543763263,False,0.05809768637532131,0.02667291278095283,0.060942512156885585,0.5156461800175062,False,False,
2018-05-10,507.75,0.002710338214612265,0.019289794593323754,-0.8206345415304638,False,0.05616224648985968,0.02760231741337441,0.06088231602086371,0.4691005688203138,False,False,
2018-05-11,489.5,0.002668509554618782,0.01932106587421973,-1.9984091501042098,False,-0.012108980827447047,0.028545965211887167,0.060767552839002266,-0.6690239139141501,False,False,
2018-05-14,480.5,0.001825490933985921,0.019609741744132613,-1.0306917587929045,False,-0.06243902439024396,0.02836137737421101,0.06087103252447739,-1.4916849279325501,False,False,
2018-05-15,493.5,0.001534153447225853,0.019746899662161015,1.2924052825453327,False,-0.06842850401132605,0.027521180979155523,0.061689133157549376,-1.5553741814694226,False,False,
2018-05-16,494.25,0.001695425808079348,0.019906771948415128,-0.008824583394472297,False,-0.059914407988587715,0.02637029352040093,0.06266867416254629,-1.3768394283432344,False,False,
2018-05-17,497.5,0.001466256126022129,0.019806963694974325,0.25795793733744765,False,-0.07955596669750231,0.02465982158828199,0.06325478341881102,-1.6475558472118979,False,False,
2018-05-18,518.25,0.0013164982960638615,0.019724027978721487,2.047859821588141,True,-0.017535545023696697,0.022294553556925133,0.0637957610886406,-0.6243376973789867,False,True,shock
2018-05-21,507.25,0.002032991276731737,0.020202918792509943,-1.1512330911877136,False,-0.013132295719844311,0.02110384632948383,0.06369321176780067,-0.5375163396397575,False,False,
2018-05-22,521.5,0.0017721237156320029,0.020376818467702767,1.2916900058324174,False,0.007242877836793893,0.02012138083844362,0.06364476813111948,-0.2023497512806981,False,False,
2018-05-23,531.0,0.002272339179724902,0.020557944574988458,0.7755806232635953,False,0.03206997084548102,0.01946100399178104,0.06351617429153988,0.19851584252893908,False,False,
2018-05-24,530.25,0.0027092219395740535,0.02054378458852296,-0.2006276545757639,False,0.04431314623338256,0.019434502996281758,0.06351041622368686,0.39172540059377,False,False,
2018-05-25,543.0,0.002508674613164111,0.020509135280751035,1.050097274265545,False,0.1092951991828397,0.019242426796593996,0.06341170908085952,1.4201284540590886,False,False,
2018-05-29,536.5,0.0024035077939611816,0.020376006067870715,-0.7054396144202205,False,0.11654526534859522,0.019852890884235867,0.06406069944920247,1.5093868049478991,False,False,
2018-05-30,522.0,0.0023669553237700407,0.02039960103595672,-1.4409096677423558,False,0.05775075987841949,0.020739393923559675,0.06493836691960497,0.569946053627752,False,False,
2018-05-31,526.25,0.002218467109528402,0.02057407729308172,0.2879008986988961,False,0.06474456246838645,0.02126752952768312,0.0650778679892824,0.6680770941645401,False,False,
2018-06-01,523.25,0.0018815896437821837,0.02026095640738258,-0.37423219715793177,False,0.05175879396984917,0.021693023712477704,0.0652585775905129,0.46071752354195256,False,False,
2018-06-04,505.25,0.0018989709471922364,0.020253788323126156,-1.7922253651784283,False,-0.025084418716835533,0.022281081552250656,0.06532904216264929,-0.7250297677893488,False,False,
2018-06-05,510.0,0.001584990810144795,0.020633102813989904,0.3788230859970954,False,0.005421389847215297,0.02182856323739124,0.06554050283132366,-0.2503363978210813,False,False,
2018-06-06,519.75,0.0015348064640092426,0.020609120037083824,0.8531582407776678,False,-0.003355704697986628,0.021583036166322327,0.06556736791717695,-0.3803529355610392,False,False,
2018-06-07,526.75,0.0019052110416497186,0.020672912352253305,0.5593214071312679,False,-0.008003766478342778,0.021209996477493363,0.06562940254260538,-0.4451322398809148,False,False,
2018-06-08,520.0,0.002332372393624468,0.0205748945185278,-0.7361787676143269,False,-0.019330504479019295,0.02083070718907117,0.0657160387481442,-0.6111325702696071,False,False,
2018-06-11,514.5,0.002220871541908752,0.020634729421761942,-0.6202065632774856,False,-0.0524861878453039,0.020543088511236995,0.06584557804166852,-1.109099176110602,False,False,
2018-06-12,534.5,0.001960598649159615,0.020671863921189866,1.7856199820916845,False,-0.0037278657968312645,0.020111097501385025,0.06622095049253687,-0.35999125836925205,False,False,
2018-06-13,516.5,0.0024493536551852425,0.02110675636285033,-1.7115697957401401,False,-0.010536398467432928,0.020178287601262893,0.06619380461874808,-0.46401149239873873,False,False,
2018-06-14,501.5,0.001786589797172186,0.021452116149535207,-1.4370710988768662,False,-0.04703087885985746,0.019725998279455103,0.06628741957588327,-1.0070821517330582,False,False,
2018-06-15,499.5,0.001290554184575051,0.021731032315083953,-0.24290562916489097,False,-0.04538939321548019,0.019120471618794935,0.0666912117302988,-0.9672918389180706,False,False,
2018-06-18,490.0,0.000625759577570378,0.02110233934824071,-0.9309289492696546,False,-0.03018307768431472,0.0178279944858875,0.06699293090088267,-0.7166587806291909,False,False,
2018-06-19,477.75,-0.00020574271936019646,0.02061949022315748,-1.2024670354262068,False,-0.06323529411764706,0.01597007712901417,0.0663549436842159,-1.1936619466305431,False,False,
2018-06-20,488.25,-0.0001829929666401172,0.020590778038551246,1.0762592313496306,False,-0.06060606060606055,0.014253451334137477,0.06672032459322975,-1.121989624549791,False,False,
2018-06-21,495.25,-0.00016773045137760198,0.0206069843573943,0.7038704820920049,False,-0.05980066445182719,0.012149175368583521,0.06655700835789982,-1.0810257491369173,False,False,
2018-06-22,491.25,3.00652505206056e-05,0.0206748571607265,-0.39210883597810753,False,-0.055288461538461564,0.009786260925846118,0.06591193300498135,-0.9872980429718181,False,False,
2018-06-25,476.75,0.00016141935622466058,0.02059034240837881,-1.441353339726465,False,-0.07337220602526728,0.0076851909970791525,0.06543314065225156,-1.2387820027336138,False,False,
2018-06-26,469.5,-0.0002794637795162558,0.02086893634625868,-0.7153056386367329,False,-0.1216089803554724,0.005421576357185467,0.06525900381133477,-1.9465598506515058,False,False,
2018-06-27,479.5,-0.00032726511673481765,0.02089935191305894,1.0347937932617421,False,-0.07163601161665056,0.0027166517545464436,0.06626962483651949,-1.1219719977986529,False,False,
2018-06-28,479.5,-6.372495413744368e-05,0.021047234319629054,0.0030277115353827067,False,-0.04386839481555338,0.0008837392456497891,0.06640130096051261,-0.6739647177668443,False,False,
2018-06-29,497.5,5.198033767810806e-05,0.02102307785654083,1.7831415147992953,False,-0.004004004004004025,-0.000341575635395149,0.06636744387885941,-0.055184110680741465,False,False,
2018-07-02,480.25,0.00027100497535459845,0.02132880196523857,-1.6383654302983077,False,-0.01989795918367343,-0.0007045598786683509,0.06631126187325817,-0.28944403654525147,False,False,
2018-07-03,491.5,0.00026591311835570214,0.021337208548599825,1.0853990648384573,False,0.02878074306645728,-0.0002642939602337169,0.06606908660991832,0.43961614299554647,False,False,
2018-07-05,504.0,0.0008846037934057301,0.02132689510593943,1.1510229704694892,False,0.032258064516129004,0.0007766308524680987,0.06590104751548792,0.47770763668456423,False,False,
2018-07-06,512.75,0.001708291138888233,0.021060922259199078,0.7432162646811928,False,0.035335689045936425,0.0025739193980987823,0.06487544582622011,0.5049949057089427,False,False,
2018-07-09,507.75,0.001873216879937103,0.021135282120720963,-0.5500072165065478,False,0.03358778625954195,0.004346522742084442,0.06391018627560797,0.45753682192939815,False,False,
2018-07-10,489.5,0.0017284822990205292,0.02117774784585803,-1.7788184018149247,False,0.02674357629785007,0.005862649276931073,0.06322435956485056,0.33026711800063374,False,False,
2018-07-11,469.75,0.0011830916786998132,0.02161554419693367,-1.9213203450539613,False,0.0005324813631522041,0.007270266170941148,0.0624842260155474,-0.1078317719117212,False,False,
2018-07-12,482.5,0.0005134766454293649,0.02211480016939412,1.204108561263666,False,0.006256517205422307,0.008061278669552774,0.06201031560338563,-0.02910421349366477,False,False,
2018-07-13,481.5,0.0010491898470901928,0.02226824332437355,-0.14018747063792583,False,0.004171011470281538,0.009111178395300075,0.06129055648917324,-0.08060241590221488,False,False,
2018-07-16,488.5,0.001175656160729465,0.022222566329261936,0.6012917693509223,False,-0.018090452261306567,0.010169194902511107,0.060495566139750837,-0.4671358409727921,False,False,
2018-07-17,497.75,0.0014734295288772882,0.022250346670810887,0.7848006872838672,False,0.036439354502863175,0.011279476517342702,0.059170600997823994,0.4252090998103219,False,False,
2018-07-18,494.5,0.001561294033891798,0.022306800038587347,-0.3626999946153714,False,0.006103763987792554,0.012538180530383488,0.058679783059356824,-0.1096530390387142,False,False,
2018-07-19,504.25,0.0016146642813059738,0.022282249715157253,0.8124054659326012,False,0.0004960317460318553,0.013232427046835724,0.05828496131839535,-0.21851940899863184,False,False,
2018-07-20,516.0,0.0015414216374334607,0.022212561739249896,0.9796489114002292,False,0.006338371526084741,0.013039373582151646,0.05830308749095818,-0.1149339142134817,False,False,
2018-07-23,513.75,0.0019031159064564192,0.022344463233879043,-0.2803191536612324,False,0.011816838995568624,0.013042943333478102,0.058302663241744476,-0.021029988507138945,False,False,
2018-07-24,510.25,0.0015816741225326532,0.0222575246236725,-0.37714554212965845,False,0.042390194075587306,0.012869740437027986,0.05828653581907211,0.5064712325706591,False,False,
2018-07-25,542.75,0.0012756693156856214,0.02221241782961922,2.810076718303293,True,0.155401809473124,0.012952222234795736,0.05832436739635332,2.442368320436079,True,True,shock+trend
2018-07-26,536.5,0.0016026039995577213,0.022946100267411562,-0.5716890680241443,False,0.11191709844559594,0.014140668595397013,0.06030009440666566,1.621497127198371,False,False,
2018-07-27,530.5,0.0014151033004973594,0.022995679463541942,-0.5478725127894408,False,0.10176531671858768,0.014524843006518993,0.06083481400168885,1.4340550742810982,False,False,
2018-07-30,546.5,0.0013947149558869798,0.023006301977630983,1.2503318122911784,False,0.11873080859774832,0.014745856435075663,0.061124428909016676,1.7012012057806478,False,False,
2018-07-31,553.75,0.0019678791827869727,0.023182009262852476,0.48737624061541956,False,0.11250627825213466,0.015266457265013467,0.0618470043389048,1.5722640413474736,False,False,
2018-08-01,558.25,0.0023803826145035794,0.023102941215267375,0.24871414280851734,False,0.12891809908998986,0.01613091643697837,0.06275254610851064,1.7973323737013285,False,False,
2018-08-02,560.5,0.0027779763815480598,0.022939056519779694,0.0546001499096681,False,0.11155180961824485,0.0173717665350223,0.0640544245029885,1.4703128443348752,False,False,
2018-08-03,556.25,0.002716338064002543,0.022929264687031558,-0.44915760778360325,False,0.07800387596899228,0.018604114889130777,0.0649711610857349,0.9142481077331914,False,False,
2018-08-06,574.5,0.0023578652016995575,0.022876548910982224,1.3311065266372835,False,0.11824817518248176,0.019073678362463913,0.06527484850792374,1.519337066067323,False,False,
2018-08-07,568.25,0.0027532352710697102,0.023145196801331685,-0.5889887490446378,False,0.11366976972072518,0.020306049584728453,0.06626888214178124,1.4088621554871938,False,False,
2018-08-08,570.0,0.002985737972475627,0.02291531165010808,0.004097368314461115,False,0.05020727775218803,0.02207574921417931,0.0669719770244577,0.42004924728047494,False,False,
2018-08-09,564.5,0.0030771684830953397,0.022901637472714783,-0.5556935090460292,False,0.05219012115563837,0.02353988157096345,0.06635973096943795,0.4317413462370699,False,False,
2018-08-10,546.75,0.002630709250868873,0.02281772607943815,-1.4933330634311972,False,0.030631479736098033,0.024764205137591474,0.06602465591790688,0.08886490231470129,False,False,
2018-08-13,533.5,0.00182345212238352,0.022939267971941412,-1.1359369796856649,False,-0.023787740164684323,0.025199989327813158,0.0659530892883067,-0.7427662603999183,False,False,
2018-08-14,541.75,0.0016511447001263486,0.023087318300001637,0.598283986306275,False,-0.021670428893905247,0.024889749465880708,0.066130196416552,-0.704068351264298,False,False,
2018-08-15,532.25,0.0014482472371487912,0.022894810916842784,-0.8291840030808114,False,-0.046574115539632754,0.023951780431598655,0.06628695136011577,-1.0639484019726115,False,False,
2018-08-16,542.25,0.0007569866672853642,0.02267082158159535,0.7953473024716005,False,-0.03256021409455845,0.021881360098930328,0.06602844610757107,-0.8245169681078759,False,False,
2018-08-17,560.5,0.0005587150255741147,0.022443068563310867,1.4747247054370372,False,0.007640449438202301,0.01963131685112799,0.06494685421957941,-0.1846258384183729,False,False,
2018-08-20,542.25,0.0011081389479583518,0.022744226908103807,-1.4803032513943444,False,-0.05613577023498695,0.018316391333905634,0.0641628571170562,-1.1603623172993214,False,False,
2018-08-21,527.25,0.0002999339694143262,0.022850458600370164,-1.2237151011942784,False,-0.07215134183897931,0.015785009310915806,0.0632875861599567,-1.3894723513018765,False,False,
2018-08-22,526.0,0.00025179112403056703,0.02290619343372447,-0.11449230864546257,False,-0.07719298245614037,0.012973737956876388,0.06243126053001363,-1.4442559648410331,False,False,
2018-08-23,522.0,0.0005614127935923715,0.022708225248238702,-0.3596043038135832,False,-0.07528786536758192,0.010427705124705674,0.06215859293535359,-1.3789818341196014,False,False,
2018-08-24,514.75,0.00036274235916569826,0.02271369112354814,-0.6274467311602795,False,-0.058527663465935076,0.008146970976241973,0.062123167681339415,-1.073265207340752,False,False,
2018-08-27,499.25,0.0002612526512056871,0.02276071732620546,-1.334446402849556,False,-0.06419868791002814,0.006591966311691887,0.06231528262410482,-1.13600791396133,False,False,
2018-08-28,498.25,3.469036876131426e-05,0.02297923270780779,-0.08867549675969463,False,-0.08029533917858789,0.004987153853026716,0.06257075308841119,-1.3629769312687061,False,False,
2018-08-29,515.75,0.00048722211238035366,0.02259207808708535,1.5330908475973588,False,-0.03100046970408643,0.004078002408344839,0.06331348118497356,-0.5540442802370593,False,False,
2018-08-30,508.0,0.0012006759594422804,0.022831640231540953,-0.7107389569239928,False,-0.06316274781005071,0.004497183137493605,0.06297028219054214,-1.0744739993829429,False,False,
2018-08-31,518.5,0.000639585144934515,0.022704405372819356,0.8821947047169422,False,-0.07493309545049065,0.004567393220177277,0.06289075869874751,-1.2641044616981416,False,False,
2018-09-04,502.75,0.0008949122715968727,0.02282180878465167,-1.3702243072337525,False,-0.07284462886122633,0.004367144054018571,0.06312233240070851,-1.2232084902233151,False,False,
2018-09-05,493.75,0.00040222287845195217,0.023094747815147885,-0.7925509534283599,False,-0.06353722143195828,0.00445662855850225,0.06300640288440579,-1.0791577820305807,False,False,
2018-09-06,486.0,-0.00039257824468403425,0.02267592587064798,-0.6748842086651372,False,-0.07604562737642584,0.003843272873058763,0.06344576275714547,-1.2591684105884162,False,False,
2018-09-07,486.25,-0.0003188572467621912,0.02261619110195695,0.03684353988639579,False,-0.06848659003831414,0.003004428450971009,0.06408591024813275,-1.1155497083911385,False,False,
2018-09-10,504.0,-0.0006865672892801112,0.022370877185385465,1.662448147304079,False,-0.020883924235065576,0.0019947022126362355,0.06461265285606282,-0.35408895063739876,False,False,
2018-09-11,493.75,-0.00044273831068120253,0.02267725691077139,-0.8772914358601626,False,-0.011016524787180737,0.0012886502782289474,0.0645688763655376,-0.1905744029948357,False,False,
2018-09-12,481.75,-0.0006950699401314771,0.022793185502839274,-1.0357800810809041,False,-0.03311590566984446,0.0005509213312881034,0.06438648471359296,-0.5228865522149712,False,False,
2018-09-13,471.75,-0.0013397240619631907,0.02276771308776366,-0.852871355512967,False,-0.08531265147842948,-0.0013478934000810186,0.0632256321599979,-1.3280176917151012,False,False,
2018-09-14,480.0,-0.0014568856661641627,0.022845633732625683,0.829259638821691,False,-0.055118110236220486,-0.004039332291108015,0.06243067041883294,-0.81816801905917,False,False,
2018-09-17,506.25,-0.0008633509549823944,0.022750396124817544,2.4417531303722697,True,-0.023625843780134992,-0.0055442505593032146,0.06228126314739852,-0.29032155590741326,False,True,shock
2018-09-18,510.5,-0.00024274112101049016,0.023617697497384384,0.3657343333473597,False,0.015415216310293411,-0.006722522642616834,0.061767330109716106,0.3584053076859144,False,False,
2018-09-19,522.5,-5.4797463444241266e-05,0.023629759629202104,0.9970970564537004,False,0.05822784810126591,-0.007207103678077577,0.06144404516504257,1.0649518859570701,False,False,
2018-09-20,524.0,0.0007172925170092359,0.023437625673923726,0.09188306486675683,False,0.07818930041152261,-0.006096273453836224,0.061868105077960436,1.3623429028438803,False,False,
2018-09-21,521.75,0.000630219542413147,0.02341704947953581,-0.2102789540794777,False,0.07300771208226231,-0.005126034646312127,0.06261722181965765,1.2477996381507561,False,False,
2018-09-24,527.0,0.00031806567323188726,0.023323130026945173,0.4177923239488569,False,0.045634920634920695,-0.0041078557559088074,0.06326390621118869,0.7862741864970729,False,False,
2018-09-25,520.75,0.00027265603191105087,0.02330048581735472,-0.5206860779516095,False,0.054683544303797404,-0.0033926732610652945,0.0635219284956734,0.9142703778084821,False,False,
2018-09-26,517.5,0.0002853873059660591,0.0232934982795831,-0.28018058032339604,False,0.0742086144265699,-0.0024058192772944053,0.06384508395112215,1.2000052151629712,False,False,
2018-09-27,513.0,0.00034319963286143874,0.023271545045397756,-0.3884078942391485,False,0.08744038155802869,-0.0007165552470027547,0.06417734279336515,1.3736457909900468,False,False,
2018-09-28,509.0,-0.00029104495524295317,0.022851697243545906,-0.3284756453721507,False,0.06041666666666656,0.0004990213843953779,0.06497794571776642,0.9221228005964547,False,False,
2018-10-01,509.5,5.400920564170963e-05,0.02253395073470333,0.0411960191272005,False,0.006419753086419844,0.0014450622528500378,0.06533066547699717,0.07614633644473416,False,False,
2018-10-02,519.25,0.0004543284670043028,0.022275282577741102,0.8386910339373135,False,0.017140058765915844,0.0021577373454670684,0.06508578858160714,0.2301934377220205,False,False,
2018-10-03,515.25,0.0007626543888136202,0.02237278857199837,-0.37840936785686,False,-0.013875598086124374,0.002991463371885682,0.06486862385168742,-0.260018795782906,False,False,
2018-10-04,518.0,0.0009135290638417211,0.022275527723299614,0.1985894985434234,False,-0.011450381679389277,0.003208896433194887,0.06478319773750918,-0.22628210129393642,False,False,
2018-10-05,521.0,0.001318025263097747,0.022073134807215254,0.20266629853344867,False,-0.0014374700527072237,0.0038993619323716574,0.06433990699261974,-0.08294746191801389,False,False,
2018-10-08,514.0,0.0011022050472775336,0.021947174269403336,-0.6624044373384632,False,-0.024667931688804545,0.004688276473083035,0.06389952015553216,-0.45941202829746197,False,False,
2018-10-09,515.0,0.0007319034720970042,0.021955149233722316,0.05527732045053483,False,-0.011041766682669207,0.005156712909923337,0.0635481843187804,-0.25490074604390245,False,False,
2018-10-10,510.5,0.000865533528318528,0.021931298245292812,-0.43788550493355277,False,-0.01352657004830915,0.005746668841333902,0.06318379197559755,-0.30503453950795867,False,False,
2018-10-11,508.0,0.0011425825331523114,0.021672019118557165,-0.27868848525448203,False,-0.00974658869395717,0.00654461065436001,0.06254577611255535,-0.2604684178672604,False,False,
2018-10-12,517.25,0.0012800488261248658,0.02159948779330028,0.7837506497005433,False,0.016208251473477375,0.00803610920984688,0.06075663703001034,0.1345061653032889,False,False,
2018-10-15,525.0,0.0012388409180079515,0.021563697148142887,0.637378766861825,False,0.0304219823356231,0.009207366051048585,0.060042501914422716,0.35332665375622174,False,False,
2018-10-16,523.5,0.001438615366211593,0.021621392312971298,-0.19868092494567682,False,0.008184882041405883,0.010197904413064273,0.05976722716242141,-0.0336810400487188,False,False,
2018-10-17,517.5,0.0008999987516825699,0.02120916140524719,-0.5828291164873809,False,0.004366812227074135,0.010360422893669738,0.05974465529593121,-0.10032044936752336,False,False,
2018-10-18,513.0,0.001209492735450503,0.020849351814598845,-0.4750816714804463,False,-0.009652509652509633,0.010683953179146373,0.05964420036940863,-0.34096295542066707,False,False,
2018-10-19,514.75,0.0007812133821547418,0.020716320095314548,0.12695752182962258,False,-0.011996161228406965,0.010171509809560147,0.059651720058683536,-0.37161830398451606,False,False,
2018-10-22,508.0,0.0004875994634047383,0.020517313427845515,-0.662891915173497,False,-0.011673151750972721,0.009581453466299667,0.05964916885024254,-0.3563269300639378,False,False,
2018-10-23,509.0,8.127582553666043e-05,0.020480357766559047,0.09214820038704273,False,-0.011650485436893177,0.008954668922340878,0.05962186483033299,-0.34559728076051477,False,False,
2018-10-24,499.5,0.00023754042215491525,0.020449008400417985,-0.9243278306367936,False,-0.021547502448579836,0.00835149196638841,0.059598117590675403,-0.5016768251023784,False,False,
2018-10-25,487.25,0.0004679249305137301,0.02013073820486171,-1.2415068538819085,False,-0.040846456692913424,0.0077076109164360114,0.05965756145822841,-0.8138795221012591,False,False,
2018-10-26,505.25,0.0006788951789371629,0.019777017886124723,1.8335993110476572,False,-0.023199613339777714,0.007155891742355136,0.05991559476872991,-0.5066377993793272,False,False,
2018-10-29,507.25,0.0008095608414635716,0.019985496456025223,0.15755803630297957,False,-0.033809523809523845,0.006763143335085802,0.06001802518727932,-0.676008032886909,False,False,
2018-10-30,499.75,0.0008899738451664873,0.019985876440764674,-0.7843330046520826,False,-0.04536771728748801,0.006256736198021731,0.06020014773525845,-0.8575469567373497,False,False,
2018-10-31,500.5,0.0004989936976652428,0.020002095177056253,0.05008258728172825,False,-0.032850241545893666,0.005893039331005978,0.06043118201495774,-0.6411140670276815,False,False,
2018-11-01,508.0,0.00026653014415529107,0.01988590674057825,0.740146528537514,False,-0.00974658869395717,0.004969178050355887,0.06048750202462344,-0.24328607153131432,False,False,
2018-11-02,508.75,0.0005533887735553582,0.019941646293719712,0.04628450257345783,False,-0.011656143759106397,0.004757840014599224,0.06051116955308187,-0.2712554375487136,False,False,
2018-11-05,507.25,0.00031018200301644,0.019815603014336096,-0.16444540946151692,False,-0.0014763779527559029,0.004595811007864047,0.060538998850990115,-0.10030210402993209,False,False,
2018-11-06,512.0,-3.9822483824932435e-05,0.01963501804528501,0.4789423309489436,False,0.005893909626718985,0.004491614348146172,0.06054268417762649,0.023162092953437803,False,False,
2018-11-07,510.25,0.00014317330208556782,0.01965814856496153,-0.18115348148466578,False,0.021521521521521425,0.00441264195656151,0.06053686264939765,0.28261919789346984,False,False,
2018-11-08,507.75,0.00018843574632725494,0.01964582073176543,-0.2589861149341991,False,0.04207285787583381,0.004134392989173965,0.06040776768183591,0.6280395111847117,False,False,
2018-11-09,502.0,-0.0007261486077475447,0.01819231881505085,-0.5825712601062693,False,-0.00643245917862445,0.002623340301210096,0.05793980230420062,-0.15629669276897074,False,False,
2018-11-12,519.75,-0.0007236024747739359,0.01819080167904201,1.9835392001110543,False,0.024642681123706156,0.0010453461995538242,0.05651711749415009,0.41752545017170806,False,False,
2018-11-13,507.75,-0.00010304029973999226,0.018618001579040696,-1.2345569254950814,False,0.016008004002000975,1.704439162207046e-05,0.05534934196943657,0.2889096607365084,False,False,
2018-11-14,503.0,-0.0008130169569362522,0.018462986291569446,-0.46265433155429864,False,0.004995004995004937,-0.001352593002987894,0.05361584257601835,0.11839034309668812,False,False,
2018-11-15,505.5,-0.0011146334535414033,0.018414585462200275,0.3304343935666156,False,-0.004921259842519676,-0.0027860766464162905,0.05194163412924991,-0.04110735505144609,False,False,
2018-11-16,506.75,-0.001156716545658377,0.018396779275724896,0.19729082465820466,False,-0.0039312039312039415,-0.004570601432183084,0.049602037582493354,0.012890549101249277,False,False,
2018-11-19,498.5,-0.0011774852536265105,0.01839172272868409,-0.8211700469135459,False,-0.017249876786594398,-0.006110374946175735,0.047704747141566126,-0.23350929431324008,False,False,
2018-11-20,500.75,-0.001293454606406502,0.018459950745280836,0.31457262851887663,False,-0.02197265625,-0.00738042498291689,0.04669233383026658,-0.31251878135130257,False,False,
2018-11-21,498.75,-0.0016707272483022291,0.018037885536932897,-0.12880011537167466,False,-0.022537971582557548,-0.009250036068683314,0.0443422055771765,-0.2996678974560008,False,False,
2018-11-23,499.75,-0.0015789270315979846,0.0180078834552409,0.1990205885013749,False,-0.015755785327424943,-0.011066139286060418,0.041965402693830686,-0.11175029286812843,False,False,
2018-11-26,507.5,-0.001593255270438232,0.018004553925225375,0.9498157643004497,False,0.010956175298804771,-0.01194564679378859,0.04135060669121523,0.5538448870560044,False,False,
2018-11-27,498.0,-0.001257830247985486,0.018086594430008315,-0.9654322510656643,False,-0.0418470418470418,-0.01249543273854637,0.04075619746223241,-0.7201753582555074,False,False,
2018-11-28,497.5,-0.0010881696651426553,0.017857844579957798,0.004712416468226065,False,-0.020187099950763177,-0.01346181302632157,0.0405786772159416,-0.16573450358306738,False,False,
2018-11-29,496.5,-0.0007784350706145663,0.017651227159984344,-0.06977504563727231,False,-0.012922465208747513,-0.013413804490135952,0.04056842420637749,0.012111372107748736,False,False,
2018-11-30,515.75,-0.001011421307641626,0.017548967153267748,2.266960827881195,True,0.02027695351137493,-0.01329716497433385,0.04055693868069128,0.8278267437796791,False,True,shock
2018-12-03,515.75,-0.0002606591272783287,0.01803032282119541,0.014456708837842483,False,0.017760236803157303,-0.01240581738698708,0.04055032055978686,0.7439165405774771,False,False,
2018-12-04,519.25,-0.0005111679733719577,0.017892075755003914,0.4078566239951665,False,0.041624874623871655,-0.011734878041684205,0.0406285643697854,1.3133556032129545,False,False,
2018-12-06,505.25,-0.0008694323608569742,0.01746253814727954,-1.4942004301303646,False,0.00898652021967039,-0.011281752372541946,0.04103505400588207,0.4939258174074057,False,False,
2018-12-07,519.5,-0.0007947890312187278,0.017336757685033507,1.6726685020094556,False,0.041604010025062754,-0.01041345516647985,0.04076119860885724,1.276151510918509,False,False,
2018-12-10,514.75,-4.990400769098772e-05,0.017366909793073666,-0.5236108912230691,False,0.030015007503751967,-0.008896717141625954,0.04054875044842775,0.9596282059262987,False,False,
2018-12-11,509.75,-0.00014020554472774578,0.017396722597238543,-0.5502902937235145,False,0.004433497536945774,-0.007467277275494057,0.039994489678036656,0.2975603616459007,False,False,
2018-12-12,515.25,-0.0001683240833270272,0.017410649105923142,0.6293807176921028,False,0.034638554216867457,-0.006404325770100354,0.03921952035178044,1.0464911253078237,False,False,
2018-12-13,527.75,0.00016072247181074731,0.01738101397323383,1.3865327703833363,False,0.060804020100502454,-0.005162109534329654,0.03902123132191385,1.6905189149627453,False,False,
2018-12-14,527.75,0.0008856794403336125,0.017234595655021192,-0.051389626891279884,False,0.06294058408862035,-0.0034954067608559125,0.039134979663175806,1.697611482649867,False,False,
2018-12-17,535.25,0.0009123861670904147,0.017231610529443765,0.7717727886072627,False,0.037809015996122186,-0.0015855944506264694,0.0388302627158064,1.0145337088000832,False,False,
2018-12-18,532.75,0.000633564087379718,0.01683519887791321,-0.3150707482093002,False,0.03296170625302963,-0.0006681346412903544,0.03893861747765351,0.8636629411308664,False,False,
2018-12-19,522.5,0.0007716433618363879,0.016747259953158143,-1.1949081188191473,False,0.006259027443427989,0.0006135247462173835,0.038432490761495616,0.14689401038942468,False,False,
2018-12-20,523.5,0.0002395222303330587,0.016740522822449297,0.10001798543040112,False,0.036120732310737313,0.0016960863848029654,0.037405530378389756,0.920308991149139,False,False,
2018-12-21,514.0,0.0006700550364431882,0.016353247424295378,-1.1506669876151034,False,-0.010587102983638075,0.003148957867095814,0.03657817976159423,-0.3755260906983747,False,False,
2018-12-24,516.5,0.0006667810978649991,0.0163570398623381,0.2565887328654488,False,0.003399708596405926,0.00385495944640675,0.03577586559223126,-0.012725082746835951,False,False,
2018-12-26,510.0,0.0009409146413479001,0.01625104378426571,-0.8322923477634743,False,0.0004904364884747991,0.004914230592711174,0.03453268696021642,-0.12810454365548885,False,False,
2018-12-27,510.5,0.000766259867539277,0.016325907130064276,0.013116103602545824,False,-0.009218825812712272,0.005833924279735026,0.03345305917258937,-0.44996632489686206,False,False,
2018-12-28,511.5,0.0002926136824156996,0.01578129775221514,0.10558385011855193,False,-0.030791094268119323,0.005989458925366404,0.03335413138669127,-1.1027285575831738,False,False,
2018-12-31,503.25,0.0005898958883658789,0.015596347146578846,-1.0719771744820246,False,-0.046423495973472284,0.005725797998953889,0.03356785177601214,-1.5535487442092581,False,False,
2019-01-02,506.75,0.0006988927578364112,0.015447882232639423,0.4049682013360699,False,-0.05324614666043903,0.005548363461572185,0.03381023343468148,-1.738956054107028,False,False,
2019-01-03,513.75,0.0010683920675043357,0.015257986830830773,0.8353084576209754,False,-0.03566400750821208,0.005975916859145391,0.032834375469851386,-1.2681807944113743,False,False,
2019-01-04,517.0,0.0010193979501971504,0.015210375263153601,0.34888265550674386,False,-0.010526315789473717,0.006235304895518836,0.03241943792919553,-0.5170237905296245,False,False,
2019-01-07,516.75,0.0003745784043739538,0.013870549662966365,-0.06186758415655368,False,-0.012893982808022897,0.006409965268727653,0.032291420598733196,-0.5978042377456708,False,False,
2019-01-08,517.75,0.0002561967947393902,0.013839024400341283,0.12132177118726722,False,0.007295719844357951,0.006032509280483436,0.032350135733316514,0.03904807615918498,False,False,
2019-01-09,520.0,-3.141913274126384e-05,0.013570845382619743,0.3225403953406937,False,0.006776379477250627,0.005353414237057996,0.03176900780588285,0.044790987772968215,False,False,
2019-01-10,513.75,-1.17536220086345e-05,0.013576175441918858,-0.8844521197145749,False,0.007352941176470562,0.00440124195793437,0.030605363098153978,0.09644385557752881,False,False,
2019-01-11,519.5,-0.00011475812386809724,0.013638268385331276,0.8290621592365379,False,0.01762977473065619,0.0035258450125238133,0.02953681196698919,0.4775034534497207,False,False,
2019-01-14,514.25,-9.969247396181213e-05,0.013650281285491232,-0.7330382683403066,False,0.005376344086021501,0.00315244306713362,0.02917204574879911,0.07623397543106586,False,False,
2019-01-15,511.0,-7.630965379037106e-05,0.013631353389484513,-0.45803035788485724,False,0.015399900645802322,0.0024950137308966075,0.028543869999303854,0.45210712195719943,False,False,
2019-01-16,512.5,-7.736145066318923e-05,0.013631838520318676,0.22101070151413418,False,0.011346817957572863,0.00171089754715304,0.02732914215114076,0.3525877379220118,False,False,
2019-01-17,517.75,7.771952157084853e-05,0.013598587839205225,0.7475910761957264,False,0.00778588807785896,0.0006963166991469623,0.025451430229598403,0.27855296597309787,False,False,
2019-01-18,517.75,0.00031826850016004974,0.01361695771306362,-0.023372952084202654,False,0.0014506769825919363,-5.427015370472373e-06,0.024489981613614355,0.059457129079792295,False,False,
2019-01-22,521.25,0.00030517092321178383,0.01361678278436338,0.4740362311236567,False,0.00870827285921627,-7.168136342151114e-05,0.024479083414107403,0.35867169019808376,False,False,
2019-01-23,526.0,0.0001401524041579849,0.013459573337036842,0.6666301526279687,False,0.015934331240946342,-0.0001841051755108388,0.02441825427586377,0.6600978200308715,False,False,
2019-01-24,521.5,0.0003643674471452603,0.01346720903576844,-0.6623124734533544,False,0.0028846153846153744,0.0002133605488501041,0.024434989060442405,0.10932089345968818,False,False,
2019-01-25,520.0,0.00017913614015792944,0.013493400890309398,-0.22644064884429857,False,0.012165450121654597,0.0004044938430368328,0.02439855886108278,0.48203487532114947,False,False,
2019-01-28,518.75,6.356515210371801e-05,0.013481796316085015,-0.18301799315911754,False,-0.0014436958614052475,0.0005858661120283237,0.02443521384051037,-0.08305889961432728,False,False,
2019-01-29,513.25,0.00021065654439664645,0.01339240850598895,-0.807402654878347,False,-0.001944579484686404,0.0008955225897269811,0.024257367023989607,-0.11708204239992875,False,False,
2019-01-30,516.75,4.335074532487345e-05,0.013448702390023286,0.5038358277073296,False,0.011252446183952935,0.0010168184190334185,0.024219584748560057,0.4226178058452494,False,False,
2019-01-31,516.5,0.0002507794509683621,0.013431396611619233,-0.05469069292139352,False,0.007804878048780495,0.0013472053021302461,0.024187500788392838,0.266983877464065,False,False,
2019-02-01,524.25,0.0003096243404454476,0.013418199279545151,1.0951704937793922,False,0.012554321583776007,0.0015812248587000817,0.02416361075531961,0.4541165985576142,False,False,
2019-02-04,525.75,0.00026690672516187805,0.013365442685048802,0.1941068219746772,False,0.015451472718493564,0.0015325057935040634,0.02413739030612055,0.5766558334792329,False,False,
2019-02-05,527.25,0.00010528201467878843,0.013257939878108898,0.20725580728676657,False,0.011510791366906581,0.0013328989986090031,0.02395647933807596,0.4248492537098736,False,False,
2019-02-06,526.0,0.00018141814673503583,0.013257093651479089,-0.19251655440529908,False,0.0,0.0013772444562823456,0.023972407308693728,-0.05745123710554009,False,False,
2019-02-07,513.25,0.0003026251628297002,0.0131905975974299,-1.8605805163707891,False,-0.015819750719079595,0.0013190202932546905,0.02397035109331399,-0.7149987476451597,False,False,
2019-02-08,517.25,9.537327546539723e-05,0.013453385772086662,0.572205377987259,False,-0.00528846153846152,0.001236790412367091,0.024019026243478375,-0.27167012870058965,False,False,
2019-02-11,518.25,0.00015380216777880485,0.013477476130008043,0.1320350284210355,False,-0.0009638554216867545,0.0013262264082330303,0.023981545832660524,-0.09549350345885198,False,False,
2019-02-12,520.0,0.00035442167232071055,0.013389018554608449,0.22573178077038436,False,0.013151485630784165,0.0014690170259568432,0.023934936427966562,0.48809273590453517,False,False,
2019-02-13,522.25,0.0003731982688062082,0.013392299763256092,0.29522373886557096,False,0.010643444605708652,0.0017997099735258745,0.02392255645543903,0.3696818376688193,False,False,
2019-02-14,507.0,0.0006797445385155439,0.013212576271856697,-2.2615058835793946,True,-0.01839303000968051,0.0022289226009163878,0.023786399389632354,-0.8669640273334213,False,True,shock
2019-02-15,504.25,0.0006173972063421385,0.013343501025959348,-0.45276425661896785,False,-0.03814973772055319,0.002528301623359493,0.023374657517810465,-1.7402624749867586,False,False,
2019-02-19,489.75,5.2516077463692724e-05,0.012664440833373758,-2.274722906993928,True,-0.0684736091298146,0.00232896663161582,0.02365904165062926,-2.9926223051197542,True,True,shock+trend
2019-02-20,480.75,-0.0003836707759775863,0.013084495252156197,-1.37514299902562,False,-0.08819345661450928,0.0018667788273452769,0.024690656828134202,-3.6475431200045616,True,True,trend
2019-02-21,486.5,-0.0004315522978914584,0.013144343836910499,0.9427652586377301,False,-0.07509505703422048,0.0012957689696516598,0.0262441257329548,-2.9107780834911954,True,True,trend
2019-02-22,486.75,-0.0002920892573054701,0.013220392330222925,0.06096368789729762,False,-0.051631758402338024,0.0007325047631406356,0.027414145908734706,-1.9101183505700368,False,False,
2019-02-25,466.75,-0.00048503779557774963,0.013099461876383866,-3.099655332086642,True,-0.09763170613823102,0.00017403583369555756,0.028049770531482637,-3.486864245900012,True,True,shock+trend
2019-02-26,460.25,-0.0010525742302568523,0.01391031222485178,-0.9254652368254335,False,-0.11191509889049689,-0.0009723049980261041,0.03021318065332406,-3.671999819067869,True,True,trend
2019-02-27,461.0,-0.001198943319314747,0.013988068510500646,0.20220750815294278,False,-0.1134615384615385,-0.002444821277195984,0.03281712467368822,-3.3828898262178457,True,True,trend
2019-02-28,452.5,-0.0013020722482339764,0.01393755901473222,-1.229491161819616,False,-0.13355672570607946,-0.004036227251706084,0.03521373845166034,-3.678124054683164,True,True,trend
2019-03-01,454.0,-0.0015023417032231305,0.014075602720674455,0.34224174452006595,False,-0.10453648915187375,-0.006103937214740762,0.038125371059882396,-2.5818122998075976,True,True,trend
2019-03-04,446.75,-0.00139281535433302,0.014080769423724685,-1.035195393278864,False,-0.11403073872087255,-0.00805872850844353,0.03936036265661988,-2.6923535013366036,True,True,trend
2019-03-05,454.25,-0.0014547445848864596,0.014135149541793617,1.2905882059331568,False,-0.07248596222562531,-0.009493372235673505,0.041217399892063945,-1.5283009155092406,False,False,
2019-03-06,440.5,-0.0017023532920091,0.01363538617911511,-2.0950871227016896,True,-0.08372334893395739,-0.01078842081366459,0.04165392975345835,-1.7509735228339967,False,True,shock
2019-03-07,431.5,-0.0017981086546879628,0.013811675091917597,-1.3490919282150184,False,-0.11305241521068854,-0.012118172186144036,0.04237262747605448,-2.382062407661272,True,True,trend
2019-03-08,432.75,-0.0019457930613301486,0.01395207520558839,0.3470927707084946,False,-0.11093990755007699,-0.013692137788886616,0.04389354218730725,-2.215537067986088,True,True,trend
2019-03-11,422.25,-0.001973437161963889,0.013940235953138914,-1.598968228043379,False,-0.09534011783610075,-0.015105719758320712,0.0452921328053381,-1.7714864173568716,False,False,
2019-03-12,446.25,-0.0023299202386460943,0.014165039291490858,4.177064737912147,True,-0.03041825095057038,-0.01632450527705267,0.046207990523834154,-0.30500667771406625,False,True,shock
2019-03-13,440.25,-0.001355005799092209,0.01563216018073882,-0.7734294053016045,False,-0.04501084598698479,-0.016500083599239015,0.04623656357113351,-0.6166280576600996,False,False,
2019-03-14,448.25,-0.0015944580494005548,0.015678529356023995,1.2607018853733012,False,-0.00939226519337022,-0.01680725946239881,0.04634980156068302,0.1599789863031147,False,False,
2019-03-15,462.25,-0.0012989180166520242,0.015840757014329816,2.053657479695904,True,0.018171806167400772,-0.01663198337720965,0.046352693250936404,0.7508471914716051,False,True,shock
2019-03-18,456.75,-0.0009092172356047771,0.0162766542114266,-0.6751452749266159,False,0.022383883603805277,-0.016179615490611976,0.04652658771857303,0.8288486430098337,False,False,
2019-03-19,456.5,-0.00127463159953814,0.01621061126089387,0.044864824213076505,False,0.004953219592735314,-0.0160272460465453,0.0466352407168827,0.4498843646299729,False,False,
2019-03-20,464.75,-0.00103234004690176,0.01608164244998183,1.1879774881793776,False,0.05505107832009082,-0.015403242560681605,0.046598180951966224,1.511954317560106,False,False,
2019-03-21,466.5,-0.0007779893106233126,0.01623224874525856,0.27990296882785237,False,0.0811123986095017,-0.014400066850403554,0.047298412001326846,2.019358820275528,True,True,trend
2019-03-22,466.0,-0.000700982436554205,0.016240022634096764,-0.022834261564857773,False,0.07683419988445994,-0.013146268666160229,0.04856743578288219,1.852691357906406,False,False,
2019-03-25,469.5,-0.0012322252520180785,0.015569173864386438,0.561555477632058,False,0.11190053285968027,-0.01239217204785243,0.04952307868797733,2.5097935790835053,True,True,trend
2019-03-26,469.25,-0.001132082190501625,0.0156013286292744,0.03843267721597867,False,0.05154061624649864,-0.011136968100432122,0.05145306932048843,1.2181505432946595,False,False,
2019-03-27,469.5,-0.0012296650572147187,0.015573996555356228,0.113164922154885,False,0.06643952299829636,-0.01100475821213043,0.05160299513590681,1.500771050332675,False,False,
2019-03-28,464.5,-0.0008630686649173509,0.015280940587438094,-0.6404421600967136,False,0.036252091466815406,-0.010238718175082083,0.05232516165135862,0.8884981560432571,False,False,
2019-03-29,457.75,-0.0013811151547647234,0.014936935561098793,-0.8804108022194267,False,-0.009734991887506705,-0.010310077089192047,0.05225711035326797,0.011004917757557901,False,False,
2019-04-01,462.75,-0.0014529597874657723,0.01498764818897466,0.8257434743247171,False,0.013136288998357948,-0.010840077081075497,0.05204373990436479,0.4606964473247358,False,False,
2019-04-02,464.0,-0.0011778071736971941,0.01502333345169176,0.2582016672766631,False,0.016429353778751432,-0.01072403986159,0.05208793734926809,0.5212990765648542,False,False,
2019-04-03,471.0,-0.001285651976028679,0.014965183192627544,1.0939965559957827,False,0.013448090371167343,-0.010966829200764881,0.051915791864665994,0.47027924827915557,False,False,
2019-04-04,470.75,-0.0014079701231171895,0.014790029612297256,0.05930918216384757,False,0.009110396570203738,-0.011598241597156016,0.051315609459713855,0.40355436455680027,False,False,
2019-04-05,467.75,-0.001415047263952293,0.01478947376558472,-0.335222345393489,False,0.00375536480686689,-0.012315977430734905,0.050630853561893986,0.3174219099023343,False,False,
2019-04-08,465.25,-0.0016895017122773674,0.014686204053046294,-0.24888893754410532,False,-0.009052183173588912,-0.012770026113258308,0.05032704899198176,0.07387365272026444,False,False,
2019-04-09,459.5,-0.001698488656494157,0.014688259085791166,-0.725780916855728,False,-0.02077783697389446,-0.013330211305613222,0.05004416604901072,-0.14882105660402872,False,False,
2019-04-10,458.0,-0.0016067440335425184,0.01459842798766569,-0.11355152851679091,False,-0.024494142705005273,-0.013690702831177522,0.049998507464596144,-0.21607524747569012,False,False,
2019-04-11,460.5,-0.0016757879461234563,0.01459379679810998,0.4888586108647408,False,-0.008611410118406937,-0.014498901164720758,0.04967128457032415,0.11852906759394082,False,False,
2019-04-12,464.5,-0.0013610465834722814,0.014487927827466855,0.693491667250874,False,0.014746040415073658,-0.01447255859318434,0.04967391100359305,0.5882081442337918,False,False,
2019-04-15,459.5,-0.0013100812846584672,0.014516815780848258,-0.651257238920315,False,-0.007023230686115656,-0.014321274168935437,0.04974630262171414,0.14670524437396487,False,False,
2019-04-16,445.0,-0.0012858087233857062,0.01449922076892094,-2.087714293895896,True,-0.04094827586206895,-0.014421456397929976,0.04972363135853187,-0.5334851606647057,False,True,shock
2019-04-17,447.0,-0.0017196278077840654,0.014911388752566382,0.4167291144620219,False,-0.05095541401273884,-0.0148445157319214,0.04981366705592464,-0.7249194932843748,False,False,
2019-04-18,444.25,-0.0016858208989372647,0.014922711230378164,-0.2992957721793021,False,-0.05629314922995221,-0.015113373328516326,0.04995511333409153,-0.8243355515186677,False,False,
2019-04-22,435.75,-0.0015527954725582985,0.014836439487171338,-1.1849591940431463,False,-0.068412613575628,-0.015244968705269393,0.050051613783273,-1.0622563560203722,False,False,
2019-04-23,438.75,-0.0019006376684221197,0.014939743070428219,0.5880502235201401,False,-0.05695862439548627,-0.015447188264138578,0.05023751439745666,-0.8263035428649562,False,False,
2019-04-24,432.25,-0.0019930221474899873,0.014862480126209702,-0.8626953616384563,False,-0.059303590859629995,-0.015731116489302234,0.05041318662171398,-0.8643070849157592,False,False,
2019-04-25,434.75,-0.002274900132530989,0.014902991663307266,0.5407364043951247,False,-0.05076419213973804,-0.01638148015690432,0.05065916343048185,-0.6787066673537977,False,False,
2019-04-26,435.0,-0.0021913368126854744,0.014930716632505968,0.18528112273574757,False,-0.055374592833876246,-0.016886416281327185,0.05081243308297166,-0.7574558866272294,False,False,
2019-04-29,426.75,-0.0022094718609289156,0.014926462197804732,-1.1225731294127235,False,-0.08127018299246502,-0.01772202045037031,0.050924565938024455,-1.247888153223206,False,False,
2019-04-30,418.5,-0.0025202884468416573,0.015030462385345849,-1.1185200301435672,False,-0.08922742110990212,-0.01889597461663319,0.05136513165784654,-1.369244937631248,False,False,
2019-05-01,425.0,-0.0026177941924141867,0.01511639135763133,1.2006473275252052,False,-0.0449438202247191,-0.020183712780451488,0.05190597217162033,-0.4770184702908857,False,False,
2019-05-02,433.25,-0.0025599349046671344,0.015178143333596567,1.4475880960957592,False,-0.03076062639821031,-0.021018027379856495,0.05179272790223759,-0.18810747015958798,False,False,
2019-05-03,428.0,-0.0021663664281908832,0.015361422290802243,-0.6478142667133969,False,-0.03657850309510413,-0.021499853652979583,0.05171189114541775,-0.2915895958962755,False,False,
2019-05-06,428.0,-0.0022436708497902275,0.015397153673256598,0.14571984520017306,False,-0.017785427423981592,-0.02219289903619167,0.05155875776405672,0.085484441506127,False,False,
2019-05-07,430.5,-0.002282809793038759,0.015387538583825962,0.5279552180558004,False,-0.018803418803418848,-0.022581328974612392,0.05141219285850512,0.07348276665792063,False,False,
2019-05-08,431.25,-0.002341513538954723,0.01534744926072784,0.26608159755576216,False,-0.0023134759976864983,-0.022935853066362765,0.05129149377588559,0.40206232165481914,False,False,
2019-05-09,421.75,-0.002318284735238113,0.015352358719156398,-1.283887455509598,False,-0.029902242668200074,-0.022986041772766478,0.05126914584612241,-0.13489986582167104,False,False,
2019-05-10,419.0,-0.0027021381328592767,0.015481667150027934,-0.24663444408096605,False,-0.0367816091954023,-0.023500848646465365,0.05114028145561127,-0.2596927543401255,False,False,
2019-05-13,431.25,-0.0029105802706724387,0.015425584040211375,2.0839961090947354,True,0.010544815465729274,-0.024203727852283342,0.05095287872331015,0.681974094274593,False,True,shock
2019-05-14,439.25,-0.002406694804945908,0.015850107206025758,1.3222257218966795,False,0.049581839904420555,-0.024101591851201823,0.05101555055124276,1.4443327761720572,False,False,
2019-05-15,448.75,-0.0021210008989426916,0.01603357448328033,1.4811903321701685,False,0.055882352941176494,-0.02360270665409828,0.05155509736434264,1.5417497717742552,False,False,
2019-05-16,467.0,-0.001800579288680444,0.016266285759780796,2.610866647293733,True,0.07789959607616859,-0.02283835933673052,0.052307525256010234,1.9258788275655256,False,True,shock
2019-05-17,465.0,-0.0011169668444746517,0.016954197008946924,-0.1867200434268569,False,0.08644859813084116,-0.02177377032925246,0.0535365872715775,2.0214655803723356,True,True,trend
2019-05-20,478.25,-0.001264992765699245,0.016932420914266225,1.7575523649155007,False,0.11740654205607481,-0.020771154969960612,0.05485142762387207,2.519126721250527,True,True,trend
2019-05-21,478.75,-0.0008786138777987491,0.017277597126061285,0.11136341298418467,False,0.11207897793263655,-0.01930979944986335,0.057039409516521006,2.3034736596360488,True,True,trend
2019-05-22,472.75,-0.0010647387039951495,0.017179087165657993,-0.6675499263225063,False,0.096231884057971,-0.017982804031878546,0.05891750915146749,1.938552558225465,False,False,
2019-05-23,470.25,-0.0012699902693919423,0.01722345058240788,-0.23329918758778453,False,0.11499703615886192,-0.016905731880685514,0.06026005929747515,2.1888921049414574,True,True,trend
2019-05-24,489.5,-0.0013785405939892984,0.017222769037598826,2.4568763023085065,True,0.16825775656324593,-0.015525915283459445,0.062076933591862726,2.960579094563982,True,True,shock+trend
2019-05-28,504.75,-0.0008011210692013515,0.017901631095943733,1.7850529885988717,False,0.1704347826086956,-0.01328247852928283,0.06558677859773455,2.801132561560574,True,True,trend
2019-05-29,490.5,-6.253729925944196e-05,0.018063526686093043,-1.5594551999743276,False,0.11667615253272623,-0.010799084751579162,0.06893037418647092,1.8493333133439622,False,False,
2019-05-30,514.5,-0.0005428742444081476,0.018328835577037895,2.6991642565089844,True,0.14651810584958214,-0.009172889897296659,0.07048332856846902,2.2089052675149587,True,True,shock+trend
2019-05-31,503.0,8.374392221737933e-05,0.019197399735894866,-1.1686760755556822,False,0.0770877944325481,-0.0072064637470130736,0.07273673895808702,1.1588952073880288,False,False,
2019-06-03,519.75,-0.0002593033649215822,0.019366889806194058,1.7328286837954439,False,0.11774193548387091,-0.006353979629656221,0.07335064136369204,1.6918177238318406,False,False,
2019-06-04,507.25,0.00012700697814820304,0.019744882735480956,-1.2244707325978144,False,0.06063774176685843,-0.004925999751280725,0.07471580179240427,0.8775083709910007,False,False,
2019-06-05,490.75,0.0001956809833149468,0.01965023115960733,-1.6653249420227731,False,0.025065274151436112,-0.0038722561275935387,0.07507971816493221,0.38542406639647747,False,False,
2019-06-06,510.0,-0.00016570936291067243,0.020001088485319885,1.9694620309833124,False,0.07879428873611838,-0.003029389302633681,0.07504453587412466,1.0903349202665247,False,False,
2019-06-07,504.5,0.0007407073381259306,0.020227056824983287,-0.569782404001607,False,0.0728335991493887,-0.0010658173310879081,0.07523544056332733,0.9822420913222916,False,False,
2019-06-10,507.5,0.0008419394593562505,0.020148933522966195,0.2533405651391052,False,0.036772216547497516,0.001081210079097398,0.07501276116359779,0.4757991295715729,False,False,
2019-06-11,518.0,0.0007617528359679578,0.02011602723821327,0.990648009194876,False,0.02625061911837534,0.002572773726853638,0.07458858583059502,0.31744596211139636,False,False,
2019-06-12,526.25,0.0010307632434055547,0.020247145007203565,0.7357026226628861,False,0.0728848114169216,0.0036112054271298165,0.07436555632606719,0.9315281080672757,False,False,
2019-06-13,535.5,0.0017909698510697903,0.01970750666209681,0.8010261048869936,False,0.04081632653061229,0.005884758994531851,0.07383312891852212,0.4731150913924948,False,False,
2019-06-14,538.5,0.0022110136081016397,0.019703716554313983,0.17211104711686484,False,0.07057654075546727,0.00792117800014664,0.07263671836257755,0.8625852622163708,False,False,
2019-06-17,539.5,0.0022639828312788703,0.019707471795812087,-0.02065067614655336,False,0.03799903799903803,0.010375019056373384,0.07158166774821172,0.38590912745749434,False,False,
2019-06-18,531.5,0.0025345853391154404,0.019558140331635828,-0.887770002348176,False,0.04780680137999016,0.012662429239108285,0.06963471510510463,0.5046961431210851,False,False,
2019-06-19,522.25,0.002292672511434124,0.019660298648667158,-1.0018284895740521,False,0.0641874681609782,0.014693673112866469,0.06838045561815834,0.7238003110784877,False,False,
2019-06-20,526.5,0.002273547020864255,0.01967899259480493,0.29799889186727263,False,0.032352941176470695,0.017069915871291145,0.06692793506403817,0.22835046816484633,False,False,
2019-06-21,526.0,0.002158213051588609,0.019618031293764666,-0.158419599876503,False,0.042616451932606436,0.018467767916652427,0.06612217956877633,0.36521306728608355,False,False,
2019-06-24,538.0,0.0025491464872233215,0.019251815655012668,1.0526041849163486,False,0.06009852216748768,0.020152298594873275,0.06508475409911986,0.6137570023200656,False,False,
2019-06-25,535.75,0.0031257467038799903,0.019201777930549627,-0.38058469711194115,False,0.03426640926640934,0.022460977759915627,0.06334358486586122,0.186371382855791,False,False,
2019-06-26,543.75,0.0030313596703767927,0.019220307845824187,0.619187698200814,False,0.03325415676959631,0.024397061984135444,0.061400409517853985,0.14425139595991462,False,False,
2019-06-27,547.5,0.003553969928864856,0.01899973002507335,0.1759278574412367,False,0.022408963585434094,0.026111652312211405,0.05978584877081982,-0.06193252756134682,False,False,
2019-06-28,528.0,0.002888079073226956,0.017953367160620463,-2.1446961500262995,True,-0.01949860724233987,0.026816015172691467,0.05942092192209076,-0.7794329154932393,False,True,shock
2019-07-01,514.0,0.0025924649371615706,0.018402846796762167,-1.5816909619349933,False,-0.04726598702502316,0.02715617835595339,0.05907620698339461,-1.2597654653403096,False,False,
2019-07-02,503.5,0.0019966430040312903,0.018613826203446867,-1.204731274652232,False,-0.05268109125117593,0.026651195398198026,0.05955279437521653,-1.332133739174947,False,False,
2019-07-03,518.0,0.0013078351817103018,0.018472644684909032,1.4881775949976905,False,-0.0081378650071805,0.02570649009928367,0.06024705780413131,-0.5617594674331693,False,False,
2019-07-05,519.25,0.0018504583089130877,0.018676080479497616,0.03012779393577707,False,-0.01377018043684708,0.025299533451137193,0.06037275760596083,-0.6471414498403958,False,False,
2019-07-08,516.75,0.001889931279420541,0.01867407255522337,-0.3590308302882659,False,-0.017585551330798532,0.025049888117409425,0.06049661209593598,-0.7047574727093205,False,False,
2019-07-09,509.75,0.001584772270732926,0.01859288272724219,-0.8138046540793086,False,-0.05250929368029744,0.024081399722064235,0.060591178457340314,-1.26405683718936,False,False,
2019-07-10,511.75,0.0013539500370079354,0.018672731371808363,0.13760932022347014,False,-0.04479701353243115,0.022299777158200248,0.06085550710900812,-1.1025590596171273,False,False,
2019-07-11,536.25,0.0014205540805945797,0.018672870872176034,2.487800894272381,True,-0.01379310344827589,0.020678027645975032,0.06100307744391146,-0.5650720019157228,False,True,shock
2019-07-12,536.25,0.0019587435382118173,0.01941761109646397,-0.1008745889739502,False,-0.020547945205479423,0.019002112495202284,0.060184159428943694,-0.6571506202953021,False,False,
2019-07-15,507.75,0.0019658432897205146,0.019416785238402613,-2.838404800789141,True,-0.03835227272727271,0.018040931675842576,0.06023310664945043,-0.9362493077323252,False,True,shock
2019-07-16,507.5,0.0012501150470876374,0.020433078045317715,-0.0852775746612957,False,-0.012645914396887115,0.016643707732834988,0.060310610465177536,-0.48564625534065026,False,False,
2019-07-17,505.5,0.0013855451667084868,0.02038674946731511,-0.261269305082474,False,0.003972194637537285,0.015991734321318955,0.060360054069549314,-0.19913069776134174,False,False,
2019-07-18,493.5,0.0015267567383792091,0.02031154706759434,-1.2439047137994543,False,-0.04729729729729726,0.01617449680831954,0.06030182789931838,-1.0525683269766064,False,False,
2019-07-19,502.5,0.0010645985343310013,0.020488429619813505,0.8381551856922975,False,-0.032258064516129004,0.015368715657710806,0.060745116014055155,-0.7840429535572863,False,False,
2019-07-22,487.25,0.0012717430609348209,0.02058351570711733,-1.536180806880767,False,-0.0570875665215288,0.014719550080445731,0.060993275425536474,-1.177295629739382,False,False,
2019-07-23,487.25,0.0006659501862278949,0.02083845977254211,-0.031957745125932344,False,-0.044139283962726816,0.013779074655209783,0.061554370848495334,-0.9409300723825429,False,False,
2019-07-24,497.75,0.0006730273270629983,0.02083813797575581,1.0018402444486518,False,-0.027357107962872496,0.01306907891477071,0.06191499566041694,-0.6529304645253846,False,False,
2019-07-25,499.5,0.0010453249526274785,0.020959633012534052,0.11786925092029663,False,-0.06853146853146852,0.012654245944507517,0.06208224271949291,-1.307712333183558,False,False,
2019-07-26,496.0,0.0011634657077071475,0.020948096627900523,-0.39003413340341153,False,-0.075058275058275,0.011861188806402457,0.06273969608716891,-1.385398229279176,False,False,
2019-07-29,503.5,0.00123482490498431,0.02091049224112902,0.6640753683281745,False,-0.008370260955194442,0.011137449631944048,0.0634305688447156,-0.3075443109283053,False,False,
2019-07-30,497.25,0.0014799633794832401,0.02096473150345729,-0.6626877916130737,False,-0.020197044334975378,0.011352434721941527,0.06333542375226747,-0.49813322762820234,False,False,
2019-07-31,487.25,0.0012416750658012829,0.021020391490842068,-1.0157890456515195,False,-0.036102868447082104,0.011197959599053947,0.06339887047919053,-0.7460831350561938,False,False,
2019-08-01,475.75,0.0008577174793144756,0.02114520253031158,-1.156742979658353,False,-0.03596757852077004,0.010519974147558538,0.06363187479034124,-0.7305702184871814,False,False,
2019-08-02,490.75,0.0006865496866068899,0.021292002102024067,1.448553998949799,False,-0.023383084577114466,0.010134049509763146,0.06382718479454644,-0.5251231774480739,False,False,
2019-08-05,494.5,0.001527685735275631,0.021247089235224916,0.28774197982131205,False,0.014879425346331354,0.010368252060229205,0.06366924507789572,0.07085325545454456,False,False,
2019-08-06,484.0,0.0015696455117394637,0.021256132665299198,-1.0727828590779631,False,-0.00667008722421758,0.011246049918350142,0.06326490358258358,-0.28319235670976217,False,False,
2019-08-07,488.25,0.0013685595919762817,0.021401011345544705,0.3463589651852648,False,-0.019085886489201398,0.01190769074509327,0.06280684307891854,-0.49347452785280704,False,False,
2019-08-08,498.5,0.0017407510931134018,0.02128204062026389,0.9046403408582774,False,-0.002002002002001957,0.012565380439578958,0.06220982092467067,-0.23416531706819138,False,False,
2019-08-09,499.5,0.001928866586320228,0.021390202656781578,0.0036068600695502704,False,0.007056451612903247,0.013298135404825415,0.06170143087026854,-0.10115946589708322,False,False,
2019-08-12,471.75,0.0021531443579065933,0.02130026630471767,-2.709294761290408,True,-0.06305858987090363,0.014182935971125857,0.06111930721219161,-1.2637827450148509,False,True,shock
2019-08-13,472.0,0.0013352877505763017,0.02231253616275761,-0.03609388185590213,False,-0.05077928607340376,0.014019010668043652,0.061312036134284376,-1.056860949773834,False,False,
2019-08-14,473.75,0.001334686398285337,0.02231255753700093,0.10635001014221002,False,-0.027706516162134376,0.014080281424849949,0.06124401050038134,-0.6823001505873645,False,False,
2019-08-15,469.0,0.0016369949897523147,0.022187041158657498,-0.5256843456783178,False,-0.014188124014713588,0.014794463649254363,0.06042389718881977,-0.4796543919270834,False,False,
2019-08-16,470.75,0.0017610720092575945,0.022094015678425262,0.08917669395195212,False,-0.04075394803871624,0.015794987610523538,0.059288787426570455,-0.9537880281204266,False,False,
2019-08-19,465.5,0.0016037344437993435,0.022036568304131164,-0.5788628530824976,False,-0.058645096056622825,0.01585085257300358,0.05923273024092034,-1.2576821687372033,False,False,
2019-08-20,460.0,0.0011962120296292126,0.02198534622739863,-0.5918244048469984,False,-0.04958677685950408,0.015479059644224745,0.05961553145334939,-1.0914242466268111,False,False,
2019-08-21,462.5,0.0012002448633415537,0.021982898618116156,0.19262872557963392,False,-0.05273937532002049,0.015305615994032745,0.059787707171552615,-1.1381100653150567,False,False,
2019-08-22,467.25,0.0012727086314574946,0.021987845671969503,0.40920614838964975,False,-0.06268806419257777,0.014839563355418894,0.06018406317316226,-1.288175365045283,False,False,
2019-08-23,475.25,0.0013317639484567352,0.022006221661509506,0.717510330401836,False,-0.04854854854854851,0.014254434750230107,0.060726457196100044,-1.0341947513251595,False,False,
2019-08-26,473.0,0.0015368212157228249,0.022081621588609848,-0.2839995936205558,False,0.002649708532061368,0.013637967116218614,0.06113025628585895,-0.17975155433299111,False,False,
2019-08-27,473.75,0.0017674163512604402,0.021921926939300628,-0.008292732345879399,False,0.00370762711864403,0.0140719931322221,0.06093218126886817,-0.17009675015316564,False,False,
2019-08-28,472.25,0.0018754973403604385,0.02190048542385099,-0.23021061660114936,False,-0.0031662269129287823,0.014611849616409382,0.06065426453734343,-0.29310513720585324,False,False,
2019-08-29,469.75,0.0014434639568594958,0.021671852818051483,-0.3108765208085538,False,0.0015991471215350828,0.014429035718027278,0.06068734210100859,-0.2114096309431052,False,False,
2019-08-30,451.25,0.0011255368784011935,0.021592251099339276,-1.8760520632130588,False,-0.04142326075411573,0.013789266480922139,0.06056454529958373,-0.9116311690598518,False,False,
2019-09-03,447.25,0.0003120645455778452,0.02195561060627119,-0.4179492266516446,False,-0.03920515574650918,0.012491858298318241,0.06069274602009947,-0.8517824193966614,False,False,
2019-09-04,456.25,-0.00034837264915359585,0.021464761157849545,0.9537188057649209,False,-0.008152173913043459,0.010930461607349203,0.060493316491230416,-0.3154503113275171,False,False,
2019-09-05,464.0,-2.2964262825693933e-05,0.021588947855111177,0.7878691331713865,False,0.00324324324324321,0.009669117980097409,0.05988056729423514,-0.10731152070219006,False,False,
2019-09-06,460.25,-0.00017640855997304102,0.02142378507468576,-0.3690051951226926,False,-0.014981273408239737,0.008146940662592988,0.05854089072826484,-0.39507793241803046,False,False,
2019-09-09,474.5,-0.00029810689141369787,0.021442666137151466,1.4578196897125906,False,-0.0015781167806417917,0.00645280397804797,0.05731827265592938,-0.14011100451156025,False,False,
2019-09-10,484.5,0.00028181405630599786,0.021693989373172594,0.9584683195600127,False,0.024312896405919604,0.005148670633533133,0.05635254608554231,0.34007737189541476,False,False,
2019-09-11,477.5,0.0006333210282138587,0.021815756744590707,-0.6912987535432609,False,0.0079155672823219,0.003939548770160569,0.05491837373932568,0.07239869357810579,False,False,
2019-09-12,485.75,-0.00010512639754006958,0.021365823084694046,0.8135709651638646,False,0.02858655373213348,0.0018016529130815816,0.05144645546289087,0.5206364671395538,False,False,
2019-09-13,485.75,-0.00029014975898557173,0.021150465174821737,0.013718363004657518,False,0.034060670569451945,-8.965680527257991e-05,0.04762900195920107,0.717006990908137,False,False,
2019-09-16,488.75,8.627421327792521e-05,0.02089615329454158,0.2914288658903536,False,0.08310249307479234,-0.0011911965647829037,0.045812721241071656,1.839962511635413,False,False,
2019-09-17,484.25,-0.00048377441524454965,0.020114227545236535,-0.4336923548496421,False,0.082727780883175,-0.0020367380684467675,0.04358052025734005,1.9450093402073445,False,False,
2019-09-18,489.5,-0.00030851259208878695,0.01997791427650059,0.5581173251407445,False,0.07287671232876702,-0.0019615382491050756,0.043723528995741674,1.7116242054743742,False,False,
2019-09-19,488.0,-0.0006079618097068436,0.019632679107830037,-0.1251173900291372,False,0.051724137931034475,-0.0025597412245064607,0.04234898140325505,1.2818225458279509,False,False,
2019-09-20,484.25,-0.00032815284075929705,0.019442689924347577,-0.3783567714844225,False,0.05214557305812062,-0.0026785892756507803,0.042181403458413015,1.2997235236097107,False,False,
2019-09-23,483.0,3.099330624490489e-06,0.019095202218492133,-0.13534345471686995,False,0.017913593256059013,-0.0023175186235616534,0.04253650704664056,0.4756176114187654,False,False,
2019-09-24,481.75,-0.0005543271532876141,0.018536794582245837,-0.10970961328377048,False,-0.005675954592363253,-0.003129261229962445,0.04153685779216473,-0.0613116518139993,False,False,
2019-09-25,477.25,-0.00044504285986009864,0.018499792251383134,-0.48086494661848395,False,-0.0005235602094241232,-0.004176055279852471,0.0405747437161304,0.0900189313820929,False,False,
2019-09-26,484.25,-0.0006488752083706221,0.018512632865472747,0.8273399268647919,False,-0.0030880082346885773,-0.004673332303278092,0.040293678778998095,0.0393442375238227,False,False,
2019-09-27,487.25,-0.0007291724091678153,0.01843171156905449,0.37567425672707505,False,0.0030880082346886883,-0.005064514001318945,0.04013149104071002,0.2031452613544208,False,False,
2019-09-30,495.75,-0.0008589256597264343,0.01834693388895955,0.9976473060838222,False,0.01432225063938608,-0.005995138043748717,0.039095364713781756,0.5196879177846008,False,False,
2019-10-01,498.75,-0.0008606903749284559,0.018345142909472773,0.3767824336597684,False,0.029943211151264748,-0.006348392388965066,0.0387851396095765,0.9357089830165004,False,False,
2019-10-02,489.0,-0.0008547010906620504,0.018347354620482422,-1.0189028051444238,False,-0.0010214504596527396,-0.0068901701170211,0.03797133751012705,0.15455656930186246,False,False,
2019-10-03,488.75,-0.0011401128559154813,0.018470681794296877,0.03404668106766435,False,0.0015368852459016757,-0.00741044329647031,0.037613604946328476,0.23787479437663814,False,False,
2019-10-04,490.5,-0.0009492155558452931,0.018401152844729596,0.24616817510916605,False,0.012906556530717594,-0.00802737551159149,0.037071247632978865,0.5646945646276575,False,False,
2019-10-07,489.25,-0.0006694270565362063,0.018306874117916202,-0.10263865425488101,False,0.012939958592132594,-0.008711120999994965,0.036183599101419724,0.5983672196743426,False,False,
2019-10-08,500.25,-0.0008119108563601134,0.01827896478089969,1.2744323370595072,False,0.03840166061235073,-0.00896996076778614,0.03595458803263766,1.3175403744616803,False,False,
2019-10-09,500.25,-0.000499470048830452,0.018475788288857434,0.027033761213408003,False,0.04819277108433728,-0.00902615798538955,0.03587607674653049,1.594904857462163,False,False,
2019-10-10,493.0,-0.000803652558336155,0.01827347002929962,-0.7491243339608267,False,0.018069179143004543,-0.009184901333164887,0.035591292550430066,0.7657513544233477,False,False,
2019-10-11,508.0,-0.0009411271915276131,0.018337901257575992,1.7105060300950512,False,0.04258594150846595,-0.00940086440147695,0.0353725420894985,1.4696938031314661,False,False,
2019-10-14,511.0,-0.0007345455162649461,0.018604469404094347,0.35690656815115934,False,0.030761472516389388,-0.00927644060495869,0.03554062281164942,1.126539434425008,False,False,
2019-10-15,507.0,-0.0007477593817731373,0.018599327390676598,-0.38066050020079606,False,0.016541353383458635,-0.009165073819212619,0.035654155935403054,0.7209938512987168,False,False,
2019-10-16,513.25,-0.0003772440523536987,0.01816709023200867,0.6993227899280939,False,0.049591002044989674,-0.00868454101086864,0.03575572415475974,1.6298241591647578,False,False,
2019-10-17,525.5,0.0001406568501625882,0.017964415268279476,1.3207696301312026,False,0.07519181585677748,-0.007393114489935134,0.03609097760746037,2.2882430962369242,True,True,trend
2019-10-18,532.25,0.0007312638704795719,0.018007141245198217,0.6727134293260411,False,0.08511722731906213,-0.005688142395162423,0.03693321059659336,2.458637314422923,True,True,trend
2019-10-21,523.5,0.0005185505169829074,0.017763692924150885,-0.9546547339163617,False,0.07000510986203379,-0.004444741164145854,0.03839064002258172,1.9392708999482053,False,False,
2019-10-22,518.0,0.00026718024447595153,0.017869595976545152,-0.602889313925244,False,0.035482258870564776,-0.003327737293494109,0.03932307125492585,0.9869523138836035,False,False,
2019-10-23,520.75,0.0001912926215559511,0.017903521918606405,0.28584251247269254,False,0.04097951024487756,-0.0026201664908092654,0.039539899852254826,1.1026754467917674,False,False,
2019-10-24,516.0,0.0004426937220136562,0.017840283120719266,-0.5360987317749166,False,0.04665314401622722,-0.0013736491051402652,0.039419322968602004,1.2183566206761451,False,False,
2019-10-25,517.75,0.00026876103746289163,0.017869455315204487,0.17475137186174067,False,0.01919291338582685,-0.0001543136711581535,0.03947233372304488,0.4901465211743899,False,False,
2019-10-28,511.75,-0.0003243518434279065,0.01698429700024495,-0.6632157159804587,False,0.0014677103718199191,0.000285499886629883,0.03950207153257788,0.029927809841948455,False,False,
2019-10-29,511.5,-0.0004788665706128414,0.0170339474541547,-0.0005667044861096422,False,0.008875739644970349,0.0005790419609938743,0.03942689320258947,0.21043244876904393,False,False,
2019-10-30,509.25,0.00022324454087785088,0.015879873525889605,-0.2910647564550458,False,-0.007793472966390658,0.0012087487926237817,0.03917303286599235,-0.2298066067493493,False,False,
2019-10-31,508.75,0.00017115842503798273,0.015888656640366455,-0.07256714551254924,False,-0.031874405328258804,0.0012734480116970677,0.03915384342140441,-0.8466053506725417,False,False,
2019-11-01,516.0,0.0002106124339196495,0.01588198029662127,0.8840208559937243,False,-0.030530765617660882,0.0007954933454864532,0.03933880890064637,-0.7963194575175004,False,False,
2019-11-04,509.75,0.0007171389226419844,0.01571273420917125,-0.8165060168795333,False,-0.02626552053486153,0.0010190471012149383,0.03910878267834762,-0.6976583203951892,False,False,
2019-11-05,515.25,0.00031247912040672344,0.015646098180543057,0.6696317193679963,False,-0.005308880308880326,0.0010989476876318378,0.0390459486732568,-0.16410993238079497,False,False,
2019-11-06,516.75,0.0008609839397788817,0.015273344424141504,0.13423544671482543,False,-0.0076812289966394776,0.0017893301704671508,0.038456541759370494,-0.2462665318781294,False,False,
2019-11-07,512.5,0.0008998000484639871,0.015274825967375434,-0.5973410100085657,False,-0.006782945736434121,0.002275437570014982,0.0380968797167214,-0.2377723155755776,False,False,
2019-11-08,510.25,0.0005028134818887598,0.015116987401586342,-0.32367939817256985,False,-0.014485755673587675,0.0025497597330341602,0.03795443012133435,-0.4488412907837627,False,False,
2019-11-11,505.75,0.0003973992805845169,0.015123257184792658,-0.6094325739092757,False,-0.01172447484123107,0.003270369237805905,0.03708984537050867,-0.40428435139715785,False,False,
2019-11-12,517.0,0.00037323662372546807,0.015136688907815618,1.4448969192560026,False,0.010752688172043001,0.0041148199073664906,0.03598696782746378,0.1844520020831197,False,False,
2019-11-13,509.0,0.00046821294442452494,0.015252380651635382,-1.0452204887129242,False,-0.0004909180166912108,0.004369792562396323,0.03596505161255687,-0.13515094129297622,False,False,
2019-11-14,507.75,0.00042740255013106555,0.015291357645521819,-0.1885508334032762,False,-0.0019656019656019152,0.004632540913306779,0.035854963969827736,-0.18402313510790555,False,False,
2019-11-15,502.75,0.0006628000523724372,0.015105683028140603,-0.6957756138821007,False,-0.025678294573643456,0.005087704466393181,0.03554620680123066,-0.86552129773159,False,False,
2019-11-18,507.25,0.0008461931359915967,0.014889054037575556,0.5443312653960595,False,-0.004904364884747436,0.005224894919021536,0.03540518884192338,-0.2860953474642928,False,False,
2019-11-19,512.0,0.0005451478864405838,0.014483006425933507,0.6089254317236431,False,-0.006307617661329479,0.005471277848253096,0.035267445356340375,-0.33398777230869,False,False,
2019-11-20,515.5,0.0005681192673705718,0.014495774451796305,0.43238933204101593,False,-0.002418964683115643,0.005188783941484285,0.03527592086540082,-0.21566406880285663,False,False,
2019-11-21,509.0,0.0009423793575289811,0.014286120613408518,-0.9485777900121237,False,-0.006829268292682933,0.005245465575365644,0.035260020221972346,-0.3424482967404592,False,False,
2019-11-22,515.25,0.0006571779028980214,0.01434092549054409,0.810394035849572,False,0.009799118079372837,0.005408887151319224,0.03517402478273567,0.12481457425390946,False,False,
2019-11-25,531.0,0.000540986367098147,0.014208625438652008,2.1132726280994945,True,0.049925852694018724,0.0055662354190708875,0.035166819704316676,1.2614054284101999,False,True,shock
2019-11-26,530.25,0.0009218086009029077,0.014625076649212367,-0.15960517920154974,False,0.02562862669245658,0.0061378274334857605,0.03553780562012352,0.5484525259470164,False,False,
2019-11-27,528.5,0.0016437169499299016,0.013051220191328865,-0.37881875490983064,False,0.03831041257367396,0.007320323654330564,0.03466911377255433,0.8938817739228333,False,False,
2019-11-29,547.5,0.001592646660071028,0.013063125986499188,2.63016352580256,True,0.07828655834564247,0.008508186302958267,0.034174256534868226,2.041840236421496,True,True,shock+trend
2019-12-02,543.25,0.002022555687325438,0.01365100604730117,-0.7168052472502929,False,0.08055693684733956,0.00992142729639529,0.034841499931056515,2.0273383663365823,True,True,trend
2019-12-03,530.5,0.0020527400626140905,0.013626484850481008,-1.8730140372038828,False,0.04583538689009359,0.011184694774556,0.03566345034201118,0.9716023487138435,False,False,
2019-12-04,535.0,0.00169005738763189,0.01393959966821653,0.48728129883692206,False,0.044921875,0.012339219240273465,0.03535960503003789,0.921465489562105,False,False,
2019-12-05,532.0,0.001951857120646617,0.01387939803968793,-0.5446442082390599,False,0.03200775945683798,0.013720112187695104,0.034563331014673224,0.5291054632835936,False,False,
2019-12-06,532.5,0.0020346274643965132,0.013814546513646374,-0.07924819242201127,False,0.046168958742632604,0.014808039338579663,0.03381988697932798,0.927292259232621,False,False,
2019-12-09,532.0,0.0019746950246013755,0.013809345420208875,-0.21099205444508137,False,0.032508491023774955,0.016126817126081706,0.03307045873230986,0.4953567179184104,False,False,
2019-12-10,534.75,0.0018252385258491028,0.013778974932609524,0.24268382973598215,False,0.007062146892655274,0.017396104528966408,0.03180732317316551,-0.32489240229525057,False,False,
2019-12-11,530.75,0.0016658747606308152,0.0136683467448546,-0.6691376677552187,False,0.0009429514380010495,0.01813758046818246,0.030884065945255237,-0.5567475817679066,False,False,
2019-12-12,539.25,0.0016292643531592742,0.013689382360585247,1.0508734636671573,False,0.020340586565752217,0.01811482370692832,0.030896258721098233,0.07203988285170536,False,False,
2019-12-13,539.25,0.0018216570109092034,0.013789789349640199,-0.13210187369227172,False,-0.015068493150684925,0.018336596499556428,0.030851109180643044,-1.0827840728397784,False,False,
2019-12-16,549.75,0.0018638733697482538,0.013779155460139641,1.277844266959046,False,0.011965025310630484,0.018177899616386346,0.030993497385850718,-0.20045734846923696,False,False,
2019-12-17,556.25,0.002194077295411141,0.013901505551710366,0.6926932360427601,False,0.048539114043355314,0.018316111325574286,0.030941636695299785,0.9767745324982139,False,False,
2019-12-18,548.25,0.002876826715515414,0.013064175775240522,-1.3210821321108397,False,0.02476635514018688,0.019515609656207234,0.030332216576497848,0.17310787263889094,False,False,
2019-12-19,545.25,0.002803256628262984,0.013146465787413582,-0.6294629283967657,False,0.02490601503759393,0.020368563134696514,0.029547965159908405,0.15356224627792553,False,False,
2019-12-20,542.25,0.0024619908955604477,0.013022412859508604,-0.611565172691704,False,0.018309859154929553,0.020809338987371678,0.029362752400937445,-0.08512416677812279,False,False,
2019-12-23,539.5,0.0021621460336459066,0.012942120141513226,-0.558919825928682,False,0.014097744360902276,0.021010227199527498,0.02929240374908476,-0.235982096171988,False,False,
2019-12-24,541.0,0.0022022851676289376,0.012914558562153873,0.044760880329868906,False,0.011687704534829368,0.02139794743644939,0.029000569348300104,-0.3348293885198912,False,False,
2019-12-26,549.0,0.0018265374099580504,0.012468775830539512,1.039467983875028,False,0.03438530381535565,0.021574825053989007,0.028898818485696497,0.44328728413956453,False,False,
2019-12-27,556.25,0.0017427056111387854,0.012358260663979286,0.9275676796389454,False,0.03152526657394539,0.021709123819448152,0.028935096324736138,0.33924693542857076,False,False,
2019-12-30,556.0,0.0021114217870924386,0.012280967755693952,-0.2085226539376189,False,0.031061659712563694,0.02202391981000313,0.028911422826189515,0.31260100745971225,False,False,
2019-12-31,558.75,0.0018750627855825448,0.012155078496770416,0.2526499833547722,False,0.016371077762619368,0.022056921223075537,0.028920426304361486,-0.19660303069594406,False,False,
2020-01-02,560.25,0.0019410100277887788,0.012158184843838188,0.06115663975755973,False,0.007191011235955003,0.021821059985651103,0.028893327760724778,-0.5063469625531674,False,False,
2020-01-03,554.5,0.001894457324975606,0.012148430551289256,-1.0007657036160695,False,0.011399908800729497,0.020808906894466603,0.02803443708469454,-0.3356228650253145,False,False,
2020-01-06,550.0,0.0018803758023329847,0.012162077002362456,-0.8218822407599483,False,0.008711600183402002,0.019857868600033995,0.027099800983563925,-0.41130443811717377,False,False,
2020-01-07,550.25,0.0016276167785667644,0.012170308998691454,-0.09638796551076947,False,0.014753342554172377,0.019002333771429132,0.026407382211325242,-0.16090164421653672,False,False,
2020-01-08,552.75,0.001674535403013479,0.012158753710409661,0.23594967327937166,False,0.024559777571825814,0.018509389833070967,0.026131941917036855,0.23153226644860497,False,False,
2020-01-09,562.25,0.0018375729443198408,0.012113460326327131,1.267121032998037,False,0.03927911275415896,0.01814157922658704,0.02584466821483184,0.8178682485636024,False,False,
2020-01-10,564.5,0.00210114767248437,0.012230511146328261,0.15540077377213113,False,0.02823315118397085,0.018426452819895037,0.025959616671909817,0.377767456585265,False,False,
2020-01-13,562.25,0.002189011276306756,0.012220035156782948,-0.505304556296497,False,0.010786516853932504,0.01887857423024616,0.02582912662686621,-0.3132919472351299,False,False,
2020-01-14,568.5,0.0022604128270634952,0.012167286436128766,0.7278236439902102,False,0.02248201438848918,0.01902937525775758,0.02574720475282787,0.13409762977677758,False,False,
2020-01-15,573.25,0.0022130619799415625,0.012125187820872727,0.5065702182125105,False,0.025950782997762767,0.019370308892733282,0.025619354295636273,0.2568555799296757,False,False,
2020-01-16,565.25,0.002241864298414685,0.012137334307655342,-1.3345089356589335,False,0.008924587237840287,0.019675145889574273,0.025558945432503373,-0.42061824029963596,False,False,
2020-01-17,570.5,0.0018231928277517096,0.012147394095643436,0.6145131054503279,False,0.028854824165915227,0.019603177044220325,0.025581810931652134,0.36164942139604067,False,False,
2020-01-21,581.5,0.001866346007488451,0.012168348444824506,1.4311708968760144,False,0.057272727272727364,0.019588665217749,0.02557617414673205,1.4734049681857273,False,False,
2020-01-22,577.75,0.0023840820654247026,0.012070541794989582,-0.7317750457592177,False,0.04997728305315774,0.0203659209208474,0.025825927888785932,1.1465749559832121,False,False,
2020-01-23,580.5,0.002304914175222308,0.01210919795661219,0.2027326712185007,False,0.05020352781546822,0.021011792891610814,0.025954072399593478,1.1247458385110554,False,False,
2020-01-24,573.5,0.002320637929401418,0.012111642166108957,-1.1872220075773612,False,0.020008892841262726,0.021509085842074158,0.02615322358706538,-0.057361686058210536,False,False,
2020-01-27,572.25,0.0021938359264881855,0.012212668885322816,-0.35810639929300575,False,0.013728963684676687,0.021603338298729225,0.026134655481580626,-0.30130011163155745,False,False,
2020-01-28,569.75,0.0018649960344590817,0.01198895744701009,-0.5199548023305381,False,0.013339261894175225,0.02127436900636024,0.0260755662921556,-0.30431197632598145,False,False,
2020-01-29,562.25,0.001806746434925078,0.012008737797427954,-1.2466268281493282,False,-0.010993843447669294,0.020809655550491413,0.02589932961449362,-1.2279661084495033,False,False,
2020-01-30,560.5,0.0018244675728934631,0.011985317616702872,-0.41191749545189477,False,-0.022241604884430832,0.02042214858261576,0.026157025960522304,-1.6310628559774798,False,False,
2020-01-31,553.75,0.0013772881338158897,0.011520411002968474,-1.164898287226379,False,-0.020344980097302123,0.019557781297377137,0.0264838012341943,-1.5066855789250977,False,False,
2020-02-03,555.5,0.0011379770575130946,0.011611137235791427,0.1741684541126816,False,-0.0262927256792288,0.01887636192919458,0.026846629110825047,-1.682486371825742,False,False,
2020-02-04,557.25,0.0012844845179139951,0.01156571381638884,0.16132428514227798,False,-0.041702493551160846,0.018305240875025417,0.02734790899846375,-2.194234829052457,True,True,trend
2020-02-05,562.0,0.0011621231693531027,0.011495637557760592,0.640406292228976,False,-0.027260926006058006,0.017087994267076745,0.02796141260222262,-1.586075814696483,False,False,
2020-02-06,556.25,0.0009575430471525071,0.011219312606492504,-0.9972856774359137,False,-0.0417743324720069,0.015721957708905603,0.027584519371762376,-2.0843680256314383,True,True,trend
2020-02-07,558.75,0.0006498600293408548,0.011205320353772816,0.34309790989925393,False,-0.02571926765475152,0.014030070245024681,0.027158806287922495,-1.463589285860944,False,False,
2020-02-10,552.0,0.0009289803633057373,0.011033283329239613,-1.1791156709970942,False,-0.035386631716906924,0.012753745211467545,0.026738747456180868,-1.800397606778939,False,False,
2020-02-11,542.0,0.0009079893139883103,0.011056805529865698,-1.7205630768840032,False,-0.04870557261956998,0.011808826670301257,0.02717337498008806,-2.226973989584091,True,True,trend
2020-02-12,547.5,0.000595658349483433,0.01125979694485255,0.848322858157575,False,-0.02623388172521124,0.010613025565441955,0.0278375715870278,-1.323639426501689,False,False,
2020-02-13,544.25,0.0008525791616104206,0.011254915221993391,-0.6031722218311643,False,-0.02899197145405885,0.00964119855555611,0.027834651711468508,-1.3879523412070294,False,False,
2020-02-14,542.75,0.0007282118825760516,0.01127799244680368,-0.3089466725911943,False,-0.01986455981941304,0.008998733424357634,0.0281653297793631,-1.0247809441563498,False,False,
2020-02-18,566.75,0.0008459787916626857,0.011193438351619532,3.874883985237108,True,0.02025202520252023,0.008714303155141195,0.028349520984142562,0.4069811992178885,False,True,shock
2020-02-19,565.25,0.0014420824394645966,0.012260955514392735,-0.3334774391829097,False,0.014356213548676555,0.008865986962575192,0.028380813497149705,0.19344852770526638,False,False,
2020-02-20,560.0,0.0014654445377587496,0.012251341330704532,-0.8777300333150366,False,-0.003558718861209953,0.009161316116109422,0.02832029309354365,-0.44914912904694615,False,False,
2020-02-21,551.0,0.0013546966755825895,0.012311158898418297,-1.415473993211969,False,-0.009438202247191052,0.00953885860233674,0.02795219484386339,-0.6789112967883453,False,False,
2020-02-24,536.25,0.0009504027712886845,0.012379630723643467,-2.2391550581713573,True,-0.04026845637583898,0.009820092780609671,0.027648050283449715,-1.8116485120266128,False,True,shock
2020-02-25,539.0,0.0007549746795410058,0.01270017091954664,0.3443442199611134,False,-0.023550724637681153,0.009633386969396638,0.027940758635153468,-1.1876596494888094,False,False,
2020-02-26,540.25,0.000679489377964484,0.012656472168874786,0.12954795476375208,False,-0.0032287822878228623,0.009390162378345961,0.028151194237207643,-0.44825610451333076,False,False,
2020-02-27,529.25,0.000671594728772266,0.012655245897253248,-1.661962075406312,False,-0.033333333333333326,0.009449528334463516,0.02811938390146446,-1.5214722277598944,False,False,
2020-02-28,529.0,0.0005097752076414549,0.01284668010008791,-0.07645101741752819,False,-0.028020211299954023,0.00909552316650486,0.028491170428713127,-1.3027100644855925,False,False,
2020-03-02,526.25,0.0005620135722546715,0.012834445724255631,-0.44883132537881126,False,-0.030400736987563293,0.008915063758153308,0.02868475469719867,-1.3706165927072107,False,False,
2020-03-03,528.75,0.0006102898197049412,0.012805458652469971,0.3233233667678513,False,-0.06704896338773714,0.008666046929535546,0.02894622511494081,-2.615712757591725,True,True,trend
2020-03-04,521.5,0.0003770418467697848,0.012563105105794389,-1.1214286318930575,False,-0.07739938080495357,0.007628691575405144,0.030235810372627344,-2.8121644941038233,True,True,trend
2020-03-05,524.25,0.0004005392319692976,0.01253467360047248,0.38873856336716284,False,-0.06383928571428577,0.006603245404894978,0.031779666387522935,-2.2165912712928066,True,True,trend
2020-03-06,521.25,0.0005035931775358697,0.012542642552497318,-0.496390916791234,False,-0.053992740471869305,0.005778262954912528,0.0327920913388893,-1.8227261814161053,False,False,
2020-03-09,522.25,0.0005585919131566363,0.012505629981973094,0.10874088843355471,False,-0.026107226107226156,0.00540073700960285,0.03331790794045515,-0.9456765164589316,False,False,
2020-03-10,526.75,0.00046482783938333347,0.012468164337576271,0.6538039513024768,False,-0.022727272727272707,0.005118032193303133,0.03349600696025982,-0.831302219205171,False,False,
2020-03-11,517.25,0.0004548590943402786,0.012461249772667785,-1.4837982109988699,False,-0.04257288292457195,0.0048991034590905565,0.033625104136495165,-1.4118019141578975,False,False,
2020-03-12,508.25,0.0001232449806715552,0.012619074368298228,-1.388608583647475,False,-0.03967879074161551,0.004363717882537806,0.03406005467836123,-1.2930839084099905,False,False,
2020-03-13,514.75,5.937041209757539e-05,0.012696281488550419,1.0026251701868099,False,-0.026937618147447995,0.003925724249885371,0.034415296287269505,-0.8967914191327175,False,False,
2020-03-16,498.0,6.617045758153584e-05,0.012703049446640437,-2.5668040251844286,True,-0.05368171021377677,0.0034359011001944273,0.03459155271375947,-1.651201141117078,False,True,shock
2020-03-17,499.25,-0.0007752662568676853,0.012745383694158419,0.2577644185805123,False,-0.05579196217494087,0.0020544669280904873,0.03477817102571354,-1.6632970451569205,False,False,
2020-03-18,508.25,-0.0007229666630120368,0.012750780434878288,1.470498791788848,False,-0.025407478427612706,0.0009688590765251881,0.035299231450358494,-0.747221296906452,False,False,
2020-03-19,535.0,-0.00043860172176077403,0.012929096108826811,4.104709271431407,True,0.02050548402479735,0.00011928719650803258,0.035154837325648045,0.5798973449783562,False,True,shock
2020-03-20,539.25,-0.00021619139129885962,0.013684918793837571,0.5962853523557823,False,0.03453237410071952,-0.0006511271277699023,0.03403392402222754,1.0337773923897549,False,False,
2020-03-23,562.5,-6.771627148588107e-06,0.013688053973777986,3.150353572410012,True,0.077070368597415,-0.0012647879643915027,0.03294747590594423,2.3775768676614657,True,True,shock+trend
2020-03-24,561.5,0.0008810323121656365,0.014291720666602427,-0.1860384870351292,False,0.06597057427622222,-0.0008483215416272172,0.03373878961676658,1.9804769695900295,False,False,
2020-03-25,580.0,0.0007442277602055706,0.014267059500621598,2.257173904218562,True,0.1213146447559208,-0.0005676722179442543,0.03420893377055921,3.562879737536837,True,True,shock+trend
2020-03-26,569.0,0.0012582936107449856,0.014722436179374751,-1.3736728490938628,False,0.11952779144121983,0.0006230862527101832,0.036813331639049415,3.229936001293144,True,True,trend
2020-03-27,571.25,0.0009928887192057919,0.01490652294149902,0.1986658519941143,False,0.10976202039825167,0.0016012040220246796,0.03895224578551984,2.776754310182414,True,True,trend
2020-03-30,569.5,0.0010581323583497755,0.014908661643644969,-0.27645604865695367,False,0.14357429718875503,0.002631251080351036,0.04076008554799598,3.457869241771835,True,True,trend
2020-03-31,568.75,0.0009483639548464865,0.014908291440811194,-0.15194958135634173,False,0.1392088132198297,0.004451413084299033,0.043888571073813366,3.0704440094185537,True,True,trend
2020-04-01,550.25,0.0010305397710327227,0.014878160579721642,-2.2555215827044885,True,0.08263649778652238,0.006294957908056748,0.046561734945074866,1.6395767891492792,False,True,shock
2020-04-02,541.75,0.0003833058305345342,0.015268232598948066,-1.0368475578777443,False,0.012616822429906582,0.0071255700576670165,0.04736440806602919,0.11593626092791845,False,False,
2020-04-03,549.25,0.00017733884583061245,0.015377276645623448,0.8887584886084056,False,0.018544274455261966,0.00749470759874157,0.047296935351343244,0.23362120134083034,False,False,
2020-04-06,555.75,0.00010230599007438724,0.015295370691861505,0.7670303500911793,False,-0.01200000000000001,0.00758243092066999,0.04731143781516623,-0.41390479395645474,False,False,
2020-04-07,549.25,0.00010244950160419375,0.015295482204831118,-0.77136214317102,False,-0.021816562778272486,0.006775242733425252,0.04711926991657618,-0.6067964457496692,False,False,
2020-04-08,548.25,0.00013826438212634815,0.015264220877803589,-0.12833468149906974,False,-0.05474137931034484,0.006154137161179127,0.04718588493133864,-1.2905451823174356,False,False,
2020-04-09,556.5,0.00018694827121691127,0.01525190353856231,0.9743656788919741,False,-0.02196836555360282,0.005092171903206611,0.04765212067492699,-0.5678768766958112,False,False,
2020-04-13,555.0,0.00046094750975945363,0.015332694847000495,-0.2058584828703081,False,-0.02844638949671774,0.004555128907092846,0.04772805213000468,-0.6914490940028092,False,False,
2020-04-14,548.75,0.0004926280926026442,0.015323561231364234,-0.7670468487316163,False,-0.03643546971027212,0.003987873788991245,0.04786572722686486,-0.8445153942333833,False,False,
2020-04-15,540.25,0.00030540658007992624,0.015380904479689754,-1.026932845949413,False,-0.05010989010989009,0.0033462314657232255,0.04808316863176142,-1.1117429049861491,False,False,
2020-04-16,529.75,-9.828915477930818e-05,0.01539299579054241,-1.2562309287204214,False,-0.037255792821444755,0.0022196288800532824,0.04833529881271066,-0.8166996516243166,False,False,
2020-04-17,533.5,-0.0005335061592075914,0.01547299290582257,0.49197443347468783,False,-0.015228426395939132,0.001302548088114747,0.04842418049184235,-0.3413785079303247,False,False,
2020-04-20,548.75,-0.0004331295063803979,0.015497944214728747,1.8723739322415236,False,-0.000910332271279013,0.000685346940001376,0.048334670990901926,-0.033013138986313674,False,False,
2020-04-21,546.75,-0.00011794585199181787,0.015845299209621848,-0.22257080956197856,False,-0.01619433198380571,0.0004549281395493976,0.048300063390932894,-0.34470472613252473,False,False,
2020-04-22,543.0,-0.00020233532776806247,0.01584702587950846,-0.4200393995224974,False,-0.011379153390987717,0.00014312356328592142,0.048331463163688734,-0.23840116148046367,False,False,
2020-04-23,547.0,-0.00015694113095336823,0.015822674131155054,0.4754836997333896,False,-0.002279981760145877,-0.00016059726593697476,0.04833134142210601,-0.043851141554277835,False,False,
2020-04-24,526.75,4.9484226396868296e-05,0.01581843258724237,-2.3434429240168537,True,-0.053459119496855334,-0.00030715169185094646,0.048320738476117876,-1.0999825226444813,False,True,shock
2020-04-27,521.0,-0.00045017784218658985,0.016387105164200062,-0.6386617012366556,False,-0.0612612612612613,-0.0012166511858646492,0.04867409721588354,-1.2336050077946312,False,False,
2020-04-28,526.75,-0.0006563029578288242,0.016420638378692808,0.7120777535138632,False,-0.04009111617312078,-0.002360931703639144,0.049067127257526905,-0.7689503457468833,False,False,
2020-04-29,519.5,-0.0007383072908429833,0.016345511597877196,-0.7968754984536232,False,-0.03840814437760298,-0.0034192014226695406,0.049012797381309564,-0.7138736171846427,False,False,
2020-04-30,529.75,-0.0009751796049914275,0.016404510061564886,1.262194947191697,False,0.0,-0.004307752030157192,0.049035282287675556,0.08785005059999206,False,False,
2020-05-01,521.5,-0.0006589617613595585,0.016573403628205585,-0.8999009645068535,False,-0.022492970946579205,-0.004451572254876292,0.04900622240186807,-0.36814506010598347,False,False,
2020-05-04,524.25,-0.0010148208980265258,0.016603663606349506,0.37871588384355964,False,-0.04464692482915722,-0.005051238726010537,0.04894732851805594,-0.8089447841579429,False,False,
2020-05-05,525.5,-0.001055915175100332,0.01658396138446375,0.20744583895725663,False,-0.03886602652034754,-0.005992541497036137,0.04902184715650499,-0.670588460658387,False,False,
2020-05-06,524.75,-0.0008380501697967905,0.016519411693492306,-0.03566482995956921,False,-0.03360957642725604,-0.006629749680478641,0.049135796883346676,-0.5490869886740662,False,False,
2020-05-07,529.0,-0.0009809186748030818,0.01647693396294711,0.5510742169795018,False,-0.03290676416819016,-0.0074626083550542585,0.04905552503101761,-0.5186807356979192,False,False,
2020-05-08,529.5,-0.001130015172905973,0.016341140550332617,0.1269920389360224,False,0.0052206929283340475,-0.008665001574266492,0.04854994723273107,0.2860084365496319,False,False,
2020-05-11,524.75,-0.00103142825566513,0.016330919233399327,-0.48615137530877534,False,0.007197696737044179,-0.00926175610926414,0.04809230877903277,0.34224709239753315,False,False,
2020-05-12,521.75,-0.0012145025399893786,0.01634207809459583,-0.2755160961196464,False,-0.00949216896060745,-0.009835167190309795,0.047627854342966895,0.007201630945463626,False,False,
2020-05-13,510.5,-0.0011299483786692418,0.016301567974974784,-1.2533826465837832,False,-0.017324350336862415,-0.010228514681001397,0.04749969718954482,-0.14938696614307861,False,False,
2020-05-14,510.5,-0.0013883810698267895,0.016471188091271082,0.08429149507208669,False,-0.03633789523360076,-0.010642558867955253,0.047423324162093515,-0.5418290855744006,False,False,
2020-05-15,500.25,-0.0013301314702927859,0.01646823045273735,-1.1384479430180279,False,-0.04074784276126553,-0.011304920962992265,0.04743076351408473,-0.6207558052387263,False,False,
2020-05-18,497.0,-0.001422327287343439,0.016554504255365487,-0.30652831752420695,False,-0.05197901764425372,-0.011701640953840214,0.04755240453544762,-0.847010305449202,False,False,
2020-05-19,498.75,-0.0014674507164396215,0.016563783201684657,0.30117379684707135,False,-0.050903901046622235,-0.012098139790637853,0.04776497819270175,-0.8124312566296472,False,False,
2020-05-20,513.75,-0.001259931440809628,0.016526954767045483,1.8960007970262152,False,-0.020962363030014308,-0.012505592069962122,0.047966192756512656,-0.1763069043853592,False,False,
2020-05-21,516.0,-0.0009010658796154451,0.01691196201862019,0.3122421820482492,False,-0.02457466918714557,-0.012434520567972595,0.04794943437426669,-0.2531864823349887,False,False,
2020-05-22,508.75,-0.0008846759194515444,0.016916536442788285,-0.7782746617177893,False,-0.039187913125590224,-0.01220614957645239,0.04784883693011836,-0.5638959122150409,False,False,
2020-05-26,506.75,-0.0011856677780038908,0.01694766954661095,-0.1620008075829564,False,-0.03430204859456887,-0.012365176071379488,0.04791931577983157,-0.4577876826117421,False,False,
2020-05-27,504.5,-0.0011016662740735612,0.016917815737971208,-0.19733002051931334,False,-0.03306181121226637,-0.012265545619680313,0.04786508128352675,-0.4344767633298327,False,False,
2020-05-28,514.5,-0.001220792157050378,0.016909332541947535,1.2444250921731737,False,0.007835455435847294,-0.012363446200447178,0.047900466573834954,0.4216848619868742,False,False,
2020-05-29,520.75,-0.0007954302575463619,0.017033261375446616,0.7598748238286714,False,0.02007835455435858,-0.011787151705077123,0.04787972932768312,0.6655322974228197,False,False,
2020-06-01,515.25,-0.00039191481410190426,0.01697576991356382,-0.5990759245712707,False,0.02998500749625177,-0.010870032676091409,0.04782174462921733,0.8543193162254947,False,False,
2020-06-02,508.0,-0.0006680386987204908,0.016970445350350215,-0.7897730685867486,False,0.02213279678068414,-0.0101204474864719,0.04801786981517092,0.6716925259555317,False,False,
2020-06-03,512.0,-0.0007765022499070185,0.017030459871322783,0.5079438877927729,False,0.026566416040100238,-0.009438783910008661,0.048109146494245435,0.7484065416628344,False,False,
2020-06-04,523.75,-0.0006347675551682978,0.017057974178634687,1.3825783799524987,False,0.019464720194647178,-0.008819704231881817,0.048271640070975924,0.5859428928650685,False,False,
2020-06-05,515.25,-0.0009183680225028587,0.01646880783615359,-0.9296816791433583,False,-0.0014534883720930258,-0.008830201631986792,0.048265317740627214,0.15283672842548046,False,False,
2020-06-08,511.5,-0.0010994673203388154,0.016562483235603664,-0.3730450905354852,False,0.00540540540540535,-0.009040997657597053,0.0481971598041655,0.29973556785713035,False,False,
2020-06-09,504.5,-0.0010726685827636502,0.016550676794025356,-0.7620577131613413,False,-0.004440059200789381,-0.008921476000708849,0.04822204715429871,0.0929329438374948,False,False,
2020-06-10,506.25,-0.00104085272836715,0.01652372618399612,0.27291868973194955,False,0.003468780971258578,-0.008854834093423494,0.04822477698858941,0.25554529920580027,False,False,
2020-06-11,499.25,-0.0006376755156590205,0.016254173102599644,-0.8114522279856023,False,-0.029640427599611274,-0.008271670928795525,0.0481040685518663,-0.44421932102844347,False,False,
2020-06-12,502.0,-0.000890413723952784,0.01631057897032418,0.3923022063891878,False,-0.036005760921747454,-0.008352866968287928,0.04813533627175312,-0.5744822015440423,False,False,
2020-06-15,504.75,-0.000847891684864465,0.01632321154368091,0.3875450193939252,False,-0.020378457059679778,-0.008789893350073588,0.04823687136153159,-0.24024285536163423,False,False,
2020-06-16,496.0,-0.0005033712627737123,0.016177834405104466,-1.0404324106599958,False,-0.023622047244094446,-0.008617161666424874,0.048170945991708555,-0.3114924415279761,False,False,
2020-06-17,488.75,-0.0007282105688495388,0.016294159965918563,-0.852374405558286,False,-0.04541015625,-0.008558519479013413,0.04814967838721539,-0.7653558238671717,False,False,
2020-06-18,483.5,-0.0008537898724656134,0.01636521713778051,-0.6042020722259159,False,-0.07684964200477329,-0.008758645069179236,0.04827272326272188,-1.410548076291702,False,False,
2020-06-19,481.25,-0.001060353629849183,0.016391273977973127,-0.21921505980823378,False,-0.06598738476467736,-0.008889320784073052,0.04844560504598138,-1.178601524873321,False,False,
2020-06-22,485.0,-0.0009395800806613671,0.016330054130440873,0.5347066092446144,False,-0.05180840664711628,-0.008737160836869368,0.04824502440521486,-0.892760369411095,False,False,
2020-06-23,486.0,-0.0009059939799611749,0.016345587751512305,0.1815688548605218,False,-0.03666997026759167,-0.008576749115973776,0.04807905290153673,-0.5843131146770149,False,False,
2020-06-24,481.25,-0.0008022030955853602,0.016339304097517292,-0.5490723106878294,False,-0.04938271604938271,-0.008345778846583407,0.047899200188574936,-0.8567353325575479,False,False,
2020-06-25,486.75,-0.0009580981326421334,0.016368746515801377,0.7567268238442174,False,-0.025037556334501776,-0.008656118712478829,0.0480908498233193,-0.3406352285768835,False,False,
2020-06-26,474.0,-0.0009206046862449065,0.016394174905261575,-1.5416170864357648,False,-0.055776892430278835,-0.00868692249390855,0.04810072355410931,-0.9789867273700776,False,False,
2020-06-29,485.5,-0.0010293916704190176,0.01653573583374959,1.529475029126147,False,-0.03813769192669636,-0.00886297595398464,0.04825035684204609,-0.6067253775665612,False,False,
2020-06-30,490.0,-0.00047390749201420946,0.016677532351701774,0.5841813011181263,False,-0.012096774193548376,-0.008842427969785719,0.0482373826250657,-0.06746523228794744,False,False,
2020-07-01,498.75,-0.0005208433152629095,0.01664462299063231,1.104139527987443,False,0.020460358056265893,-0.00864455005040039,0.048192568998324546,0.6039293756611759,False,False,
2020-07-02,490.0,0.000151119496087954,0.016349176228626982,-1.0823162523765184,False,0.013443640124095158,-0.007655989140133154,0.04801635563443529,0.43942587864991056,False,False,
2020-07-06,489.5,-0.00011626583470891886,0.01647358957169032,-0.0548843544160016,False,0.017142857142857126,-0.006732847776146008,0.04774317814991962,0.5000862080029612,False,False,
2020-07-07,492.25,-0.00037023181769700803,0.01633635386070892,0.3665572744594637,False,0.01494845360824737,-0.006165509968539744,0.04777107366735852,0.4419821862034905,False,False,
2020-07-08,517.5,-0.0009970798366207222,0.015132770139975698,3.4555572439394147,True,0.06481481481481488,-0.006239603707427077,0.04773344219312853,1.4885668256388724,False,True,shock
2020-07-09,526.25,-0.0004190645245167553,0.016264504666820934,1.0653430546981484,False,0.09350649350649354,-0.005835837831239138,0.04820869334910694,2.0606725558466725,True,True,trend
2020-07-10,535.75,-0.0007684941984913874,0.015583839655239611,1.207709469997652,False,0.10066769388803287,-0.005616689499118091,0.048626213352408694,2.185742546245094,True,True,trend
2020-07-13,524.75,-0.0005040937410267979,0.015733982527152808,-1.2729053664644572,False,0.10706751054852326,-0.005154061237627282,0.04947415653495891,2.268286710595131,True,True,trend
2020-07-14,524.75,-0.0012171527635686614,0.015405896679595833,0.07900564237722726,False,0.08084449021627194,-0.00534402302705925,0.049007150797301474,1.7586925956951789,False,False,
2020-07-15,550.75,-0.000964279200350271,0.01526564922640344,3.3088460226423724,True,0.12397959183673479,-0.005859800376725221,0.04786543626327543,2.712591848098934,True,True,shock+trend
2020-07-16,535.25,-0.0003563712306724061,0.01633454498592342,-1.7011229609315741,False,0.07318295739348368,-0.005670232757545446,0.04835518450944241,1.6307080812737114,False,False,
2020-07-17,534.75,-0.0006907710097681482,0.01664449052969531,-0.014621770108556462,False,0.09132653061224483,-0.006608783954815731,0.04604733115833305,2.126840190375235,True,True,trend
2020-07-20,522.0,-0.0006856669862420721,0.016644354611502255,-1.3912975783877368,False,0.06639427987742597,-0.00724721438958353,0.044296967895539094,1.6624499997532682,False,False,
2020-07-21,527.75,-0.0005698729158897968,0.016448900411689043,0.7043144706593978,False,0.07211782630777042,-0.007463777295038148,0.04388942670985537,1.8132295080750853,False,False,
2020-07-22,534.5,-0.00021703492224590005,0.01640922748890907,0.7926748398650424,False,0.03285024154589378,-0.006670430576666631,0.044785924386384374,0.8824351102279652,False,False,
2020-07-23,529.5,-0.00023108661753222127,0.01639747090457206,-0.556393750352373,False,0.0061757719714965464,-0.006479684348791539,0.04492501576628798,0.28170176692035404,False,False,
2020-07-24,539.5,-0.0005136047038928649,0.016369293492272046,1.1851058800061232,False,0.006999533364442367,-0.006237340722504919,0.04494385431122327,0.29452022506315856,False,False,
2020-07-27,527.75,-0.00010584940125162165,0.01646757660396059,-1.3161363395400223,False,0.0057170080990947,-0.005853126107268721,0.04493204089063431,0.257502975093551,False,False,
2020-07-28,523.5,-0.00037196621260262425,0.016655853530298578,-0.4611645507925769,False,-0.0023820867079561436,-0.005047014275142861,0.04458408463140304,0.05977306900475559,False,False,
2020-07-29,532.75,-0.0006799786798150616,0.016580273167537747,1.1067073799435805,False,-0.03268270540172491,-0.004785863890534238,0.0445409710152598,-0.6263186651596162,False,False,
2020-07-30,529.5,-0.000408446016002569,0.016713045848342673,-0.3405708554011324,False,-0.010742643624474524,-0.004842348102601,0.044574055193645795,-0.1323706244863858,False,False,
2020-07-31,531.25,-0.0003396348303448319,0.01667834677519734,0.2185252292031843,False,-0.00654511453950446,-0.004499777088123699,0.04442645302052577,-0.04603872945778003,False,False,
2020-08-03,521.0,-8.903810831870788e-05,0.01658859267227743,-1.1577280796601441,False,-0.0019157088122605526,-0.003918913413851891,0.044105695481746636,0.04541827488969932,False,False,
2020-08-04,508.25,-8.715372291253261e-05,0.016586373192644395,-1.4701836802907349,False,-0.03694931312174321,-0.003447712293729435,0.0439331692527293,-0.7625582537716085,False,False,
2020-08-05,510.75,-0.0005078334517890977,0.01680089301908946,0.3229990572276635,False,-0.04443405051449956,-0.0037373241167401555,0.04408321524229082,-0.9231796313876257,False,False,
2020-08-06,501.25,-0.0008233798263311165,0.016466008886088235,-1.0796009034065392,False,-0.05335221907459864,-0.0043176403599830965,0.04433127506643823,-1.106094481630149,False,False,
2020-08-07,495.5,-0.0010227858392700892,0.016590720765963855,-0.6297819126656543,False,-0.08155699721964782,-0.004813078854527002,0.04467212518697719,-1.7179374843687354,False,False,
2020-08-10,491.0,-0.0010842873210480401,0.016621168264498134,-0.481160419789461,False,-0.06963524396020848,-0.005748783438909137,0.045538097923810444,-1.4029233418617406,False,False,
2020-08-11,495.0,-0.0013035968960505636,0.0166166701416815,0.5687202265360608,False,-0.054441260744985676,-0.006646853601576638,0.046129095632703974,-1.0361011090259575,False,False,
2020-08-12,491.25,-0.0007013735733783581,0.016115651692251737,-0.4265656849412025,False,-0.0778977006100422,-0.006659948818218376,0.04614270177168841,-1.5438574044559497,False,False,
2020-08-13,496.75,-0.0006568370836591446,0.016091639132065898,0.7365791476904751,False,-0.06185080264400378,-0.006881768009535455,0.046447710248288046,-1.1834605912891982,False,False,
2020-08-14,500.0,-0.0006547109446851929,0.016093215468368432,0.44722183584584935,False,-0.05882352941176472,-0.007171897162480561,0.046725082260227396,-1.1054369462983324,False,False,
2020-08-17,516.5,-0.0003839619924902301,0.016040419984827258,2.0812398942214894,True,-0.008637236084452993,-0.007444102296269384,0.04696834700466811,-0.02540293334285375,False,True,shock
2020-08-18,507.5,-0.00020703546056851282,0.01633574452059816,-1.0540040165519065,False,-0.0014756517461879115,-0.007559265444062091,0.04696043621222064,0.12954764028131036,False,False,
2020-08-19,512.0,-0.00023172335559653443,0.01636066134317119,0.5561339018416768,False,0.0024473813020069457,-0.007279034521390207,0.04693281788707053,0.2072412495410098,False,False,
2020-08-20,519.5,-0.00018380675780722407,0.016382250394907785,0.9053850295450032,False,0.036408977556109834,-0.006651110439641352,0.046740758228959005,0.9212535189271406,False,False,
2020-08-21,527.25,-2.0285705907684045e-05,0.01646920797313113,0.9070549293040037,False,0.0640766902119072,-0.00564744371862192,0.04684772728776491,1.4883141182547563,False,False,
2020-08-24,520.75,0.00019765299738206288,0.016558247870818412,-0.7564671507745984,False,0.06059063136456211,-0.004344960163433076,0.047414338987644904,1.3695348899605229,False,False,
2020-08-25,527.25,-7.47098345956232e-05,0.016594484146098352,0.7566795595202062,False,0.06515151515151518,-0.0030983282229963796,0.04788007874980515,1.425432980825858,False,False,
2020-08-26,532.0,7.911439920995337e-05,0.016657417378155532,0.5360911843098553,False,0.08295165394402026,-0.0022992505933539646,0.04851665766724431,1.7571471044455478,False,False,
2020-08-27,542.5,0.00031884421401058886,0.01665479400275879,1.165910421229825,False,0.09209864116758926,-0.0012891978305942834,0.049495713504127826,1.88678639798566,False,False,
2020-08-28,539.25,0.000658228883402027,0.016788939636495227,-0.39603527307268926,False,0.07850000000000001,6.534630444833934e-05,0.05064496039498059,1.5487158659783513,False,False,
2020-08-31,544.25,0.000865845781808298,0.01660572363152755,0.5062285530190651,False,0.05372700871248792,0.0013430043089398384,0.05140336664690944,1.019077306032787,False,False,
2020-09-01,555.75,0.0009894742781767112,0.016633682040554824,1.210827589420136,False,0.09507389162561575,0.0025438696948876876,0.05156296721282013,1.7945053772569213,False,False,
2020-09-02,547.75,0.0015389189443217935,0.01660894396803337,-0.9593554375505147,False,0.06982421875,0.004354826153379438,0.05240027785676669,1.2494092641183618,False,False,
2020-09-03,543.25,0.001433609475799195,0.01668544610069953,-0.5782905751122107,False,0.04571703561116469,0.005978869305302821,0.05251812049426578,0.7566562918069526,False,False,
2020-09-04,539.75,0.00127712209571464,0.016720603007825945,-0.46169555180484556,False,0.02370791844476061,0.00726714846073998,0.052288482285361246,0.31442431039203084,False,False,
2020-09-08,533.25,0.000790216843629065,0.016399283190649535,-0.7825237856411161,False,0.02400384061449823,0.007862752213736978,0.052216946859421076,0.3091158976455753,False,False,
2020-09-09,534.0,0.0005712545187715401,0.01646023154506903,0.05074140298948964,False,0.012802275960170695,0.008510465677758896,0.05211032856359264,0.08236006950472985,False,False,
2020-09-10,540.0,0.000777345950208866,0.01637120994173162,0.638841548254234,False,0.015037593984962516,0.009203668198902375,0.0518121912434704,0.11259754984393482,False,False,
2020-09-11,533.75,0.000979574736707316,0.016405901596785295,-0.7651910342581385,False,-0.016129032258064502,0.009861530099962794,0.05156497640377189,-0.5040351837749727,False,False,
2020-09-14,548.5,0.0008844545383968535,0.016458346280998997,1.6253276864171713,False,0.01715345387111733,0.010087300486018818,0.05141134270614904,0.13744347089875494,False,False,
2020-09-15,538.25,0.0009886286033501347,0.016603912726457008,-1.1850193389239645,False,-0.011024345429490157,0.010211540465155752,0.05141708594511118,-0.41301224105379414,False,False,
2020-09-16,542.0,0.000577494665901388,0.016705313388322568,0.382484778615777,False,-0.024741340530814226,0.009796837798704435,0.051461839477905225,-0.6711415425472186,False,False,
2020-09-17,556.25,0.0008112108342923271,0.016669944856877537,1.5285174785880793,False,0.015518028297581088,0.009067153158343555,0.05155961373278599,0.12511488493048034,False,False,
2020-09-18,575.0,0.0013493755318053856,0.01683372232254115,1.9222420933844488,False,0.05844454670961796,0.008978956245235516,0.05154261660980529,0.9597027414974559,False,False,
2020-09-21,554.75,0.001693826857412158,0.01722870552192917,-2.1424255069412155,True,0.027790643816581806,0.00940399798749575,0.05182030210498898,0.3548154889532357,False,True,shock
2020-09-22,558.0,0.0009182720566875198,0.01756487153888913,0.2812558435090194,False,0.04641350210970474,0.00951501030245488,0.05185105499358448,0.7116247068032715,False,False,
2020-09-23,549.0,0.0012127735468554235,0.017458327494086406,-0.9933257244025264,False,0.028089887640449396,0.010153236842212183,0.052008575389961356,0.3448787178604266,False,False,
2020-09-24,549.75,0.0010947600551273239,0.017546192636285537,0.015465472714051659,False,0.01805555555555549,0.010455696605346104,0.052046538690930864,0.14602044903196737,False,False,
2020-09-25,544.25,0.0012954448512642624,0.017460728714891512,-0.6471661382166551,False,0.01967213114754096,0.010755638135430703,0.052024350975106985,0.1713907592307435,False,False,
2020-09-28,550.25,0.0011158004713594715,0.017507314118972134,0.565966023731361,False,0.0031905195989061497,0.0109716828044478,0.05202732570708223,-0.14955916145585083,False,False,
2020-09-29,549.5,0.0014471538836703676,0.01745577426200056,-0.16098802906316517,False,0.020901068276823143,0.0114094287670947,0.051818704917716576,0.1831701414537532,False,False,
2020-09-30,578.0,0.001355536827615286,0.01745220306970774,2.8941787515735005,True,0.06642066420664205,0.012168186489742307,0.05153087473663469,1.0528149967213771,False,True,shock
2020-10-01,570.25,0.001974033420558043,0.018396690598956992,-0.8361470143820355,False,0.02516853932584273,0.013325508106626598,0.05176421212546678,0.22878801266231655,False,False,
2020-10-02,573.25,0.0020263935540762406,0.018346510248115847,0.1762982118313671,False,-0.003043478260869592,0.01397604926089243,0.051599927439892945,-0.32983626850226694,False,False,
2020-10-05,584.25,0.0022914307005833866,0.018246133019285363,0.9260814260273516,False,0.05317710680486698,0.0145409383007475,0.051171135274841704,0.7550383296482178,False,False,
2020-10-06,592.75,0.0026905043481314874,0.01828449979279817,0.6485308498751532,False,0.062275985663082345,0.01627462828487604,0.050226915578259354,0.9158706412407679,False,False,
2020-10-07,607.5,0.0029465328051122962,0.01831468874720611,1.1978080916991332,False,0.10655737704918034,0.01798480655724617,0.04956741497900146,1.786911230481894,False,False,
2020-10-08,595.25,0.003174423570329085,0.018481377212296243,-1.2628405532623845,False,0.08276489313324231,0.020096350339863456,0.049925935657983186,1.255230211862001,False,False,
2020-10-09,593.75,0.002878070707347738,0.01867663022701213,-0.28902538856011256,False,0.0909508497932936,0.021688815185207908,0.049995549136670925,1.385364013479414,False,False,
2020-10-12,594.25,0.002974786880020169,0.018628949045717637,-0.11448212197200923,False,0.07996365288505225,0.023559929396443594,0.04992569503555761,1.1297533954897838,False,False,
2020-10-13,594.0,0.0028336339978146576,0.018604119166094394,-0.1749253661534265,False,0.08098271155596004,0.024959945519370978,0.05001664761399582,1.1200823867474197,False,False,
2020-10-14,596.75,0.00317727995086714,0.018296175309366818,0.07937996079535056,False,0.03243944636678209,0.02678340690585416,0.049523943200225455,0.11420818084013507,False,False,
2020-10-15,618.25,0.002915520300921835,0.018130131727253033,1.8264052263169084,False,0.08417360806663754,0.027724435416433876,0.04894077735451703,1.1534179819273678,False,False,
2020-10-16,625.25,0.003272316202051811,0.018516056149475078,0.43475588774282625,False,0.09071085913650245,0.029008040513236355,0.049144297203114584,1.2555438196266566,False,False,
2020-10-19,627.0,0.0031851847057007454,0.01846179260603085,-0.020924525918117082,False,0.07317073170731714,0.02994471386097284,0.049646093080022574,0.8706831729270215,False,False,
2020-10-20,632.0,0.003456421240326663,0.01830187349650221,0.2468632743652721,False,0.06621678616617466,0.03074107508208247,0.04985641493395778,0.7115576025890555,False,False,
2020-10-21,629.75,0.00357635310461943,0.01830161214734458,-0.3899372158825539,False,0.03662551440329209,0.0313953941357267,0.04999736488785344,0.10460791842323709,False,False,
2020-10-22,622.75,0.003453978383147853,0.018318453432704586,-0.7953455497334192,False,0.04619907601847961,0.03168442161299397,0.04996364728791952,0.2905043004935925,False,False,
2020-10-23,632.75,0.0026218371074945867,0.01751579595619405,0.7670773874793398,False,0.06568421052631579,0.03143621176237617,0.04984293158595988,0.6871184674375543,False,False,
2020-10-26,620.0,0.0026104983814786743,0.017506695684764397,-1.3001103735726347,False,0.04333193100546917,0.031065247989307126,0.04947691296666217,0.24792741261823278,False,False,
2020-10-27,615.75,0.0021011331172476177,0.01760681104959944,-0.5086651865403401,False,0.03661616161616155,0.030300771150872947,0.048825605684094914,0.12934587040557405,False,False,
2020-10-28,608.75,0.002283494794927887,0.01743925480108543,-0.7828169868577421,False,0.0201089233347298,0.029361419831774788,0.04799945330803763,-0.19276253914116212,False,False,
2020-10-29,603.75,0.0021319181269078575,0.017508637104891724,-0.5908781149741095,False,-0.02345329559239795,0.02855161227335422,0.047630054439384055,-1.0918506912885377,False,False,
2020-10-30,598.5,0.001361772048416062,0.016643800790755316,-0.6042744892690245,False,-0.04278288684526188,0.026585840440965788,0.046671107170977985,-1.4863312976934047,False,False,
2020-11-02,607.5,0.0016210758962651747,0.016326376877892717,0.8217694709022938,False,-0.031100478468899517,0.02503962918444918,0.04702610652477681,-1.193807265837965,False,False,
2020-11-03,608.0,0.0018340323883829068,0.01639661121642242,-0.06165829679980175,False,-0.03797468354430378,0.023407269063367254,0.046818447628905,-1.3110633888205798,False,False,
2020-11-04,606.0,0.0021629118886301296,0.016119662249601995,-0.33824440539846057,False,-0.03771337832473198,0.022015682884410862,0.047073861376241595,-1.2688370884162987,False,False,
2020-11-05,609.25,0.0019721812305673477,0.01609811753806283,0.21063674464082852,False,-0.02167804094741066,0.02055126682264416,0.047202364925509936,-0.8946438983872291,False,False,
2020-11-06,602.0,0.0018731530899512969,0.016053453260299742,-0.8579481164863945,False,-0.04859739233504545,0.019824223056066768,0.047429761161669186,-1.4425882339548401,False,False,
2020-11-09,597.5,0.0018392152239859068,0.016080178206355048,-0.5792409860721054,False,-0.03629032258064513,0.019093914198646207,0.04806025524808219,-1.1523916486378087,False,False,
2020-11-10,608.5,0.0014877375663615992,0.015990387554485244,1.058279808227413,False,-0.011774259033698775,0.018516716119378374,0.04846571298043746,-0.6249980303664097,False,False,
2020-11-11,598.0,0.0020235971294934323,0.015873108385255526,-1.2145789650777234,False,-0.017659137577002104,0.018283499224274465,0.048570109003776535,-0.7400155679799252,False,False,
2020-11-12,588.25,0.0019008972494712051,0.01598721172676707,-1.1387379729935923,False,-0.025672877846790843,0.01807980521268718,0.04868983480871487,-0.8985999486621146,False,False,
2020-11-13,593.5,0.0014479121851743197,0.016015668391217056,0.4668468722481787,False,-0.00835421888053467,0.018173269580086304,0.048597715806031644,-0.5458587511911115,False,False,
2020-11-16,598.0,0.0016482481747411063,0.016013945350407427,0.3705452681256351,False,-0.0156378600823045,0.018205115243338833,0.04857929046335835,-0.6966543768515906,False,False,
2020-11-17,595.25,0.001705276643100063,0.01602753512874176,-0.3933192970610436,False,-0.020970394736842146,0.018083878636101502,0.04865318285098131,-0.8027074712164683,False,False,
2020-11-18,597.75,0.0019012160489627423,0.015856256739377832,0.14497116125828813,False,-0.013613861386138626,0.01782981615710708,0.048808533065872746,-0.6442250067382446,False,False,
2020-11-19,591.75,0.0022835105143978085,0.015554573657885241,-0.792124036294651,False,-0.02872384078785395,0.018140955513581806,0.048528187111258815,-0.9657232031765484,False,False,
2020-11-20,593.25,0.002084090776953964,0.015616084729328456,0.028865331915138615,False,-0.014534883720930258,0.018350424976603746,0.04828774574870277,-0.6810280369821872,False,False,
2020-11-23,598.75,0.002365890138835738,0.015427339403349588,0.44758689128486473,False,0.0020920502092049986,0.018867989447985997,0.04771344032882405,-0.3515977704220697,False,False,
2020-11-24,611.25,0.002642453961754912,0.015361711942088603,1.1870013465507134,False,0.004519309778143077,0.0199833100803707,0.04629069654275282,-0.3340628129876053,False,False,
2020-11-25,588.25,0.003041901459660559,0.015442023742016845,-2.633703587046127,True,-0.016304347826086918,0.020972037463548716,0.045127993175228004,-0.8260146899263773,False,True,shock
2020-11-27,596.5,0.0024315754413653293,0.01612693780050747,0.7188639334886833,False,0.014024649383765464,0.021480529635800702,0.04447693265867703,-0.16763476720062587,False,False,
2020-11-30,580.25,0.0027195808674923033,0.016138678026043348,-1.8565230223128921,False,-0.02232518955349616,0.022706160969051467,0.042941429698496965,-1.0486691020472432,False,False,
2020-12-01,565.5,0.0022070718649491966,0.01647273562950402,-1.6771439813703852,False,-0.05434782608695654,0.023233169143591574,0.04212443352253542,-1.8417101131827545,False,False,
2020-12-02,578.0,0.001780903811955592,0.016769831822746283,1.2119041414379716,False,-0.02897942041159174,0.023292845187922347,0.04200962993218263,-1.2442924558940112,False,False,
2020-12-03,571.75,0.001635628244611061,0.016541366697090908,-0.7525845512951334,False,-0.043496445002091155,0.0230216160635605,0.04228334423682433,-1.5731504275795063,False,False,
2020-12-04,566.5,0.00172378593807396,0.01645580758531472,-0.6627520902957572,False,-0.04267004647232786,0.022461338820148457,0.042886431076025695,-1.5186944601899028,False,False,
2020-12-07,571.25,0.0014831282046007639,0.016481890540343755,0.41874388395774176,False,-0.0370838600927097,0.021859773116490656,0.043483236839949535,-1.355548424928818,False,False,
2020-12-08,563.75,0.0013996132921265062,0.016430067127538972,-0.8842761276619147,False,-0.05845511482254695,0.020879868614506397,0.04397623070408142,-1.8040423694086698,False,False,
2020-12-09,577.0,0.0010256493799599372,0.016437403299805992,1.3674712576198476,False,-0.05603271983640079,0.01924611121404701,0.04462109898325417,-1.687068063444586,False,False,
2020-12-10,590.25,0.0015034019604082808,0.016564261880793237,1.2955725432692957,False,0.003399915002124887,0.01769113319803417,0.04518929097928907,-0.31625232187110797,False,False,
2020-12-11,608.25,0.0016431567301835755,0.01670178781672425,1.7275034456382286,False,0.019698239731768652,0.016867778529375634,0.044874334598044394,0.06307527961687857,False,False,
2020-12-14,593.5,0.001929643979822034,0.017011255557985005,-1.5389540846520033,False,0.0228349849202929,0.01602439967321228,0.04420496232146972,0.15406834186515792,False,False,
2020-12-15,599.75,0.0013431541218025523,0.017146744492831382,0.5358215765927754,False,0.06056587091069843,0.01510088425658166,0.04330859585461124,1.0497912887027006,False,False,
2020-12-16,598.5,0.0015634412311295283,0.017157375078649086,-0.21259912807980427,False,0.035467128027681705,0.01486176253539097,0.04300224378763235,0.47916954273481277,False,False,
2020-12-17,608.75,0.001412023378084723,0.017138525513901888,0.9168889887443806,False,0.06471359860078696,0.014618297459593558,0.042830575704064906,1.1696154048295695,False,False,
2020-12-18,608.25,0.0013586387553990332,0.01708242014491308,-0.12761622609942552,False,0.07369814651368056,0.01421349355259584,0.042198702189449704,1.409632284282827,False,False,
2020-12-21,611.25,0.0015396201757622767,0.016984886623133445,0.19974006246054488,False,0.07002188183807445,0.014265145922778248,0.042270001758712414,1.3190615944037427,False,False,
2020-12-22,617.0,0.001714921632249348,0.01695065788009053,0.453789545361573,False,0.0944567627494457,0.014589210539137044,0.04260621726879461,1.8745515873056573,False,False,
2020-12-23,629.75,0.0019262504176057282,0.01694638060668719,1.1057378970710328,False,0.09142114384748701,0.015532528463199509,0.0435828471568468,1.741249604716692,False,False,
2020-12-24,627.0,0.0023623453241807695,0.01700279628654748,-0.39576769831554637,False,0.06226175349428198,0.01643142583963936,0.04444661168558508,1.0311320912119453,False,False,
2020-12-28,614.25,0.002285368231007777,0.017020242117393416,-1.3290231892504407,False,0.009864364981504226,0.01709088554009418,0.04475786615994956,-0.16145811180463343,False,False,
2020-12-29,618.5,0.0018644231205298448,0.017185488334115078,0.29411929997025876,False,0.04212299915754003,0.0170219091533814,0.04476505890649324,0.5607295202401192,False,False,
2020-12-30,640.75,0.0021109975337709236,0.017122622295696433,1.9776838409117343,False,0.06836181742392666,0.017798602905589465,0.0446873845086864,1.1314874449299812,False,False,
2020-12-31,640.5,0.0022221904743103785,0.01731659004761807,-0.15085869904345184,False,0.07017543859649122,0.018481381086293585,0.04506698786171342,1.1470493139860858,False,False,
2021-01-04,642.0,0.0024661526250725797,0.017146077527061786,-0.007245520158720878,False,0.054620123203285464,0.019564044873306673,0.04532320073553765,0.7734687259739697,False,False,
2021-01-05,654.0,0.002404484593282795,0.017137986296633493,0.9503511036744905,False,0.07521578298397036,0.02062219772309467,0.045201087008078684,1.207793636713168,False,False,
2021-01-06,647.5,0.0023031522715483634,0.01701688033999157,-0.719402731137954,False,0.059304703476482645,0.02141816778557986,0.04563354638463586,0.8302343055164921,False,False,
2021-01-07,642.25,0.0017211962303613133,0.016671184838724835,-0.5895984258801659,False,0.040923824959481436,0.02142963654247139,0.045643084805673896,0.4271005892788982,False,False,
2021-01-08,638.75,0.00208265333964451,0.01614505991810162,-0.4665355631076588,False,0.014291385470424744,0.021604745624376715,0.045692983867946006,-0.16005433514886627,False,False,
2021-01-11,634.75,0.0019318788583359862,0.01616211443448509,-0.5069949115455717,False,0.012360446570972794,0.02117645073585298,0.045607767005667335,-0.1933004999737147,False,False,
2021-01-12,665.0,0.0020634362095133104,0.016052902682694034,2.8401792742144063,True,0.0826210826210827,0.02096672485492663,0.04561171167179872,1.351722079841971,False,True,shock
2021-01-13,660.5,0.002680642042597343,0.01689360842096164,-0.5592386836732802,False,0.06790622473726748,0.02182759854913366,0.046162007901927024,0.9981937156206389,False,False,
2021-01-14,670.0,0.002723810445642245,0.016864867923368033,0.6913325830042278,False,0.04564962934061656,0.022470719796996677,0.04646656243617523,0.49882987525616046,False,False,
2021-01-15,675.5,0.0027685930819041035,0.016891644904241717,0.322074148066563,False,0.05464480874316946,0.023036841260219484,0.046487133375022346,0.6799293737465217,False,False,
2021-01-19,672.25,0.0028962193756963874,0.01689616664699787,-0.4561668017346677,False,0.0471183800623054,0.023486757799770767,0.046629257193200165,0.5067981710414373,False,False,
2021-01-20,667.75,0.0021405316017583894,0.015915381986508714,-0.5550900302776948,False,0.021024464831804313,0.023229394011179613,0.046441979189274785,-0.04747707177571154,False,False,
2021-01-21,660.75,0.002230056484841804,0.015845467785136392,-0.8023128025508373,False,0.020463320463320445,0.02317413968459243,0.04644210612023428,-0.0583698597616122,False,False,
2021-01-22,634.5,0.0020201389423652053,0.015908932199040004,-2.6241686565069027,True,-0.012066952121448038,0.023487563667581632,0.046341992486090215,-0.7672202657169206,False,True,shock
2021-01-25,648.5,0.0012345867039729797,0.016493566032530767,1.2629185868139128,False,0.015264187866927514,0.02261764288189743,0.04638948466287865,-0.15851555731668276,False,False,
2021-01-26,665.25,0.0013348007209196696,0.016598056804968085,1.475717027707358,False,0.04805041354864126,0.02199081891128203,0.0461634373699691,0.5645072404056265,False,False,
2021-01-27,658.25,0.0013473983288049792,0.016616520022544334,-0.7143347901806579,False,-0.010150375939849576,0.02121072606460818,0.045199350799524016,-0.6938396558737302,False,False,
2021-01-28,647.0,0.0014759616493178593,0.016484608566118483,-1.1263071584937538,False,-0.020439061317183982,0.01997185581030029,0.04476064125510978,-0.9028225689879062,False,False,
2021-01-29,663.0,0.001281684030882381,0.01661766282646852,1.411018930851286,False,-0.010447761194029903,0.01848665699549392,0.04421839211391612,-0.6543525625034605,False,False,
2021-02-01,651.0,0.0016001829055807167,0.016836598177455364,-1.1700540815466762,False,-0.03626943005181349,0.017281171474439493,0.04374967007846475,-1.2240229796067106,False,False,
2021-02-02,644.75,0.001364464916886905,0.016988344581808725,-0.6454471948934067,False,-0.04090740052063968,0.01571780958633584,0.04353702400034535,-1.3006219742196057,False,False,
2021-02-03,648.25,0.001174728329300856,0.017030797495799346,0.2497670655416251,False,-0.029202545862972662,0.01473985162783689,0.043977886504237416,-0.9991930259444268,False,False,
2021-02-04,637.5,0.0007667279693311165,0.016544118562099443,-1.048701160650674,False,-0.03518728717366626,0.013228169575442084,0.04350497519996407,-1.112871723902243,False,False,
2021-02-05,641.25,0.00039465611600447925,0.016617149999943983,0.3302429613495978,False,0.010638297872340496,0.011549527624639835,0.042899581603476455,-0.021240993926744854,False,False,
2021-02-08,655.75,0.0004357690825825526,0.01662699028364236,1.3337541135881366,False,0.011179645335389399,0.01071576184017348,0.042289095724589464,0.010969340612932246,False,False,
2021-02-09,649.5,0.0006309371373997304,0.016801666454441262,-0.6048214596669858,False,-0.02367531003382184,0.00998193329576301,0.04178753650583747,-0.8054373658730309,False,False,
2021-02-10,635.5,0.0005513245412645995,0.016835905050219868,-1.3130489163240815,False,-0.034561336878085824,0.009177922303268159,0.04184803822186553,-1.0451925834482796,False,False,
2021-02-11,633.5,0.0004121309371618113,0.01697623647087237,-0.2096612631866182,False,-0.02086553323029361,0.00810111679798062,0.04192153354579294,-0.6909730531835754,False,False,
2021-02-12,636.75,0.0001560651190995562,0.01688162928161036,0.2946495083536648,False,-0.039592760180995445,0.00694712021455916,0.041504165235363176,-1.1213303564024173,False,False,
2021-02-16,657.5,0.0004931366813981919,0.016722333039317635,1.9192430218222956,False,0.009984639016897168,0.005841457665406298,0.041626152032582804,0.09953313359946893,False,False,
2021-02-17,644.0,0.0010190326332031837,0.017103974184948665,-1.2600201445464758,False,-0.0011632415664986073,0.005486370697416107,0.04147339272202601,-0.16033441750192734,False,False,
2021-02-18,662.5,0.0008968450426680796,0.01722596064909863,1.615576837702941,False,0.021982259930582337,0.005202741832066394,0.04144476874764947,0.4048645608492529,False,False,
2021-02-19,650.75,0.0013893818484804858,0.017488066509831413,-1.0936160892533455,False,0.020784313725490167,0.005808549239039465,0.04135220408764874,0.36215154226624957,False,False,
2021-02-22,664.0,0.001268845890044609,0.017589377812626504,1.0854435043636728,False,0.035477582846003886,0.006656111913316159,0.04099268600052608,0.7030881297292363,False,False,
2021-02-23,665.75,0.001339826260679223,0.017656305199671436,0.07338545031605344,False,0.015249714067861131,0.007543819397514871,0.040884748665710006,0.18847846499810295,False,False,
2021-02-24,680.25,0.0013639928860283564,0.01765682870720685,1.1562639520511282,False,0.04734411085450341,0.008253478032343737,0.04054448897552014,0.9641417072924936,False,False,
2021-02-25,671.75,0.0016982518341873388,0.0178042217776881,-0.7972074327153618,False,0.057041699449252636,0.009387577888066875,0.04043078426251129,1.1786593416485414,False,False,
2021-02-26,655.0,0.00146013926879629,0.017873829627496056,-1.4767406550754545,False,0.033938437253354437,0.010437174426689053,0.040634693280353754,0.578354625800212,False,False,
2021-03-01,643.75,0.0012863393393803691,0.018067815650722217,-1.021812056053736,False,0.010993325480957994,0.011537652154534384,0.040128778257854235,-0.013564496533603079,False,False,
2021-03-02,663.25,0.0011569994798789611,0.018165837488923565,1.603794081820215,False,0.008745247148288948,0.01216810079535576,0.03973672916381485,-0.086138283625612,False,False,
2021-03-03,652.0,0.0013154157504778692,0.018368996292615798,-0.9950105792397058,False,0.012422360248447228,0.012441694211115595,0.03964017737884723,-0.0004877365326494156,False,False,
2021-03-04,649.75,0.0013193306376104955,0.0183650157331837,-0.2597466265378617,False,-0.019245283018867965,0.012842780848788253,0.03948337078065622,-0.8126981874449503,False,False,
2021-03-05,654.0,0.0014907096720196715,0.018257993383133966,0.2766058416696905,False,0.0049942374183633564,0.012928482113160559,0.03940553930604556,-0.20134846101649315,False,False,
2021-03-08,646.5,0.0014589256775981122,0.01824694862946304,-0.7084371117800085,False,-0.026355421686746983,0.013106461530479199,0.039338202015625164,-1.0031440481583753,False,False,
2021-03-09,656.5,0.0012049252808432594,0.01829309204704275,0.7796920707266197,False,-0.013894104393541107,0.012963560709086632,0.0394632978397123,-0.6805732559837057,False,False,
2021-03-10,650.75,0.0014724794982612927,0.01835370795222291,-0.5574376409062816,False,-0.04336640940830572,0.013057911246997313,0.039389460801169895,-1.432472532186254,False,False,
2021-03-11,636.25,0.001299699709378778,0.018388646811869986,-1.2824044247910422,False,-0.05284704131001117,0.012661210606701752,0.03980929364779281,-1.6455517270989048,False,False,
2021-03-12,631.75,0.0011364418270620542,0.018544356605305713,-0.4426755564426679,False,-0.035496183206106924,0.012339567933072988,0.04024327360851742,-1.1886645108576743,False,False,
2021-03-15,645.0,0.0010083412164228027,0.018567734860908906,1.0752601370379242,False,0.001941747572815622,0.012060083939937299,0.04050437477567958,-0.24980848175434928,False,False,
2021-03-16,647.0,0.001164374834079737,0.018686896566485804,0.10362343221781863,False,-0.024500565397662988,0.012058079904785442,0.040504878343974655,-0.9025738823848793,False,False,
2021-03-17,640.0,0.0009273608136992051,0.018545693517987384,-0.6333829565865027,False,-0.018404907975460127,0.011671148235774694,0.04071592678239393,-0.738680378613906,False,False,
2021-03-18,630.5,0.0012848094334628034,0.018044112680888597,-0.8938405406072085,False,-0.029626779530588676,0.011643140767116384,0.04073614791647337,-1.0131031628794689,False,False,
2021-03-19,627.0,0.0008998974416792635,0.018076554658174482,-0.356873720944869,False,-0.041284403669724745,0.011061121714924996,0.04101256005015353,-1.2763291372359424,False,False,
2021-03-22,627.25,0.0011891120624326712,0.017791486599887444,-0.044425066734055316,False,-0.02977571539056456,0.010808332193375281,0.04127869053273636,-0.9831718753712492,False,False,
2021-03-23,634.75,0.0015333627509088524,0.01751733707357928,0.5950443362164323,False,-0.03313023610053312,0.01113596033599384,0.04084984552166781,-1.083631917605344,False,False,
2021-03-24,624.75,0.0013980643844152022,0.0173950671866654,-0.9860438106233831,False,-0.03995389934690741,0.011080616126807956,0.040907699947149774,-1.247552796653168,False,False,
2021-03-25,612.5,0.0013321832489292455,0.017451206458106723,-1.199918552132926,False,-0.037328094302554016,0.011127850068877072,0.040845829544510256,-1.186313141678956,False,False,
2021-03-26,613.25,0.0011931764729204881,0.01757715858971583,0.001781478094884739,False,-0.029283735654926812,0.011199076097807391,0.040755307552528715,-0.9933138573560438,False,False,
2021-03-29,616.75,0.001097705416006991,0.017557003282616855,0.26255003185393627,False,-0.04379844961240309,0.01130307775697783,0.0406402213610292,-1.3558372844449855,False,False,
2021-03-30,601.75,0.0013488574164304136,0.0174853198732355,-1.468082671643389,False,-0.06993817619783615,0.011498499959779748,0.04033433760740999,-2.019040871583691,True,True,trend
2021-03-31,618.0,0.0007111992345642977,0.017538421861061405,1.4991868126953032,False,-0.034375000000000044,0.011313093874960609,0.040679438809466215,-1.1231249794018523,False,False,
2021-04-01,611.0,0.0007650787699172091,0.01761375227730132,-0.6865056020416479,False,-0.030927835051546393,0.010809428341598943,0.04101123717076381,-1.0177031046237028,False,False,
2021-04-05,618.0,0.00020744658893964523,0.017319364387032583,0.6495147072133932,False,-0.014354066985645897,0.010134414011154743,0.041278718317318226,-0.5932471257598775,False,False,
2021-04-06,615.5,0.0006835335985943555,0.017127680826931627,-0.2760934822258271,False,-0.018732562774013584,0.009638559985742225,0.04134739970534783,-0.6861646188620253,False,False,
2021-04-07,616.25,0.0004891861688243463,0.01709710453964096,0.04265841369210862,False,-0.029145332808192204,0.008581247536612732,0.041040263454157365,-0.9192577524982541,False,False,
2021-04-08,628.75,0.0005332224791969197,0.017094639966900953,1.1553769613325695,False,0.006402561024409836,0.00771974805880108,0.04114628144803618,-0.03201229826940072,False,False,
2021-04-09,638.75,0.0005753268385853631,0.01713988987571022,0.8943608061187587,False,0.04285714285714293,0.006942267557782719,0.040602110114491226,0.8845568665787618,False,False,
2021-04-12,628.0,0.0007983392092620549,0.017230047611465606,-1.0231013403816989,False,0.024052181002853557,0.00653105417569555,0.04006956252747848,0.43726773445910605,False,False,
2021-04-13,629.75,0.0005081801680937733,0.017342364276914903,0.13138024316331826,False,0.021078232671260633,0.005918124831225938,0.03943175712099916,0.38446442529849284,False,False,
2021-04-14,648.0,0.00041990911794159333,0.017313282305999152,1.6495915822238894,False,0.07685916078105515,0.004939744430183471,0.038092852969383424,1.8880028862284446,False,False,
2021-04-15,653.75,0.0005307790939145832,0.017470585396293793,0.4775270837792673,False,0.05784789644012944,0.004745584655964379,0.03768098412014129,1.4092602150425455,False,False,
2021-04-16,652.5,0.0007073160141438853,0.01748731458247642,-0.1497864003584633,False,0.06792144026186575,0.004686733228575679,0.037593284304048256,1.6820745567707847,False,False,
2021-04-19,652.25,0.0009529544453514023,0.017316300835671,-0.07715829266786711,False,0.05542071197411014,0.005460827565647165,0.038292570460406704,1.3046887113551153,False,False,
2021-04-20,659.75,0.0008555924629319497,0.017302826179876166,0.6151056432208293,False,0.07189277010560513,0.005638130403201433,0.0384948694342934,1.7211290926832012,False,False,
2021-04-21,673.25,0.0005292528299697915,0.016856578046123453,1.1825083026848089,False,0.09249492900608525,0.00568520977229048,0.038574693797821476,2.2504318424090095,True,True,trend
2021-04-22,710.25,0.000807285684589889,0.01701245797581681,3.18296222024588,True,0.12962226640159047,0.0059828029777517335,0.03916058652368339,3.1572423806539396,True,True,shock+trend
2021-04-23,710.25,0.0015088240355289322,0.018125058298699634,-0.08324519627267524,False,0.11193737769080236,0.006982831553729133,0.04131764518021029,2.5401870237111868,True,True,trend
2021-04-26,739.5,0.001259602851728309,0.018013764797825557,2.216254056301534,True,0.177547770700637,0.007472452816486894,0.04234202417954717,4.0167025828279375,True,True,shock+trend
2021-04-27,733.75,0.0019412231193904465,0.01854369753910933,-0.5239918900533193,False,0.1651448987693529,0.009049027046142284,0.046313165986351774,3.370442689433307,True,True,trend
2021-04-28,725.25,0.001945657574129161,0.01854130152466465,-0.7297214083387481,False,0.11921296296296302,0.010705308030273903,0.049574877145710114,2.1887629618075346,True,True,trend
2021-04-29,737.5,0.00186386109671278,0.01858784068716136,0.8084245228692877,False,0.12810707456978965,0.012104262396841082,0.05113333598009083,2.2686337581830216,True,True,trend
2021-04-30,742.5,0.0021725672067816697,0.018643238272190398,0.2471187538829909,False,0.13793103448275867,0.01364755077015864,0.052858773078628934,2.3512366344130764,True,True,trend
2021-05-03,725.5,0.0016275419176759003,0.017877343974842547,-1.3717454252605072,False,0.11230356458413193,0.014385016794980986,0.054202814699451575,1.8065214570884949,False,False,
2021-05-04,737.0,0.0014124925096440366,0.01807559495504792,0.798792220840235,False,0.11708980674497926,0.014976981326272511,0.05503133991994433,1.855539508346575,False,False,
2021-05-05,755.75,0.001432067096279582,0.018090619630736778,1.3271469041581312,False,0.12253991830672106,0.01592951702499735,0.05617580368925903,1.8977993064673844,False,False,
2021-05-06,764.25,0.0016618273857413627,0.01828622309752372,0.5241803125474375,False,0.07602956705385422,0.01683478515251137,0.057343062996162,1.0322919427116195,False,False,
2021-05-07,773.5,0.001875938805068751,0.018303411002235735,0.5587718327477462,False,0.08905315029919048,0.01722026764573202,0.057645769398589564,1.2461084898836654,False,False,
2021-05-10,742.5,0.002126569572846579,0.018313171149085164,-2.3045784216508594,True,0.0040567951318457585,0.01812731678529717,0.058238600060737215,-0.24160130289493945,False,True,shock
2021-05-11,759.75,0.0017319748487431897,0.018898039613107785,1.1377025778201522,False,0.035434412265758164,0.01790856311421084,0.058260515744848355,0.3008186406777052,False,False,
2021-05-12,754.75,0.0025714402557454868,0.01842390270658905,-0.49677598766494224,False,0.040675629093416044,0.01854191463937359,0.058188397217233574,0.38038020486130775,False,False,
2021-05-13,726.5,0.0021894971888486627,0.018310910326606526,-2.1636886936055553,True,-0.014915254237288122,0.01888073385572677,0.058243010968109354,-0.5802582581370956,False,True,shock
2021-05-14,727.25,0.0013460512124577276,0.01866088508289535,-0.016810796621724224,False,-0.020538720538720523,0.018041191618581046,0.058270665332186014,-0.6620812022201472,False,False,
2021-05-17,699.75,0.0015001139709054576,0.018609202115226153,-2.112599745278229,True,-0.0354927636113026,0.017902680357262765,0.0583508746858717,-0.9150752967460457,False,True,shock
2021-05-18,698.0,0.0012238084949870102,0.01903787317791074,-0.19564694208820763,False,-0.052917232021709615,0.017701964326674514,0.05851021872305569,-1.2069549198344895,False,False,
2021-05-19,679.25,0.0008607363077647771,0.018842187356070947,-1.4713366323795463,False,-0.10122394971882231,0.017135704715638786,0.058989875051002685,-2.0064401616739698,True,True,trend
2021-05-20,675.25,0.000743897418803859,0.018987952594559262,-0.3493133543431923,False,-0.11645403990840697,0.016269644453412002,0.06024793832756291,-2.2029581102047278,True,True,trend
2021-05-21,674.25,0.0007933876380733655,0.018965450139752118,-0.11991914819298784,False,-0.12831286360698124,0.015262355928241772,0.061827627214597496,-2.3221855019098148,True,True,trend
2021-05-24,662.25,0.0007012623896541307,0.01895941120835354,-0.9757062085339714,False,-0.10808080808080811,0.013940885024988324,0.06381796862203971,-1.9120272196137549,False,False,
2021-05-25,656.5,0.0006850697967501299,0.018974884985744418,-0.49368370401676287,False,-0.13589996709443897,0.0129689714128931,0.06511809655155766,-2.286137746508978,True,True,trend
2021-05-26,648.5,0.0004908714681170542,0.018995495483323892,-0.6673532389433123,False,-0.14077509108976483,0.011015127880002707,0.06734916449056104,-2.2537802824716686,True,True,trend
2021-05-27,676.25,2.68992049438177e-05,0.01887245249304553,2.265956536096536,True,-0.0691672401927047,0.008989064727667317,0.06959241478522533,-1.1230578096991803,False,True,shock
2021-05-28,663.5,0.0007245275726257505,0.0194718983929036,-1.005474725656811,False,-0.08765898934341698,0.008382505658882213,0.0700775211245074,-1.3705036003151618,False,False,
2021-06-01,693.5,0.0007605418155359564,0.01943259257714177,2.28761181331031,True,-0.008931761343336952,0.007674536959344464,0.07078190401175805,-0.2346122011626423,False,True,shock
2021-06-02,687.5,0.0014053671275856593,0.020092361723318804,-0.5005451160189238,False,-0.015042979942693435,0.007833653917837219,0.07073027390944725,-0.32343482636329907,False,False,
2021-06-03,676.25,0.0012216071903930993,0.020120837905371166,-0.8739816719727739,False,-0.004416635995583396,0.008160984321014579,0.07056443687726935,-0.17824304810189104,False,False,
2021-06-04,687.75,0.0005689272698686547,0.019882167036677438,0.8267015354169694,False,0.018511662347278746,0.007968967320848171,0.07057899993551466,0.14937438949351836,False,False,
2021-06-07,680.0,0.0010694321322438757,0.019816166552829712,-0.622626060827202,False,0.00852799406748228,0.00823129937303187,0.07058116249930498,0.004203596029653551,False,False,
2021-06-08,685.0,0.0005361609633935504,0.019598789365842417,0.34781639242256357,False,0.034352585881464615,0.008051909161523868,0.07056283595468646,0.37272703632306287,False,False,
2021-06-09,682.25,0.000870678166501208,0.019496547792565693,-0.25057137082032527,False,0.039223153084539275,0.008232819456936862,0.07061329590743896,0.43887391502338363,False,False,
2021-06-10,683.75,0.000545668562198481,0.019370011652241607,0.08533495054262044,False,0.05435620663068619,0.008282760393450666,0.07063414647287276,0.6522829047694397,False,False,
2021-06-11,680.75,0.0005398427672635172,0.019369440298845603,-0.254391001856461,False,0.006654343807763308,0.008804180294288335,0.07083034059863619,-0.030351915130652662,False,False,
2021-06-14,674.5,0.00019094255415055865,0.01921674859959278,-0.48769919727756744,False,0.016578749058025588,0.008261650066998466,0.07068683974484201,0.11766120852268003,False,False,
2021-06-15,661.5,0.00023513396466446086,0.019190974061160097,-1.0165544414290448,False,-0.046142754145638065,0.007722144061782106,0.07046356352692167,-0.764436192427882,False,False,
2021-06-16,662.75,0.00031061844001728587,0.01910155986252946,0.08266478330221357,False,-0.03600000000000003,0.006654394843128872,0.07066738292342199,-0.6035938091743247,False,False,
2021-06-17,639.0,0.0005648213368955727,0.01899225646465168,-1.9165892776084137,False,-0.055083179297597096,0.006027817170049432,0.07083652409521389,-0.8627046181078148,False,False,
2021-06-18,662.75,-0.00031686927506132447,0.019128036169291745,1.9596532588389297,False,-0.03635041802980732,0.005176771484104285,0.07118599746083999,-0.5833617705048812,False,False,
2021-06-21,661.5,0.0004048557786716082,0.019508903152717815,-0.11743030784421397,False,-0.02720588235294119,0.004526467773727558,0.07134151904616991,-0.4447949882610799,False,False,
2021-06-22,651.0,0.0004257203056201912,0.019505560224643847,-0.835594363398179,False,-0.04963503649635037,0.0044203264492732475,0.07138327403706671,-0.7572553048989411,False,False,
2021-06-23,661.25,0.00012686706332716438,0.01958215646494705,0.7975700043619554,False,-0.030780505679736114,0.003691936130410398,0.07165553632462063,-0.48108553195354264,False,False,
2021-06-24,651.25,0.0004897056978438089,0.019616497838455125,-0.7958902334326727,False,-0.04753199268738573,0.0036329350105038763,0.07168242839543737,-0.7137722429775591,False,False,
2021-06-25,637.0,8.182866524473642e-05,0.019618884308766776,-1.1194737886315345,False,-0.06426735218508994,0.003184429833252615,0.07189848191818853,-0.9381530766545841,False,False,
2021-06-28,646.0,-9.313706697000306e-05,0.019756819951307323,0.7198458819012324,False,-0.04225352112676062,0.002905750596228825,0.07212151191274503,-0.6261553664823972,False,False,
2021-06-29,639.75,0.00039233907626367247,0.01965128536882094,-0.5122953276560603,False,-0.03287981859410427,0.003046997532005499,0.07202115054188445,-0.4988370201780692,False,False,
2021-06-30,671.5,0.00035764266228292206,0.019666934803963892,2.5052769566635167,True,0.0132025650697849,0.003081882393498868,0.07200286042947082,0.14055945299839268,False,True,shock
2021-07-01,658.5,0.000739712994115053,0.020339688869011364,-0.9881840235988677,False,0.030516431924882736,0.0032320266267917915,0.07201219105738642,0.37888592052903985,False,False,
2021-07-02,645.75,0.0004402407569815588,0.020469390797520404,-0.9674165558232096,False,-0.025650697849867954,0.003965586591092401,0.07200609046603539,-0.4113024919042103,False,False,
2021-07-06,620.0,0.00032633380485510346,0.020556477841586616,-1.955706963104772,False,-0.06273620559334847,0.00386897605943363,0.0720413627443193,-0.924540834814152,False,False,
2021-07-07,614.75,-7.431035769493259e-06,0.021004452610383337,-0.40278654515053003,False,-0.05568356374807992,0.0034275170452634997,0.07235017661255273,-0.8170136350861052,False,False,
2021-07-08,612.25,-4.631892982865408e-05,0.021017550838987577,-0.19128655279244466,False,-0.07410207939508506,0.003235528244218764,0.07248939863545889,-1.066881628142979,False,False,
2021-07-09,608.5,-0.00010585783464056291,0.02102259732920774,-0.28631529348447904,False,-0.06564299424184261,0.002644510057491824,0.07294147240388273,-0.9361958574296539,False,False,
2021-07-12,635.0,-0.00034694988691916337,0.02098604069135774,2.0917076708307305,True,-0.0031397174254317317,0.0022110066156076974,0.07325291044169394,-0.07304452490387216,False,True,shock
2021-07-13,628.75,0.00044376939785328715,0.021508410885576167,-0.4782449590355727,False,-0.026702786377708954,0.0027018623745607064,0.07308971331336041,-0.40230899013383664,False,False,
2021-07-14,645.0,0.000573973710549495,0.021414739103198216,1.180073060202326,False,0.008206330597889888,0.0028435331468919735,0.07302133979705859,0.07344150991891191,False,False,
2021-07-15,672.0,0.000902246252170517,0.02161263820413935,1.895105006489399,False,0.0007446016381236209,0.0033434006969295296,0.07292669838790941,-0.03563577011237309,False,False,
2021-07-16,692.5,0.0013842884912260015,0.022118511708460045,1.3166195028659033,False,0.051632498101746416,0.003937308046936552,0.07271867229769743,0.6558864256975726,False,False,
2021-07-19,697.75,0.0021153150256068114,0.022163441100057513,0.2466184012915854,False,0.08052651955090973,0.005558250370930987,0.0724039510256649,1.0354168262641479,False,False,
2021-07-20,700.5,0.00185633712470906,0.021981414739378095,0.09484842531943972,False,0.1298387096774194,0.007090270631609784,0.07276230485964524,1.6869784331679027,False,False,
2021-07-21,710.75,0.002059911798581814,0.021928308824081835,0.5733453376170833,False,0.15616104107360718,0.009233824561329328,0.07398496138257794,1.9859065108179732,False,False,
2021-07-22,692.25,0.002102255491205701,0.021949754877946395,-1.2816133218503463,False,0.13066557778685173,0.011507359335452702,0.07584682823051483,1.5710375928872273,False,False,
2021-07-23,684.0,0.0018091416868276436,0.022178547945155957,-0.6189224617299369,False,0.12407559572719795,0.013499334542930907,0.07699504115638618,1.4361478287890432,False,False,
2021-07-26,677.0,0.0016339926023983464,0.022235072927758427,-0.5337473265598014,False,0.06614173228346454,0.015542280256736107,0.07787594176972802,0.649744335373129,False,False,
2021-07-27,674.5,0.0012270873518932242,0.022168304067051905,-0.22193170587734323,False,0.0727634194831015,0.01633880254019017,0.07808642104150683,0.722591920468718,False,False,
2021-07-28,688.75,0.0009657895552168567,0.0221083785610801,0.9119154058477654,False,0.06782945736434098,0.016737552895202953,0.07829973482617558,0.6525169540172953,False,False,
2021-07-29,705.25,0.0014718763040201788,0.022129936978038965,1.0160248784038015,False,0.04947916666666674,0.01732124991335612,0.07851786793696308,0.40956176725440546,False,False,
2021-07-30,703.75,0.0017541405523854362,0.022281423566528926,-0.17418303159620782,False,0.016245487364620947,0.017699929033294863,0.07860467072007893,-0.018503247394208475,False,False,
2021-08-02,729.5,0.0013393850960748315,0.022056163787422877,1.5982068908196572,False,0.04550340379792184,0.01689174672107574,0.07829920859837353,0.3654143839895776,False,False,
2021-08-03,724.5,0.0017089349794889334,0.022413401670371567,-0.38204573768121025,False,0.03426124197002145,0.01672715348584631,0.07822489044230893,0.22414973527008744,False,False,
2021-08-04,717.25,0.0016430421300687719,0.022431447937276715,-0.5193576212241733,False,0.009145269081955787,0.01627835084195505,0.07802350307223871,-0.09142221867935155,False,False,
2021-08-05,712.75,0.0015147253360848116,0.022470686687895623,-0.3466155039048762,False,0.029613578909353455,0.015661344936726326,0.07789264654447386,0.179121323919337,False,False,
2021-08-06,719.0,0.0012777570488425234,0.022457684970885572,0.33356492420710826,False,0.051169590643274754,0.015097622387442972,0.07763274790204246,0.4646488657254236,False,False,
2021-08-09,711.25,0.0011218444716379612,0.02236308803302202,-0.5321583486675009,False,0.050590841949778476,0.01454661787593883,0.07722155698177162,0.4667637572025126,False,False,
2021-08-10,727.0,0.0002453623886745415,0.0214959847124254,1.0187367725796235,False,0.07783543365455903,0.013492865549914673,0.0761619893045477,0.8448120734787897,False,False,
2021-08-11,727.0,0.0005406172217149644,0.021644137039151128,-0.02497753644495346,False,0.055535390199636936,0.01303817296276476,0.07566651011275313,0.5616383942320808,False,False,
2021-08-12,753.5,-8.48520700731529e-06,0.02111505891434436,1.726713363356255,False,0.0684154555122296,0.011411341222751425,0.07335817791948435,0.7770655693226749,False,False,
2021-08-13,762.25,0.0005812040355413547,0.021509106261520753,0.5128651533196502,False,0.08312611012433391,0.010121615312656448,0.07144417170903761,1.0218397535490285,False,False,
2021-08-16,760.5,0.0008904947315814527,0.021498584648447533,-0.14821112568976133,False,0.04249485949280318,0.00964045727480806,0.07081831782420778,0.4639251994032048,False,False,
2021-08-17,734.5,0.0006346739044440778,0.021419627721958007,-1.6257382501928492,False,0.013802622498274575,0.008498961073781574,0.06956182090393385,0.07624385554566569,False,False,
2021-08-18,737.25,8.843796837763484e-05,0.02178014082246698,0.16784122878139793,False,0.02788428023701628,0.006843915580655119,0.06789744867053098,0.3098844664761778,False,False,
2021-08-19,727.5,0.0004436335212133047,0.021616857048870657,-0.6323054023932559,False,0.02069449316029459,0.005718325122693577,0.0668166753237456,0.22413818055204426,False,False,
2021-08-20,714.25,5.595406627536252e-05,0.02159752018965006,-0.8458847277417642,False,-0.006606397774687078,0.004433054274897781,0.06556072325565372,-0.16838514740809934,False,False,
2021-08-23,719.75,-0.0005260997384280808,0.021492129744677377,0.3827673132168939,False,0.011950790861160021,0.00271110339381234,0.06409638842324776,0.1441530122779343,False,False,
2021-08-24,718.0,-0.0005733893451622482,0.021469765163648284,-0.08654079037520188,False,-0.012379642365887178,0.0018567197112430837,0.06353044657497144,-0.2240872344621428,False,False,
2021-08-25,711.25,-0.0007671862666011498,0.021419331883438586,-0.4030904412197236,False,-0.021664374140302645,0.000504282475708715,0.06272365178727736,-0.3534337683525622,False,False,
2021-08-26,725.25,-0.0003581668628250689,0.02094619452431431,0.9568240367284174,False,-0.037491705374917084,0.00016133355208006962,0.06277426186118285,-0.5998165141353947,False,False,
2021-08-27,718.5,-0.00040548243210900556,0.020896133849265912,-0.42599521531736023,False,-0.05739586749754022,-0.0008110146831289337,0.06278530988246163,-0.901243506169548,False,False,
2021-08-30,708.75,-0.0004418294089431966,0.020909387607722964,-0.6278571236456356,False,-0.06804733727810652,-0.0021186346376750173,0.06293068944213175,-1.0476399229831512,False,False,
2021-08-31,706.75,-0.0001237004078107266,0.02051685033879716,-0.13150990703593501,False,-0.03778080326752897,-0.002827062411552596,0.06337418947361151,-0.5515453711724523,False,False,
2021-09-01,701.0,-0.00017508995923851245,0.02051874243540419,-0.3879742193937957,False,-0.049169209901661626,-0.0030569568479367087,0.06347050829020702,-0.7265146332669226,False,False,
2021-09-02,704.0,0.0002206146892814287,0.020064206642011237,0.2022998443822388,False,-0.03230240549828178,-0.0032393094651414957,0.06358450066741374,-0.4570783088343848,False,False,
2021-09-03,714.5,0.00031102127257139826,0.020067053974139794,0.7277476541160957,False,0.0003500175008750439,-0.002964445111495791,0.06341117078454392,0.05226938047923119,False,False,
2021-09-07,708.75,0.0008680510980467826,0.019881545348407352,-0.4484378183934155,False,-0.015283084404307035,-0.001610125548566493,0.062360195935406544,-0.21925779177960186,False,False,
2021-09-08,698.25,0.0008392679283111611,0.01989301905324645,-0.7869133740447166,False,-0.027506963788300864,-0.0002611794751784939,0.06091998626031127,-0.4472388453388853,False,False,
2021-09-09,681.5,0.0006614828372840605,0.01997345526643894,-1.2341392760539727,False,-0.04182776801405974,0.0010828991890705778,0.059142717631653116,-0.7255443936543859,False,False,
2021-09-10,675.0,0.0005789363046300563,0.020063364640355626,-0.5042384856835482,False,-0.06928645294725955,0.0019662730566272226,0.05797340976993705,-1.2290587406648608,False,False,
2021-09-13,674.5,0.0005675328033895832,0.020068942029475446,-0.06518896423183733,False,-0.06123869171885876,0.0028544532452562817,0.0563193701703109,-1.1380302153645556,False,False,
2021-09-14,685.0,0.0007201340464198699,0.020014095306608394,0.7418248218089455,False,-0.0335097001763669,0.0039149385702016955,0.0542905877330165,-0.6893393552969223,False,False,
2021-09-15,712.25,0.0003571477857156058,0.0194805254066848,2.0237582554403937,True,0.0077821011673151474,0.0043903724370862,0.05379581915632164,0.06304818447643956,False,True,shock
2021-09-16,713.0,0.0011389477326463604,0.019871770754893554,-0.004325063966642487,False,0.017118402282453538,0.005662920310562629,0.05270676622118254,0.2173436693842738,False,False,
2021-09-17,708.75,0.0005501241445763509,0.01919071565014572,-0.33927100875416477,False,0.006747159090909172,0.006010255825573168,0.052695121625868487,0.013984278669436672,False,False,
2021-09-20,700.75,0.0005860046391036071,0.019175788449752835,-0.6191913633361601,False,-0.01924422673198045,0.00630079101268787,0.05263751435361531,-0.4853006084796976,False,False,
2021-09-21,690.25,0.0006536867512301633,0.019124043707306474,-0.8176948747320842,False,-0.02610229276895948,0.006103089802869242,0.05270611266917318,-0.6110369545554637,False,False,
2021-09-22,705.75,0.0002271602037782531,0.01911114625856857,1.1631155720782838,False,0.01074113856068748,0.005508237067986066,0.0528158215443914,0.09907829395975958,False,False,
2021-09-23,717.75,0.0006768170251999228,0.01923336236761591,0.8488568332730987,False,0.05319148936170204,0.005537745661228802,0.0528181497034594,0.9022228905786922,False,False,
2021-09-24,723.75,0.00080548698415056,0.019310752827004344,0.3911794490272057,False,0.07222222222222219,0.005788931040965301,0.05300151268032672,1.2534225500683838,False,False,
2021-09-27,722.25,0.0009704743864900886,0.019321872006904224,-0.15749060160973793,False,0.07079318013343228,0.00622891862946774,0.053418146707416035,1.208657834155094,False,False,
2021-09-28,706.5,0.000913525767708007,0.019324497470356604,-1.175729375892705,False,0.031386861313868586,0.006448078276171021,0.053651476279828,0.4648293908563725,False,False,
2021-09-29,710.25,0.0006812686340173964,0.01949301582037708,0.23734587992655612,False,-0.002808002808002863,0.006777845176252424,0.053728714390818215,-0.17841201102502888,False,False,
2021-09-30,725.5,0.0008744540465304995,0.01946573156412545,1.0581086461407556,False,0.017531556802244053,0.006519355151372045,0.05372755986498543,0.20496374074209026,False,False,
2021-10-01,755.25,0.0014177186981377539,0.019464396482756746,2.0338921864757897,True,0.06560846560846567,0.007368345964010473,0.05338615861129014,1.0909217137817917,False,True,shock
2021-10-04,756.5,0.001939272803099034,0.019994075472508182,-0.014213795707426145,False,0.07955761683910101,0.008723125505456683,0.05355970449175559,1.322533273956876,False,False,
2021-10-05,744.75,0.0024391476678966187,0.019499435242678744,-0.9216268554998702,False,0.07895689967403108,0.010518336120612658,0.05364851525507635,1.2756842053880064,False,False,
2021-10-06,746.0,0.0017364876057883935,0.019177953811620706,-0.0030280618392466417,False,0.05703152674459799,0.012055767023330503,0.053938648308979466,0.8338317909568403,False,False,
2021-10-07,741.25,0.0017840142231210813,0.01917327126012184,-0.42513905622750425,False,0.03274120515499823,0.013178932477964358,0.05398707116579143,0.3623510639604651,False,False,
2021-10-08,734.0,0.0019107572050919464,0.01908619452304413,-0.6125649043171335,False,0.014162348877374775,0.014277282366649009,0.053527877935504675,-0.0021471706652132893,False,False,
2021-10-11,731.75,0.0015704134264627964,0.01906374324993572,-0.24317409550961502,False,0.013153340256143897,0.014876520427410486,0.05326757703580707,-0.03234951291492474,False,False,
2021-10-12,734.0,0.0017311798031370352,0.018971683435560927,0.07082349001287645,False,0.03892427459306447,0.01568565819999088,0.05276531627612384,0.440414613862345,False,False,
2021-10-13,718.75,0.00206392405268473,0.018769728243636687,-1.2168791425055017,False,0.011967617036254818,0.01706154655703294,0.05199204536242077,-0.09797517072601945,False,False,
2021-10-14,724.75,0.0015985201170589185,0.01889883563250661,0.3571281374757584,False,-0.001033769813921448,0.017784495065873145,0.05153105303158796,-0.36518300660883457,False,False,
2021-10-15,734.0,0.001838823432893261,0.018868110815667038,0.5789767934618856,False,-0.028136378682555474,0.018209109049608915,0.05123831306444838,-0.9045084617417105,False,False,
2021-10-18,736.25,0.0013472802395169184,0.018069592823491926,0.09508320816267896,False,-0.026768010575016543,0.017657923132911046,0.05151450110825447,-0.8623966602058185,False,False,
2021-10-19,736.0,0.0016462807420046725,0.017907126711929754,-0.11089659149704575,False,-0.011748909029875798,0.016894130566245717,0.05174542830231936,-0.553537588456634,False,False,
2021-10-20,749.25,0.0018999157848620177,0.01773947609162936,0.9077382851256113,False,0.00435656836461118,0.01707948775051228,0.05161570528984103,-0.24649318098933773,False,False,
2021-10-21,741.25,0.002671633524037341,0.01714657967739593,-0.7785213019662701,False,0.0,0.017974058069951743,0.050788472965917306,-0.3539003443165858,False,False,
2021-10-22,756.0,0.002642172163034761,0.017167863134424664,1.0051715384376538,False,0.02997275204359684,0.01871650558659281,0.05009949349254537,0.2246778494612709,False,False,
2021-10-25,759.5,0.0029617123408948944,0.017264067461528948,0.09661206969049517,False,0.03792278783737624,0.020104170005775236,0.04892133464750434,0.36423000230861435,False,False,
2021-10-26,752.25,0.0031051067220734044,0.017232208318650966,-0.7341404115783647,False,0.024863760217983755,0.02148504710016482,0.04791968113162293,0.07050783807468346,False,False,
2021-10-27,759.75,0.00239716717283414,0.016628255025337838,0.455424970716041,False,0.05704347826086953,0.021858426802077027,0.0478342398127386,0.7355620492043958,False,False,
2021-10-28,772.5,0.0026613352983787648,0.016588510101095348,0.8512217640929,False,0.0658847878578821,0.02297504366392474,0.04766248975810729,0.9002833131825327,False,False,
2021-10-29,772.75,0.002540494041216245,0.0164497743560785,-0.13476594862396238,False,0.05279291553133514,0.023744089760724636,0.047885777762835445,0.6066274189902694,False,False,
2021-11-01,797.25,0.0019866695009387804,0.015794236852736926,1.881590141427277,False,0.08285229202037359,0.024438067279300788,0.04792509190864471,1.2188651584106,False,False,
2021-11-02,791.5,0.0020026561339182955,0.01582407225302863,-0.5823373554667564,False,0.0754076086956521,0.02485433119821582,0.048298614643557856,1.0466817292901207,False,False,
2021-11-03,781.0,0.0018054092046989822,0.01584578137958972,-0.9511275947919178,False,0.04237570904237575,0.02478607905347905,0.04822243632140724,0.36476029273303623,False,False,
2021-11-04,773.75,0.001575979999025631,0.0159387368363507,-0.681293044806179,False,0.04384485666104543,0.02361990571167847,0.04668051156757001,0.4332632670507767,False,False,
2021-11-05,766.5,0.0012571083193553267,0.01591320511886708,-0.6678139177310698,False,0.01388888888888884,0.022122356586177644,0.04410137108392489,-0.1866941434002249,False,False,
2021-11-08,768.0,0.0014792268691818148,0.015641135221343784,0.030542558867009236,False,0.011191573403555033,0.02056533406753814,0.04223953958420069,-0.22191910130311354,False,False,
2021-11-09,778.5,0.0016642216287472852,0.015562395393962062,0.7715813065584668,False,0.03489531405782653,0.019060213769889568,0.04047568726424575,0.39122498858530613,False,False,
2021-11-10,803.0,0.0019829655371293507,0.015560223593767792,1.8950763413321448,False,0.056926620598881206,0.018643594860214396,0.04014397675712307,0.9536430825048726,False,False,
2021-11-11,812.5,0.0024518127280844467,0.015912663720460553,0.5893936147323111,False,0.05177993527508096,0.018432437541758124,0.0398963466046309,0.8358534194570107,False,False,
2021-11-12,817.0,0.0023278643888167954,0.01580104706067869,0.2031888859842934,False,0.05726302167583297,0.018218443913901324,0.039670215271973716,0.9842290366776993,False,False,
2021-11-15,826.25,0.002082291304913402,0.015602233942600444,0.5921984091382732,False,0.03637503919724061,0.018322228647356872,0.039763177472396355,0.45400824826979735,False,False,
2021-11-16,810.25,0.002261608835279219,0.015630462156288355,-1.3835936334654748,False,0.023689197725837108,0.0185906226717918,0.03981686953752676,0.1280506256083237,False,False,
2021-11-17,822.25,0.00151555154009968,0.015301726515859556,0.8688360884014869,False,0.052816901408450745,0.01829976659083067,0.03969711376737181,0.8695124542276091,False,False,
2021-11-18,820.0,0.001804408251400238,0.01534601416933588,-0.29589457184364326,False,0.05977382875605808,0.01854717538334306,0.039855444087835694,1.0344045667100679,False,False,
2021-11-19,823.0,0.0019013483483403348,0.015293267470200048,0.11489946412364267,False,0.07371167645140253,0.019222222845664428,0.04012191551838059,1.3580970126108631,False,False,
2021-11-22,845.75,0.0020337816768562626,0.01526449457990414,1.677683367861234,False,0.10123697916666674,0.019810197479558415,0.04059657013048472,2.0057552011263,True,True,trend
2021-11-23,856.0,0.002285433907767547,0.01553029483418271,0.6332131379220214,False,0.09955041746949256,0.020477762659870308,0.04152034953077454,1.9044313379639122,False,False,
2021-11-24,836.75,0.0025907443098968203,0.01549503177304972,-1.6185227906744784,False,0.042029887920298936,0.021130557000133162,0.04237624974194566,0.4931850045115909,False,False,
2021-11-26,825.5,0.001995645240096273,0.015590697652533151,-0.990367563567835,False,0.016000000000000014,0.02065314972367636,0.041928105985067736,-0.11097924922565112,False,False,
2021-11-29,807.5,0.0018163802266513965,0.015690927850659904,-1.5054142838668692,False,-0.011627906976744207,0.020126011187681203,0.041731692824624717,-0.7609065440472211,False,False,
2021-11-30,773.75,0.0010396317483140338,0.015392317802637426,-2.7829010505259513,True,-0.0635400907715582,0.019058766354494883,0.04150293782913444,-1.9901930187715513,False,True,shock
2021-12-01,778.5,0.0003275232049700364,0.016115034274167904,0.3606204281229059,False,-0.03918543659364393,0.017103217009216323,0.0418968615306711,-1.3435052542456785,False,False,
2021-12-02,806.5,0.0004399867844905344,0.01612590759079981,2.20307697139286,True,-0.019154758285193085,0.016014146394730363,0.042287689068380034,-0.8316582309110019,False,True,shock
2021-12-03,794.5,0.001375381939538869,0.016124825812046894,-1.0080412267746723,False,-0.031097560975609784,0.015574714650950791,0.04248177325506119,-1.098642360014954,False,False,
2021-12-06,797.0,0.00112707326193064,0.016230899012487945,0.12442686255984688,False,-0.03159173754556499,0.014788290101449112,0.04279559675151102,-1.0837570022989929,False,False,
2021-12-07,799.25,0.0013453593296123812,0.016145136573507718,0.09152770175183386,False,-0.05498078628436298,0.014091140358704317,0.04312271018522628,-1.6017529127084214,False,False,
2021-12-08,791.25,0.0016258412628643686,0.015982673854821463,-0.7279898949238942,False,-0.07564252336448596,0.013446148511908639,0.04379303038686898,-2.0343116493511078,True,True,trend
2021-12-09,773.5,0.0013897110119768892,0.01602248861750966,-1.4868208666178895,False,-0.0755900806692561,0.012278237655566692,0.04498522849960985,-1.9532704680067339,False,False,
2021-12-10,782.0,0.001123024883869026,0.016251765115067793,0.6070716648491734,False,-0.05269533615990307,0.011435431811521773,0.04603335954666234,-1.3931368164953901,False,False,
2021-12-13,785.5,0.0013948932198042134,0.01624387913044342,0.18965975308385996,False,-0.02724458204334368,0.011021685651260434,0.046472240108280057,-0.8234220602545504,False,False,
2021-12-14,785.5,0.0011921205236546154,0.0161068375138,-0.07401332028296874,False,0.015185783521809437,0.01115831396234808,0.04634256573775503,0.08690648640932284,False,False,
2021-12-15,756.0,0.0013162156632616476,0.016060640024664237,-2.4203215196804897,True,-0.028901734104046284,0.01212606930927274,0.045644213832443825,-0.8988609939461053,False,True,shock
2021-12-16,770.5,0.0009964055347449123,0.01659111812447145,1.0959772878917136,False,-0.04463732176069435,0.012648010684926879,0.044933321288835426,-1.274896464416373,False,False,
2021-12-17,775.0,0.0012897623836573165,0.016716729972883686,0.2722183719013016,False,-0.024543738200125897,0.012556590438351339,0.04504414741410758,-0.823643708857449,False,False,
2021-12-20,777.75,0.0014761116695099325,0.01668811366087449,0.12417673257600363,False,-0.02415307402760347,0.012884930061038483,0.04467637994403907,-0.8290287649768217,False,False,
2021-12-21,799.0,0.0014663621565254115,0.01668666720799356,1.54950307888164,False,-0.0003127932436659542,0.012993587813980861,0.04457478886987942,-0.2985180949816759,False,False,
2021-12-22,814.0,0.0016317972451162384,0.016882160078692178,1.0153718190399756,False,0.028751974723538742,0.012984750337386981,0.04457739511016806,0.35370448064954946,False,False,
2021-12-23,814.75,0.0019894112792205685,0.016958254442727742,-0.06298026494717442,False,0.053329023917259244,0.013571884459091592,0.044489954507501796,0.8936205913958374,False,False,
2021-12-27,804.0,0.0021992271557031125,0.016844501115462377,-0.913856599818522,False,0.028132992327365658,0.014649697628499058,0.04446048657597198,0.3032646679614489,False,False,
2021-12-28,783.5,0.002343151308052748,0.01666285715246202,-1.6708217258977167,False,-0.0025461489497136114,0.01558250776638473,0.04399097191322191,-0.41209948149951187,False,False,
2021-12-29,787.75,0.0021303549328731317,0.016916611691268808,0.194721195899186,False,0.002864417568427813,0.01647237848635201,0.04291281743093843,-0.317107142634578,False,False,
2021-12-30,779.75,0.0022125565133091296,0.016917450688131594,-0.7310831241551954,False,0.03141534391534395,0.0173270866101825,0.04197217696659974,0.3356570548240203,False,False,
2021-12-31,770.75,0.0018695886077168167,0.016903787225560747,-0.7934168466376962,False,0.00032446463335489284,0.018192753864738644,0.04157718415510506,-0.42976188971156654,False,False,
2022-01-03,758.0,0.001185279503092384,0.016378995696005757,-1.0823379364973595,False,-0.021935483870967776,0.018093318710952506,0.04161132227142141,-0.9619690122034885,False,False,
2022-01-04,770.0,0.0009506751037134157,0.01650643349638695,0.9014945272210093,False,-0.009964641594342627,0.01757260022890689,0.04186725756431816,-0.6577273847217173,False,False,
2022-01-05,760.75,0.0012412332887455054,0.016574786460395834,-0.7996616024829319,False,-0.0478723404255319,0.0173497762197702,0.04196999614618308,-1.5540176944055701,False,False,
2022-01-06,746.0,0.001231559834627607,0.01658240729744234,-1.2435058767876652,False,-0.08353808353808356,0.016968068037189508,0.04243491654544513,-2.368477653717954,True,True,trend
2022-01-07,758.5,0.0011728289637123815,0.01664828433086496,0.936024571551742,False,-0.06903958269407795,0.01620225749360119,0.04372145927971688,-1.9496567953582524,False,False,
2022-01-10,762.0,0.001096834299101673,0.016562609650082973,0.21237813625039123,False,-0.052238805970149294,0.015138514543537651,0.04481302981266876,-1.5035207571401297,False,False,
2022-01-11,770.25,0.0009316500640384821,0.016463307841133822,0.6010409138303116,False,-0.016911295469049126,0.0137327772724463,0.04525465969210756,-0.6771473468143164,False,False,
2022-01-12,757.75,0.0009645475976148102,0.016480806743388275,-1.0432162154724471,False,-0.03808314820691849,0.012544330369896016,0.04486661103330477,-1.1283998815786067,False,False,
2022-01-13,746.75,0.0007758014858674519,0.016596711796654402,-0.9214152080945042,False,-0.042321256813081076,0.011092645992024672,0.044717598137936874,-1.1944716404567182,False,False,
2022-01-14,741.5,0.0008730040513957604,0.016483626938203384,-0.47947393076019795,False,-0.0379500486539085,0.010109871083665343,0.045074091633459545,-1.0662426683691135,False,False,
2022-01-18,769.0,0.0007084931050467421,0.016500329215399765,2.2047131459968456,True,0.014511873350923521,0.009641310472386602,0.04539172962351381,0.1073006673007206,False,True,shock
2022-01-19,796.5,0.000916702077333779,0.016860457768409262,2.0666121062512057,True,0.034415584415584455,0.009601048026368995,0.04538597526615097,0.5467445889109765,False,True,shock
2022-01-20,790.25,0.000846762418661539,0.016702048714448872,-0.520510534247748,False,0.03877752218205721,0.009185142943797246,0.04500714307838431,0.6575040585607036,False,False,
2022-01-21,780.0,0.000720070272265511,0.016731845855308333,-0.8182390228415954,False,0.04557640750670244,0.008641408348369994,0.04438754800987601,0.8321027138087148,False,False,
2022-01-24,800.5,0.0007542232934404251,0.016700809198882862,1.5285383890451458,False,0.05537244561634802,0.00819633511947228,0.0438369053509519,1.0761733776412967,False,False,
2022-01-25,818.0,0.0010822717695251531,0.01695885511723141,1.225263424412795,False,0.0734908136482939,0.00817421403776228,0.0438123407265111,1.4908265234732865,False,False,
2022-01-26,795.0,0.0014586534880556279,0.017103916709656632,-1.7291953301292884,False,0.03213242453748788,0.008717542151006221,0.044370240440523,0.5277159229702308,False,False,
2022-01-27,777.0,0.0012141657054355194,0.01739531866336555,-1.3713847731710547,False,0.025404157043879882,0.00895714315980773,0.04444849048422104,0.37002412691406805,False,False,
2022-01-28,786.25,0.0009531508475875938,0.017605993751595363,0.6220387904080615,False,0.052895882156009266,0.00912048738364421,0.04448661349877087,0.9840127474206265,False,False,
2022-01-31,761.25,0.0010708833978449127,0.01764984186176936,-1.8621915165016476,False,0.026635198921105774,0.009306775484483474,0.044642085112290494,0.38816339767811564,False,False,
2022-02-01,769.0,0.0009239509228149867,0.01787856435701977,0.5177525927733644,False,0.0,0.009502343242948153,0.0446860054503017,-0.2126469606578808,False,False,
2022-02-02,755.0,0.0009483882279719324,0.017890097661690404,-1.0706397599762285,False,-0.05210295040803514,0.009516126840467105,0.04468287094707783,-1.3790312919123655,False,False,
2022-02-03,751.75,0.000535475116370289,0.0179709266288516,-0.26933006727594916,False,-0.04871875988611196,0.009196572550794044,0.04504005779204709,-1.2858627469863584,False,False,
2022-02-04,763.25,0.0004372080382775249,0.01797705483326238,0.8266332245328138,False,-0.02147435897435901,0.008903895893312771,0.04534719122642729,-0.6699037811622618,False,False,
2022-02-07,768.75,0.0006457040038315842,0.018058419381061657,0.36328333707189403,False,-0.03966271080574646,0.008774223227386328,0.045420892405267324,-1.0664020777257055,False,False,
2022-02-08,778.75,0.0005017481300652241,0.0179609559485478,0.6963093716761054,False,-0.04798288508557458,0.008187299505114893,0.045761874473571766,-1.2274450126191547,False,False,
2022-02-09,785.0,0.0008175544512915985,0.01796996628060103,0.4011208267805899,False,-0.012578616352201255,0.007547527703973899,0.04621108986498746,-0.43552627983838216,False,False,
2022-02-10,771.5,0.0006592459529107201,0.017851504490294493,-1.0002909386107153,False,-0.007078507078507101,0.006980176125363257,0.04619325248544075,-0.30434495185852944,False,False,
2022-02-11,797.75,0.0003682181947916681,0.017963470879435735,1.8736027898181433,False,0.014626391096979274,0.006380158859818147,0.046078022310509364,0.17896237346281127,False,False,
2022-02-14,799.25,0.0009491566099210625,0.018339125393716963,0.05077296113981179,False,0.049917898193760246,0.00624366060487142,0.04603767344009106,0.9486630041312192,False,False,
2022-02-15,779.75,0.0008412925909886212,0.01830911664387909,-1.3785026382127181,False,0.013979193758127506,0.006148652870643296,0.04593866745195388,0.1704564220473739,False,False,
2022-02-16,780.5,0.0002922298025052994,0.018441603221634864,0.03631012635935495,False,0.033774834437086065,0.005456578282646569,0.045414564187031894,0.6235501025137165,False,False,
2022-02-17,798.0,0.0003007394311757361,0.01844176515288787,1.1994939231203405,False,0.061523112736947105,0.005203003868056581,0.045199271653241675,1.2460401862438255,False,False,
2022-02-18,797.0,0.0001769604286325525,0.01825837814298343,-0.078325317260575,False,0.04421880117916799,0.0049186148109442275,0.04476916238041274,0.877840555386809,False,False,
2022-02-22,844.25,0.00025641588759982054,0.01823874335637963,3.2364292334596096,True,0.09821138211382108,0.004502764044057772,0.044247369920038394,2.1178347603283263,True,True,shock+trend
2022-02-23,876.0,0.0012237594715227918,0.01939892255529417,1.875546655802113,False,0.12487961476725529,0.005247239685010377,0.04534921226965881,2.6380254274512667,True,True,trend
2022-02-24,926.0,0.0018489636628140596,0.019807043634595265,2.788334439345562,True,0.17961783439490442,0.006327703126426509,0.04720847266995144,3.670742166983479,True,True,shock+trend
2022-02-25,843.0,0.0027349313575541897,0.020761540252119928,-4.448984016095473,True,0.09267660401814637,0.00853742239984005,0.0512710649675702,1.641065612183514,False,True,shock
2022-02-28,928.0,0.001513734337073167,0.02334130539271589,4.254973392713625,True,0.1632717016609213,0.009623889474701268,0.05218331282645649,2.9443859322845047,True,True,shock+trend
2022-03-01,1001.75,0.002675847573530265,0.025975848714684755,2.956443734663263,True,0.2533625273694089,0.01133557464274253,0.05505016477732746,4.396480077864285,True,True,shock+trend
2022-03-02,1058.5,0.003315863648504983,0.02725477540225774,1.9569046729454511,False,0.3574863738377685,0.013954720066349567,0.06153910377099264,5.582331115022634,True,True,trend
2022-03-03,1289.0,0.003913466660171056,0.02792708212650761,7.657352633316754,True,0.6515054452274183,0.018030805913852067,0.07311410004020201,8.664192528735883,True,True,shock+trend
2022-03-04,1348.0,0.006743100273290734,0.0372794105271664,1.0469268528907532,False,0.6892230576441103,0.025954038227873205,0.10336385034836977,6.4168373873535565,True,True,trend
2022-03-07,1425.25,0.007202433697149333,0.0375478592231103,1.3344219617648112,False,0.7882685069008784,0.034658678473831465,0.12864978225391388,5.857839906325376,True,True,trend
2022-03-08,1273.0,0.00822472330720274,0.03785723180706232,-3.0389989478255806,True,0.5078472016582767,0.04485306926283202,0.15530135233750697,2.9812627219706864,True,True,shock+trend
2022-03-09,1199.5,0.0066029418662163775,0.04010964874588893,-1.6041170024962785,False,0.3692922374429224,0.0509201399328297,0.1642472257292995,1.938371233343148,False,False,
2022-03-10,1073.75,0.0058695920847433684,0.04077992365327798,-2.7146921874518277,True,0.1595572354211663,0.05504705204865456,0.16831093471966752,0.6209351967926506,False,True,shock
2022-03-11,1090.0,0.004423006956115925,0.04273676659105235,0.250624239944842,False,0.29300118623962046,0.05619165950158473,0.16873095431970614,1.4034741147100753,False,False,
2022-03-14,1090.0,0.004256221706093647,0.0426692796001507,-0.09974908753975344,False,0.17456896551724133,0.058748515595890796,0.170862254605863,0.6778586071483119,False,False,
2022-03-15,1154.25,0.004094629430992654,0.04266204660502863,1.2856937034751266,False,0.15223359121537317,0.059748762903194114,0.17132330303105003,0.5398263206226968,False,False,
2022-03-16,1069.25,0.005180406389465316,0.04301118694629278,-1.8325766931805578,False,0.01015588096362774,0.061218145613795086,0.17164157506306935,-0.2974935683933489,False,False,
2022-03-17,1098.0,0.0043777928381856235,0.04391558007715322,0.5125791970338783,False,-0.14817688130333595,0.061140224026643465,0.17166370566144948,-1.2193439756146762,False,False,
2022-03-18,1063.75,0.005027032468829174,0.043883190190419495,-0.8253755170462196,False,-0.2108679525222552,0.059319571035622236,0.17316347149522737,-1.5603032280703855,False,False,
2022-03-21,1119.25,0.005168400299635161,0.04374718164184693,1.07448093750751,False,-0.21469917558323104,0.05735519954561294,0.1753972670900324,-1.5510753368192276,False,False,
2022-03-22,1118.25,0.005782200023359727,0.044082646085152805,-0.15143499891940615,False,-0.12156323644933231,0.05501501635908511,0.1778563666883069,-0.9928137861821423,False,False,
2022-03-23,1105.75,0.005290732584966382,0.04394684249990296,-0.37474621247857415,False,-0.0781575656523551,0.05364956998356325,0.17882395621092576,-0.7370776177239345,False,False,
2022-03-24,1085.75,0.0053400782791170505,0.04392596158506482,-0.533337200068442,False,0.01117578579743883,0.05302210325453999,0.17920749175625836,-0.2335076343460947,False,False,
2022-03-25,1102.25,0.005056959556642975,0.04400864246623344,0.23040722001817832,False,0.011238532110091848,0.05359233689911337,0.17900253970209495,-0.23661007748554216,False,False,
2022-03-28,1057.0,0.005221943315968399,0.04402334628777704,-1.0511317301124434,False,-0.03027522935779814,0.054475261144372775,0.17862267861392428,-0.4744665747922801,False,False,
2022-03-29,1014.25,0.0048080365288279735,0.04431346316498165,-1.0211950946694182,False,-0.12129088152479961,0.05508015839779528,0.17825251988549415,-0.9894448619065365,False,False,
2022-03-30,1027.25,0.004567879258382891,0.044511455752185625,0.18533371524024994,False,-0.039279869067103124,0.05447081438638803,0.1787825679045876,-0.5243838062753629,False,False,
2022-03-31,1006.0,0.004592257148178578,0.04451552046437788,-0.5678593725044696,False,-0.08378870673952643,0.05464968728095869,0.1786805807204041,-0.7747814197957574,False,False,
2022-04-01,984.5,0.004256763792255363,0.04461112540062207,-0.5744874836893438,False,-0.07450058754406585,0.05389576561834293,0.17914946886183308,-0.7166996027291208,False,False,
2022-04-04,1010.25,0.003971806867139393,0.04470683745771522,0.49620154838318575,False,-0.09738664284118825,0.05269994733746459,0.17970979964356035,-0.8351608564270689,False,False,
2022-04-05,1045.25,0.004821288278409368,0.0445119714481622,0.6700130466040006,False,-0.0652805723228258,0.05178681522096936,0.18030304478228457,-0.6492812569258257,False,False,
2022-04-06,1038.25,0.005027488221060682,0.044615087032924786,-0.2627911643786143,False,-0.06104453990504177,0.05151157188014094,0.1804679123230905,-0.6236904407896859,False,False,
2022-04-07,1020.0,0.004860323876399826,0.04463548302402378,-0.502693755364172,False,-0.060557218512548916,0.051024894524075395,0.18072482030835194,-0.6174144361922362,False,False,
2022-04-08,1051.5,0.004578643319010296,0.04471047105482629,0.5883120665383081,False,-0.046042186436833776,0.050539505930942794,0.18097817028370744,-0.5336648735942676,False,False,
2022-04-11,1081.25,0.004626109299938184,0.044736824713118545,0.5290229187102239,False,0.022942289498580903,0.049929780688367224,0.18122866865817872,-0.14891402883220595,False,False,
2022-04-12,1103.75,0.004753035273937623,0.04479097695341204,0.3584698163131416,False,0.08824254375154061,0.04985231821870111,0.18123908431660726,0.21182089767003826,False,False,
2022-04-13,1113.5,0.005018206909051455,0.04482684196611378,0.08511229003457006,False,0.08396203455828677,0.050317831816491534,0.18129296470547956,0.18557919661390115,False,False,
2022-04-14,1096.5,0.005311910288293025,0.04477803823199522,-0.45957988945812667,False,0.08996023856858848,0.05106221904623715,0.1813152583982897,0.2145325212338458,False,False,
2022-04-18,1120.5,0.00544831477983025,0.0446984284092941,0.36778720645471996,False,0.13814118842051792,0.05229563754648118,0.18126028755105222,0.4736037442832492,False,False,
2022-04-19,1099.0,0.0056678274079028056,0.04473871685517002,-0.5555744937818213,False,0.0878495421925265,0.05409932782450904,0.18143473296345844,0.1860184861892726,False,False,
2022-04-20,1088.0,0.0055473959895982064,0.044794009887142855,-0.3472896311329585,False,0.04089930638603212,0.05485178380153814,0.18145640760407658,-0.07689162151798583,False,False,
2022-04-21,1068.0,0.005567836813170852,0.044786455188729125,-0.5347641302135167,False,0.028653985071033006,0.05539278169157384,0.18135209720429343,-0.1474413421887233,False,False,
2022-04-22,1065.5,0.00554330315929412,0.04479923278155868,-0.17598799443228413,False,0.044607843137254966,0.05606730794413386,0.18115456788797216,-0.0632579401142429,False,False,
2022-04-25,1062.0,0.005301010378831704,0.04479198017768354,-0.19168282227268776,False,0.009985734664764712,0.05679494107388848,0.1809952860652435,-0.258621135537477,False,False,
2022-04-26,1083.25,0.005417385635047412,0.044757713627609566,0.3260226981703569,False,0.0018497109826589586,0.05756638207509244,0.18066614546445953,-0.30839574813087495,False,False,
2022-04-27,1080.0,0.005942694665539218,0.04469379347758209,-0.20009322898510568,False,-0.021517553793884536,0.058704886002035675,0.1800328654507873,-0.44559886104711993,False,False,
2022-04-28,1074.0,0.005679277826091678,0.04468741985381165,-0.2514093097878626,False,-0.0354737314773238,0.05933851305403825,0.17966043401975942,-0.5277302431593504,False,False,
2022-04-29,1043.75,0.005543678812443884,0.04470612070641379,-0.7540223541600634,False,-0.04810761513907891,0.059562047380609266,0.17953011532674223,-0.5997303701595186,False,False,
2022-05-02,1043.5,0.005023778716157037,0.04487027792775893,-0.11730035821741115,False,-0.06871932173136996,0.05914609645167553,0.1797456994488221,-0.7113684420552818,False,False,
2022-05-03,1033.75,0.0052369650665979916,0.04480587719591405,-0.3254153544509699,False,-0.05937215650591443,0.05873761413801617,0.18000426960479884,-0.6561498285748543,False,False,
2022-05-04,1066.0,0.005305939810935783,0.0447790310072532,0.5781982671587428,False,-0.020220588235294157,0.0585102688087784,0.18014434489035164,-0.43704317830234213,False,False,
2022-05-05,1096.0,0.005815640654858803,0.04485421434358201,0.4977670167693984,False,0.02621722846441954,0.05874666161435993,0.18002765003814766,-0.1806913168229849,False,False,
2022-05-06,1097.0,0.005696382031907928,0.044781778567837056,-0.10682856790819205,False,0.029563585171280993,0.05890273301587321,0.1799938540335228,-0.16300083134576346,False,False,
2022-05-09,1083.25,0.0052317377724500425,0.04464620661268231,-0.39792679510565804,False,0.020009416195856833,0.05883803969261583,0.18000364581540373,-0.2157102058731538,False,False,
2022-05-10,1083.25,0.005169239715678955,0.044668037533009915,-0.11572569562427855,False,0.0,0.05858779827946648,0.1800449518415549,-0.3254065036548514,False,False,
2022-05-11,1108.75,0.005342180768088531,0.04462194187793405,0.4078283193128184,False,0.02662037037037046,0.057980112846043784,0.18016633471889032,-0.17405994590833665,False,False,
2022-05-12,1174.5,0.005305623715376391,0.044605674966614724,1.2105049633523313,False,0.09357541899441335,0.057596751842764096,0.18020254427900012,0.1996568211375805,False,False,
2022-05-13,1167.25,0.005804819421930521,0.04500120457665554,-0.2661630736506289,False,0.11832335329341315,0.05786454658071234,0.18024140269334418,0.33543240237407107,False,False,
2022-05-16,1247.5,0.006097413020690922,0.04484874758839543,1.397005021650298,False,0.19549592716818398,0.05901375896412469,0.18034986095505498,0.756763368052011,False,False,
2022-05-17,1277.5,0.007315984328029166,0.04529670531015794,0.3693891586548436,False,0.23579201934703753,0.06128164923244874,0.18098982280884193,0.9641999058637865,False,False,
2022-05-18,1230.75,0.007477895451864138,0.04533501606383162,-0.9721581950514244,False,0.1545497185741087,0.06372026439499578,0.18210402862852162,0.4987778406835694,False,False,
2022-05-19,1200.5,0.007413916657828937,0.045394537631398786,-0.7047637748138222,False,0.09534671532846706,0.06542579132370249,0.18235084397087917,0.16408437358010167,False,False,
2022-05-20,1168.75,0.006950461550989854,0.04554310266047825,-0.7333223522186011,False,0.06540565177757518,0.06669708086141538,0.18222086969995224,-0.007087163429560417,False,False,
2022-05-23,1190.0,0.006840570191245405,0.045614509308881473,0.24863246722166205,False,0.09854604200323092,0.06826386222389019,0.18169000427231027,0.16666948685825836,False,False,
2022-05-24,1154.75,0.007140389577157505,0.04561416363985584,-0.8059391071358355,False,0.06600507731363958,0.07022739291574809,0.18120378194926545,-0.02330147614297971,False,False,
2022-05-25,1148.25,0.0065414630760615555,0.04580013283301935,-0.26572820498051575,False,0.03562570462232251,0.07139378539958807,0.1808868006910267,-0.19773737299031086,False,False,
2022-05-26,1143.25,0.006370330397816845,0.045821590065536065,-0.23405523051655394,False,-0.02660706683695191,0.07239763093862898,0.18047058596401855,-0.5485918785420247,False,False,
2022-05-27,1157.5,0.006138829297698072,0.04583146000218822,0.13801951851499672,False,-0.008352966373955883,0.07268264184861062,0.18029469744824048,-0.4494619607203392,False,False,
2022-05-31,1087.5,0.006198013073125456,0.045836795155963936,-1.4545775906300793,False,-0.12825651302605212,0.07273898384832056,0.1802683516255597,-1.1149793907910464,False,False,
2022-06-01,1041.25,0.005620976943022233,0.04640419717536822,-1.0376154638176673,False,-0.18493150684931503,0.07112327710235329,0.1815320233093125,-1.4105212914163163,False,False,
2022-06-02,1058.25,0.0046002654366021885,0.04661245523035182,0.25156935239075534,False,-0.1401584399756246,0.06846250512973605,0.18381938705416304,-1.1349235162224198,False,False,
2022-06-03,1040.0,0.004792882000620461,0.046630908023101846,-0.47261216503716474,False,-0.13369429404414823,0.06592815395414424,0.18538218515224597,-1.076815702837636,False,False,
2022-06-06,1093.0,0.004888247608728681,0.04657768620398187,0.9891708800440814,False,-0.06481283422459894,0.06395917411678056,0.18672080253952028,-0.6896500367928975,False,False,
2022-06-07,1071.75,0.005554910164939169,0.04687758376887881,-0.5332359557479439,False,-0.09936974789915964,0.0626446718679581,0.1872823508492645,-0.8650810876328445,False,False,
2022-06-08,1074.75,0.0049967311291672966,0.04692325135874577,-0.0468333036097958,False,-0.06927906473262613,0.060499433726143345,0.18821453049963333,-0.6895243322301426,False,False,
2022-06-09,1071.25,0.00505076170362069,0.046918290375198936,-0.17705958449973944,False,-0.06705856738515137,0.058986128847319415,0.18880256186493635,-0.6676005610699253,False,False,
2022-06-10,1070.75,0.004216876512108634,0.046495226212604844,-0.10073337310161272,False,-0.06341570085283188,0.05678252952066645,0.18930236793201938,-0.6349536547617982,False,False,
2022-06-13,1071.0,0.0037092220020595867,0.0463333008780372,-0.07501604097764754,False,-0.07473002159827213,0.05427192531239862,0.18963536375853643,-0.6802631342270606,False,False,
2022-06-14,1050.25,0.00295130007717941,0.04591151063497923,-0.48627710571147736,False,-0.03425287356321838,0.05088062056582294,0.18963776288148257,-0.4489269058834393,False,False,
2022-06-15,1050.0,0.0038880789163848782,0.04469762431669394,-0.09231178483664879,False,0.008403361344537785,0.04918822753140474,0.18982600835734983,-0.21485394198506738,False,False,
2022-06-16,1078.25,0.0025405001657644853,0.043235052673239606,0.5635302892571192,False,0.018899125915426307,0.0471233163271863,0.18941011460501866,-0.14901099907265541,False,False,
2022-06-17,1034.25,0.001839603887713035,0.04238885048481641,-1.006077456037594,False,-0.00552884615384619,0.043997137641133194,0.18788895478200798,-0.26359177873143363,False,False,
2022-06-21,975.25,0.0005401675681707567,0.04217916913906944,-1.3652790575271363,False,-0.10773101555352238,0.03915693470791167,0.18434645133547387,-0.7968037854665682,False,False,
2022-06-22,976.5,-0.0031239277817456832,0.03424405155648889,0.1286544733090325,False,-0.08887333799860042,0.02903378189749913,0.1705993785738306,-0.691134521601277,False,False,
2022-06-23,937.25,-0.003717130362797653,0.033767625919182934,-1.0802489395358121,False,-0.1279367294719702,0.018659163288929647,0.15262065256129256,-0.9605246098789076,False,False,
2022-06-24,923.75,-0.005017152950989095,0.03325954028904415,-0.28222543040909354,False,-0.13768961493582266,0.006443093470625,0.12421026703839728,-1.1603928712422116,False,False,
2022-06-27,904.0,-0.0037848926403520875,0.031077127207838534,-0.5661833159277657,False,-0.1557319635769321,-0.002164064083962991,0.11061853207422127,-1.3882655700938993,False,False,
2022-06-28,921.25,-0.0033001275193011207,0.030502408809176214,0.733777652329129,False,-0.1398225957049486,-0.009164386764227718,0.10315469819510206,-1.266623927235965,False,False,
2022-06-29,915.5,-0.0016478980997174952,0.028197226819578623,-0.16291040264457612,False,-0.12830278505117831,-0.013156117845909249,0.1023266846001453,-1.1252848429050497,False,False,
2022-06-30,868.75,-0.0019329033833848824,0.028133265805056495,-1.7464054391985946,False,-0.17261904761904767,-0.018773504129786567,0.09670206132595392,-1.5909231031869473,False,False,
2022-07-01,831.25,-0.0026137699408216204,0.028698108345174594,-1.413044274463342,False,-0.2290748898678414,-0.02340267763827042,0.09562562900809718,-2.1508063723393183,True,True,trend
2022-07-05,793.75,-0.003975242230879482,0.028155208926668902,-1.4610987199971313,False,-0.23253565385545083,-0.028486790719379946,0.09629555102029298,-2.118985363021292,True,True,trend
2022-07-06,792.25,-0.0035948674255534088,0.027383441295371902,0.06226769044963123,False,-0.18764419379646247,-0.031722677850301,0.09901863139481422,-1.5746684613773339,False,False,
2022-07-07,824.5,-0.003978571017432574,0.02715117117763569,1.6458007763668434,False,-0.15565796210957505,-0.032248908683542674,0.09974807331341778,-1.2372073898437075,False,False,
2022-07-08,879.25,-0.003019905338629704,0.027445031146799623,2.5295575766475356,True,-0.061883168845025316,-0.031512775478040274,0.09860928711121832,-0.3079871506700097,False,True,shock
2022-07-11,843.75,-0.002830172430674948,0.027877532611219107,-1.3467887552253706,False,-0.08660351826792967,-0.029475228721530876,0.09632534293609825,-0.5930764200268398,False,False,
2022-07-12,801.5,-0.003356597289821394,0.02821124655963891,-1.6559876815613714,False,-0.11338495575221241,-0.029009099145778833,0.09595758140341126,-0.8793037024527803,False,False,
2022-07-13,798.25,-0.0038752092082455186,0.028710079594778243,-0.006258702946428494,False,-0.1335142469470828,-0.029478797680443602,0.0962870579341345,-1.080471784046045,False,False,
2022-07-14,794.25,-0.0036881108880458145,0.0286618933750679,-0.04615363587035558,False,-0.1324412889131622,-0.03140799811703722,0.09690898909350475,-1.0425585050592243,False,False,
2022-07-15,776.75,-0.0039575486214097535,0.028576821190176693,-0.6325341810366426,False,-0.10589928057553954,-0.03332372906401394,0.09747305988145274,-0.7445703623113132,False,False,
2022-07-18,812.75,-0.003703961581099445,0.028326487741656085,1.766929967401001,False,-0.022255639097744306,-0.034332049746917156,0.09783158942575328,0.12344081007022711,False,False,
2022-07-19,812.25,-0.0025467400722472442,0.02857697810028767,0.06759093774552452,False,0.023307086614173134,-0.03301157984788976,0.09730897433971793,0.578761279154452,False,False,
2022-07-20,819.5,-0.00272584071288995,0.028521424347319243,0.4085232175384144,False,0.03439570842537076,-0.032177087105472735,0.09752262193720966,0.6826395169492743,False,False,
2022-07-21,806.25,-0.0023310124235607728,0.02847435863966439,-0.4859594245676958,False,-0.022134627046695,-0.030601294903274113,0.09763216379690699,0.08672006772472393,False,False,
2022-07-22,759.0,-0.0022616341032851528,0.028433648494209193,-1.9815612854249207,False,-0.1367642877452374,-0.029903082096642494,0.09750113583214151,-1.0959995977130743,False,False,
2022-07-25,770.0,-0.0033917682366153366,0.028968335961541934,0.6173817468682742,False,-0.08740740740740738,-0.030428117362029824,0.09797431418785346,-0.5815737575475844,False,False,
2022-07-26,803.75,-0.003660463386689394,0.02870300533291747,1.654587443614949,False,0.002807236431690674,-0.030723141829824243,0.09811389683936923,0.3417495313269476,False,False,
2022-07-27,790.25,-0.002986754969618146,0.02921912084468522,-0.4726190291589722,False,-0.01002192295646731,-0.029871784812001145,0.09812426334030333,0.2022931044760338,False,False,
2022-07-28,817.0,-0.0029763364734670997,0.029213986801370502,1.2605737168703426,False,0.028643374252439457,-0.029197980871253387,0.098084204616094,0.5897112114033704,False,False,
2022-07-29,807.75,-0.0029367672133049495,0.029262436513488286,-0.2865496934117068,False,0.039909880914065,-0.02820217339539641,0.09828979155046115,0.6929718054645915,False,False,
2022-08-01,800.25,-0.0034649648707479413,0.02904785595215704,-0.2003619890782593,False,-0.015379883112888293,-0.027975938843189958,0.09842853137137772,0.12797159070448655,False,False,
2022-08-02,774.75,-0.0038662221990505316,0.028915563850940913,-0.9682958326388955,False,-0.046168051708217916,-0.02935757120138234,0.09749800865131321,-0.1724187061805098,False,False,
2022-08-03,763.75,-0.004408869722492207,0.02905556025974681,-0.33691515904427444,False,-0.06802928615009152,-0.03109263901826907,0.09660795948214985,-0.3823354445101098,False,False,
2022-08-04,782.5,-0.00439461576057229,0.02905042322120403,0.9963549827523708,False,-0.029457364341085257,-0.03319916601451814,0.09565047204238405,0.039119531702622834,False,False,
2022-08-05,775.75,-0.0043591211836451075,0.02908457598991349,-0.14671270782499268,False,0.02206851119894604,-0.035433813384672844,0.09352763052497166,0.614816437248091,False,False,
2022-08-08,779.75,-0.004218298990601248,0.029037338156901505,0.3228463743626163,False,0.012662337662337597,-0.03631089379792059,0.09266030258902627,0.5285244068052295,False,False,
2022-08-09,781.5,-0.004016093663460323,0.029049268902064905,0.21550982084909914,False,-0.027682737169517857,-0.03668738671423651,0.09239934445950071,0.0974536085444357,False,False,
2022-08-10,799.75,-0.0037410715032656894,0.02900903219193461,0.9339711340696643,False,0.012021512179690053,-0.037438543010777196,0.09208945023853014,0.5370870937154667,False,False,
2022-08-11,810.75,-0.0033984934877812054,0.029177016274975914,0.5878871075890594,False,-0.007649938800489586,-0.037873027423544724,0.09177344872123455,0.3293227948189999,False,False,
2022-08-12,806.0,-0.0031713049409145084,0.029244174026794204,-0.09189754506015611,False,-0.0021665119158155166,-0.03810816973641478,0.09167170442032535,0.3920692655151541,False,False,
2022-08-15,800.75,-0.003516214126743118,0.02911936324028839,-0.10293609414472613,False,0.0006248047485160058,-0.038161719375061104,0.09164921804316034,0.4232062744420949,False,False,
2022-08-16,786.0,-0.0035630596848190686,0.029121347962511493,-0.5101814437886958,False,0.014520813165537216,-0.0378664879278291,0.09173917842591814,0.5710461112933388,False,False,
2022-08-17,763.25,-0.00373458869119041,0.029171087584783956,-0.8641923819869264,False,-0.000654664484451728,-0.03719989399925762,0.09193821849510092,0.3974976904382073,False,False,
2022-08-18,731.5,-0.003744965821700596,0.029180033064986226,-1.2972384873572587,False,-0.0651757188498403,-0.03656718799052926,0.09202537966152441,-0.3108765317191319,False,False,
2022-08-19,753.25,-0.004296417912605586,0.029501921462490144,1.153478848018049,False,-0.029004189494038046,-0.036519939952108865,0.09200955723289313,0.08168445413824861,False,False,
2022-08-22,770.5,-0.003775391515100739,0.029755554970093273,0.8965100768811395,False,-0.011862776530939367,-0.03611503372528384,0.09197444596388243,0.26368473264702375,False,False,
2022-08-23,782.75,-0.0038860093095753876,0.029638978698716033,0.6675255765417373,False,0.0015994881637875213,-0.03600359623589244,0.09199902406759872,0.40873351408652014,False,False,
2022-08-24,795.0,-0.0040492602706927935,0.029493544359243257,0.6679160742002367,False,-0.005939356048765276,-0.03633183277323421,0.09181776842283511,0.33100866255545275,False,False,
2022-08-25,769.75,-0.0038527596929213356,0.029576027232805117,-0.9436103901551606,False,-0.05057045945112548,-0.03680520532283483,0.0915646192351827,-0.1503337669426086,False,False,
2022-08-26,784.75,-0.004109117321597983,0.02973519090507718,0.7935366473891853,False,-0.02636476426799006,-0.03774627033146126,0.09133521888375654,0.1246124573036452,False,False,
2022-08-29,820.0,-0.0038492927032153916,0.029856471587684914,1.6334166111206097,False,0.024039962535123305,-0.03809780052170112,0.09123866335931403,0.6810463981932188,False,False,
2022-08-30,798.25,-0.0035642461484298046,0.030221323125962856,-0.7597332519087412,False,0.015585241730279975,-0.038132205959504416,0.09121441211634139,0.5889140371947945,False,False,
2022-08-31,809.0,-0.004708584880430428,0.029423104856568544,0.6177303157428609,False,0.059941041598427836,-0.039172074989692864,0.0901307361631702,1.0996594592180966,False,False,
2022-09-01,775.5,-0.004446720900711417,0.029497200222752668,-1.2530825269971522,False,0.06015037593984962,-0.03995050581229267,0.0889971016728288,1.124765636976957,False,False,
2022-09-02,793.0,-0.005915527376865888,0.028529912550639077,0.998307082862108,False,0.0527713242615333,-0.041755113162003796,0.08546033867555108,1.1060854530708721,False,False,
2022-09-06,800.0,-0.005935287507486037,0.028509384811368495,0.5178128514731881,False,0.03828682673588579,-0.04419538909647718,0.07985738619515341,1.0328689650672398,False,False,
2022-09-07,826.5,-0.005329658837181866,0.028331174285793327,1.3573266836477382,False,0.055892686042797735,-0.045745560987653484,0.07702548088860368,1.319540570963045,False,False,
2022-09-08,810.5,-0.004560278716659147,0.02858376710792636,-0.5177226258965647,False,0.019496855345912056,-0.04627161471146241,0.07617893020553841,0.8633420012584125,False,False,
2022-09-09,853.25,-0.004465764424158685,0.028522070911477296,2.005849561286721,True,0.108476778174732,-0.04688373199721792,0.07545040919888157,2.0591075889652415,True,True,shock+trend
2022-09-12,841.25,-0.004004919079908036,0.029164928585652068,-0.3448989876896082,False,0.0719974514176489,-0.04675132218159791,0.07571731820188643,1.5683172148625875,False,False,
2022-09-13,842.75,-0.003797479409049947,0.029035303425805174,0.19219845057098212,False,0.02774390243902447,-0.046671423860211114,0.07584096939099809,0.9812022037269513,False,False,
2022-09-14,853.75,-0.003698652943306294,0.02904159883937528,0.5767988088580002,False,0.06952709051049166,-0.04677651455598842,0.07573077227667353,1.535750944696278,False,False,
2022-09-15,845.0,-0.0034665601552771675,0.02910577204731608,-0.23302394236663854,False,0.04449938195302838,-0.04549472579135584,0.07688158572971657,1.1705547809688237,False,False,
2022-09-16,859.75,-0.0037694050518559258,0.02905589335897137,0.7304895461793665,False,0.10863958736299151,-0.04479002781366271,0.07746662514082484,1.9805898978784473,False,False,
2022-09-19,830.5,-0.002730327941338377,0.028386356700698077,-1.102332020685053,False,0.04728877679697341,-0.0416314131418088,0.07883488577774127,1.1279294573911653,False,False,
2022-09-20,893.75,-0.002616898371350665,0.028241805461077497,2.78933437443543,True,0.1171875,-0.03853514269319162,0.07768251120390954,2.0046036138614753,True,True,shock+trend
2022-09-21,903.75,-0.0018191329075492495,0.02959670718623516,0.43950646315175884,False,0.09346642468239574,-0.03510386349351663,0.07880849089936465,1.6314268514555315,False,False,
2022-09-22,910.75,-0.0014400093930607453,0.029578541989921835,0.3105465521975689,False,0.12368908081431207,-0.03207505391049604,0.07933165152081832,1.963455086825367,False,False,
2022-09-23,880.5,-0.002016223174668719,0.02895836260734672,-1.0773454631400061,False,0.031936712569586856,-0.029561695043310555,0.08124343960962038,0.7569645981066405,False,False,
2022-09-26,858.0,-0.0021998562510746346,0.0291136084147683,-0.8021611786442556,False,0.019910846953937522,-0.027810942237060605,0.08113350228063412,0.5881884529763349,False,False,
2022-09-27,871.5,-0.0025778938903223262,0.029231659553752842,0.6264495380741119,False,0.034114506081281526,-0.02662174341457309,0.08117111086365394,0.748249578570823,False,False,
2022-09-28,903.25,-0.002324682729923446,0.029307853387818123,1.3223801232720218,False,0.0579795021961933,-0.02527276910168732,0.0813305500151599,1.0236285292840455,False,False,
2022-09-29,896.25,-0.0018327069365460143,0.029647193955759477,-0.1995833227440769,False,0.06065088757396442,-0.023654166394366984,0.08176798801158465,1.031027618734942,False,False,
2022-09-30,921.5,-0.0019391505848265168,0.029654005950087915,1.0154477426356476,False,0.07182320441988943,-0.02184908760540383,0.08211877619087603,1.140692742516795,False,False,
2022-10-03,912.0,-0.0013051857948193923,0.029784190305617426,-0.30231114102161183,False,0.09813365442504507,-0.020434739898962394,0.08281280810309091,1.4317639630865509,False,False,
2022-10-04,903.0,-0.001439468991996303,0.029802011972073807,-0.28283164467330707,False,0.010349650349650297,-0.019238335991222297,0.08387640538428597,0.3527569666977625,False,False,
2022-10-05,902.0,-0.0019297780980948832,0.029631396671125198,0.027752940408151558,False,-0.0019363762102351245,-0.019352328998765975,0.08382967049470703,0.207754040851568,False,False,
2022-10-06,879.0,-0.0014004521879570412,0.029280029649291505,-0.8230332910600715,False,-0.03486137798517708,-0.019304429399517826,0.08383870172751473,-0.18555808075632058,False,False,
2022-10-07,880.25,-0.0009798218230404312,0.028690498790413226,0.0837173440338225,False,-0.00028392958546274993,-0.018332834231939894,0.08322004557009834,0.21688169626480314,False,False,
2022-10-10,938.0,-0.0009779505177140739,0.028690652867028318,2.3207667199256927,True,0.09324009324009319,-0.01715164211976472,0.08283309350115393,1.332700865002948,False,True,shock
2022-10-11,901.0,0.00043272860604143184,0.02933028128723224,-1.3596309293245246,False,0.03384968445209413,-0.01420261781693721,0.08277276986266356,0.5805327325491179,False,False,
2022-10-12,882.25,9.883809972683603e-05,0.029642335963191466,-0.7053779095714431,False,-0.0232493772488237,-0.011915427158431652,0.08167719653375097,-0.13876517034602906,False,False,
2022-10-13,892.25,0.00010643853566805639,0.02963682676857463,0.3788603031573744,False,-0.0044630404463040785,-0.010148992674056874,0.07993894702052556,0.07112868557416498,False,False,
2022-10-14,859.75,3.1424997047668767e-06,0.02958324880137556,-1.2313695357497059,False,-0.0670103092783505,-0.008344198603941614,0.07848654551272757,-0.7474671014141582,False,False,
2022-10-17,861.0,-0.0003993008225413345,0.029873229221681032,0.06203587263481539,False,-0.05592105263157898,-0.007526965593637244,0.07753392971374548,-0.6241665709014393,False,False,
2022-10-18,849.5,0.00030095121517067727,0.029279171793620138,-0.4664583222670445,False,-0.05924695459579177,-0.005970992327137661,0.07531526281550201,-0.707372719380439,False,False,
2022-10-19,841.25,0.0006984032883553345,0.028880771486129112,-0.3604473775664301,False,-0.06735033259423506,-0.0037066198568436654,0.07094299172252472,-0.8971106404184,False,False,
2022-10-20,849.25,0.001170419113674961,0.028407345027679935,0.29355925817270373,False,-0.03384527872582477,-0.001504148906694122,0.06614472022554116,-0.4889449937780888,False,False,
2022-10-21,850.75,0.0013224114073574179,0.02842124304922693,0.015616943381807073,False,-0.0335132064754331,0.000546503294247714,0.06258417264919554,-0.5442224180320553,False,False,
2022-10-24,838.75,0.0008032036308895308,0.028045235447583687,-0.5315842311871469,False,-0.10581023454157779,0.0021751000360362735,0.06000032945451078,-1.7997456940546148,False,False,
2022-10-25,834.75,-0.0002702508015512913,0.027022512119724576,-0.16648158649461525,False,-0.07352941176470584,0.001589405826748907,0.060842571378915,-1.2346423875419437,False,False,
2022-10-26,840.5,0.00020450011024311394,0.026618149161384868,0.25109896846663354,False,-0.047322187588552,0.0017637272467918915,0.06060473781843322,-0.8099352724270704,False,False,
2022-10-27,838.5,0.0009639982966595391,0.025968897510513768,-0.12875149150200862,False,-0.06024096385542166,0.002644564155640697,0.059376165880030495,-1.0591038858609114,False,False,
2022-10-28,829.25,0.0009863364443597478,0.02596524227975731,-0.46284723130001154,False,-0.035475428903751105,0.0036215412635295123,0.05768424453418298,-0.6777755430967329,False,False,
2022-10-31,882.25,0.0009060612100047308,0.025993325987181994,2.4239727296301647,True,0.024680603948896707,0.0049144193969883265,0.05564402389829389,0.3552256498925563,False,True,shock
2022-11-01,902.5,0.0020520150682032602,0.02684880338378266,0.7784578867612644,False,0.062389640965273774,0.00665548452398081,0.05415277751615571,1.0292021757270988,False,False,
2022-11-02,846.0,0.001740091325957415,0.026460324315207145,-2.4317150718111744,True,0.005646359583952432,0.007784088258154385,0.05442346936193828,-0.039279536921565675,False,True,shock
2022-11-03,840.5,0.0009135755553997082,0.027483256046659462,-0.2697918170943165,False,-0.010303208713570822,0.007548611897751442,0.0543935962309267,-0.3281971012825258,False,False,
2022-11-04,847.75,0.0007078821505550111,0.027480209620687573,0.2881322931751221,False,-0.0035263003232441914,0.006952626335898888,0.05434031478474442,-0.19283890239967746,False,False,
2022-11-07,845.75,0.001038471661601985,0.027423522748892017,-0.12389574357442316,False,0.008345752608047707,0.007200737358878231,0.054248114759942456,0.02110700536297661,False,False,
2022-11-08,827.75,0.0017884111960284994,0.026524779764976525,-0.8698016124451956,False,-0.008385744234800874,0.009135537896922034,0.051565507051464725,-0.3397868678811957,False,False,
2022-11-09,806.5,0.0013114026808752962,0.026614756825451297,-1.0138512733379539,False,-0.04045211183819153,0.010189160072556786,0.0503594254786523,-1.0055966967338714,False,False,
2022-11-10,803.5,0.0003846937309105325,0.026322663960743294,-0.15592914723308376,False,-0.04174120453190222,0.009612368762291691,0.05069175560185733,-1.0130557264091349,False,False,
2022-11-11,813.75,0.000559046940013476,0.026250533207692946,0.4646626583539838,False,-0.01869158878504673,0.009189445007952558,0.05098922403445072,-0.5468024728943032,False,False,
2022-11-14,818.5,0.0002778021670824356,0.026000846115311026,0.21381501922557797,False,-0.07225843015018418,0.008558312167452743,0.05103810098211211,-1.583459038688796,False,False,
2022-11-15,828.25,0.0005065899404668824,0.025972876553368975,0.4391290369788645,False,-0.08227146814404429,0.007062734686596087,0.05174552627398825,-1.726414035439957,False,False,
2022-11-16,817.5,0.0007892177441562105,0.02598021608461784,-0.529956743020848,False,-0.03368794326241131,0.006170846886180674,0.05270515015690504,-0.7562598727056274,False,False,
2022-11-17,806.75,0.001041029333746808,0.02574994428446536,-0.5511031896526963,False,-0.04015466983938132,0.006337248332124762,0.05255716543640645,-0.8845971388575122,False,False,
2022-11-18,803.25,0.0010550064181964617,0.025741843909289693,-0.20951883754436013,False,-0.05249189029784729,0.006708909882934231,0.052120918966013605,-1.1358356942897434,False,False,
2022-11-21,799.25,0.0006698289120515843,0.02560128212349131,-0.2206763930982841,False,-0.05498078628436298,0.006401782870177404,0.05240400943648487,-1.1713334497608963,False,False,
2022-11-22,791.5,0.0007184479573504513,0.025586847970720854,-0.407046562472738,False,-0.043793415886439147,0.005374458903733284,0.052846099091633424,-0.9303974301852805,False,False,
2022-11-23,793.5,0.0005204094119085889,0.02560950505554462,0.0783474081659191,False,-0.016119032858028515,0.004621715523082927,0.05314213781324739,-0.3902881824965111,False,False,
2022-11-25,775.5,0.0005241765943619425,0.02560978284902029,-0.9062351973106784,False,-0.034847542003733634,0.0047758982472361185,0.053063862862135054,-0.7467123219791821,False,False,
2022-11-28,756.75,-8.964790177409033e-05,0.025606944281425775,-0.9406941157584046,False,-0.07004608294930881,0.004150977524790469,0.053253025640456746,-1.393292861424407,False,False,
2022-11-29,757.75,-0.0005954112074815295,0.025704232684019328,0.07457338256498587,False,-0.07422113622480142,0.003319028936139546,0.053923056108091394,-1.4379779403731852,False,False,
2022-11-30,771.5,-0.000499675032664301,0.025697734862289788,0.7255698446768486,False,-0.068517959553275,0.002358300612019734,0.05465897513637821,-1.2966993981949568,False,False,
2022-12-01,758.75,-0.0001708820446297136,0.025777379487269093,-0.6344851901302586,False,-0.0718654434250765,0.001436397087995854,0.05526830868810376,-1.3262906402064414,False,False,
2022-12-02,737.25,-0.0001456289317798909,0.025760181695534873,-1.094342053904707,False,-0.08614812519367832,0.0002845803334543377,0.05588862194903884,-1.5465170282055793,False,False,
2022-12-05,715.5,-0.00013752304806250227,0.02575109137438245,-1.1403012969829387,False,-0.10924369747899154,-0.0008553324760020169,0.05677291084160771,-1.9091563810315306,False,False,
2022-12-06,705.5,2.3768976403646392e-05,0.025524781606172324,-0.5484869404074714,False,-0.11729746637472627,-0.0014429055243907,0.05766856893818169,-2.0089723567534135,True,True,trend
2022-12-07,727.0,-0.0005590265550843699,0.02533556790058338,1.2249130240729602,False,-0.08149084017687935,-0.0026201492161332094,0.05912170642246379,-1.3340394879194244,False,False,
2022-12-08,724.25,-0.0004580388593530834,0.025445200348645638,-0.13065841871084474,False,-0.08727158160050408,-0.0035485233980790763,0.059811455496690674,-1.3997829931936254,False,False,
2022-12-09,712.75,-0.0007204579998208308,0.025375624507221504,-0.5973463624781972,False,-0.08091553836234688,-0.0047334709949362975,0.060583435468022036,-1.257473545019117,False,False,
2022-12-12,733.0,-0.0011408372943115734,0.025361913738740246,1.1652086443069178,False,-0.031384208787578416,-0.0057331534257840525,0.06121885829252842,-0.41900577823949714,False,False,
2022-12-13,728.75,-0.0003385427593843312,0.025331909964740575,-0.21552055447625082,False,-0.03827119762454634,-0.005477336750270091,0.061068866935938555,-0.5369980240287923,False,False,
2022-12-14,728.25,-0.0006756752449792917,0.02523255491845411,-0.0004133985455739229,False,-0.05605962410887877,-0.005636089195024175,0.061139334019465946,-0.8247315042358887,False,False,
2022-12-15,757.25,-0.00128374018209987,0.02466200484841589,1.6667432476692319,False,-0.001976935749588127,-0.00670408368361087,0.061313291962131804,0.07709825688273785,False,False,
2022-12-16,753.5,-0.00039912844720806214,0.024932809961550118,-0.18261082386871,False,0.02204136995591721,-0.006938246050009111,0.06126052943917496,0.4730552652944328,False,False,
2022-12-19,748.5,-0.0006447162923867511,0.024885051646733068,-0.24074628652646593,False,0.04612159329140453,-0.007443575005242586,0.060856378310190896,0.8801898795820583,False,False,
2022-12-20,750.5,-0.00018107033200245463,0.024435159472140977,0.11676130140660598,False,0.06378454996456417,-0.007630625440555187,0.060667076733732415,1.1771652640947299,False,False,
2022-12-21,767.75,-0.00044632467477353425,0.024292454980883484,0.9645382311211802,False,0.056052269601100324,-0.007483782431181442,0.060828367903332195,1.0445135094410654,False,False,
2022-12-22,762.25,-0.0002575588274849524,0.02442015940803959,-0.28280861535088087,False,0.05246807041767343,-0.007246909859645248,0.061043223320695277,0.9782409418913124,False,False,
2022-12-23,776.0,-0.0007947426981025588,0.024117148782377196,0.7809150277903937,False,0.08874079270431423,-0.007292571401313572,0.06099661846140149,1.5744047215731718,False,False,
2022-12-27,774.5,-0.00029611012616518256,0.024114747368298703,-0.06787877722941876,False,0.05661664392905874,-0.006369318903201544,0.06192457010440768,1.0171400903722552,False,False,
2022-12-28,785.5,-0.0010251529087163618,0.023302357795357734,0.6534902806477785,False,0.07787307032590052,-0.00706078735981052,0.06090600003355285,1.3945072347374863,False,False,
2022-12-29,774.0,-0.0006482651106914809,0.023317206650154045,-0.6000757963891448,False,0.06282183316168899,-0.006982445774367165,0.061012749766808316,1.1440933116905763,False,False,
2022-12-30,792.0,-0.0008672440091194952,0.023371121072497246,1.0321737621305438,False,0.04588973258501161,-0.006514740031398305,0.06141566717005996,0.8532753128171994,False,False,
2023-01-03,775.5,-0.0007311999120673462,0.023482674055900606,-0.8560410698293052,False,0.029197080291970767,-0.006829904803738039,0.06107990424240469,0.5898336865874961,False,False,
2023-01-04,745.5,-0.0008723256644668916,0.02357228043452312,-1.6041041924793058,False,-0.004008016032064132,-0.00703393549255214,0.06093150494327992,0.0496609998933193,False,False,
2023-01-05,746.75,-0.0016208635423010046,0.023871875989215578,0.13813705184420952,False,-0.004996668887408351,-0.008535903537819549,0.059411025116875404,0.05957201787797288,False,False,
2023-01-06,743.5,-0.001144886943475066,0.023571111055455434,-0.13606935560229633,False,-0.031585802670139995,-0.009233042813611305,0.05905279978397046,-0.3785215931894937,False,False,
2023-01-09,741.5,-0.002218368719914694,0.021767250477518704,-0.021666085283654792,False,-0.02722204001311901,-0.011216686849213172,0.05721907083395893,-0.2797206059208991,False,False,
2023-01-10,731.0,-0.0024034192667675273,0.021710651880000983,-0.5415344643070195,False,-0.0579896907216495,-0.012825866378486702,0.05591753593446404,-0.8076862398961087,False,False,
2023-01-11,740.0,-0.0026954991380115346,0.021719622346626225,0.6909604781931474,False,-0.044544867656552634,-0.015248249998966191,0.05381956662055012,-0.5443488213894314,False,False,
2023-01-12,742.75,-0.002088482001285604,0.02149012725614683,0.2701099974101643,False,-0.05442393380012733,-0.01626800440198138,0.05363770661854143,-0.7113639229488654,False,False,
2023-01-13,743.75,-0.0016982169491806865,0.021323362694239446,0.1427807153966891,False,-0.03908268733850129,-0.01725913481203558,0.053646938211041696,-0.40679959107105107,False,False,
2023-01-17,751.75,-0.0018900558518913525,0.02122892172686964,0.595713646486962,False,-0.05082070707070707,-0.018235097390966015,0.053364773939269326,-0.6106202139415869,False,False,
2023-01-18,742.5,-0.0022323910188898773,0.02080539513530946,-0.4841163295863406,False,-0.04255319148936165,-0.019685766847858024,0.052740114591740245,-0.4335869350781606,False,False,
2023-01-19,734.5,-0.0022931220873047414,0.020828353222319414,-0.40719919604674176,False,-0.014755197853789426,-0.021061821235369038,0.051956242437595584,0.12138336195413804,False,False,
2023-01-20,741.5,-0.0028124201351941423,0.020542055711395682,0.6008509092145246,False,-0.007030465349849302,-0.02221619993235142,0.05081386073057538,0.2988502421223164,False,False,
2023-01-23,720.0,-0.0025478925209721586,0.020571930323023423,-1.2856055266527253,False,-0.03160726294552796,-0.02361838819601668,0.04886144834315003,-0.16350057193159837,False,False,
2023-01-24,734.5,-0.002802917304779283,0.02078139624397413,1.1039588449366353,False,-0.009440323668240103,-0.024177813706619058,0.04870722886572266,0.3025729523436377,False,False,
2023-01-25,741.25,-0.0025196331900998194,0.020948956249059063,0.558956645382011,False,0.014021887824897439,-0.024277866339392457,0.04866861577124476,0.7869497325403453,False,False,
2023-01-26,752.5,-0.002057115637144104,0.02081727845559659,0.8278786989946687,False,0.016891891891891886,-0.023626089461924796,0.048851945020412554,0.8294036468125564,False,False,
2023-01-27,750.0,-0.0018737157007096188,0.020908734014001572,-0.06927934682860319,False,0.009761023224503562,-0.023397078508893405,0.04900287420177277,0.6766562629952307,False,False,
2023-01-30,752.5,-0.0027927639802461327,0.01936008375470778,0.3164292774348078,False,0.0117647058823529,-0.02451013277576793,0.04723391438827198,0.7679829022836131,False,False,
2023-01-31,761.25,-0.002222377815830116,0.018890096936233426,0.7332034790148614,False,0.01263717991353519,-0.024804599156697815,0.04693305321665246,0.7977699404595348,False,False,
2023-02-01,759.75,-0.0017898695777828122,0.018830014677907705,-0.009589677706558572,False,0.02323232323232327,-0.024326111727866362,0.047131636628077324,1.0090554532506528,False,False,
2023-02-02,761.0,-0.0019672708985772995,0.01876726542223282,0.19249202637100996,False,0.03607896528250509,-0.02395684021215133,0.047397112282039786,1.2666553425746536,False,False,
2023-02-03,756.75,-0.0014596702733132465,0.01833250162499292,-0.2250149330345781,False,0.020566419420094295,-0.02258231655133992,0.04762593274872128,0.905992460013137,False,False,
2023-02-06,750.25,-0.0015535191789060843,0.018335400843899043,-0.383729992380098,False,0.042013888888888795,-0.021562483590650945,0.047721222889505525,1.3322452491786616,False,False,
2023-02-07,749.75,-0.0014899565158123717,0.018302163745512103,0.04499533545701442,False,0.020762423417290732,-0.020212339010855205,0.04807179841975587,0.8523659146337805,False,False,
2023-02-08,764.75,-0.0013693545086467533,0.018277039429669555,1.1695561242580905,False,0.031703204047217604,-0.01903750226403486,0.047980832329771225,1.057520344009722,False,False,
2023-02-09,757.25,-0.0012293943667404446,0.018401242943443263,-0.4661496058475782,False,0.006312292358803928,-0.01816352249372763,0.04830336581686011,0.5067103386817895,False,False,
2023-02-10,786.0,-0.001383706244911509,0.018424294516483492,2.1357687117778195,True,0.04800000000000004,-0.01763251584260447,0.04835122432743172,1.357411663418177,False,True,shock
2023-02-13,792.0,-0.0006894192207388376,0.018913058009514604,0.4400666990399554,False,0.05249169435215939,-0.015581712715383429,0.047819637024863595,1.4235450392931333,False,False,
2023-02-14,786.0,-0.0005240513637178716,0.018931118721175446,-0.37249284186000037,False,0.0325123152709359,-0.013901431300491896,0.04796978366303759,0.9675621407313375,False,False,
2023-02-15,769.25,-0.0007169053301567437,0.018928261172500502,-1.0879777625710627,False,0.012504113195130007,-0.012836971262365389,0.04810373348832816,0.5268007828050214,False,False,
2023-02-16,765.0,-0.0009693172845499791,0.01907637632522731,-0.23880555280714524,False,0.005256241787122251,-0.011867036901691367,0.04786780686010253,0.35772014245101635,False,False,
2023-02-17,765.5,-0.0008958940555312204,0.01904770006071968,0.0813478174180418,False,0.01156260323752889,-0.01132394795914639,0.04782738142956567,0.478524027713702,False,False,
2023-02-21,750.5,-0.0017393551193189423,0.01747474219412782,-1.021799383736474,False,0.0003332222592469236,-0.01149885463529796,0.04771779297414871,0.24795943309773263,False,False,
2023-02-22,736.5,-0.002306657969140861,0.017352513993047856,-0.9420866942046536,False,-0.01767255751917307,-0.012326273551378318,0.04695112989959162,-0.11386912262235578,False,False,
2023-02-23,738.25,-0.001720662667762832,0.015976272517368956,0.25642814079918463,False,-0.0346518470088264,-0.012637192446086657,0.04690769446956318,-0.46931862270537095,False,False,
2023-02-24,708.25,-0.0016022988647779771,0.015973260747219744,-2.4437303351718382,True,-0.06470782436447675,-0.012961840956690066,0.04697553216182135,-1.1015518297809184,False,True,shock
2023-02-27,696.0,-0.002259131647042847,0.016549451950454014,-0.9086114081906348,False,-0.1145038167938931,-0.013777594610573167,0.04733928063538347,-2.127751432454863,True,True,trend
2023-02-28,691.5,-0.0024582911991458604,0.01664030022428722,-0.24081452787641178,False,-0.12689393939393945,-0.015415588869265709,0.0486701052583281,-2.290489201389149,True,True,trend
2023-03-01,697.0,-0.002260726295520228,0.016501160856574458,0.6190140301744447,False,-0.11323155216284986,-0.01699569813805422,0.050334073787037,-1.9119424831768763,False,False,
2023-03-02,701.25,-0.0018123832794528516,0.016312201614916366,0.4849096671187244,False,-0.08839779005524862,-0.017966090675716338,0.051480896016680634,-1.3681133163787842,False,False,
2023-03-03,695.75,-0.0016814854422661722,0.016336061168322008,-0.3771809954154737,False,-0.09052287581699348,-0.018588178482694288,0.052050814593930246,-1.3820090597138828,False,False,
2023-03-06,682.5,-0.001956149798778326,0.01626303934741796,-1.05072900249388,False,-0.10842586544741994,-0.019545928976453575,0.05270943473270436,-1.6862244287324804,False,False,
2023-03-07,684.75,-0.002287901405297239,0.01635543063894846,0.3414526236136803,False,-0.08760826115922715,-0.020028161447083387,0.053359647667864996,-1.266501985410275,False,False,
2023-03-08,674.5,-0.0024027724841267782,0.016284451309079986,-0.7716682652403666,False,-0.08418194161575021,-0.020099318687285827,0.05344725978877505,-1.1989879964234005,False,False,
2023-03-09,653.5,-0.0024293030684090456,0.016303524917350504,-1.760654247405497,False,-0.11479850998984087,-0.020772571998663676,0.053936529945889516,-1.7432700636378793,False,False,
2023-03-10,666.75,-0.0026690940866360095,0.01659301850511425,1.3827824044404777,False,-0.058595128838686894,-0.021767823200669806,0.054977632719609114,-0.6698597923602798,False,False,
2023-03-13,672.25,-0.0023409096235331097,0.016801656397138227,0.6302877675933719,False,-0.03412356321839083,-0.021849199714547667,0.0550282179260631,-0.2230558060291034,False,False,
2023-03-14,686.5,-0.0021645264426725483,0.01684296600563512,1.3870477215077974,False,-0.007230657989877098,-0.02157110340700137,0.05491109651245668,0.2611575132882498,False,False,
2023-03-15,702.75,-0.0017526056195722687,0.017032977680797454,1.4925986505720708,False,0.008249641319942658,-0.021083599968380547,0.05487342969832907,0.5345618352923258,False,False,
2023-03-16,699.0,-0.0014706863379110994,0.01727798433440056,-0.22372360588480442,False,-0.0032085561497325887,-0.020758684312674264,0.054975274243332144,0.3192367551503447,False,False,
2023-03-17,710.5,-0.0012393779282673762,0.017105411817263046,1.0342605316524078,False,0.021200143729787957,-0.020336831167954247,0.05498709205576112,0.7553950089890284,False,False,
2023-03-20,700.75,-0.0006976442735760013,0.01701225200498298,-0.7656297469675295,False,0.026739926739926645,-0.019120214812232958,0.05488172055535939,0.8356177810770402,False,False,
2023-03-21,683.25,-0.0008982332181293643,0.017076693310091404,-1.4098168362385153,False,-0.0021905805038334725,-0.017774067306036586,0.05474996891794284,0.28463005751764076,False,False,
2023-03-22,663.5,-0.0014731541436479242,0.017152549040562022,-1.5993430441999053,False,-0.016308376575240868,-0.016889702252044034,0.05445412375947735,0.010675512462028932,False,False,
2023-03-23,662.0,-0.0016382170312785787,0.0173577054571393,-0.03586427239309475,False,0.013006885998469775,-0.01614894136071289,0.054072707471762356,0.5391967356990273,False,False,
2023-03-24,688.5,-0.0012905458236850127,0.017074558882566388,2.4200190229357696,True,0.03262092238470182,-0.01482687454481758,0.053547725150153505,0.8860842696206187,False,True,shock
2023-03-27,698.0,-0.0003634559914002189,0.017406539985113767,0.8135774163526421,False,0.03830420230568987,-0.012935346279968334,0.05266582207915271,0.9729184234255202,False,False,
2023-03-28,699.75,6.868704981945287e-06,0.0174084638899003,0.14362522934898006,False,0.019300801165331283,-0.010860657364229453,0.051552149731240705,0.5850669406960314,False,False,
2023-03-29,704.75,-0.00036603365788262434,0.01704269934171272,0.44074254799340873,False,0.0028459622909995375,-0.009516768812999978,0.050996797014567496,0.24242171720055355,False,False,
2023-03-30,692.25,-0.00022032595687786186,0.01705980043935456,-1.0267681735053489,False,-0.00965665236051505,-0.008315201561113263,0.05019537080845844,-0.026724591885587557,False,False,
2023-03-31,692.25,-0.0002451031715383619,0.017084181323714157,0.01434679057158799,False,-0.025686136523574987,-0.007365083081088839,0.04947178485332305,-0.370333382893007,False,False,
2023-04-03,693.5,-0.0006239176226081611,0.016751944261533504,0.14503532340692418,False,-0.010346057795219354,-0.00728910878423546,0.049438764257787225,-0.06183303844416755,False,False,
2023-04-04,691.5,-0.0005225336749816838,0.01674321371687166,-0.14103555619917768,False,0.01207464324917673,-0.0069167735865111,0.04930725811859113,0.38516473152919417,False,False,
2023-04-05,682.0,-0.0005518378854832661,0.016745427050744506,-0.7874634821389597,False,0.02788244159758846,-0.006008316688403694,0.04901640364502557,0.6914166639280065,False,False,
2023-04-06,675.5,-0.0012659677528665946,0.016131184115289226,-0.5123507348822741,False,0.020392749244712904,-0.005610191657108006,0.04917061070766606,0.5288309526277016,False,False,
2023-04-10,678.5,-0.0013270165845093624,0.016153970927471478,0.35707451193453016,False,-0.014524328249818419,-0.005632173266590729,0.04915844909390924,-0.18088762251715204,False,False,
2023-04-11,674.0,-0.0011793251876216404,0.01615541545937038,-0.337530898409276,False,-0.034383954154727836,-0.006440785553807036,0.04879306963853174,-0.5726872444781412,False,False,
2023-04-12,679.5,-0.0013033823578861832,0.016161164174817888,0.5855778484916468,False,-0.02893890675241162,-0.007749698942064263,0.04819684280410539,-0.4396389177704077,False,False,
2023-04-13,667.0,-0.0015010415511309135,0.01594936198174689,-1.0592798502683618,False,-0.05356509400496634,-0.008882914626777755,0.047672760731794814,-0.9372685511034041,False,False,
2023-04-14,682.5,-0.00165080273815373,0.016055632005554852,1.5501839814924738,False,-0.014084507042253502,-0.010296690152412953,0.04740023139181527,-0.07991135862882312,False,False,
2023-04-17,696.5,-0.0015814736768726275,0.016152733856191422,1.367836205709798,False,0.006139400505597692,-0.011667694149033856,0.04596220743545029,0.38742905635330893,False,False,
2023-04-18,698.0,-0.0012821962074920665,0.016352831295932634,0.21010560278633797,False,0.006488824801730297,-0.01234072406134667,0.0453137982403656,0.4155367590947954,False,False,
2023-04-19,681.75,-0.001442850689592383,0.016257556882454612,-1.3432492815841868,False,-0.014099783080260275,-0.01329251400166894,0.04412746638349025,-0.018294027388197517,False,False,
2023-04-20,667.75,-0.001558056634011192,0.016382476658736017,-1.1583920205306426,False,-0.02089442815249265,-0.014318135551561596,0.0432190568561375,-0.15216187208391524,False,False,
2023-04-21,661.75,-0.002141939311684644,0.01626610305450812,-0.4207190494521795,False,-0.020355292376017742,-0.01520859102806165,0.042646000526437834,-0.12068426779588534,False,False,
2023-04-24,643.5,-0.001983966850267779,0.016139160496694196,-1.5858584333353465,False,-0.05158437730287402,-0.0158692893303015,0.042331431429363346,-0.8437014002743743,False,False,
2023-04-25,638.75,-0.001835882464869374,0.015846156376362316,-0.34996656507254714,False,-0.05229970326409494,-0.0165036408139123,0.04250739267926992,-0.8421138111263109,False,False,
2023-04-26,627.25,-0.0019566589236740023,0.015853540498802696,-1.0122190038157601,False,-0.07689477557027224,-0.017134347938934785,0.04268491051186488,-1.4000363808827991,False,False,
2023-04-27,614.75,-0.002138681871123387,0.01595943426508497,-1.1146746246527461,False,-0.078335832083958,-0.017738467577603216,0.04320961001821379,-1.4024048002472524,False,False,
2023-04-28,619.75,-0.0023685255837243985,0.016091068994129907,0.6526547828160221,False,-0.09194139194139195,-0.018419984805214402,0.043760786617090736,-1.6800750813620848,False,False,
2023-05-01,603.75,-0.00207127394294737,0.01607620285617291,-1.477064447820901,False,-0.1331658291457286,-0.01887267415481097,0.04434733043903028,-2.577227396991809,True,True,trend
2023-05-02,595.5,-0.0025796574515146377,0.016217471074896052,-0.6835183346765048,False,-0.1468481375358166,-0.020054286974666647,0.04618322662013447,-2.7454524042690363,True,True,trend
2023-05-03,626.25,-0.002811401618041415,0.016250439153465246,3.3505975254464464,True,-0.08140814081408143,-0.02128660969114251,0.04829741790267494,-1.2448187446395371,False,True,shock
2023-05-04,631.5,-0.00214085586382793,0.01741982825326836,0.6041442684595641,False,-0.05428678397603892,-0.02185094907081691,0.0487532971627385,-0.6653054622531723,False,False,
2023-05-05,647.0,-0.002172496783668921,0.017398227421660636,1.5356295152756596,False,-0.022289384208537988,-0.021897163429554663,0.04878276323281508,-0.00804015092608543,False,False,
2023-05-08,641.0,-0.0016811720195902425,0.01762703734660342,-0.4307245826791043,False,-0.0038850038850039015,-0.021626979332477016,0.04872289246922356,0.364140438884659,False,False,
2023-05-09,630.5,-0.001661160813592432,0.017617423985359766,-0.835507757822518,False,-0.012915851272015666,-0.02148204341289321,0.04875976400799342,0.17568157506819035,False,False,
2023-05-10,628.25,-0.0020066401194903305,0.01764902250201071,-0.08850100522185937,False,0.0015942606616181632,-0.02156051522518876,0.04874092418288214,0.4750582036550489,False,False,
2023-05-11,614.25,-0.0016676176730094723,0.017365523652397512,-1.187208937797754,False,-0.0008133387555917526,-0.021117828243760142,0.0487991827716319,0.41608257218544775,False,False,
2023-05-12,624.5,-0.0022332578256969793,0.017336520137038184,1.0913536490112568,False,0.007664380798709125,-0.021002801778258164,0.048837232909076364,0.5869944071225115,False,False,
2023-05-15,660.75,-0.0021332966047918054,0.017424665305561467,3.4537095949443524,True,0.09440993788819885,-0.021087568538607347,0.048781104161479,2.3676689655174137,True,True,shock+trend
2023-05-16,647.5,-0.001561704986359341,0.018659557021893418,-0.9909809274501288,False,0.08732157850545752,-0.020053994591989917,0.05039133707473003,2.1308339752567025,True,True,trend
2023-05-17,625.5,-0.0017847811326728235,0.018780505333544077,-1.7141206944342713,False,-0.0011976047904191933,-0.019019853854910534,0.05178797691811262,0.3441387388557765,False,False,
2023-05-18,611.75,-0.0022822500301417216,0.01913392299739593,-1.0295935674709482,False,-0.03127474267616781,-0.019192684663880827,0.05170541559001958,-0.23367103570131867,False,False,
2023-05-19,605.0,-0.002730387644081578,0.01919721989730124,-0.43253822610424597,False,-0.06491499227202469,-0.019778176965076867,0.05158860468310807,-0.874937703475574,False,False,
2023-05-22,606.25,-0.0028512339872127732,0.019220884075369104,0.2558336895644391,False,-0.05421216848673949,-0.02095347450513484,0.0515995830041353,-0.6445535418171737,False,False,
2023-05-23,622.25,-0.002845622818539595,0.019222275862011688,1.5210152848570875,False,-0.013084853291038812,-0.02215735628872477,0.051303416089953,0.17684013442260174,False,False,
2023-05-24,606.25,-0.002419269358857769,0.01951312232707929,-1.19375403162231,False,-0.035017906884202143,-0.02260603992487321,0.05107134486522185,-0.24302996116675724,False,False,
2023-05-25,604.25,-0.0026475863642087885,0.0196857090393782,-0.033089115898909345,False,-0.016280016280016296,-0.02363313053518109,0.05052589492858227,0.1455315985111858,False,False,
2023-05-26,616.0,-0.0026826866915910705,0.01968447576078463,1.1241488303634346,False,-0.013610888710968827,-0.02412702973114518,0.050266438236935426,0.20920800018906385,False,False,
2023-05-30,591.0,-0.0026901676939699707,0.01967584096275525,-1.925927738599653,False,-0.10556186152099889,-0.024731217634587667,0.04985697003992078,-1.6212506259744552,False,False,
2023-05-31,594.25,-0.0031005315482697513,0.02014171351817808,0.42695898324737147,False,-0.08223938223938221,-0.026222873019651705,0.05058390246423784,-1.107397936711851,False,False,
2023-06-01,610.75,-0.0035334271688519142,0.01958845877815684,1.5978551061912305,False,-0.023581135091926497,-0.027959398116176804,0.050235762864112465,0.08715430551126477,False,False,
2023-06-02,619.0,-0.0032649937831721407,0.019879340254786285,0.8437390556002523,False,0.011851246424192885,-0.028973702508764607,0.04934960613805565,0.8272598735387997,False,False,
2023-06-05,624.0,-0.002983877255637276,0.019966440610261142,0.5540006803439487,False,0.03140495867768589,-0.029249183426721188,0.049058547849478926,1.2363623621821351,False,False,
2023-06-06,627.75,-0.0025920375623510222,0.0198901457985349,0.4324580138371854,False,0.03546391752577316,-0.02899717215362044,0.04932376032535791,1.3068973098195316,False,False,
2023-06-07,616.75,-0.0024382445321767766,0.019911743663848958,-0.7575757786868144,False,-0.008838891120932058,-0.02859440314377176,0.04972891861032602,0.3972640583167144,False,False,
2023-06-08,626.25,-0.002680597785704393,0.019984088214090152,0.9049160245452718,False,0.03298969072164959,-0.028866423068551247,0.049561807044485456,1.2480600986699357,False,False,
2023-06-09,630.25,-0.002213952988379265,0.01999240330454273,0.4302223402689673,False,0.04302854778651222,-0.02843100348905254,0.049963624789560526,1.4302315249652509,False,False,
2023-06-12,633.75,-0.0018800669075540188,0.019923113904251475,0.3731052679708811,False,0.028814935064935154,-0.027621655418310076,0.05062748376858463,1.1147421574655716,False,False,
2023-06-13,636.25,-0.0018377035921708332,0.019935660272534874,0.2900569476336688,False,0.07656514382402713,-0.026775431657326584,0.051037145242749604,2.024811046735307,True,True,trend
2023-06-14,630.25,-0.0012432847404386881,0.019421164347324472,-0.42154891003945494,False,0.06058056373580145,-0.024891792081479864,0.05221172789005683,1.6370336564471104,False,False,
2023-06-15,661.5,-0.0011384061126283192,0.019354427938798727,2.6206873633609753,True,0.08309455587392556,-0.02255733367441727,0.052064831803977675,2.029237123940371,True,True,shock+trend
2023-06-16,688.0,-0.0003910859012544332,0.020209174437024628,2.001643098247577,True,0.11147011308562194,-0.019757487070845736,0.05202435961322028,2.5224260544885304,True,True,shock+trend
2023-06-20,695.75,3.700402998600083e-05,0.02072188488202316,0.5418199607640541,False,0.11498397435897445,-0.016761464867532782,0.05302900615166359,2.484403325412392,True,True,trend
2023-06-21,734.5,0.00010589701542748445,0.020750875298062525,2.6788940242537995,True,0.17005177220230983,-0.01404970800867647,0.054496114700341255,3.378249646296958,True,True,shock+trend
2023-06-22,739.0,0.0009530760834854165,0.021697390069851403,0.2384406901449898,False,0.19821645723550874,-0.010575379368419095,0.05776315223448088,3.6146198489370627,True,True,trend
2023-06-23,733.25,0.0012886869322306879,0.021578237738983798,-0.42030641641461836,False,0.1708582834331338,-0.006486815065980046,0.06147649919048701,2.8847624837843164,True,True,trend
2023-06-26,724.25,0.0011409870903495204,0.021602205998283282,-0.621006444931619,False,0.1491471638238795,-0.003040594471415233,0.06405788120779317,2.3757850778988896,True,True,trend
2023-06-27,685.0,0.001176918353241132,0.021577274771616868,-2.5661680043465407,True,0.0808678500986193,7.046026777982976e-05,0.06570859035707505,1.229632067767221,False,True,shock
2023-06-28,655.75,0.0008694540822431011,0.022199242558373935,-1.962687866249519,False,0.030648330058939077,0.002679345068959299,0.06496638023887577,0.4305147506624232,False,False,
2023-06-29,653.0,2.9771817365786823e-05,0.022641912841441392,-0.18653208391022186,False,0.036096786989289864,0.0038692578542609784,0.06464541251415669,0.49852770493144255,False,False,
2023-06-30,636.25,-0.00013613005260157223,0.022626454882761875,-1.12764957418493,False,-0.03817082388510962,0.004805529190363388,0.06459620799422615,-0.6653076768734535,False,False,
2023-07-03,628.5,-0.000760774231872765,0.02267615504168416,-0.5036114944981048,False,-0.08648255813953487,0.00439299364509362,0.06477267104504256,-1.402992192825183,False,False,
2023-07-05,662.0,-0.0012387947711247154,0.022531590144317624,2.4206150545606926,True,-0.048508803449514915,0.003129897652300587,0.0656146362193098,-0.7869997317247748,False,True,shock
2023-07-06,647.0,-0.0004569588933776991,0.023388545484026548,-0.9492531886469149,False,-0.1191286589516678,0.002525894354970156,0.06588173002027624,-1.8465597862897143,False,False,
2023-07-07,639.5,-0.0009784346888962563,0.02344239145610385,-0.4527493808256053,False,-0.1346414073071719,0.0006548436525507458,0.0673211659399519,-2.0097134247556276,True,True,trend
2023-07-10,636.25,-0.0009500244546858531,0.023428024464251178,-0.1763729988689556,False,-0.13228775997272413,-0.0014969074680772348,0.06903345310063033,-1.8946010467416798,False,False,
2023-07-11,649.5,-0.0006848091537930963,0.0232644131403079,0.9245862499005288,False,-0.10321021746634451,-0.0032315365276624434,0.07066630771854239,-1.4147998412042164,False,False,
2023-07-12,621.25,-2.172766726363869e-05,0.02315765732006247,-1.87727402140798,False,-0.09306569343065696,-0.0043902277395438255,0.07159003421732357,-1.2386565624752164,False,False,
2023-07-13,627.5,-0.0005715177691699417,0.023694778352062035,0.4487013883074744,False,-0.04308044224170793,-0.005804528798598848,0.07228607787448935,-0.5156720981297591,False,False,
2023-07-14,641.5,-0.0009711157599342668,0.023249326385718177,1.0013998834111415,False,-0.01761102603369069,-0.006813880326950978,0.0722707999768338,-0.14939845290491743,False,False,
2023-07-17,653.75,-0.0008576138248038149,0.02334299375159255,0.8547953657546763,False,0.027504911591355707,-0.0075594167048093856,0.07208725205982659,0.48641510522643494,False,False,
2023-07-18,670.75,-0.0006364310816956075,0.02345363656976272,1.1358688489195463,False,0.06722354813046927,-0.007450028565795727,0.07213477060975201,1.0351953165588879,False,False,
2023-07-19,727.75,-0.000384985548134158,0.023638553984935435,3.611239763718693,True,0.09932024169184284,-0.006591660754602797,0.07264020326699788,1.4580342246173732,False,True,shock
2023-07-20,727.0,0.0009845649405783134,0.025520301065344617,-0.07896218079234701,False,0.1236476043276662,-0.005138635500571359,0.07366083032576039,1.7483680167422566,False,False,
2023-07-21,697.5,0.0009708239580980659,0.025521115786455283,-1.6280064300280472,False,0.09069585613760744,-0.003147518955888143,0.07510211798264645,1.2495436562145905,False,False,
2023-07-24,757.5,0.0004057116557674053,0.025967718207117966,3.297008733601731,True,0.1905697445972494,-0.0018002934367837857,0.07587355369546697,2.5354030312873856,True,True,shock+trend
2023-07-25,760.25,0.0015911173559066904,0.027781412758821764,0.07340323899652912,False,0.1705157813702849,0.0005796412478571833,0.07904769566965342,2.1497924598916116,True,True,trend
2023-07-26,720.0,0.0018226988654676262,0.027724234930839607,-1.9753767712939638,False,0.15895372233400407,0.002481419111493136,0.08139438671752713,1.922396734378451,False,False,
2023-07-27,712.75,0.0012438679450682481,0.028409201200939573,-0.398227050084694,False,0.13585657370517934,0.004328898752683685,0.08335532825158846,1.5779156259274785,False,False,
2023-07-28,704.25,0.0010503932898060272,0.028436530016542002,-0.4563156407806846,False,0.09781761496492591,0.006333977445416988,0.08469362550716315,1.080171464755296,False,False,
2023-07-31,665.75,0.0009798151158797142,0.02846241289498101,-1.9551364790530796,False,0.018355640535372864,0.008096665033679038,0.0852088872751477,0.12039795178367495,False,False,
2023-08-01,652.25,0.00014210412913714905,0.029164158089580304,-0.7001740339730087,False,-0.02758106597092802,0.008727258997516165,0.08510604038764313,-0.4266245357329059,False,False,
2023-08-02,640.0,0.00011701075893929325,0.029181128769712517,-0.6476155568947898,False,-0.12057712126417042,0.009073712704636675,0.08490167406197105,-1.52707040704725,False,False,
2023-08-03,627.0,-0.0004432495478563325,0.029134551097360007,-0.6819823784394623,False,-0.13755158184319116,0.007653811181677783,0.08617515175444396,-1.685003044017046,False,False,
2023-08-04,633.0,-0.0009875871546939378,0.029119103158891012,0.3625443094012744,False,-0.09247311827956994,0.005737931417027265,0.08779141586669714,-1.1186862488437512,False,False,
2023-08-07,657.5,-0.0008887104517442375,0.029142494639454387,1.3586102459722469,False,-0.13201320132013206,0.004418438842609928,0.08852064094946165,-1.5412409885354734,False,False,
2023-08-08,656.25,-6.223866973259273e-05,0.02937688081405757,-0.06259691171154066,False,-0.1367971062150608,0.0028462599327449714,0.08989048694433417,-1.5534832538428869,False,False,
2023-08-09,635.0,0.00018621794610220585,0.029280028548309762,-1.112265661671788,False,-0.11805555555555558,0.0013008908919107294,0.09128953868432185,-1.3074493328331902,False,False,
2023-08-10,637.75,-0.00012572276928291288,0.029502837545028165,0.15105094294400112,False,-0.10522623640827777,-1.7792838164417309e-06,0.0922942862592961,-1.1400971976622538,False,False,
2023-08-11,626.75,0.0002997318879480234,0.029331176166023383,-0.5982668330013624,False,-0.11004614838480653,-0.0007170040718884918,0.09290524571374986,-1.1767811760572897,False,False,
2023-08-14,616.0,0.00016817681323340347,0.029388164685697184,-0.5893580449800171,False,-0.07472775065715354,-0.0014869566734979796,0.09357538450566692,-0.78269295253839,False,False,
2023-08-15,598.5,0.00017953600553800354,0.029381209666473097,-0.9730241620123432,False,-0.08240705251054048,-0.00145806300798973,0.0935521175354886,-0.8652822793866006,False,False,
2023-08-16,597.75,6.645823701981967e-05,0.029475810704075872,-0.04476860983903392,False,-0.06601562500000002,-0.0015123459470108298,0.093598497763358,-0.6891486572366867,False,False,
2023-08-17,589.5,-5.869536815347705e-05,0.02946101960770963,-0.46648287812320194,False,-0.05980861244019142,-0.0011666690544589375,0.09330743493838739,-0.6284809289254906,False,False,
2023-08-18,613.25,0.00010150603252059298,0.02935152461935224,1.369157972939491,False,-0.03120063191153244,-0.0001885728317184417,0.0922839242198351,-0.3360505022081452,False,False,
2023-08-21,599.25,0.0008208790492716389,0.029669019870009857,-0.7971300670316032,False,-0.08859315589353611,0.0013533939099386804,0.09075377088571253,-0.9911053714423141,False,False,
2023-08-22,601.75,-0.00017200719533434197,0.029187566117429443,0.14882668518583098,False,-0.08304761904761904,0.0012575937088792847,0.09084606037093429,-0.9280007565795482,False,False,
2023-08-23,612.5,-0.00022815855552593098,0.02917493322572446,0.6201460723354504,False,-0.03543307086614178,0.0008741159079248831,0.09114390585754924,-0.3983501302962805,False,False,
2023-08-24,604.0,-0.0003172275297053358,0.029108402523419487,-0.4658559836731946,False,-0.05292042336338687,0.0006988667524901659,0.09120166377702238,-0.5879200871485202,False,False,
2023-08-25,593.25,-0.00037861393898311227,0.029132390464147444,-0.5979392363111328,False,-0.0534503390506581,4.506115944505969e-05,0.09141049188499346,-0.585221664460656,False,False,
2023-08-28,588.0,-0.0003975120459007675,0.029143368873727905,-0.2900160757956322,False,-0.045454545454545414,-0.0004953986776035062,0.09160777431473087,-0.4907787260770979,False,False,
2023-08-29,569.75,-0.00046792486150106633,0.02915751020463307,-1.0484259420623627,False,-0.04803675856307432,-0.0011227160924856872,0.09175424601485471,-0.511301051539276,False,False,
2023-08-30,576.75,-0.0005846354268785644,0.029263341919049574,0.4398241955072909,False,-0.035131744040150514,-0.0017523616899187881,0.09191398598234567,-0.36315890333211154,False,False,
2023-08-31,573.0,-0.0006433144441651587,0.029232636961239,-0.20041422020116248,False,-0.027989821882951627,-0.00232297668777025,0.09198754826387841,-0.2790252124293241,False,False,
2023-09-01,567.5,-0.0015039596139637635,0.02842029302859772,-0.2848191683784756,False,-0.07460252751732577,-0.003954973484718923,0.09133160866052081,-0.7735279720649999,False,False,
2023-09-05,572.5,-0.001364568063693333,0.028353646592292146,0.358865330348166,False,-0.04463913224864413,-0.0061139615650227,0.0910582170870334,-0.4230828574954317,False,False,
2023-09-06,581.0,-0.0007940693081725506,0.028118073872708826,0.5562696417625627,False,-0.03448275862068961,-0.006693181931132366,0.0911646249646504,-0.30482850886879437,False,False,
2023-09-07,571.5,-0.0003030082996285843,0.02806458438986649,-0.5718278324806899,False,-0.06693877551020411,-0.0067359554770593235,0.09117706598431947,-0.6602846821534968,False,False,
2023-09-08,567.25,-0.00037390429531077035,0.02809875413491645,-0.25135157592661067,False,-0.0608443708609272,-0.006762939253568382,0.09119481443886598,-0.593031872920946,False,False,
2023-09-11,556.0,-0.0005006067770597793,0.02810902575843956,-0.6877477266780061,False,-0.06278971765697428,-0.006851368618557552,0.09124464847456962,-0.6130589571399034,False,False,
2023-09-12,560.25,-0.0011169304826448422,0.028018024439404307,0.3126849786885776,False,-0.04719387755102045,-0.0075141001434366915,0.09147076451786806,-0.4337973735841318,False,False,
2023-09-13,569.0,-0.0006721701799990513,0.02788675455951897,0.5841553850036962,False,-0.0013163668275559814,-0.007676446418994269,0.09153102449783744,0.06948550643163132,False,False,
2023-09-14,567.5,-0.0004199435568205804,0.02794815639935605,-0.07929898051031581,False,-0.01603814477676635,-0.007476931092961464,0.09152832589886484,-0.09353622061507698,False,False,
2023-09-15,604.25,-0.0007143675245225101,0.027852199156572915,2.3506968483015798,True,0.054537521815008816,-0.007509294507172098,0.09153095319648288,0.6778779653806237,False,True,shock
2023-09-18,591.25,0.0006901941399510495,0.028463856274292397,-0.7800934567415411,False,0.04185022026431717,-0.005374636062691995,0.09107907784071576,0.5185038918553684,False,False,
2023-09-19,584.0,0.00033001510169014943,0.028572885718221478,-0.44070352830560694,False,0.02008733624454151,-0.003720108029309337,0.09079053492961578,0.262223857281018,False,False,
2023-09-20,588.75,-0.00020369487378245547,0.028426953825489584,0.29328701797595697,False,0.013339070567986333,-0.003137861744823097,0.09080146738227586,0.18146107973609327,False,False,
2023-09-21,575.75,-0.000275353811722745,0.028398682097211986,-0.7678287858272881,False,0.007436570428696498,-0.0031180240895725174,0.09080494880616732,0.11623369273407007,False,False,
2023-09-22,579.5,-0.000677463462816273,0.02849216941308717,0.252374852678777,False,0.021595416483032093,-0.0034376025995590427,0.0907239478794462,0.27592515171247795,False,False,
2023-09-25,589.0,-0.0006707484200070072,0.02849382602271404,0.5988732797538321,False,0.059352517985611586,-0.0036225159467955905,0.09065769659929013,0.6946463046679733,False,False,
2023-09-26,589.0,-0.00021853052845660414,0.028491894304063414,0.007669919245258399,False,0.05131637661758148,-0.0027132971587083415,0.0909461655371556,0.5940841316087843,False,False,
2023-09-27,579.5,-0.00042390818012529865,0.028433221185933742,-0.5523512083009687,False,0.018453427065026284,-0.002468941346762583,0.09106792801738128,0.22974464081136897,False,False,
2023-09-28,578.75,-0.0007241249508848539,0.028479166539018577,-0.020017938473640848,False,0.01982378854625555,-0.0027966096230490622,0.09094614291964831,0.24872300729993493,False,False,
2023-09-29,541.5,-0.0008154258975375154,0.02846974441516564,-2.232103813356803,True,-0.10384774513860162,-0.0029164915766314568,0.09090982926851712,-1.1102347719062713,False,True,shock
2023-10-02,564.75,-0.0017261942195037116,0.029393038567473804,1.5194918417713228,False,-0.04482029598308668,-0.0053219967627998405,0.09116483331768573,-0.43326245200981767,False,False,
2023-10-03,568.5,-0.0010279736396184714,0.0298263384352935,0.25709088958250054,False,-0.02654109589041098,-0.006727341559051682,0.0909473287808524,-0.21785966225685113,False,False,
2023-10-04,560.0,-0.0016005522045513013,0.02924820720526601,-0.4564749829136584,False,-0.04883227176220806,-0.008189150249242836,0.09036331880841718,-0.4497745550839528,False,False,
2023-10-05,578.25,-0.0023340468141610014,0.028876747331522793,1.2093928768190358,False,0.004342162396873572,-0.010326515380547236,0.08938529368927577,0.16410616525367774,False,False,
2023-10-06,568.25,-0.002049716803086805,0.02911644333446999,-0.5235475078941336,False,-0.01941328731665226,-0.011801739540041914,0.08819429592243973,-0.08630430910525248,False,False,
2023-10-09,572.75,-0.003022901483073902,0.028370529791678957,0.3856801856522748,False,-0.027589134125636683,-0.014327940333628077,0.08558999632153254,-0.15493859518571312,False,False,
2023-10-10,558.5,-0.0029990023768345906,0.028379095100021425,-0.7710239747531497,False,-0.051782682512733436,-0.017338681551776678,0.0819045925621604,-0.42053809052057667,False,False,
2023-10-11,556.0,-0.00322699144665281,0.028486511156561523,-0.04385529295134048,False,-0.04055220017256256,-0.020307227764388244,0.07897366825119409,-0.2563509186857128,False,False,
2023-10-12,571.5,-0.0031230201623762845,0.028467268285537677,1.0889951818753274,False,-0.012526997840172749,-0.022836552617674137,0.07647128389360813,0.13481602835182835,False,False,
2023-10-13,579.75,-0.0020287309406642516,0.028051956358932855,0.5869261404821455,False,0.07063711911357351,-0.024081817256858033,0.0755141672532354,1.2543200807974655,False,False,
2023-10-16,577.25,-0.001266911934463383,0.02770619140840026,-0.10991375742175204,False,0.022133687472332797,-0.02354863340279624,0.076045131180708,0.6007264392321575,False,False,
2023-10-17,570.5,-0.001268492363361317,0.027706363994133437,-0.37626306337844556,False,0.0035180299032542273,-0.023734808063022333,0.0759141126481035,0.35899567307867886,False,False,
2023-10-18,580.25,-0.0010823927832067795,0.02758699618102027,0.6587402396208751,False,0.036160714285714324,-0.023178956679177486,0.07595959369993253,0.7812004787611774,False,False,
2023-10-19,594.0,-0.0006921125398283164,0.027634873896642348,0.8825368661170716,False,0.027237354085603016,-0.021543713046840825,0.07589848569835406,0.6427146297268184,False,False,
2023-10-20,586.0,-0.0010868435941076093,0.02705864472609366,-0.45756799718672847,False,0.031236251649801927,-0.02053376427970592,0.07603865538891233,0.6808381298264876,False,False,
2023-10-23,587.25,-0.0009643023033890789,0.026980329383322153,0.11480245705789888,False,0.025316455696202445,-0.018528898805019657,0.07538340077019212,0.5816314208864838,False,False,
2023-10-24,580.5,-0.000781301387285526,0.026953804303458298,-0.3974560090169964,False,0.0393912264995524,-0.016396127298308003,0.07430904906268719,0.7507477824241585,False,False,
2023-10-25,568.5,-0.0008667968204394209,0.026977789214336044,-0.7341238248818072,False,0.02248201438848918,-0.014107074145344312,0.07332859671950259,0.4989743452175214,False,False,
2023-10-26,579.5,-0.001420089913413604,0.026952415850513108,0.770589712495707,False,0.013998250218722585,-0.012431177720613197,0.072698274381457,0.36354959129644876,False,False,
2023-10-27,575.5,-0.0005821677718298268,0.02660126672767649,-0.2375952412306099,False,-0.007330746011211753,-0.011003658471954803,0.07214256221632513,0.05091186600400376,False,False,
2023-10-30,566.0,-0.0008083392962307615,0.026581662455506236,-0.5905968301552905,False,-0.019488956258120416,-0.010526995855548187,0.07204579780656802,-0.1243925485652019,False,False,
2023-10-31,556.25,-0.0013259145209617233,0.02650322513522267,-0.5999358118797753,False,-0.024978089395267355,-0.010552034925207251,0.07204861936392637,-0.20022666079404441,False,False,
2023-11-01,561.75,-0.0018102080871856148,0.026456830575615393,0.4421485220306533,False,-0.031882809133993995,-0.011251808271695559,0.07192876698986807,-0.28682544864427517,False,False,
2023-11-02,565.5,-0.0020250905357501485,0.02629281157882123,0.3309139432615702,False,-0.04797979797979801,-0.012573226368555068,0.07137582415206986,-0.496058322714529,False,False,
2023-11-03,572.5,-0.00306914297756141,0.02426799493326236,0.6365408098844698,False,-0.023037542662115995,-0.014537226897510282,0.07027338429628048,-0.12096067166435912,False,False,
2023-11-06,575.75,-0.0028903563127941007,0.024332523851132746,0.3520889267551989,False,-0.019582801191996624,-0.016493028857374047,0.06839157059278095,-0.04517767771440414,False,False,
2023-11-07,570.25,-0.002273628678941595,0.023947532903091793,-0.30396152387123815,False,-0.017657192075796746,-0.017963410955102094,0.06723155333721928,0.004554689935087748,False,False,
2023-11-08,592.25,-0.003547952180934475,0.021614873215448964,1.949006229409662,False,0.04177660510114345,-0.020739770110742715,0.06264679567195522,0.9979181623150848,False,False,
2023-11-09,580.75,-0.003081962749900183,0.022142022250122118,-0.7377606613219374,False,0.002157031924072461,-0.022456292460997933,0.058992736854039496,0.41722635188072327,False,False,
2023-11-10,575.25,-0.002634954282024792,0.021449389112695727,-0.31868310797473776,False,-0.0004344048653345256,-0.02454691499979702,0.0551287193618812,0.4373856388025424,False,False,
2023-11-13,579.0,-0.0026269685196804414,0.02144669511831928,0.42644674590714815,False,0.0229681978798586,-0.026364128047403873,0.051922950440275645,0.9501063693213458,False,False,
2023-11-14,572.0,-0.002381041253676961,0.02144437802590356,-0.45274191454126456,False,0.028314606741572934,-0.027362120275204765,0.05019439775009794,1.1092219353636745,False,False,
2023-11-15,560.5,-0.0018133308990143308,0.020587943457372644,-0.8884599981417995,False,-0.002225189141076944,-0.027229334059122104,0.050329965512868266,0.49680433243396815,False,False,
2023-11-16,553.5,-0.0018110244059079876,0.0205858564806141,-0.5186971378089538,False,-0.021220159151193685,-0.026891255701390757,0.05041266370631826,0.11249349138213281,False,False,
2023-11-17,550.75,-0.0017271271664636113,0.020528502657399864,-0.15789051470500376,False,-0.03799126637554584,-0.025566496206551062,0.04920857550462799,-0.2524919699784085,False,False,
2023-11-20,543.5,-0.001522538940025792,0.02041693375432511,-0.5701800600190834,False,-0.056013894919670015,-0.024239025333649127,0.04745856812201912,-0.6695286192437496,False,False,
2023-11-21,555.0,-0.0018256488792778346,0.020418786674924447,1.1256693592552829,False,-0.0267426567295046,-0.023752902355517126,0.04693402329507684,-0.06370121639030858,False,False,
2023-11-22,555.75,-0.0020595879156079027,0.020045247421301014,0.17016199377687544,False,-0.06162937948501479,-0.02234929509430876,0.04519451592472233,-0.8691338669526276,False,False,
2023-11-24,548.75,-0.002016221355131075,0.02004911274614745,-0.5276727365335298,False,-0.05510116229014206,-0.02134705873790815,0.04342087611102605,-0.7773703935850015,False,False,
2023-11-27,534.25,-0.0017524165439578429,0.019772434719692453,-1.2477610375662043,False,-0.07127335940895263,-0.020507666827702633,0.04211495311706618,-1.205407790438173,False,False,
2023-11-28,543.75,-0.0021624751955102244,0.019962564679635548,0.9990906885391245,False,-0.060880829015544036,-0.020054961801044963,0.04136784155454877,-0.9868986555816542,False,False,
2023-11-29,556.0,-0.001695407525105191,0.020014567703909768,1.210325574634172,False,-0.027972027972028024,-0.0193994242094548,0.04029824343252815,-0.21272896861935042,False,False,
2023-11-30,570.25,-0.0011663313903896735,0.020124627121245096,1.331494374123312,False,0.017395182872435244,-0.018776014573653122,0.03978919132347245,0.9090709371806267,False,False,
2023-12-01,577.0,-0.00044581689289675987,0.020103434726120844,0.6109767158996127,False,0.042457091237579014,-0.017445318101880117,0.03929822588497379,1.5243031457652554,False,False,
2023-12-04,595.75,-0.0002712829400107471,0.0201530922947103,1.6259018569065333,False,0.08170676350431227,-0.015999015218712394,0.039482168537703206,2.474681162199114,True,True,trend
2023-12-05,620.75,0.0003460160444101786,0.020440059866446522,2.0360945742833425,True,0.142134314627415,-0.014112143539452345,0.04072226262640777,3.8368805682605633,True,True,shock+trend
2023-12-06,615.75,0.0003683564584564743,0.020485171571084242,-0.4111817605191195,False,0.10945945945945956,-0.011801010918933047,0.04448424212925825,2.725919664452077,True,True,trend
2023-12-07,626.0,0.000565348675733716,0.020329528307752028,0.7910177403472356,False,0.12640575798470532,-0.009160309380893104,0.045725208515311394,2.964799325523102,True,True,trend
2023-12-08,615.0,0.000731675138420275,0.020410303631082774,-0.8967803935347323,False,0.12072892938496582,-0.006367597687128778,0.04751282736254394,2.674993977990233,True,True,trend
2023-12-11,591.25,0.00025918918269918656,0.02041849250172375,-1.9040130096910386,False,0.10669162377164243,-0.0042854376837806775,0.04959787753284067,2.2375365030880787,True,True,trend
2023-12-12,607.0,-7.068195274686051e-05,0.02084534957206138,1.2813006403026757,False,0.11632183908045968,-0.00215727705531362,0.05089033333433773,2.32812615624647,True,True,trend
2023-12-13,585.25,0.0005218045945371615,0.020965837471974374,-1.7339524406986973,False,0.0526079136690647,0.00010635198643461704,0.052333280650244604,1.0032155643654397,False,False,
2023-12-14,594.0,0.00016203922201501352,0.021356679978550258,0.6924688896863251,False,0.041648399824638416,0.0014138514414160851,0.05240455281171704,0.7677681847182247,False,False,
2023-12-15,629.25,0.0007752164308168046,0.021107536910962357,2.7747537839054828,True,0.09055459272097055,0.002609653553252255,0.052284016452151166,1.6820616535495696,False,True,shock
2023-12-18,617.0,0.0014026476835222986,0.02212901090564622,-0.9431179710320682,False,0.03566932438103221,0.004285471376733869,0.05306638266040637,0.5914074302960602,False,False,
2023-12-19,622.75,0.0012297720888878756,0.02224195424228687,0.36370521649996573,False,0.00322190898107122,0.005134259993586987,0.05305227536661738,-0.03604654087502335,False,False,
2023-12-20,610.0,0.0014820106317065785,0.02222475786910236,-0.9878944958699146,False,-0.009338205440519665,0.006171919146898947,0.052226274422178316,-0.29697934150999117,False,False,
2023-12-21,612.5,0.0010915535913539657,0.022351147622342186,0.13452584695821554,False,-0.021565495207667706,0.006642598171007273,0.051920336896700184,-0.5432956537781587,False,False,
2023-12-22,616.25,0.0009482362458031017,0.022296147058626585,0.23206757293910374,False,0.00203252032520318,0.006814828349847565,0.05180336512010802,-0.09231655151275264,False,False,
2023-12-26,636.25,0.0012478838156744251,0.02221136654917215,1.4049778148501817,False,0.07610993657505283,0.007734445627652996,0.051083583916677985,1.3385022291882758,False,False,
2023-12-27,623.0,0.0017797629021206,0.022476631353655352,-1.0057072118231385,False,0.02635914332784184,0.00956050306013273,0.05104680889084809,0.32908306381362945,False,False,
2023-12-28,631.5,0.0017665279420381926,0.02248981770970455,0.528111517947614,False,0.0790260572404955,0.010749154539930278,0.05037281932762017,1.3554314332993462,False,False,
2023-12-29,628.0,0.0018465249396247133,0.022521654329307965,-0.32807911413544805,False,0.05723905723905731,0.012432087003817156,0.05051907178637427,0.8869317794418632,False,False,
2024-01-02,606.75,0.0015643864445871165,0.022479304230089855,-1.5748692975574363,False,-0.035756853396901045,0.013212825991372001,0.050755641084968245,-0.964812547757886,False,False,
2024-01-03,600.25,0.0011483681012350896,0.022843855605065074,-0.5192285610701558,False,-0.027147487844408458,0.012949909876436872,0.05095987072333172,-0.7868426106993034,False,False,
2024-01-04,613.5,0.00014209445556870795,0.0216342084108275,1.0137667579376048,False,-0.014853472501003662,0.011860776414311307,0.050931927190908284,-0.5245088962603335,False,False,
2024-01-05,616.0,0.0007232732511689196,0.02163004902178946,0.15495602301023495,False,0.009836065573770592,0.011104727177440363,0.05090159331058424,-0.02492380927899111,False,False,
2024-01-08,596.25,0.0009411017321463166,0.021579714382141797,-1.5293432275983205,False,-0.026530612244897944,0.010968043568496752,0.05089090928896846,-0.736843894858904,False,False,
2024-01-09,610.0,0.0004051650660726643,0.021895492548337836,1.0347166901869755,False,-0.010141987829614618,0.010436447797658293,0.051073714193853814,-0.4029163719945261,False,False,
2024-01-10,610.75,0.0010070514134222983,0.0218894724646212,0.01016272930553914,False,-0.04007858546168963,0.010202067020880813,0.05112797265627271,-0.9834274638777739,False,False,
2024-01-11,603.75,0.0009366016081077774,0.021880012306132804,-0.5666322068844835,False,-0.030898876404494402,0.009379746994951189,0.0514372839515124,-0.7830627961891305,False,False,
2024-01-12,596.0,0.0005652047991140874,0.021850485416935538,-0.613333913036203,False,-0.05621536025336504,0.008176395069749777,0.05130792768628372,-1.2550059654880357,False,False,
2024-01-16,582.0,0.00039405228013548104,0.021905177213502554,-1.090335172057829,False,-0.07324840764331209,0.006742638578137156,0.05158780505328435,-1.550580532333709,False,False,
2024-01-17,582.5,0.0002959069384309269,0.021996508431319527,0.02560404495727992,False,-0.039967037494849644,0.0055199474486926445,0.05238702419863319,-0.8682872455414078,False,False,
2024-01-18,585.5,0.0003246179475463018,0.021995810173250842,0.21938708357270342,False,-0.024573094543940077,0.004722736434811242,0.05262082910848778,-0.5567344999135689,False,False,
2024-01-19,593.25,0.0012514588217355938,0.020657028586083488,0.5801943433258445,False,-0.0330073349633252,0.005779731776073395,0.05118716660533343,-0.7577498289455464,False,False,
2024-01-22,596.5,0.0008554623133177127,0.02012494950350546,0.22970667327999175,False,-0.031655844155844104,0.005937237923003549,0.05104734672660284,-0.7364355738249638,False,False,
2024-01-23,596.5,0.0008399715302776582,0.020120883446351996,-0.04174625495531851,False,0.00041928721174011585,0.0058690412794644405,0.05109471700402079,-0.10665983466148699,False,False,
2024-01-24,610.75,0.001039326558128728,0.02003619921075096,1.1404372540838823,False,0.0012295081967212962,0.006525728732450416,0.050697128112255,-0.1044678610591527,False,False,
2024-01-25,612.25,0.000923327476182454,0.019875613641874703,0.07711305304939892,False,0.0024559967253376946,0.006484226676448386,0.050700213753203854,-0.07945193230780292,False,False,
2024-01-26,600.25,0.0011866548745148142,0.01976150190554824,-1.0518680028417566,False,-0.005797101449275366,0.0067758171303415856,0.05061206891280807,-0.24841740023070275,False,False,
2024-01-29,593.5,0.0008197363894206541,0.019889869335625615,-0.6065927652989653,False,-0.004194630872483174,0.007066377566026402,0.05047448230826342,-0.22310300023950877,False,False,
2024-01-30,605.5,0.001001531731133176,0.01971332477138612,0.9748486410765292,False,0.04037800687285231,0.00770088492122974,0.050021783420686076,0.6532578352276267,False,False,
2024-01-31,595.25,0.001330802602255905,0.019826510244773592,-0.9209367116799958,False,0.021888412017167402,0.008779954348501939,0.04983938218039982,0.26301404823233515,False,False,
2024-02-01,601.5,0.0007333911837441424,0.019690367419029402,0.49599881061727513,False,0.027327070879590076,0.00923882647993314,0.04979897295852625,0.36322524994082206,False,False,
2024-02-02,599.75,0.0006809124432927034,0.019658573868110468,-0.1826330664211714,False,0.010956595027391547,0.008661359170146694,0.04932624630028791,0.046531735726897505,False,False,
2024-02-05,590.25,0.0006996165813233635,0.019654425886278817,-0.8415178333147849,False,-0.010477787091366264,0.00851233127088081,0.04930187119699069,-0.38518047897959296,False,False,
2024-02-06,595.0,0.0006443291206477398,0.0196955472606229,0.3758772634170503,False,-0.0025146689019278634,0.008325720377619205,0.04934749686115624,-0.21967455228879204,False,False,
2024-02-07,602.0,0.0005237579984473821,0.0196210469396621,0.5729025529816657,False,-0.014326647564469885,0.007810048601783975,0.049254683737844196,-0.4494333226069508,False,False,
2024-02-08,588.5,0.00036466497735268886,0.019478471112599163,-1.1700052850681297,False,-0.038791343405471634,0.007255861913116337,0.049266970637766326,-0.9346465740130123,False,False,
2024-02-09,596.75,0.00024523516800039946,0.019591562360037482,0.7030300170893692,False,-0.005830903790087438,0.0063221606457126885,0.0494695164753193,-0.24566774251499665,False,False,
2024-02-12,597.5,0.0004037096451568963,0.01965500756171748,0.04340359883275843,False,0.006739679865206405,0.005906862519228824,0.04943863583148903,0.016845475850430596,False,False,
2024-02-13,597.5,0.0005737237862500125,0.019605786601044832,-0.029262982298268903,False,-0.013212221304706895,0.00547150856410421,0.04928330959273822,-0.3791086682937404,False,False,
2024-02-14,585.5,0.0008493482479209854,0.019447742172034748,-1.0763732916199507,False,-0.016379672406551915,0.004995585421528263,0.0492891684646345,-0.43367048976322564,False,False,
2024-02-15,567.0,0.00032357696157076914,0.01947385700451047,-1.6391464032370906,False,-0.05735660847880297,0.004590546453191269,0.049338980107904266,-1.2555418615568446,False,False,
2024-02-16,560.5,-5.682019062485111e-06,0.01980365558019338,-0.5785882677931187,False,-0.06544393497290535,0.003923534953623386,0.04983794709980915,-1.391860499141514,False,False,
2024-02-20,582.75,6.156518207794873e-05,0.019755367876063138,2.0062969438045317,True,-0.01270648030495558,0.0033108019040929207,0.05040890832738561,-0.3177470558382794,False,True,shock
2024-02-21,583.25,0.0008205364858839707,0.020171291295569285,0.0018573115408365276,False,-0.019747899159663906,0.0034744233586304113,0.05033570799171825,-0.4613488802445193,False,False,
2024-02-22,583.25,0.0007001412913314731,0.020143369692924178,-0.03475790307206712,False,-0.03114617940199338,0.0036362221582881458,0.05023993214831441,-0.6923258068422472,False,False,
2024-02-23,573.5,0.0006111337256883923,0.020131354345396882,-0.8607372975974058,False,-0.02548853016142738,0.0038606704059922074,0.050043438095506224,-0.5864745046375036,False,False,
2024-02-26,577.25,0.00022319905926073986,0.020181802882097262,0.312935263465443,False,-0.03267700041893595,0.0038279905726680556,0.05006203761399516,-0.7291950693872438,False,False,
2024-02-27,586.0,0.0002346916054764862,0.020185195570802037,0.7393233041427333,False,-0.019246861924686165,0.0036534012496421977,0.050167506743784195,-0.45647600729461657,False,False,
2024-02-28,571.0,0.0005641693969801009,0.02022491389242984,-1.2935253598951402,False,-0.04435146443514648,0.0036322056516570056,0.050176966989717534,-0.9562887708345643,False,False,
2024-02-29,577.5,-0.0002915218028658861,0.01995055480111562,0.5851997386785893,False,-0.013663535439795038,0.00248383139117314,0.050277661921375484,-0.32116383725678277,False,False,
2024-03-01,560.0,0.00011915837555271629,0.0198683772452581,-1.5311863824129734,False,-0.012345679012345734,0.0022728904929882397,0.050312227408792834,-0.2905569929662696,False,False,
2024-03-04,563.5,-0.00015860853157277847,0.02014791245958768,0.318078041307115,False,0.00535236396074934,0.002114073504361424,0.05033968105956914,0.06432878373933093,False,False,
2024-03-05,545.75,-0.00016219392922597108,0.02014673200446755,-1.5554563592795976,False,-0.06349206349206349,0.0018791957187733004,0.05028212737291474,-1.300089368256325,False,False,
2024-03-06,521.25,-0.0004209905469193798,0.02042476605275284,-2.1773252783075367,True,-0.10630090012858984,0.0006551067823248147,0.05074523326014282,-2.1077054934915798,True,True,shock+trend
2024-03-07,520.75,-0.000751489945215389,0.020941589464094083,-0.009920100336683902,False,-0.10715816545220747,-0.0007325693641753573,0.052226467819474966,-2.03777127827026,True,True,trend
2024-03-08,526.75,-0.0005977617235108612,0.020896533287170786,0.5799816195306747,False,-0.08151700087183955,-0.0018784094481888744,0.053606535324346755,-1.4856134786886854,False,False,
2024-03-11,537.5,-0.0003778920366825596,0.0209366400839746,0.9928075956131492,False,-0.06886097877869213,-0.002458752574806124,0.0542346993654374,-1.2243494843856866,False,False,
2024-03-12,535.5,6.973503956782276e-05,0.021018307859391634,-0.1803506399033063,False,-0.08617747440273038,-0.002630047026259752,0.05442608367966853,-1.5350622666183256,False,False,
2024-03-13,532.25,-0.0002619994119843483,0.02087681942733809,-0.27815994254372345,False,-0.06786339754816118,-0.0034225112619027625,0.055208982570092366,-1.1672174216296303,False,False,
2024-03-14,519.5,-0.00036093868739421294,0.02088665126944746,-1.129619555377062,False,-0.10043290043290043,-0.0035056315027447143,0.055302414311131774,-1.7526769877503396,False,False,
2024-03-15,528.5,-0.0005123962455907894,0.021017345190336843,0.8486679178992551,False,-0.05625000000000002,-0.004110054677981492,0.05611568856501232,-0.9291509496780437,False,False,
2024-03-18,542.75,7.09109616341926e-05,0.02089522347510811,1.2870018926787328,False,-0.03682342502218283,-0.003909743219195458,0.055899097352384707,-0.5888052466303956,False,False,
2024-03-19,552.5,0.00019332650599112266,0.021026865880992892,0.8451447519984465,False,0.012368300503893703,-0.003588977832617308,0.05563616864207833,0.28681483153824366,False,False,
2024-03-20,545.0,0.0001324643223125029,0.02096786590449679,-0.6537205559320644,False,0.0455635491606714,-0.0030511067862716854,0.0555922370904919,0.8744864119752754,False,False,
2024-03-21,546.75,-0.00039025777150565323,0.020811735707634258,0.17304020175964704,False,0.04992798847815649,-0.002675528569095203,0.055826894566915246,0.9422612068131437,False,False,
2024-03-22,554.75,-0.0005052698309731059,0.0207670381738858,0.728904409512363,False,0.0531561461794019,-0.0025759166058875035,0.05591510844288753,0.9967263649719093,False,False,
2024-03-25,555.0,-0.0007434531826782213,0.020483938470331475,0.05829477724250052,False,0.032558139534883734,-0.002956591503552975,0.05542862176706466,0.640729101793026,False,False,
2024-03-26,543.5,-0.0012969632838650187,0.019865873676766947,-0.9777449385259965,False,0.014939309056956063,-0.004417607171453392,0.05294086563172817,0.36563278664655213,False,False,
2024-03-27,547.5,-0.0014658425941055863,0.019977620142485268,0.44177174973471256,False,0.028651949271958577,-0.0056778758434867715,0.051292746431621745,0.6692920052781803,False,False,
2024-03-28,560.25,-0.0015896647355493373,0.019892440837846043,1.2505924321311055,False,0.07844080846968238,-0.006981259959656728,0.04908556122077504,1.7402687532720917,False,False,
2024-04-01,557.0,-0.0010448706526573082,0.020007995503288634,-0.23771052183399113,False,0.05392620624408706,-0.007545101571860508,0.047825446299405126,1.2853263810883073,False,False,
2024-04-02,545.25,-0.0006073119263337675,0.019528288972423074,-1.049136496588604,False,0.004606172270843034,-0.008248640472227913,0.04649175965348522,0.2764965843169005,False,False,
2024-04-03,556.0,-0.0012437603317271017,0.01940578060954224,1.0800641048306137,False,0.0063348416289592535,-0.009738182696356134,0.04417881839169535,0.36381743356759316,False,False,
2024-04-04,556.25,-0.0005031245024985361,0.019125847679931536,0.04981555882974509,False,0.020642201834862428,-0.010355156990224207,0.04361588922520596,0.7106895990366057,False,False,
2024-04-05,567.25,-0.0006964743079169101,0.019040615723934198,1.0751624581688415,False,0.03749428440786473,-0.010635239630087888,0.043344030970382676,1.1104071993405484,False,False,
2024-04-08,565.75,-0.0012240496871776803,0.01786653236810013,-0.0794942743095555,False,0.019828751689950463,-0.011342710407595965,0.042084808492295823,0.7406820469018595,False,False,
2024-04-09,557.75,-0.0009997392409036897,0.017739548178320488,-0.7407619438066357,False,0.004954954954955015,-0.011553918043477055,0.04188495905228865,0.39414800376962533,False,False,
2024-04-10,558.5,-0.0013125366849528763,0.01776195289848957,0.14960208377091205,False,0.027598896044158217,-0.011530810763825271,0.04189369793822788,0.9340237012660022,False,False,
2024-04-11,551.75,-0.0010216247673565675,0.017622006768044183,-0.6278694516726887,False,0.007762557077625631,-0.011038316077362898,0.042136232996510745,0.44619254779005546,False,False,
2024-04-12,556.0,-0.0012374155026888146,0.017657519478014132,0.5063100424021075,False,-0.007585899152164233,-0.010647275380225654,0.04217328803827982,0.0725904090115685,False,False,
2024-04-15,551.75,-0.0012163446366441658,0.01766736090861009,-0.36380873683911374,False,-0.009425493716337496,-0.01077552097325722,0.04214882606463503,0.0320300084953603,False,False,
2024-04-16,549.75,-0.0017509879159355402,0.01723611703913768,-0.10871602727570721,False,0.008253094910591452,-0.011915993377142425,0.040904954253039506,0.49307201672851597,False,False,
2024-04-17,537.0,-0.0015216503524468608,0.017092727674018537,-1.2678321578950802,False,-0.03417266187050361,-0.012157407356039096,0.040729059597272264,-0.5405294090300806,False,False,
2024-04-18,536.75,-0.002012797284110676,0.017180079699374965,0.09006057963374951,False,-0.03505617977528086,-0.013666723610852418,0.03937943633162035,-0.5431630860407577,False,False,
2024-04-19,550.25,-0.0019451064825990964,0.01717598604941332,1.5775793258618502,False,-0.029969149405024265,-0.014897326771043592,0.03856743141767953,-0.3907914548613591,False,False,
2024-04-22,570.25,-0.0011585871008913454,0.01704594991051642,2.2002705772063416,True,0.00795404330534688,-0.014820157384485236,0.03853090266416515,0.5910632535222897,False,True,shock
2024-04-23,585.0,-0.0005311213792696353,0.017548247066090646,1.5042510851366864,False,0.04885701479157323,-0.014352136969155166,0.03859227743714679,1.6378704745703023,False,False,
2024-04-24,594.5,-0.00048056521213118026,0.017619569441389427,0.94893813989412,False,0.0644583706356312,-0.01350266380525414,0.03927621385533207,1.9849427118419023,False,False,
2024-04-25,602.25,-0.00031837405727498896,0.017717784361886438,0.7537363943998341,False,0.09152695967376534,-0.01277436640442933,0.04021015695526906,2.593904972672016,True,True,trend
2024-04-26,603.25,0.0002829306514729494,0.017388120936255115,0.07922128964834575,False,0.08498201438848918,-0.011200265445513821,0.041938032671135626,2.293438049138668,True,True,trend
2024-04-29,590.25,-2.407436915022506e-06,0.017183673699219464,-1.2539536525755552,False,0.06977797915722705,-0.009931945415939104,0.043383948732675266,1.8373137278103835,False,False,
2024-04-30,585.0,-0.00030613338402754337,0.017361996100007146,-0.49466678715806417,False,0.06412005457025916,-0.008467191221020215,0.04419922615668161,1.6422741324466905,False,False,
2024-05-01,581.5,-0.0002719096261861168,0.017342228537530233,-0.32931156133484835,False,0.08286778398510242,-0.007200272141356834,0.04490374756010395,2.0058026561347155,True,True,trend
2024-05-02,586.5,-0.00018052918697958998,0.017293115218093295,0.507657605633957,False,0.09268747088961349,-0.005345830218177267,0.04571673928808372,2.1443633696190485,True,True,trend
2024-05-03,606.0,0.0002473159485470215,0.017104546995943378,1.929356322661564,False,0.101317582916856,-0.00313335183773826,0.046396373510612376,2.251273684800018,True,True,trend
2024-05-06,632.25,0.0006791689527099897,0.01752393654590707,2.433109856267815,True,0.10872424375274004,-0.0012495568989155182,0.047729709607844666,2.3040953224986875,True,True,shock+trend
2024-05-07,624.75,0.0011880571805885716,0.018196783033435325,-0.7171846452552875,False,0.06794871794871793,0.0005277409450402167,0.049305254861379134,1.36741970390845,False,False,
2024-05-08,616.0,0.0008534045651041092,0.01820300104157648,-0.8162943446556847,False,0.0361648444070648,0.001873821650534125,0.04975340480580383,0.6892196200516224,False,False,
2024-05-09,619.75,0.0005936192350428815,0.01827499513409894,0.3006317135684673,False,0.02905770029057697,0.0027780974980395772,0.04975208845065953,0.528211048237695,False,False,
2024-05-10,645.75,0.0006747880662117141,0.0182858389628533,2.257354020179053,True,0.07045171985080811,0.0031599430057574016,0.04984355534157376,1.3500597295659535,False,True,shock
2024-05-13,670.25,0.0009156286741189164,0.018709766178676458,1.9788997027591,False,0.13553578991952553,0.004082905827811892,0.0504446027162934,2.605886001938021,True,True,trend
2024-05-14,657.0,0.0013887537764983341,0.019191695422045255,-1.1024297915095034,False,0.12307692307692308,0.005857303070401064,0.052677725597060326,2.2252217360930144,True,True,trend
2024-05-15,665.75,0.0013865016919874925,0.01919420139621471,0.6216258074455083,False,0.14488392089423896,0.007575623397417043,0.054367236332443815,2.5255706701221956,True,True,trend
2024-05-16,663.25,0.0017140140531273957,0.0191853128334177,-0.285071056709936,False,0.1308610400682011,0.009563337420973338,0.05661005028996517,2.1426884806836015,True,True,trend
2024-05-17,651.25,0.0013943580138577306,0.01907221459333337,-1.021752515169641,False,0.0746699669966997,0.010769777863577988,0.058216982658198274,1.0976211101198854,False,False,
2024-05-20,688.75,0.001378830458256662,0.019087801063810854,2.9444325855141615,True,0.0893633847370503,0.011473531929971753,0.058670464054902956,1.3275820135697303,False,True,shock
2024-05-21,697.5,0.0020065875768187067,0.02013718746342826,0.5312353908054235,False,0.11644657863145258,0.012300682781404556,0.05933057973238216,1.7553493716024826,False,False,
2024-05-22,693.0,0.002214768475650473,0.020166365042556894,-0.4297443471140045,False,0.125,0.013707215896125368,0.06053644145487787,1.83844278634761,False,False,
2024-05-23,698.0,0.0023399460810147156,0.02008174084952877,0.24276088266057422,False,0.1262605889471562,0.015513586390676917,0.06181285414778847,1.7916500391923993,False,False,
2024-05-24,697.25,0.0023288470101951874,0.020078773541802805,-0.16949967439220523,False,0.0797522260936896,0.017230589828664707,0.06308082700427284,0.9911353296111657,False,False,
2024-05-28,700.25,0.0021576576175326794,0.02005195220887376,0.10697012369293239,False,0.04475941812756434,0.018484974810773498,0.06337950890973518,0.41455738248478374,False,False,
2024-05-29,692.75,0.002514029172133158,0.0198455981782014,-0.6663689148187375,False,0.054414003044140014,0.019598984964547313,0.06309279870885555,0.5518065261338002,False,False,
2024-05-30,681.0,0.002184307143618643,0.01985729864001422,-0.9641640221064469,False,0.022906496432594903,0.02040225038900368,0.0631481426414652,0.03965668567339382,False,False,
2024-05-31,678.5,0.0019413978970889516,0.019979848909603793,-0.28090652113998177,False,0.022992838296268303,0.020617807943235526,0.06312846474799086,0.03762217824421851,False,False,
2024-06-03,672.75,0.0018924502710488142,0.01998916393040558,-0.5186323239095516,False,0.0330134357005758,0.021100542071248528,0.06300458145276519,0.18907979951042797,False,False,
2024-06-04,658.25,0.002047238347544571,0.01986122863749687,-1.1882731264741622,False,-0.04428312159709624,0.02175911684601023,0.06286550858144715,-1.0505321587837568,False,False,
2024-06-05,646.75,0.002181153011589558,0.019664199083520826,-0.9993653350710455,False,-0.0727598566308244,0.021933430004432986,0.06266096471264285,-1.5112005866732452,False,False,
2024-06-06,639.5,0.002101063396959706,0.019732637496109047,-0.6745656292318017,False,-0.07720057720057716,0.021835884382327402,0.06280435536331187,-1.5769043565529253,False,False,
2024-06-07,627.5,0.0014223087968588555,0.019292588343366862,-1.0463587533260632,False,-0.10100286532951286,0.02097596309038578,0.06371857760942269,-1.9143369641361931,False,False,
2024-06-10,607.5,0.0011606733202116522,0.0194328903019721,-1.6998595045338516,False,-0.12871997131588386,0.01989256354145446,0.0650962486819768,-2.282966190315736,True,True,trend
2024-06-11,626.5,0.0007357065207428611,0.01980358074456354,1.542146041051185,False,-0.10531952873973582,0.01859157964926925,0.06707502738929881,-1.847350842957299,False,False,
2024-06-12,617.0,0.0013756051070782387,0.02000636741604803,-0.826697426149921,False,-0.10934680620714543,0.017527166334891806,0.06840423584855648,-1.854767778166981,False,False,
2024-06-13,620.0,0.001086239717694828,0.020087463357564533,0.18797778713719637,False,-0.08957415565345084,0.01650490225771568,0.06972479603051147,-1.5213964608049406,False,False,
2024-06-14,612.75,0.0009489618448841642,0.02002508082145984,-0.6313337930917432,False,-0.09690493736182759,0.01556720500799882,0.07067848057433888,-1.5913208865820112,False,False,
2024-06-17,591.5,0.001134344794717186,0.019839504314836557,-1.805189625133623,False,-0.12077294685990336,0.014866492035643072,0.07153585706135489,-1.8961041981954754,False,False,
2024-06-18,582.0,0.0005201679918443942,0.020227139050492837,-0.8197417422781185,False,-0.11583744777819982,0.013438366550041625,0.07316375226837701,-1.766938003043309,False,False,
2024-06-20,572.75,0.0007100635663553531,0.019999427658474137,-0.8302004757470237,False,-0.11441824507151144,0.012058476299830239,0.07461810660679234,-1.6949870094911887,False,False,
2024-06-21,561.5,0.000414817289150311,0.020079825351027633,-0.9988580395423312,False,-0.12197028928850662,0.010461534846066762,0.07603181216675989,-1.7417949192650026,False,False,
2024-06-24,552.5,0.0005729170044696079,0.019870741665676817,-0.8354701795328471,False,-0.11952191235059761,0.009681825168780854,0.07709290248807367,-1.675948541947378,False,False,
2024-06-25,541.75,0.0009577684027988287,0.019248039489070445,-1.0606161728342032,False,-0.10823045267489717,0.009505545005820749,0.07737628644156261,-1.5216031047139544,False,False,
2024-06-26,541.25,0.0007111313233221377,0.01939091664630233,-0.08426967565357461,False,-0.13607342378292098,0.009491247842851554,0.07739823017560625,-1.8807235164874665,False,False,
2024-06-27,559.75,0.0005452009442815194,0.01935036129576635,1.738207215345728,False,-0.09278768233387358,0.0087638288707038,0.0785134567097241,-1.2934281008671977,False,False,
2024-06-28,553.5,0.0007288272816524947,0.01960506779074065,-0.6067067138643539,False,-0.10725806451612907,0.008444806156634715,0.07888088171046778,-1.4668049870113153,False,False,
2024-07-01,569.25,0.0006295636984498613,0.019646704890610264,1.4163047192557208,False,-0.07099143206854341,0.0081637316217894,0.07925925404608895,-0.9986867103783792,False,False,
2024-07-02,561.5,0.0010898887498796484,0.019890575403706902,-0.739259341179846,False,-0.05071851225697377,0.00812202449485097,0.07930061323093973,-0.741993464545715,False,False,
2024-07-03,554.5,0.0012277621297323209,0.019749970222134313,-0.6933868394522779,False,-0.047250859106529264,0.008784883003863325,0.07858551381064773,-0.7130543454282307,False,False,
2024-07-05,572.25,0.0008305493612158902,0.019721417981481748,1.5810359694786784,False,-0.0008729812309035134,0.008904871549109602,0.07849168738722034,-0.12457182544409283,False,False,
2024-07-08,553.0,0.0008978522603761397,0.019820171077040774,-1.7425175522965002,False,-0.015138023152270752,0.009384210799659993,0.078318237323926,-0.31311013615521294,False,False,
2024-07-09,554.25,0.00020980938588048244,0.02011324104970201,0.10195216370501801,False,0.0031674208144796268,0.009017459817577799,0.07836846211469002,-0.07464787294839098,False,False,
2024-07-10,543.5,0.00042094349872717985,0.020049598104405323,-0.9883750790227285,False,0.0032302722658053007,0.008452178106295243,0.07825410910258271,-0.0667301167999317,False,False,
2024-07-11,554.25,0.00011952231490851044,0.020176614923791057,0.9743798249108971,False,0.024018475750577473,0.00782954189013056,0.07810527922183659,0.2072706739126646,False,False,
2024-07-12,538.0,0.0001881528877773479,0.020235314624876842,-1.4581958743119328,False,-0.038856632425189774,0.007441039617746234,0.07794908456059084,-0.5939476044384873,False,False,
2024-07-15,532.5,-0.00020877448370426304,0.020520065910614126,-0.4880234735626892,False,-0.03794037940379402,0.006488842658278588,0.07807420489710785,-0.5690640349219672,False,False,
2024-07-16,530.75,-6.880551845648657e-05,0.02041378911358121,-0.1576179434482671,False,-0.06763285024154586,0.0057837801454685865,0.07823546326488062,-0.9384060287142274,False,False,
2024-07-17,539.25,-0.00021075339296717122,0.020398444897034757,0.7954442843443146,False,-0.03962600178094389,0.004499982818621861,0.0786440603586965,-0.5610847710342854,False,False,
2024-07-18,535.25,-0.0003077213692736391,0.020302290273384333,-0.3502062238836225,False,-0.03471596032461677,0.002925758681946844,0.07832500913936628,-0.4805836529120151,False,False,
2024-07-19,542.75,-0.00032927774364042,0.02030905884309679,0.7061588482484252,False,-0.05155089558759285,0.0017438631276974596,0.07821374125572526,-0.6813989186508722,False,False,
2024-07-22,548.0,0.00013881954250947182,0.020228393092420444,0.47132474550502207,False,-0.009041591320072317,0.0009951022229183145,0.07845440232304061,-0.12793027855420983,False,False,
2024-07-23,542.75,4.9160096816406685e-06,0.020130051307224846,-0.47616411077125914,False,-0.020748759585024756,0.0007900831169312269,0.07846035063268302,-0.2745188178267442,False,False,
2024-07-24,547.0,-0.0001288164204326625,0.020160350624988183,0.3948001415709625,False,0.0064397424103035394,0.00023820363133273108,0.07846439563445283,0.07903634162763859,False,False,
2024-07-25,537.75,-0.00028808026094524335,0.020047853461687876,-0.8291331661088048,False,-0.02976995940460081,-0.00017585692863475148,0.07834698698531149,-0.3777312136012884,False,False,
2024-07-26,523.5,-0.00047829471112006863,0.020137987613045923,-1.292135462530184,False,-0.02695167286245348,-0.0008371730765621018,0.07838516764194046,-0.3331561387376386,False,False,
2024-07-29,531.0,-0.0006430784606961011,0.020301195620000535,0.7373814973940728,False,-0.0028169014084507005,-0.001262594780794215,0.07843987179403894,-0.019815262214319496,False,False,
2024-07-30,524.0,-0.0004699856729098621,0.020373587373640326,-0.6239788945152289,False,-0.012717852096090443,-0.0016681387468290006,0.07836723092371413,-0.1409991551190278,False,False,
2024-07-31,527.25,-0.00048460873564909544,0.020382429017241212,0.32807173307600496,False,-0.022253129346314293,-0.0019412108691452149,0.07836960756299177,-0.2591810665996101,False,False,
2024-08-01,532.0,-0.0005046150537371578,0.020375019171313468,0.4669258950264233,False,-0.006071929005137755,-0.002136773938400549,0.07840217712663992,-0.05019191061978938,False,False,
2024-08-02,539.0,-0.00028257646838922106,0.02038690171213599,0.6592699270841318,False,-0.00690925840626444,-0.002092059742251219,0.07839892029420853,-0.06144470671197593,False,False,
2024-08-05,539.5,-5.8806804083464396e-05,0.020441751950416885,0.048256655851362115,False,-0.015510948905109512,-0.002294224453142631,0.07839143206159693,-0.16859909437018183,False,False,
2024-08-06,543.25,0.00026279324856316825,0.020261827138921433,0.33008312381887267,False,0.0009212344541686956,-0.002045401613604043,0.07831846227941384,0.03787914090024881,False,False,
2024-08-07,538.25,0.00036167897913766585,0.0202763168782476,-0.4717594748660428,False,-0.015996343692870174,-0.0015657027572113823,0.0782236627495196,-0.1844792282594491,False,False,
2024-08-08,537.5,-9.639088264645175e-05,0.020095979663424895,-0.06454095251212351,False,-0.00046490004649002437,-0.0013793986810493278,0.07817172270401754,0.011698586175743878,False,False,
2024-08-09,542.5,-0.0005995978093069739,0.01963840120344956,0.5042122975348413,False,0.03629417382999045,-0.00149165125907382,0.07816418333523611,0.48341610539197644,False,False,
2024-08-12,536.75,-0.0008204447790502882,0.01942877274916745,-0.503306806261479,False,0.010828625235404843,-0.001659155805228257,0.07806823100703138,0.15995983102919753,False,False,
2024-08-13,528.75,-0.0011782900401213548,0.019357342281799392,-0.7090967185501872,False,0.009064885496183228,-0.002374219077231275,0.07769918361613383,0.14722296993400114,False,False,
2024-08-14,534.75,-0.00155083247714009,0.019348945543694956,0.6666177326567345,False,0.014224751066856278,-0.0034737133995990364,0.07693212409559642,0.23005298078684366,False,False,
2024-08-15,528.25,-0.0014216714409548636,0.019402928625550465,-0.553191813587016,False,-0.007048872180451138,-0.004417143577220809,0.07626366890775506,-0.03450828737879821,False,False,
2024-08-16,530.0,-0.0012964084393482607,0.01930128629417152,0.23880448877219418,False,-0.016697588126159513,-0.005441501595056518,0.07576797833275355,-0.14855994285170376,False,False,
2024-08-19,528.25,-0.0011336436182783135,0.019287813284030716,-0.11241518891981801,False,-0.0208526413345691,-0.0065190701643421,0.07533878499754393,-0.19025487563536203,False,False,
2024-08-20,533.0,-0.001097896695738938,0.01928118777513768,0.5233002956236819,False,-0.018867924528301883,-0.007902009168604387,0.07462437553626178,-0.14694816915913614,False,False,
2024-08-21,519.75,-0.0010926499985605843,0.019283915297180296,-1.2324591085153527,False,-0.03437064561077563,-0.009389414440843258,0.07369835242456899,-0.33896593815310755,False,False,
2024-08-22,511.0,-0.0018674149171718005,0.019051453240546436,-0.785640954989729,False,-0.049302325581395356,-0.01119859082121168,0.07260124597022588,-0.524835824109826,False,False,
2024-08-23,502.25,-0.0026694395640809356,0.018377811284829557,-0.786483650481448,False,-0.0741935483870968,-0.013305611745666818,0.07135626933932825,-0.8532948429784486,False,False,
2024-08-26,498.0,-0.0027395847836435977,0.01842335707988322,-0.310602272183725,False,-0.07219375873311595,-0.015200841963477683,0.07105600696347948,-0.8020844289622243,False,False,
2024-08-27,508.25,-0.002665669038483746,0.01838863433932725,1.2642591030282777,False,-0.03877068557919616,-0.01664562333868009,0.07109908936466801,-0.3111862956083219,False,False,
2024-08-28,514.25,-0.0024724068120889906,0.018557269260393455,0.7693815604683188,False,-0.03833567087424028,-0.01755000181694373,0.07094110039644075,-0.2929989659187667,False,False,
2024-08-29,525.0,-0.002874369294647018,0.017896743958938907,1.328655022923847,False,-0.00615238996687173,-0.01900050035994438,0.07022601396358519,0.1829537185427451,False,False,
2024-08-30,532.75,-0.003101517960559216,0.01747485575444396,1.0222357754181288,False,0.005188679245283101,-0.020889676091763006,0.06787918717463702,0.3841877963263275,False,False,
2024-09-03,552.0,-0.002641109323649274,0.017484676867313118,2.217620627638565,True,0.0449597728348321,-0.02246151934285154,0.06583451991399455,1.0241024354056507,False,True,shock
2024-09-04,565.25,-0.0023369072152263676,0.017958151739304082,1.466772905475677,False,0.060506566604127565,-0.02379384131697697,0.0633669728157121,1.3303524561015783,False,False,
2024-09-05,561.0,-0.001966790061386215,0.01821277540792817,-0.3048413438776722,False,0.0793650793650793,-0.024731900963164615,0.06154102672312892,1.691505421197681,False,False,
2024-09-06,553.25,-0.0018258043517294883,0.018126981584116568,-0.6613794110415324,False,0.08268101761252455,-0.02466929946491955,0.06164580670386574,1.7414050171025224,False,False,
2024-09-09,555.5,-0.002777753560424774,0.016790441950190308,0.40765044318238797,False,0.1060228969636634,-0.024758397693246562,0.061483380302350676,2.1270999417042438,True,True,trend
2024-09-10,558.75,-0.0028929175162497956,0.01671225711660218,0.5231790364252867,False,0.12198795180722888,-0.024897380115483755,0.06117086182964248,2.401230382069494,True,True,trend
2024-09-11,563.75,-0.002728888210093374,0.016737210692389638,0.6976929600761089,False,0.10919822921790456,-0.02493754075805403,0.06107202838069275,2.1963536095415517,True,True,trend
2024-09-12,563.0,-0.0027057743614761712,0.016752318819673574,0.08210191294400894,False,0.09479824987846386,-0.025165038887777387,0.06053057132949332,1.9818628195863324,False,False,
2024-09-13,571.25,-0.002709186073113476,0.016752008163698547,1.0364624414733683,False,0.088095238095238,-0.024964425237313733,0.06090675688870717,1.8562745598019903,False,False,
2024-09-16,578.5,-0.0025711724226839473,0.016852891858883737,0.9056391409637782,False,0.0858751759737213,-0.024386614304411417,0.06177650189545988,1.784850014083367,False,False,
2024-09-17,575.75,-0.0022591467342445524,0.01691667794411778,-0.14745959975090597,False,0.043025362318840576,-0.023967131998683663,0.06242225494208092,1.0732149035577754,False,False,
2024-09-18,575.75,-0.0020963772344004565,0.016831821232299083,0.1245484493607653,False,0.018575851393188847,-0.023698880453533723,0.0626691511924755,0.6745700403199074,False,False,
2024-09-19,565.5,-0.002047429608360319,0.01683251787283321,-0.9360118514562846,False,0.008021390374331583,-0.023757773612241448,0.06262674090478844,0.5074376141477162,False,False,
2024-09-20,568.5,-0.0021718068024402593,0.01691491266614447,0.44202691068005445,False,0.027564392227745094,-0.024091000883258037,0.06238661705457953,0.8279883659313009,False,False,
2024-09-23,582.5,-0.0018136952599209191,0.01678283295949925,1.575413676970122,False,0.04860486048604851,-0.023133034032260153,0.06262354162277209,1.145541958492847,False,False,
2024-09-24,578.0,-0.0012524049236916376,0.01695518740760508,-0.3817661703825826,False,0.034451901565995424,-0.02151483780403518,0.06289131567893841,0.8898961448945046,False,False,
2024-09-25,589.25,-0.0012059439404437159,0.016932291737619874,1.2207214522880907,False,0.04523281596452322,-0.020026138087147545,0.06287682712721143,1.0378856095845905,False,False,
2024-09-26,584.25,-0.0006962329043022667,0.016971926025092326,-0.4589420100841411,False,0.03774422735346361,-0.018076329003227067,0.06259857393015159,0.8917224922563903,False,False,
2024-09-27,580.0,-0.00038440427482357544,0.016602198532653323,-0.41499798841544,False,0.015317286652078765,-0.015856806354302436,0.06156511338446804,0.5063597107618738,False,False,
2024-09-30,584.0,-0.0008984043206070084,0.016200656460761447,0.48115062890350196,False,0.009507346585998278,-0.014248315482411572,0.06076690932826664,0.3909308920103256,False,False,
2024-10-01,599.0,-0.0006042688663867916,0.016138300343287438,1.6289943683053816,False,0.04038211029092498,-0.012663593445169657,0.05979536451300145,0.8871206684351055,False,False,
2024-10-02,615.25,-0.0003266329346801259,0.016410432103700783,1.6730321505542458,False,0.06860616587060364,-0.010930843232577979,0.059418279791953646,1.3385949472396612,False,False,
2024-10-03,603.5,0.0001909950115384825,0.016657460638284015,-1.1579749820260552,False,0.06719717064544661,-0.00872402852281223,0.05925536863038329,1.2812543559020257,False,False,
2024-10-04,589.75,0.0003987522767457004,0.016310215662509193,-1.4213493033028304,False,0.037379067722075554,-0.006217760289407562,0.058421426731675434,0.746247232401899,False,False,
2024-10-07,592.5,0.00030911362105007,0.016420002380914497,0.26515703661329715,False,0.01716738197424883,-0.004174873416070557,0.057202564795574784,0.37309962353244747,False,False,
2024-10-08,594.75,0.0005831998021691994,0.016317134778310167,0.1969873140064898,False,0.028979238754325287,-0.002420398388793754,0.05577572127470302,0.5629624579567793,False,False,
2024-10-09,599.0,0.0008957270828326654,0.016148115880611318,0.38705026445516366,False,0.01654645736105209,-0.00040773801488932875,0.0541018622424933,0.313375449073268,False,False,
2024-10-10,603.75,0.0012047184789297338,0.01604126268210399,0.4192416016687621,False,0.033376123234916566,0.001406506914599334,0.05230514001448464,0.6112136648800485,False,False,
2024-10-11,599.0,0.0015698771017727342,0.01587542556613688,-0.5944641853204713,False,0.03275862068965507,0.0032945945933968504,0.050829029207302735,0.5796692668689618,False,False,
2024-10-14,585.25,0.0014772829698936763,0.01591037524086118,-1.5356148095073197,False,0.0021404109589040488,0.005545688519697865,0.048246313827739216,-0.07058109295048261,False,False,
2024-10-15,579.5,0.0007154821239880679,0.015689682209068627,-0.6718009424267223,False,-0.03255425709515858,0.0068113964302682324,0.046856926555756,-0.840124532678959,False,False,
2024-10-16,585.0,0.0007333599613522764,0.015676719639293332,0.5586360352210401,False,-0.049167005282405474,0.007807447195881173,0.045162723787780204,-1.2615371195504017,False,False,
2024-10-17,589.5,0.0004805020401932536,0.01537354725663268,0.4691048547044332,False,-0.023198011599005808,0.008098439553029678,0.044716248633239225,-0.6998899082239132,False,False,
2024-10-18,572.75,0.0007645915416740594,0.015306283559490253,-1.9063087078954652,False,-0.02882577363289529,0.008465379561802584,0.044338396156661505,-0.8410577834826614,False,False,
2024-10-21,572.25,0.0005519608377883337,0.01560051145318368,-0.09133944569497121,False,-0.03417721518987338,0.008711047368117704,0.04407578149451246,-0.973057336790064,False,False,
2024-10-22,576.0,0.00011351014725545856,0.015160302688004544,0.4247652525707849,False,-0.031525851197982346,0.00826699091533144,0.04434061565651506,-0.8974354894295866,False,False,
2024-10-23,578.5,0.0006494064629682865,0.014652949658136745,0.2518858933470683,False,-0.03422370617696158,0.008048486541388618,0.044497611437711256,-0.9499879061491593,False,False,
2024-10-24,581.5,0.0006771381956050796,0.014658007059979838,0.30759210283431926,False,-0.036853002070393326,0.0075499381815027355,0.044761717707980986,-0.9919847254650607,False,False,
2024-10-25,569.0,0.001004890262573519,0.014476816651031297,-1.5542796114258448,False,-0.05008347245409017,0.007015494523686754,0.04505233906369364,-1.2673918416766803,False,False,
2024-10-28,558.75,0.0004545524021985692,0.014537878683755116,-1.2703787504287019,False,-0.04527979495941903,0.006027468547624519,0.04548488862334293,-1.128006796541051,False,False,
2024-10-29,570.5,0.0006052835976608047,0.014281352914985036,1.4301025468643234,False,-0.015530629853321876,0.005941826380501462,0.045576496367282185,-0.47113003291840755,False,False,
2024-10-30,573.25,0.0010219786790099598,0.014416430768353654,0.2634739779363442,False,-0.020085470085470125,0.006240623041174424,0.045357853695309217,-0.5804087050390376,False,False,
2024-10-31,570.5,0.0011300682525795303,0.0144140821149793,-0.4112143320636249,False,-0.03223070398642913,0.0068745881099221,0.044637944673039394,-0.8760549434519597,False,False,
2024-11-01,568.0,0.0008525711604924169,0.014323700062783308,-0.3654566965299435,False,-0.008293321693583544,0.00697319208051563,0.044541902765653105,-0.3427449845243567,False,False,
2024-11-04,568.75,0.0008930456782999722,0.01430429059084662,0.029877528997122038,False,-0.006116207951070374,0.007325493928929407,0.04431160756613008,-0.3033449386808988,False,False,
2024-11-05,572.5,0.0007238227273293181,0.014221826655085465,0.41271659459992055,False,-0.0060763888888888395,0.00793128976408304,0.04380347693520996,-0.3197846297381995,False,False,
2024-11-06,573.25,0.0006827619916578046,0.014200068818122635,0.04417455186301701,False,-0.00907519446845284,0.007970825796498819,0.04378928644055583,-0.3892737619301405,False,False,
2024-11-07,571.5,0.000827966466843475,0.014149293989029596,-0.2742706291716998,False,-0.017196904557179704,0.008126473331386445,0.04370649252542591,-0.5793962504274273,False,False,
2024-11-08,572.5,0.0006828563047328624,0.01413230532013762,0.07549546577423692,False,0.0061511423550086874,0.007811318038486668,0.04380392944376279,-0.037900154268337496,False,False,
2024-11-11,565.5,0.0009316589947683325,0.013981843537149628,-0.9411300588233249,False,0.012080536912751683,0.008290266061948128,0.043583289755457506,0.08696614854157346,False,False,
2024-11-12,552.25,0.0011219553736232985,0.013697693065631168,-1.792458602488158,False,-0.03198948290972836,0.00881069552561753,0.04338938891006499,-0.9403261825123681,False,False,
2024-11-13,541.0,0.0006185255074822379,0.013898200562880861,-1.5102483306549102,False,-0.05625817706061931,0.008421727772267162,0.04362515353269434,-1.4826287037457162,False,False,
2024-11-14,530.25,0.0005226783809210067,0.014018927969959185,-1.4546967076324928,False,-0.07055214723926384,0.007841190106073443,0.04419623455116622,-1.7737560256311178,False,False,
2024-11-15,536.5,0.00017503971348298582,0.014198310490746416,0.8178334506134861,False,-0.05545774647887325,0.007197203200834116,0.04498550402117605,-1.392780875595253,False,False,
2024-11-18,547.25,0.0002120781663630241,0.0142252643412051,1.3936613068186972,False,-0.037802197802197846,0.006538725634517643,0.045540377944738274,-0.9736617357572596,False,False,
2024-11-19,549.75,0.0003038032853113748,0.014331649048030377,0.2975577148155954,False,-0.03973799126637556,0.006126819775905197,0.045802612630781774,-1.0013579664548915,False,False,
2024-11-20,552.5,0.00035234531518865057,0.014339953713300536,0.32426383924090985,False,-0.03619712167466205,0.0058037925444216504,0.04604208295732393,-0.9122288028978627,False,False,
2024-11-21,548.75,0.00032636389273457136,0.01432959831677499,-0.4964336091088443,False,-0.039807524059492616,0.005308881129370574,0.04629408037419089,-0.9745609983866478,False,False,
2024-11-22,544.25,0.00035858436349216926,0.014310583975305675,-0.5980915914491827,False,-0.04934497816593886,0.004991398724482275,0.046523245676270905,-1.1679403726153892,False,False,
2024-11-25,535.75,0.0002678236831044704,0.014343393856502329,-1.1075235424620709,False,-0.05260831122900089,0.00433966434955629,0.046941212596324264,-1.2131764909502254,False,False,
2024-11-26,539.5,-6.444496053783648e-05,0.014419716913579439,0.48988328739851084,False,-0.023087369850611106,0.003154297882103072,0.04724489530307405,-0.5554392186579092,False,False,
2024-11-27,537.75,0.0001702031955349126,0.014389129371772818,-0.23725878855684712,False,-0.00600739371534198,0.002702084614289526,0.047332681462061314,-0.18400559741396516,False,False,
2024-11-29,532.25,0.00032568017852689185,0.014286676887275262,-0.738693909337774,False,0.003771805752003754,0.00250112089146919,0.04733729789687774,0.02684320645641194,False,False,
2024-12-02,537.5,3.800926181653767e-05,0.014278960410690177,0.6881296866516884,False,0.0018639328984155767,0.0023617482872711564,0.0473176981663636,-0.010520701727825344,False,False,
2024-12-03,536.75,0.0003315959088986601,0.014251207302607203,-0.12117883835652206,False,-0.019186843307446355,0.0024805856883227126,0.047304934644948504,-0.45803739416185496,False,False,
2024-12-04,538.0,0.0002688202528455082,0.014248267016202642,0.14457973532406893,False,-0.02137335152341968,0.002447395619238888,0.04731944329256147,-0.5034029457063192,False,False,
2024-12-05,546.75,0.0003438964891032089,0.01424403209384243,1.1176641506041674,False,-0.010407239819004488,0.0024404528167208802,0.04732294618800169,-0.27148970363520575,False,False,
2024-12-06,542.5,0.00044085630181627254,0.014328197074742251,-0.5732794965785036,False,-0.011389521640091105,0.0025532619461781786,0.047281530774487636,-0.2948885824524232,False,False,
2024-12-09,541.25,0.0006686707251541316,0.014053698283531152,-0.21153280301140853,False,-0.005512172714745023,0.0028596769324539723,0.047113172797875864,-0.17769657932221553,False,False,
2024-12-10,542.0,0.0008624156500818521,0.013908542732887877,0.03762188845158276,False,0.011665888940737279,0.0034435456373426436,0.046727765841602535,0.17596268846378574,False,False,
2024-12-11,543.5,0.001109201902942325,0.013748385671507529,0.12061967215330585,False,0.007414272474513428,0.004588338135047098,0.0458433909825518,0.061643222259494146,False,False,
2024-12-12,538.75,0.0012589278899981144,0.01370381794206005,-0.7296199020050943,False,0.0018596001859600975,0.005649778551148823,0.04495457423217341,-0.0843112948999113,False,False,
2024-12-13,526.5,0.0008679681602480812,0.013562625687600603,-1.7405027410991178,False,-0.01080319398778773,0.00619151569468424,0.04465586035946162,-0.3805706472940265,False,False,
2024-12-16,550.0,0.00040739438698107625,0.01377110987785392,3.2115772783030336,True,0.023255813953488413,0.006558615386503607,0.04439729061286926,0.37608598039414726,False,True,shock
2024-12-17,545.0,0.0007237963670788365,0.0145016374380549,-0.6767998096706187,False,0.015370284117373068,0.0069507247721084095,0.04441337334641949,0.18957261542808307,False,False,
2024-12-18,541.25,0.0004057588490413192,0.014451076835720807,-0.5042179815959728,False,0.006040892193308611,0.0070864795037362755,0.04442347415480551,-0.023536819898057382,False,False,
2024-12-19,533.0,-0.00016776121375672453,0.013855263650742735,-1.0880148795842741,False,-0.025148605395518997,0.006567561095182629,0.04420184741831272,-0.7175303373759372,False,False,
2024-12-20,533.0,-0.0006910427792865074,0.013669907502434906,0.0505521181590598,False,-0.017511520737327202,0.005425492135187341,0.043894855961712366,-0.52254443874976,False,False,
2024-12-23,540.5,-0.0005907921527200906,0.013646708845723828,1.0744045965642426,False,-0.0013856812933025209,0.004133804133821921,0.04310797721535736,-0.12803860871389036,False,False,
2024-12-24,534.75,-0.0002189800018548545,0.013661425245491885,-0.7626816150770058,False,-0.013376383763837651,0.00301291481507756,0.04211961735273633,-0.3891131878445346,False,False,
2024-12-26,541.0,-0.0004150490073767058,0.013704539749662716,0.8831200290767837,False,-0.004599816007359703,0.001420924405377546,0.04039468630686839,-0.1490478318608339,False,False,
2024-12-27,546.5,-0.00033722074769239124,0.013757077049360831,0.7635037083240369,False,0.014385150812064929,-0.00026691249881696837,0.03785360352154429,0.3870718227009143,False,False,
2024-12-30,548.25,-0.0003209832445737693,0.013768898778793712,0.25587950732849696,False,0.04131054131054124,-0.0015310868775614969,0.03566860562433051,1.2011018496018615,False,False,
2024-12-31,551.5,-0.00026054894148666314,0.013774354567202062,0.44927705960186126,False,0.0027272727272726893,-0.0022442563251337984,0.034221925917260455,0.14527321064356014,False,False,
2025-01-02,545.75,-0.0003768914565724761,0.013683230885090738,-0.7344185912854413,False,0.0013761467889907841,-0.003382495863373336,0.032555710765175785,0.14616921395721294,False,False,
2025-01-03,529.25,-0.0006851258124469457,0.013645194658096365,-2.1654874394908608,True,-0.022170900692840667,-0.004509149585836409,0.030842058421035698,-0.5726515028892537,False,True,shock
2025-01-06,540.5,-0.0010248584812597894,0.014058787393329893,1.584870223727994,False,0.014071294559099501,-0.005378433092658826,0.03039980076389509,0.6397978658747715,False,False,
2025-01-07,542.5,-0.0007414385473911059,0.014292053682011998,0.3107822127617391,False,0.017823639774859235,-0.005438493850446684,0.030356253466188123,0.7663044997043562,False,False,
2025-01-08,536.25,-0.0004547299694178249,0.01416024053583476,-0.7814844196867147,False,-0.007863089731729889,-0.0053077971917729816,0.03043598387521394,-0.08395629825648097,False,False,
2025-01-09,534.0,-0.0006790736642843243,0.014200982695630785,-0.24763994203034267,False,-0.0014025245441795509,-0.005780163617899315,0.030192859456348725,0.14498921773370713,False,False,
2025-01-10,530.75,-0.0010633671778654359,0.013893591385925748,-0.3615174078978612,False,-0.018946395563770757,-0.006446928751635689,0.029520294918934976,-0.4234194423348268,False,False,
2025-01-13,545.0,-0.001041511450314574,0.013884256124879759,2.008772387154476,True,-0.0027447392497712553,-0.007158906046699238,0.02916232345078156,0.15136540147008354,False,True,shock
2025-01-14,546.25,-0.00094304303632184,0.014056762282019903,0.2302536638976338,False,-0.00364797081623347,-0.0077986067828898315,0.028516600932110222,0.14555156754263332,False,False,
2025-01-15,547.0,-0.0007993238265763895,0.014033690091509902,0.15479332407098992,False,-0.008159564823209453,-0.008350502758485793,0.028019485733155266,0.006814469654966003,False,False,
2025-01-16,537.5,-0.000684026746832136,0.014015284482892411,-1.1903741333311557,False,-0.015116811726981205,-0.008663527444822969,0.027882305815884974,-0.23144729581445528,False,False,
2025-01-17,538.75,-0.001007546888041239,0.01411760860295449,0.23609722985892795,False,0.017949929145016474,-0.008991849555662694,0.027810332491313185,0.9687686657142514,False,False,
2025-01-21,558.75,-0.0013190048895279105,0.013774268245678916,2.790854224809687,True,0.03376503237742834,-0.009290945304274809,0.027389592139769898,1.5719831628739567,False,True,shock
2025-01-22,554.0,-0.0011857459260840681,0.014097749866074134,-0.5189035634511322,False,0.021198156682027625,-0.00975549375085048,0.02632533307492703,1.1758123000676945,False,False,
2025-01-23,554.0,-0.001044455138038128,0.013968311620820777,0.0747731842180047,False,0.03310023310023302,-0.0103688139370294,0.02501132655446876,1.7379744709900578,False,False,
2025-01-24,544.0,-0.0007406716528130527,0.013734936763982993,-1.26028027364669,False,0.01872659176029967,-0.010425865065320632,0.024905597840350253,1.1705182510571819,False,False,
2025-01-27,535.5,-0.0010435187769437483,0.013863982785504539,-1.0517526924731826,False,0.008949599623174764,-0.010405075601506622,0.02492958123523698,0.7763738605173326,False,False,
2025-01-28,545.25,-0.0013024850216694869,0.013953443853042091,1.3982044963459845,False,0.0004587155963302614,-0.010672137456588628,0.024607169798094727,0.4523418639465285,False,False,
2025-01-29,562.5,-0.001154999377558963,0.0141016201740432,2.3253968548842887,True,0.029748283752860427,-0.010886640680118253,0.024436221652005173,1.6628971946505604,False,True,shock
2025-01-30,566.5,-0.0008389063017540351,0.014566065136219433,0.5457903241896734,False,0.03564899451553938,-0.010935011873212335,0.02435086158908302,1.9130331885109257,False,False,
2025-01-31,559.5,-0.0006391915559523328,0.014571078831242161,-0.8041534908380097,False,0.040930232558139545,-0.010896473555533878,0.024423126718452606,2.122034034017289,True,True,trend
2025-02-03,566.75,-0.0004978802304667355,0.014402147221638397,0.9342966875758636,False,0.05197215777262176,-0.010379275934210737,0.025104155973771074,2.483709620509749,True,True,trend
2025-02-04,577.0,-0.00019410877202500268,0.014442974448806696,1.2656454172550868,False,0.03266219239373602,-0.009252257069307,0.025977352017741828,1.6134996913625603,False,False,
2025-02-05,572.25,-7.951363622872816e-05,0.014554522650496352,-0.5601504261906999,False,0.03294223826714804,-0.00816120110029178,0.02599668436121792,1.5811031436285117,False,False,
2025-02-06,587.75,-0.00029184088148491644,0.014555768822522288,1.8808971891910151,False,0.0609205776173285,-0.0074126644354097285,0.026363520624186402,2.5919619396374545,True,True,trend
2025-02-07,582.75,0.0004481587702032286,0.014517481992054269,-0.6168547042244629,False,0.07123161764705888,-0.006216046418740078,0.027395039223700606,2.8270689241720706,True,True,trend
2025-02-10,579.5,0.00034637160941408375,0.014553587701613411,-0.40700460311672815,False,0.08216619981325857,-0.004810595314247648,0.028617772693353707,3.0392580184168563,True,True,trend
2025-02-11,577.0,0.00018463713575300595,0.014551081052554484,-0.30916610028147484,False,0.058230169646950936,-0.0032947013007644356,0.030153482279497174,2.040390240086769,True,True,trend
2025-02-12,574.25,6.924591407403794e-05,0.01455199593972193,-0.3322758699180168,False,0.020888888888888957,-0.002061982956445602,0.030755781996211044,0.7462295007866159,False,False,
2025-02-13,577.75,-6.344550734442992e-05,0.014550082819669415,0.42325201741608875,False,0.019858781994704255,-0.0012920910769885048,0.030595401048418902,0.6913089009103146,False,False,
2025-02-14,600.0,0.0003044349872705891,0.014348264064792829,2.6628330603370425,True,0.07238605898123329,-0.0003595276843379125,0.03015082554159027,2.4127228810111823,True,True,shock+trend
2025-02-18,604.75,0.0010581086759559385,0.014848872320195468,0.4618908320319067,False,0.06704896338773714,0.0012093503682041185,0.030835403348149864,2.1351954529721895,True,True,trend
2025-02-19,592.0,0.0008832764611908376,0.014686864060051881,-1.4956473048452357,False,0.025996533795493937,0.0023104116114182386,0.03169204390923807,0.7473838623949185,False,False,
2025-02-20,585.5,0.0005378974581502227,0.01489611261453893,-0.7731968390624601,False,0.023154215814766177,0.002924838329831093,0.03169868288282801,0.6381772252087439,False,False,
2025-02-21,590.0,0.00045546384704238553,0.014943068258576806,0.4838547688285131,False,0.0038281582305401685,0.0036633039271803634,0.031513209680129856,0.005231276186498744,False,False,
2025-02-24,579.0,0.0006163686421280238,0.014955241445668796,-1.2878719817871123,False,-0.006435006435006385,0.003824923659502013,0.031482127845383866,-0.3258969706525978,False,False,
2025-02-25,572.75,0.00035017543770373766,0.015119317589678992,-0.7371132064199697,False,-0.011647972389991379,0.003820673013049533,0.0314835097043642,-0.4913253175485918,False,False,
2025-02-26,566.0,0.00011833704006223152,0.015155559431478886,-0.7854268732921581,False,-0.01906412478336217,0.0037463852330348324,0.0315137369489963,-0.7238275185616635,False,False,
2025-02-27,546.75,-5.6266830408702914e-05,0.015216954136054344,-2.2313489002280207,True,-0.04788855028297778,0.003613199495502708,0.03158967323958869,-1.6303349954863624,False,True,shock
2025-02-28,537.0,-0.0004690379158600466,0.015711185789500128,-1.1051749867295972,False,-0.07053223712678491,0.003203977552492067,0.03205821600705685,-2.3000723016853377,True,True,trend
2025-03-03,532.0,-0.0007301369657216127,0.01583603459434882,-0.5418559771244001,False,-0.11333333333333329,0.002181532492734819,0.03316663514686253,-3.4828635860878245,True,True,trend
2025-03-04,518.5,-0.0006912558021057525,0.015810985499772626,-1.561236271317388,False,-0.14262091773460106,0.0005093475561203527,0.035723767466691876,-4.006583723963975,True,True,trend
2025-03-05,530.75,-0.0007171937681526108,0.015850340248079464,1.53580536236358,False,-0.10346283783783783,-0.0009657382415446166,0.03919886712223224,-2.614797495975602,True,True,trend
2025-03-06,537.0,-0.0001305664018612666,0.0159270959255303,0.747553441970396,False,-0.08283518360375752,-0.0015951337185741968,0.04045743155372785,-2.008037751415232,True,True,trend
2025-03-07,533.75,0.0002913855842637636,0.015815872620338085,-0.40108612806531346,False,-0.09533898305084743,-0.001758907536767446,0.040764044699310845,-2.295652362378605,True,True,trend
2025-03-10,545.25,5.3531790903581884e-05,0.01577474278840236,1.3624396888552877,False,-0.05829015544041449,-0.0022906573577271016,0.041722830869627886,-1.3421787763555661,False,False,
2025-03-11,541.0,7.364364142809313e-05,0.015801504017842097,-0.4979420484483347,False,-0.05543430816237449,-0.002563830126236657,0.042024458627324256,-1.258088260101024,False,False,
2025-03-12,538.75,-9.119483408341603e-05,0.01581845760682972,-0.2571533930092161,False,-0.04814487632508835,-0.0027731143515166428,0.042250565851933215,-1.0738734750340788,False,False,
2025-03-13,547.25,-0.00021334468262545,0.015813965246833758,1.0111699762841881,False,0.0009144947416552807,-0.00293241774685566,0.042400550177619706,0.09072789085037528,False,False,
2025-03-14,545.75,8.751655067743632e-05,0.015901608016128974,-0.17787472582383027,False,0.016294227188081933,-0.0023894574961736883,0.04218213521718548,0.4429288509948088,False,False,
2025-03-17,568.5,0.00016030959021765028,0.01587563008330194,2.6156721806978385,True,0.0686090225563909,-0.0015142680914534109,0.0418745584477793,1.6746037032317198,False,True,shock
2025-03-18,565.0,0.0009243572734434894,0.016473675574534163,-0.42983179874467736,False,0.08968177434908386,0.00010196302568514634,0.04221377051563891,2.1220518856568886,True,True,trend
2025-03-19,563.5,0.0007489427975083273,0.01647815539302655,-0.20656499304442869,False,0.061705134243994264,0.0016055516150144126,0.0433691598925171,1.3857677385941114,False,False,
2025-03-20,557.25,0.0007567944901878265,0.016476367404714858,-0.7191019281208813,False,0.0377094972067038,0.002508385321138896,0.04390996438458779,0.8016656897567502,False,False,
2025-03-21,558.25,0.0007452799294386188,0.016484447542361554,0.06365070842984792,False,0.04590163934426239,0.0029608878738682297,0.04409762711972839,0.9737655804881922,False,False,
2025-03-24,548.25,0.0006376898078205917,0.016450426920487565,-1.1276796194337306,False,0.005502063273727709,0.0035480572931461873,0.04437513613740954,0.044033802499914745,False,False,
2025-03-25,543.25,0.00041745284083141894,0.01658800686872491,-0.574956349903433,False,0.004158964879852123,0.0038772427142285083,0.04429570712220452,0.006360033148277546,False,False,
2025-03-26,535.25,0.00026480273459863926,0.016622821545378367,-0.9018317192044716,False,-0.00649651972157772,0.004217673599605466,0.04419702668376134,-0.24241887124772907,False,False,
2025-03-27,532.0,-0.00014839893897662974,0.016604907547596824,-0.35673369750368883,False,-0.027866605756053042,0.0042698165342378224,0.04418184357707233,-0.7273671646189,False,False,
2025-03-28,528.25,-0.00012571525499087245,0.016595510053104494,-0.41717048185362415,False,-0.03206596426935415,0.0040501220793583296,0.04430156595058017,-0.8152327253849478,False,False,
2025-03-31,537.0,-0.00018897825119104983,0.016612960977150735,1.0084358295982567,False,-0.0554089709762533,0.003696071525296875,0.044484746855440294,-1.3286586230021873,False,False,
2025-04-01,540.5,1.3401022683387313e-05,0.016724480412169136,0.3889083362982457,False,-0.04336283185840706,0.0028017400597370005,0.044993687381309024,-1.0260233069344176,False,False,
2025-04-02,539.25,6.340319868279949e-05,0.016738426090386792,-0.14195340926087496,False,-0.043034605146406335,0.0021247120019647274,0.04530429781371471,-0.9967998474241939,False,False,
2025-04-03,536.0,0.0001490962248624609,0.01670917551421464,-0.3696164073187588,False,-0.03813369223867202,0.0015261225975331748,0.04560344582679621,-0.8696670639064169,False,False,
2025-04-04,529.0,0.0003719086225632869,0.01651009230044401,-0.8135393715963289,False,-0.052395879982086835,0.001161715954188051,0.04581201682386552,-1.1690730871375727,False,False,
2025-04-07,536.5,-0.0003973457702400266,0.01574630521596053,0.9256164752402657,False,-0.021431828545371623,0.00015302670171371435,0.04615057368245472,-0.46770502563202926,False,False,
2025-04-08,540.0,-8.70977322037092e-05,0.015801833696355023,0.418360489275581,False,-0.005982512655315242,-0.0003376681337895482,0.0461822280425994,-0.12222980052670428,False,False,
2025-04-09,542.25,9.162892232174258e-05,0.01579976156084294,0.2579176735454165,False,0.013078000934142908,-0.0004979801984378663,0.04618065533014335,0.2939754976521385,False,False,
2025-04-10,538.0,0.0003504177342283373,0.015703868590459257,-0.5214085254831434,False,0.011278195488721776,1.170788595762584e-05,0.04611581877754697,0.24430852365673744,False,False,
2025-04-11,555.75,0.00024591489113628295,0.01573228467329959,2.081493619308996,True,0.05205868433506855,0.0003955707689716122,0.046087798961534185,1.1209715961748579,False,True,shock
2025-04-14,547.5,0.0004981984977584508,0.01610429783359291,-0.9527272144856964,False,0.019553072625698276,0.0011081623106832265,0.04647145683284057,0.3969083728397418,False,False,
2025-04-15,542.0,0.0004421117451431419,0.016150864967004488,-0.6493629825415456,False,0.0027752081406104967,0.001547221729210372,0.04648831310065495,0.026414948822542327,False,False,
2025-04-16,547.75,0.00015233352333932822,0.01614133718221056,0.6478101812249937,False,0.015762633286972694,0.0016455553845166416,0.04648293460907647,0.303704532021941,False,False,
2025-04-17,548.75,0.00015823348991755192,0.016145127388741447,0.10327678796737087,False,0.02378731343283591,0.0016639218175154118,0.0464883081534677,0.4758915196975231,False,False,
2025-04-21,538.5,0.00013987955120489708,0.01614240242556266,-1.165792708224992,False,0.017958412098298737,0.0014302787791460074,0.04633012309838445,0.3567470193000431,False,False,
2025-04-22,535.5,-0.0001882106896768206,0.016272708790574242,-0.33078819391825287,False,-0.0018639328984156878,0.0016333606374263547,0.046369250426227505,-0.075422688607101,False,False,
2025-04-23,528.25,-0.0001234762901199445,0.01624105727633731,-0.8260098043181031,False,-0.021759259259259256,0.0015901595749276017,0.04637100262146909,-0.5035349143685848,False,False,
2025-04-24,529.25,9.912203816133521e-05,0.0159343060091623,0.11258231312595679,False,-0.023974181650530224,0.0015956481273753538,0.046368176490853265,-0.551452131893726,False,False,
2025-04-25,530.0,-0.0001590573214842861,0.015742583182123043,0.1001206074373858,False,-0.014869888475836479,0.0010883751112469575,0.04643790558193939,-0.34364735849090317,False,False,
2025-04-28,515.5,-0.0001894996928372287,0.015737225951629494,-1.726415504022637,False,-0.07242465137201981,0.0006524614012376813,0.04643213546353595,-1.5738477682260887,False,False,
2025-04-29,505.75,-0.0004006697360218799,0.01599546955623218,-1.1573906124839,False,-0.07625570776255708,-0.00020835942063285095,0.04718451001806661,-1.6117015586853873,False,False,
2025-04-30,513.0,-0.0005969080273135171,0.016132355257295516,0.9255966417920285,False,-0.053505535055350606,-0.0012064018635445514,0.04799479665538484,-1.0896833997928457,False,False,
2025-05-01,515.25,-0.00032462418537841637,0.016210602022589924,0.29058693138568725,False,-0.05933363760839794,-0.0016671903900989493,0.0483321286662701,-1.1931286456775305,False,False,
2025-05-02,526.5,-0.0006241286381416655,0.01590642176008123,1.4118945236240295,False,-0.04054669703872438,-0.0024217090348806385,0.048788728980426875,-0.78143023605183,False,False,
2025-05-05,514.25,-0.0003635888627587347,0.01611354178709153,-1.421367694331413,False,-0.04503249767873718,-0.002913692051180517,0.048986901591084826,-0.8597972980438899,False,False,
2025-05-06,519.0,-0.0006921202535835406,0.01632742259451734,0.6081102359155041,False,-0.03081232492997199,-0.003405331155920887,0.04922471493407855,-0.5567730318144937,False,False,
2025-05-07,518.0,-0.00033739743466613644,0.01624905335761792,-0.097813995926835,False,-0.01940369143398013,-0.0036146046652940976,0.04930847048287637,-0.32021043471971405,False,False,
2025-05-08,513.0,-0.00039409561691882957,0.016247054609579065,-0.5698518444156737,False,-0.030703826169107273,-0.004112652939680719,0.049276348635259946,-0.5396335963578093,False,False,
2025-05-09,505.5,-0.0010177686767867849,0.015675147053807414,-0.8677503513974992,False,-0.04622641509433967,-0.004972237720301194,0.049168860528004905,-0.8390305760805968,False,False,
2025-05-12,499.0,-0.0010993522030894912,0.015730446979492975,-0.7475441541809013,False,-0.03200775945683798,-0.005871232010652758,0.0493001137379638,-0.530151463444975,False,False,
2025-05-13,501.5,-0.0012707996148929857,0.015788270077415952,0.39781556967140386,False,-0.008403361344537785,-0.006739338578080371,0.04917768558142432,-0.03383694752576886,False,False,
2025-05-14,508.75,-0.0009633254608086424,0.015681258982040328,0.9833365795526976,False,-0.008284600389863561,-0.00710107128614487,0.04908753264806291,-0.02411058449818816,False,False,
2025-05-15,532.75,-0.0005622370593463636,0.015685888087938735,3.0432885894742134,True,0.033964095099466185,-0.007330860619652048,0.04905170606426159,0.8418658397940042,False,True,shock
2025-05-16,525.0,-0.00017600820252927196,0.016490288905096892,-0.8714918724271624,False,-0.002849002849002802,-0.006884122226276902,0.04927567213318377,0.08188867249477304,False,False,
2025-05-19,529.0,-0.0007917951996123514,0.016144961630548373,0.520957745897988,False,0.028682547399125013,-0.007318752714301746,0.04909161033556524,0.7333493415135541,False,False,
2025-05-20,546.0,-0.0007850227128398639,0.016148427702147517,2.0386584489940973,True,0.052023121387283267,-0.007411638675853937,0.049015744632333096,1.2125646669036063,False,True,shock
2025-05-21,549.25,-0.00019178696186006317,0.016530321157771262,0.37169077694249686,False,0.0603281853281854,-0.007263733491465354,0.049180048678216036,1.3743768181667158,False,False,
2025-05-22,544.5,-0.0002851951919975167,0.016474711114951846,-0.5076241596469174,False,0.06140350877192979,-0.007152319790724506,0.04932530703063355,1.3898712991300308,False,False,
2025-05-23,542.5,-0.0006416449550347192,0.016360679848187565,-0.18528873220916667,False,0.0731948565776459,-0.0067691022390152554,0.04974864519190637,1.6073595272433778,False,False,
2025-05-27,528.5,-0.0005808564067717726,0.01634055310702006,-1.5437418207890556,False,0.059118236472945895,-0.0062324006615419505,0.05039577017119236,1.2967484555250255,False,False,
2025-05-28,530.25,-0.0012860899453879678,0.016271589656933122,0.282538357988563,False,0.05732801595214365,-0.006256431876800385,0.05036373509679877,1.262504611834987,False,False,
2025-05-29,534.0,-0.0011285129244781682,0.016257935331925197,0.5044089881069828,False,0.04963144963144961,-0.006441813232732588,0.050099554520434554,1.1192367557142866,False,False,
2025-05-30,534.0,-0.0009598577063180007,0.01627676271921458,0.05897104497228412,False,0.002346316283434957,-0.006875609901823374,0.04945871254360115,0.1864570610714662,False,False,
2025-06-02,539.0,-0.0009023368550094017,0.016272371220856587,0.6308627424871848,False,0.026666666666666616,-0.007620727946670253,0.04888220750245654,0.701428932226798,False,False,
2025-06-03,536.0,-0.0007139458273295318,0.016308784759314614,-0.29750327525900894,False,0.013232514177693666,-0.007543690909633218,0.048932272227768074,0.42459105497121813,False,False,
2025-06-04,543.25,-0.0008694227487744873,0.016298576339913322,0.8832392382950931,False,-0.005036630036630019,-0.00763204114719336,0.048888088885626485,0.0530888232639917,False,False,
2025-06-05,545.5,-0.0012025607153673128,0.01572812909143523,0.33979249629127756,False,-0.006827492034592653,-0.008664343667431537,0.04798469118987014,0.0382799511112964,False,False,
2025-06-06,554.75,-0.0012528930771814946,0.015704574365934518,1.1595228822836805,False,0.018824609733700592,-0.0096493630730626,0.04716064595240135,0.6037655386548695,False,False,
2025-06-09,542.0,-0.000745692911268169,0.01566971478613101,-1.419147266857501,False,-0.0009216589861751334,-0.009744988727219845,0.047094616424385505,0.18735325629440752,False,False,
2025-06-10,534.5,-0.000905740859171007,0.015836074454877645,-0.8166100477779455,False,0.011352885525070855,-0.010066000391232396,0.046949164452662284,0.45621442183277616,False,False,
2025-06-11,534.25,-0.0011927192199879203,0.015873254964980748,0.045673831489907314,False,0.007543611504007508,-0.009965670693971987,0.046987281954356815,0.3726387539289443,False,False,
2025-06-12,526.5,-0.0009503680073333983,0.015741418727954044,-0.8611643902077614,False,-0.014044943820224698,-0.009779289121451802,0.04702918146130332,-0.09070229517566182,False,False,
2025-06-13,543.75,-0.000999859261166606,0.015778578170872738,2.1398247458713717,True,0.018258426966292207,-0.00981124874052158,0.04703128293108686,0.5968298961340945,False,True,shock
2025-06-16,536.5,-0.0004058755360902004,0.016199967452274196,-0.7979928253144926,False,-0.004638218923933235,-0.009313614717192855,0.04712940702660632,0.09920336554669962,False,False,
2025-06-17,549.0,-0.00013017863777846047,0.01579112944477312,1.4837026034087395,False,0.02425373134328357,-0.008736943632405594,0.04691514579258193,0.7031988160400334,False,False,
2025-06-18,574.25,0.00041824547812117826,0.015882006563959435,2.869566157389746,True,0.057063966866083726,-0.007473130719471348,0.04650286558404874,1.3878090473566942,False,True,shock
2025-06-20,567.75,0.0011556281579894352,0.01668759696116569,-0.7475456215827458,False,0.04078826764436294,-0.005201166716812454,0.04541069934232906,1.0127444639089025,False,False,
2025-06-23,552.75,0.001343052530850189,0.016463011973228102,-1.686394435977814,False,-0.003605227579990933,-0.0027557109117596003,0.042772190469310585,-0.019861425353954413,False,False,
2025-06-24,535.75,0.0006757735569785502,0.01656157657818873,-1.8978318728288546,False,-0.011531365313653175,-0.001424276108321642,0.04111715347068529,-0.2458119872655445,False,False,
2025-06-25,528.25,0.00010869217944167767,0.016901037444212532,-0.8347273920251191,False,-0.011693171188026152,-0.0004735585311202506,0.04001900401683569,-0.28035711863758267,False,False,
2025-06-26,521.0,2.733176749905771e-06,0.016964974202152597,-0.8091551007957877,False,-0.02480112306972393,0.000641718960384033,0.03847527692550843,-0.661277684352151,False,False,
2025-06-27,524.75,-0.0004675365523313942,0.01684817737245093,0.45495919943894203,False,-0.003323836657169954,0.0010882393919932406,0.037973157661408664,-0.11618933796614697,False,False,
2025-06-30,528.75,-0.0002676394006670613,0.01684900877522549,0.468295611414756,False,-0.02758620689655178,0.001783045678729301,0.03739734658809148,-0.7853298497020427,False,False,
2025-07-01,537.25,-0.00011055083606290298,0.016867150659476943,0.9596286462984719,False,0.0013979496738116826,0.0020571612711097888,0.037100607102334086,-0.017768215907621458,False,False,
2025-07-02,556.0,-0.0001065723302331841,0.01687098356329185,2.0749546501325287,True,0.012750455373406133,0.002063607336871874,0.037100447884948665,0.28805172567390547,False,True,shock
2025-07-03,547.75,0.0003953067508611922,0.01734477565799461,-0.8782723136717302,False,-0.04614714845450585,0.00201635704600953,0.03708433230706079,-1.2987561728688624,False,False,
2025-07-07,539.75,-0.00035834502309298226,0.016744022415687315,-0.8508623392169472,False,-0.049317481285777176,0.00048627476586424005,0.03666463864126524,-1.3583593865176784,False,False,
2025-07-08,543.0,-0.0004709937000651276,0.01681184075989682,0.3861742418957098,False,-0.01763907734056991,-0.001367048642600574,0.03559244722723156,-0.4571764507813812,False,False,
2025-07-09,542.75,-0.00035531138783983916,0.016826454482907555,-0.006245746470517346,False,0.013065795613625752,-0.002424971463728096,0.03486413567748717,0.44431811591866616,False,False,
2025-07-10,550.25,-0.00021356488220740063,0.01677950362619437,0.8362632177528121,False,0.04164694746805497,-0.0027535541516358034,0.03459586750421228,1.2834047770094137,False,False,
2025-07-11,540.75,-5.324501395481018e-05,0.016856215512573536,-1.0210853422815036,False,0.03790786948176583,-0.002810283376651902,0.034518407722173405,1.1796069270096092,False,False,
2025-07-14,534.0,-4.46017904719372e-05,0.016847097626030216,-0.7382910370513935,False,0.01762744163887575,-0.0023782059605447275,0.034825314253688344,0.574457058841951,False,False,
2025-07-15,538.0,-8.943826950548553e-05,0.016876026794538118,0.4491622978507373,False,0.01749408983451528,-0.0021986262704244124,0.03489413693116303,0.5643560161349814,False,False,
2025-07-16,541.25,0.00020678601985210025,0.016810494939004446,0.34705142202089256,False,0.007445323406235493,-0.0018787514763431723,0.034964096605954134,0.2666756984360592,False,False,
2025-07-17,533.5,0.0003682903024980518,0.016807543764373083,-0.8738336312465629,False,-0.040467625899280546,-0.001407925754179325,0.034846974324163664,-1.1208921549902355,False,False,
2025-07-18,546.25,0.00027135917560460555,0.016871737897027544,1.4004142667068336,False,-0.002738475581926081,-0.0015199479092450105,0.03496018266469333,-0.03485472843114389,False,False,
2025-07-21,542.25,0.0003691545728960044,0.01698830816294935,-0.4527707504102155,False,0.004631773969430375,-0.0008176746373206474,0.03438736656092153,0.1584724028545961,False,False,
2025-07-22,549.5,0.00018461663506300112,0.016995785969156917,0.775815845091499,False,0.011970534069981609,-0.00017774655961614835,0.034029642371890115,0.3569911342833487,False,False,
2025-07-23,540.5,0.00039372183693270113,0.017060996703250543,-0.9830754944348157,False,-0.004145555043758686,0.0005556552966023575,0.033684496987460844,-0.13956599506624914,False,False,
2025-07-24,541.5,0.00025570001380328835,0.017155252259728884,0.0929417255114721,False,-0.01590186278964112,0.001008830459201202,0.03338424700251207,-0.5065470923327952,False,False,
2025-07-25,538.25,0.00045449788384254694,0.01708511150497974,-0.37789303300883464,False,-0.004623208506703613,0.0014954173551004783,0.03285713116984643,-0.18621911420615023,False,False,
2025-07-28,538.5,0.00018543734405743824,0.01702486471061522,0.016389606884688216,False,0.008426966292134797,0.001719532288949385,0.032755802250571536,0.2047708662995234,False,False,
2025-07-29,529.75,0.00010464671791710067,0.017008749452418367,-0.9614749239667613,False,-0.015334572490706355,0.0019116586749153856,0.03275227467513832,-0.5265659053205564,False,False,
2025-07-30,523.75,-0.00016756002922000858,0.017105949079680445,-0.6523190928764439,False,-0.0323325635103926,0.001532824362584062,0.032785674270511767,-1.0329324812281202,False,False,
2025-07-31,523.25,-0.00021407181567019152,0.017131809358714774,-0.043228482571255764,False,-0.01921274601686973,0.0009513475759292037,0.032996553046621566,-0.6110969701686306,False,False,
2025-08-01,516.75,-0.0006667014022529856,0.01668525008710258,-0.7045539494359255,False,-0.054004576659038905,1.0618379033600077e-06,0.032527757073028504,-1.6602939568102861,False,False,
2025-08-04,516.75,-0.0006344021479857679,0.016659758476310255,0.03807991267627747,False,-0.047026279391424675,-0.000979706819226469,0.033035250084272286,-1.3938617826332262,False,False,
2025-08-05,508.25,-0.0005004599866463459,0.016623413965672247,-0.9593997894460147,False,-0.07506824385805277,-0.001643726652986938,0.03345658171532042,-2.1946210114897458,True,True,trend
2025-08-06,508.5,-0.0008612308657629742,0.01667259447000081,0.0811580215420975,False,-0.059204440333024966,-0.002854805014920611,0.0344472857550767,-1.635822215972409,False,False,
2025-08-07,518.25,-0.0008790144187303714,0.016670400998903614,1.2029138182089516,False,-0.04293628808864269,-0.003961361731798756,0.03490976602663109,-1.1164476532759262,False,False,
2025-08-08,514.5,-0.00037430966156124364,0.01669720625153611,-0.4109418216163727,False,-0.04412447747329307,-0.004773291067624642,0.03510068851731074,-1.1210944305625643,False,False,
2025-08-11,515.0,-0.0003965077865452867,0.016705313108578295,0.08190957427733489,False,-0.04363974001857007,-0.0053367649952896735,0.0353913555517228,-1.0822692272213876,False,False,
2025-08-12,505.0,-0.00020303357146242836,0.016634927583146417,-1.1550661739074781,False,-0.04672015101462956,-0.005628504738747151,0.03561801694638629,-1.153675858421182,False,False,
2025-08-13,507.25,-0.0004871738220608949,0.016780010000444726,0.2945540179346948,False,-0.03150357995226727,-0.005931784330268476,0.03587226830211864,-0.7128569458343538,False,False,
2025-08-14,503.5,-0.0004466625437247481,0.016788335146323018,-0.4137481014553409,False,-0.03774486383182041,-0.0061535668832875525,0.03597953450102145,-0.8780351771264853,False,False,
2025-08-15,506.5,-0.00018045339400573588,0.016511852387965962,0.37177811465815036,False,-0.019835510401548184,-0.005691169716084894,0.03533337530701925,-0.40031105329055294,False,False,
2025-08-18,502.75,0.0001511728459807034,0.016379765159071673,-0.461235189062223,False,-0.027092404450895002,-0.004938900417938109,0.034398965561296714,-0.6440165764136364,False,False,
2025-08-19,498.5,-0.00013867911477921286,0.016317602425490706,-0.5095617840755617,False,-0.01918347270044274,-0.004586725343212034,0.03402823375413909,-0.4289598885059734,False,False,
2025-08-20,505.5,-0.0003098720565235939,0.016336831597172446,0.8785056239512871,False,-0.005899705014749235,-0.004051389811105964,0.03346649758007134,-0.055228820978981276,False,False,
2025-08-21,507.0,-0.0004137645199400423,0.016218453574403918,0.20847385694781972,False,-0.02170767004341534,-0.003589429917452963,0.033193938993964986,-0.5458297711897484,False,False,
2025-08-22,504.75,-6.397497793157569e-05,0.01600034679279133,-0.2733625027755135,False,-0.01895043731778423,-0.0032784322156486716,0.032908445919764585,-0.47623048321230693,False,False,
2025-08-25,506.75,-0.0002463032762615184,0.015970816022375527,0.26352196864197247,False,-0.016019417475728104,-0.0031202737141528348,0.032802663576084766,-0.3932346448530347,False,False,
2025-08-26,509.5,-0.00016778141124316193,0.015976918214830247,0.3501626758805828,False,0.008910891089108919,-0.003075150061376141,0.0327822826438161,0.3656255813762271,False,False,
2025-08-27,502.25,3.3275237766126804e-05,0.015950806369298,-0.8941812599606136,False,-0.009857072449482529,-0.002546953831266592,0.03264998100031979,-0.2238935029746063,False,False,
2025-08-28,510.25,3.8478519659661534e-05,0.015946024730405236,0.9964768208702092,False,0.013406156901688115,-0.0020620292626684967,0.03226023393037782,0.47948152507942626,False,False,
2025-08-29,518.0,0.00042230356544357734,0.015977816830660737,0.9241769144110134,False,0.022704837117472954,-0.0014565103778881488,0.03211644740339781,0.7523044872268443,False,False,
2025-09-02,513.0,0.0005580184052162141,0.016060326569436838,-0.6357609238878561,False,0.020387866732968662,-0.0010417343983946722,0.03222620793938372,0.6649743330543763,False,False,
2025-09-03,504.0,0.00023656320838714014,0.01601960626936851,-1.1099163461656605,False,0.011033099297893756,-0.0006594348367569092,0.032309088882848246,0.3618961270324716,False,False,
2025-09-04,502.25,-0.000626347549260459,0.015178037322153868,-0.18749951739859747,False,-0.00642927794263104,-0.0009651814474445416,0.032084733690554985,-0.17030206788953353,False,False,
2025-09-05,501.0,-0.00047868169945946155,0.015094415926934841,-0.13316969059807904,False,-0.011834319526627168,-0.0010129184486929181,0.03209023736349911,-0.3372178571119889,False,False,
2025-09-08,505.5,-0.0006134530063562045,0.015066235801230442,0.6368869478145409,False,0.0014858841010401136,-0.0015531433410362805,0.03192418394662334,0.09519514883004038,False,False,
2025-09-09,500.75,-0.0009221739387824697,0.014616613920946929,-0.5797829169004043,False,-0.011840157868771573,-0.0022269731715195227,0.03130541067477371,-0.30707741856900395,False,False,
2025-09-10,495.0,-0.001126827511388564,0.014626510351111116,-0.7080259115989632,False,-0.028459273797840967,-0.003189217747478949,0.030454207636442847,-0.8297722387668611,False,False,
2025-09-11,503.0,-0.001164622434843164,0.014649851818436825,1.1826903651444702,False,0.0014932802389249211,-0.004387388181742559,0.02963531333284714,0.19843449450387537,False,False,
2025-09-12,503.0,-0.0009001596249258078,0.014782387384631829,0.06089406274534776,False,-0.014208721215090647,-0.005343409199592172,0.028221532481336915,-0.3141329061900222,False,False,
2025-09-15,525.0,-0.000556073603420432,0.014492314622130806,3.0563543030224194,True,0.013513513513513598,-0.006321101968765993,0.027210207999057164,0.7289402375375764,False,True,shock
2025-09-16,534.0,-1.7056053093256195e-05,0.01536369539013912,1.1169131358178404,False,0.040935672514619936,-0.006905295334614393,0.026279646489048368,1.8204570548226857,False,False,
2025-09-17,528.25,0.00011722023167807904,0.015470130674319666,-0.7036146444399126,False,0.048115079365079305,-0.007021239029505456,0.02604497490114051,2.116965695066588,True,True,trend
2025-09-18,524.25,-2.635030515088547e-05,0.015521114460630309,-0.4861649581225862,False,0.04380288700846191,-0.006410988855083531,0.02679288560783397,1.8741496007008447,False,False,
2025-09-19,522.5,-0.00025215654711180293,0.015505848679709012,-0.19901816193233463,False,0.04291417165668654,-0.006182505917192927,0.02714946914040942,1.8083844409614513,False,False,
2025-09-22,510.75,-0.00022245307166951722,0.015497663649907328,-1.4367059260558688,False,0.010385756676557945,-0.005786750484139689,0.027648059896537413,0.5849418447882864,False,False,
2025-09-23,520.5,-0.0007026418407428104,0.015623345431203682,1.2668359720746005,False,0.039440838741887196,-0.005581118661297182,0.027710994491120435,1.6246965592523566,False,False,
2025-09-24,519.5,-0.000503337379075471,0.01578053234264803,-0.08985072094356462,False,0.04949494949494948,-0.004964207584277451,0.028193688606765317,1.9316080928182982,False,False,
2025-09-25,527.0,-0.0007550460436565502,0.015648272032661555,0.9708423157521393,False,0.04771371769383692,-0.0045552697207941325,0.028760138380222358,1.8174108456506994,False,False,
2025-09-26,519.75,-0.00025610891783662236,0.015526043124392595,-0.8695716431753251,False,0.033300198807157066,-0.003906798031727305,0.02938469832256006,1.2662031248528678,False,False,
2025-09-29,519.5,-0.00025503528281184775,0.01552509401722018,-0.014554836056905147,False,-0.010476190476190528,-0.003614167187966156,0.029646830393979137,-0.2314589181047143,False,False,
2025-09-30,508.0,-0.00025521226459157407,0.01552509655026809,-1.4094248972583874,False,-0.048689138576779034,-0.0038544312143687963,0.029628195735121873,-1.5132446053494324,False,False,
2025-10-01,509.25,-0.00035695029936067734,0.015644291762068444,0.18010276613813894,False,-0.03596781826786555,-0.004316353811122854,0.030056190666699557,-1.0530763797626093,False,False,
2025-10-02,514.75,-0.0007609890039243142,0.015161194599624605,0.7625510836340832,False,-0.01812112541726274,-0.005039370414244957,0.030157852324816072,-0.4337760813376344,False,False,
2025-10-03,515.25,-0.000439208607917115,0.015146851547520023,0.0931252225421721,False,-0.013875598086124374,-0.005219142500822684,0.030195591173566867,-0.2866794538164077,False,False,
2025-10-06,512.75,-0.0007369128201429402,0.014891244774144684,-0.27634363868895895,False,0.003915810083211069,-0.005727533559881457,0.030013095130307994,0.32130453727694447,False,False,
2025-10-07,506.75,-0.0014148425216247936,0.013856526185365894,-0.7423770079165111,False,-0.026416906820365016,-0.006436175650319759,0.029124781311838092,-0.6860388394375296,False,False,
2025-10-08,507.25,-0.0014199424827736737,0.013860290638965964,0.17363433190971372,False,-0.02358036573628486,-0.007332244643182799,0.0286826943537285,-0.5664782008524922,False,False,
2025-10-09,506.5,-0.001054519028338534,0.013550075549603854,-0.03129442618467444,False,-0.03889943074003799,-0.007598579818600051,0.028740301630890554,-1.0890926380464727,False,False,
2025-10-10,498.5,-0.0006641623154054477,0.01309701363723928,-1.1552638947160374,False,-0.04088504088504086,-0.007963487357618515,0.02896378331571375,-1.1366454847617016,False,False,
2025-10-13,496.75,-0.000688103683008472,0.013123334013455168,-0.21506942587013703,False,-0.04379210779595766,-0.008352712286912044,0.029209682538217947,-1.2132756137515945,False,False,
2025-10-14,500.25,-0.0005519166078217186,0.013038946911411421,0.5826938589745032,False,-0.015255905511810997,-0.008605925416595162,0.029435638163963777,-0.22591594781039917,False,False,
2025-10-15,498.75,-0.0005539419285162772,0.013037738649663205,-0.187498682616408,False,-0.020618556701030966,-0.008765019667990375,0.029438948785696455,-0.4026481081009212,False,False,
2025-10-16,502.5,-0.0006955576380507426,0.013005367494105833,0.6316126502580439,False,-0.023797960174842148,-0.00867211766538343,0.029389704061703083,-0.5146646756871835,False,False,
2025-10-17,503.75,-0.0008096490130603702,0.012893301812167211,0.25573055297624486,False,-0.02231926249393501,-0.009008063130032148,0.029417031415793462,-0.4524997500854666,False,False,
2025-10-20,504.75,-0.0012418142300960227,0.012205029714296997,0.2643931205548086,False,-0.015602145294978054,-0.009475659368263363,0.029345132888585333,-0.20877349405692316,False,False,
2025-10-21,500.25,-0.001017504347976903,0.012105964113588835,-0.6523892012366507,False,-0.012826837691169213,-0.00906839265946966,0.02903967945934404,-0.12942446685616588,False,False,
2025-10-22,503.75,-0.0009416390346787029,0.012037296316009418,0.6594621063906569,False,-0.006899950714637781,-0.008581850744874886,0.02865941741729692,0.05868577179178881,False,False,
2025-10-23,513.0,-0.000928636426827157,0.012045443225881183,1.6015117869461337,False,0.012833168805528095,-0.008438662389862458,0.02864037525515379,0.7427218046510309,False,False,
2025-10-24,512.5,-0.0006776672530278264,0.012249686371186808,-0.024244834305838545,False,0.028084252758274753,-0.008441764080637093,0.02863802739762122,1.275437596723084,False,False,
2025-10-27,526.0,-0.000874909595453488,0.012131646915433239,2.2434194796309503,True,0.05888273779567177,-0.00862260001010083,0.028358927198716456,2.38039109634683,True,True,shock+trend
2025-10-28,529.0,-0.00029349168858927577,0.012377963059711707,0.48448308602084983,False,0.05747126436781613,-0.00834293509924875,0.028921830281195427,2.275589021413225,True,True,trend
2025-10-29,532.25,-5.101055497151859e-05,0.01231391820697381,0.5030630988152522,False,0.06716791979949877,-0.007811684129529546,0.02975912965941726,2.519549623498517,True,True,trend
2025-10-30,524.25,-6.897014706929976e-05,0.012303748296308915,-1.216016473860798,False,0.0432835820895523,-0.007149366396663099,0.03086226770174177,1.6341297073049856,False,False,
2025-10-31,534.0,-0.0003499224531883168,0.012402529303795267,1.5277464078363323,False,0.0600496277915632,-0.006671522947552209,0.03136464704925153,2.127272487216068,True,True,trend
2025-11-03,543.5,8.896693129474128e-05,0.012483682421598072,1.4179546261417957,False,0.07677067855373942,-0.0053312928983409585,0.03204128658215672,2.562380609828622,True,True,trend
2025-11-04,550.25,7.520005182000133e-06,0.01234540249280876,1.0053931592687488,False,0.09995002498750627,-0.004271170843198752,0.0334141459360321,3.119074060136855,True,True,trend
2025-11-05,554.75,0.0002707487742768514,0.012397358266022226,0.6378255689068081,False,0.10124069478908182,-0.0030002608296244068,0.035504669527934365,2.9359787601090477,True,True,trend
2025-11-06,535.5,0.0002015205632571885,0.012337573419225253,-2.8289060445455187,True,0.04385964912280693,-0.0018099920200364038,0.0374560701163924,1.2192854456147637,False,True,shock
2025-11-07,527.75,-4.276996373944038e-05,0.012841406580215375,-1.1236842004067074,False,0.029756097560975636,-0.0011699226311488624,0.03782398183898383,0.8176299450379428,False,False,
2025-11-10,535.75,-0.00026040455586388383,0.01294677663279403,1.1909603105049305,False,0.01853612167300378,-0.0005611498264739723,0.037950885738878344,0.5032101656566549,False,False,
2025-11-11,536.0,2.1735967933914265e-05,0.013050122716337362,0.03409160199992679,False,0.013232514177693666,-0.000252358757411207,0.038011558335113715,0.35475717191652284,False,False,
2025-11-12,536.0,2.1764866249915176e-05,0.013050123712376004,-0.0016677900324634164,False,0.00704556129638334,-0.00018828478560375543,0.038030431834245135,0.1902120415964685,False,False,
2025-11-13,535.75,0.00023841605783146905,0.01291048783822268,-0.054593906683565674,False,0.021936099189318048,0.00011011699822410717,0.03799776974127063,0.574401664616332,False,False,
2025-11-14,527.25,0.0003832117819010694,0.012839738730233143,-1.2655102321547569,False,-0.012640449438202195,0.0008336991675535825,0.037888177492908265,-0.3556293677170882,False,False,
2025-11-17,544.25,0.00018439904828166634,0.012975459014928189,2.470692558907527,True,0.001379944802207822,0.0009213297886024829,0.03784876596903179,0.012117040063620094,False,True,shock
2025-11-18,546.5,0.0007799341060592871,0.013406854222705723,0.2501851198112477,False,-0.0068150840527033685,0.0016597900747524392,0.037298939948903445,-0.22721487900368498,False,False,
2025-11-19,536.75,0.0008350558332067385,0.013412101846905078,-1.3924634013295667,False,-0.03244704821991884,0.00219593934593539,0.03687626115212463,-0.9394387197482538,False,False,
2025-11-20,527.0,0.0008164978961623782,0.013437279715432168,-1.4125909058799837,False,-0.015873015873015928,0.0027642219544438424,0.03598717879844848,-0.5178854928262194,False,False,
2025-11-21,527.0,0.000567741027562129,0.013614887695917602,-0.041700015471472826,False,-0.00142112742775935,0.0033419742805772964,0.03532052031605238,-0.13485366766162626,False,False,
2025-11-24,522.25,0.00031208714358966106,0.013439679230182654,-0.6938684857220927,False,-0.025198320111992523,0.003895509756055741,0.03490836013767644,-0.8334344481752788,False,False,
2025-11-25,527.25,0.000288388574016647,0.013454727291639277,0.6901344082782233,False,-0.0163246268656716,0.004147858520873082,0.03462378551398773,-0.5912838553795327,False,False,
2025-11-26,529.0,0.0004030837944650341,0.013497229403439382,0.21604617515491617,False,-0.013059701492537323,0.0045120600295783945,0.034256031744255164,-0.5129537960876789,False,False,
2025-11-28,531.0,0.0007062382519373263,0.013299929302800832,0.2311651449078896,False,-0.008866075594960332,0.0049608660232062915,0.033793115192561285,-0.40916445670597074,False,False,
2025-12-01,530.25,0.0006972418891630531,0.013297586980035714,-0.15865068383169317,False,0.005689900426742556,0.00526269941463705,0.03356333639280173,0.01272820458329424,False,False,
2025-12-02,537.75,0.000776980221944131,0.01326631358914293,1.007611591437863,False,-0.011943040881947642,0.005841829604751223,0.03318380350359709,-0.5359503314552535,False,False,
2025-12-03,537.75,0.0008861266167935744,0.013342970949761774,-0.06641149262259283,False,-0.0160109789569991,0.0059470625316792305,0.03311371512787753,-0.6631101766709486,False,False,
2025-12-04,541.0,0.0009848432999130215,0.01330815282049699,0.38013219209998156,False,0.007918025151373964,0.006094814871597842,0.03298878873626865,0.055267572700286566,False,False,
2025-12-05,537.5,0.0011781393842185957,0.013274452338858815,-0.5761171996561962,False,0.019924098671726842,0.006456168176288732,0.03285631959174774,0.4099038073278524,False,False,
2025-12-08,536.0,0.000904651020173904,0.01321701137244826,-0.2795903393331222,False,0.017077798861480087,0.006800485558775079,0.032860396460806136,0.3127568261376017,False,False,
2025-12-09,536.25,0.0008278769305090542,0.013221590450916526,-0.027338543074924792,False,0.026807084729535635,0.007317625144173685,0.032710538272797476,0.5958159239944286,False,False,
2025-12-10,531.25,0.0008932674336148254,0.01320731547376611,-0.7736073828113592,False,0.007586533902323334,0.00792772543813795,0.03264062724930699,-0.01045297117633853,False,False,
2025-12-11,534.5,0.0007161158745910523,0.013254614290373109,0.4075208124430801,False,0.010396975425330801,0.008242471456511968,0.032520181129944974,0.0662512905512368,False,False,
2025-12-12,534.5,0.0007253279817328728,0.013258172086196581,-0.05470799270195249,False,0.006591337099811634,0.00826228591432826,0.03252104662185804,-0.051380536239985224,False,False,
2025-12-15,520.75,0.00091505647371848,0.013142581280831863,-2.027001585010541,True,-0.017916077322017943,0.008481598041652183,0.032452593411740706,-0.813422675616426,False,True,shock
2025-12-16,509.5,0.00035967915155595757,0.013377568290136452,-1.6417883451059136,False,-0.05253370525337053,0.008063968252002769,0.03258961563664678,-1.8594166369127616,False,False,
2025-12-17,506.25,-0.00013088204279172898,0.013500462131273957,-0.46279309880265507,False,-0.05857740585774063,0.007060787687058189,0.03328346530757697,-1.972096142580932,False,False,
2025-12-18,507.75,-8.723261739549255e-05,0.01347452831218849,0.2263675217186987,False,-0.061460258780036914,0.006007917385848732,0.034095258424160474,-1.9788140428956702,False,False,
2025-12-19,509.75,0.00018619168409898636,0.013322719054087464,0.281680836511062,False,-0.05162790697674413,0.005041339278142989,0.03496729045446476,-1.6206359005334758,False,False,
2025-12-22,515.5,0.0002850072648200319,0.013322702234713693,0.825285424562767,False,-0.03824626865671643,0.004438690891021482,0.03555225184995125,-1.20062604551437,False,False,
2025-12-23,517.0,0.0004685917932617271,0.013378711503687862,0.18246932974997396,False,-0.03589743589743588,0.004086531569286958,0.03584522414342247,-1.1154614993266772,False,False,
2025-12-24,521.75,0.00038762859840991775,0.01334482555427377,0.6594310473036034,False,-0.01788235294117646,0.0035880873026406116,0.03614057533561902,-0.5940813073514211,False,False,
2025-12-26,519.0,0.0006354187035142471,0.013333227305142735,-0.44296418975992335,False,-0.028999064546304965,0.0035075247016752133,0.03618214245480596,-0.8984152690400575,False,False,
2025-12-29,513.0,0.000718246067642947,0.01327610313869452,-0.9248903523107809,False,-0.04022450888681006,0.003500327491695693,0.036188640196687265,-1.208247564452791,False,False,
2025-12-30,510.75,0.00034861527026648355,0.013226146983262233,-0.3579712359569902,False,-0.019203072491598694,0.00294409030335256,0.03653882355075853,-0.6061268711671888,False,False,
2025-12-31,507.0,0.00029013573810274067,0.013237400723366873,-0.5765693585637717,False,-0.004906771344455385,0.0028774989529991193,0.03657503979331667,-0.21283012517396954,False,False,
2026-01-02,506.5,-0.00039092717467998327,0.012248945247804803,-0.04859733692681042,False,0.0004938271604937317,0.0026318951548928663,0.03656449829313629,-0.05847387750977244,False,False,
2026-01-05,512.5,-0.0006326478471698864,0.012075914939088165,1.0333502582989988,False,0.009354997538158605,0.002092670550171184,0.03628915636533617,0.2001238859034067,False,False,
2026-01-06,510.5,-0.000331130617349807,0.012101724548310454,-0.2951073950480089,False,0.0014713094654241754,0.0015758694591455743,0.03589878044792128,-0.002912633588572324,False,False,
2026-01-07,518.0,-0.0002822008407827559,0.012079450129296032,1.2395994538427593,False,0.004849660523763344,0.0010114484252384045,0.035557045425487675,0.1079451920876887,False,False,
2026-01-08,518.0,-4.180642754593104e-05,0.01219664823531853,0.003427698064200112,False,0.0019342359767891004,0.0005039216101327619,0.03522093058086427,0.04060978353120052,False,False,
2026-01-09,517.25,0.0002580340828208956,0.011910439710761113,-0.14322817394861365,False,-0.008624820316243453,0.0003912346674691773,0.035202402239042474,-0.25612044662432315,False,False,
2026-01-12,511.25,-1.5798591892835685e-05,0.011705966304979566,-0.9895815327153538,False,-0.014932562620423862,-0.0002496407866392314,0.034918261446221836,-0.42049406888135105,False,False,
2026-01-13,510.5,-0.00014484628633221124,0.011780368154712435,-0.11223302712959701,False,-0.004873294346978585,-0.001108674281510876,0.03446753412485819,-0.10922220463553971,False,False,
2026-01-14,512.5,-0.0003568989700533942,0.011656833065715553,0.3667056621535863,False,0.0034263338228095463,-0.0018098344420550826,0.03399254324594075,0.15403873217076544,False,False,
2026-01-15,510.5,-0.00012123439048740359,0.011560528906383942,-0.3270788615748187,False,0.006903353057199135,-0.002208152641846383,0.03374973182024083,0.2699726844520005,False,False,
2026-01-16,518.0,-0.0001668535710659332,0.011568715566582354,1.2843545532573637,False,0.022704837117472954,-0.0019764253947345206,0.03375186025306097,0.7312563611947617,False,False,
2026-01-20,510.25,0.0003241884131619758,0.011404015626948745,-1.3403680663529345,False,-0.004390243902439028,-0.001024505718811161,0.03342176080168275,-0.10070499288171574,False,False,
2026-01-21,507.75,9.18948147266437e-05,0.011536577469951145,-0.43266331521754176,False,-0.0053868756121449035,-0.0006034713939388074,0.033173589482060874,-0.14419314559833193,False,False,
2026-01-22,515.5,-0.00011743525736526372,0.011481956654637663,1.3395671797015292,False,-0.004826254826254872,-0.0004336813965372362,0.03311525562955367,-0.1326450104705666,False,False,
2026-01-23,529.5,7.312569893718942e-05,0.01161806374357723,2.3312811697311204,True,0.022200772200772212,-0.00031302348640564287,0.03308208652252238,0.6805434013918801,False,True,shock
2026-01-26,522.5,0.0004999271991866916,0.012015841342905158,-1.1418215082399576,False,0.010149830836152729,-6.92239915048276e-05,0.03318090042050538,0.307980033638337,False,False,
2026-01-27,523.25,0.00047968173365992093,0.012037936369066847,0.07939275766240349,False,0.02347188264058686,0.00041833251058207563,0.033056940973188946,0.6973890944326192,False,False,
2026-01-28,536.0,0.0004856647586754814,0.01203830326572757,1.9837739691879084,False,0.049951028403526054,0.0010456958222736985,0.033041814099109994,1.4801043439854489,False,False,
2026-01-29,541.5,0.0008302714023799881,0.012347275462159241,0.7638059632162347,False,0.05658536585365859,0.0022303686108545526,0.03318278802059361,1.6380479304231677,False,False,
2026-01-30,538.0,0.001177682913432818,0.012239273947547698,-0.6243189085668267,False,0.05386875612144948,0.003529974034037212,0.03337948537745642,1.5080754396953553,False,False,
2026-02-02,527.75,0.0011383096381746016,0.01225929302703552,-1.6469427888960742,False,0.018822393822393924,0.004832118886269307,0.03341336280325579,0.41870299073164247,False,False,
2026-02-03,528.75,0.0007903384075796982,0.012458119212966957,0.08865689466323438,False,0.036256736893679475,0.005286496210725373,0.03336818011805373,0.9281369428414757,False,False,
2026-02-04,526.75,0.0008555829051793099,0.012450819842055606,-0.3725127239957767,False,0.0374199901526342,0.006044833458654845,0.03341774416847309,0.9388771586676773,False,False,
2026-02-05,535.25,0.0007048988664773533,0.012437468571538145,1.2407499386064416,False,0.038312318137730283,0.006861072796354529,0.033426606957549725,0.9409045130221387,False,False,
2026-02-06,529.75,0.0008868872003970611,0.012563129469384466,-0.8885094585819622,False,0.00047214353163371747,0.0076694938714434,0.03344452625954212,-0.2152026398566849,False,False,
2026-02-09,528.75,0.0007234114160627684,0.012628247246255516,-0.20676616749921378,False,0.011961722488038173,0.007883817722464891,0.033344734273013474,0.12229531452207756,False,False,
2026-02-10,528.25,0.000817113039222271,0.012581748351617647,-0.14010290680603277,False,0.009555661729574672,0.008214331858187656,0.03325941881768524,0.040329323814695804,False,False,
2026-02-11,537.25,0.0007112179962000479,0.012562444218480271,1.2996013610433232,False,0.0023320895522387364,0.008433740024110488,0.03321260927497542,-0.18371487832692324,False,False,
2026-02-12,552.5,0.0006935527258287921,0.01253819605800338,2.2085906642660675,True,0.02031394275161591,0.00829372563406663,0.033215946504436454,0.36188091511839987,False,True,shock
2026-02-13,548.75,0.0010850187839043708,0.012937389211103227,-0.608495962530845,False,0.019981412639405116,0.008190121500644512,0.03316546339052231,0.3555292142286244,False,False,
2026-02-17,537.75,0.0006433015341526879,0.012625199626835398,-1.6386956430168458,False,0.018948365703458148,0.007671437165227624,0.03266233157155945,0.3452579162489995,False,False,
2026-02-18,547.0,0.00029998179895545686,0.012834109543536013,1.316906316238141,False,0.034515366430259986,0.007157798516369517,0.03216776638091029,0.8504652635790593,False,False,
2026-02-19,559.5,0.0004474169246000429,0.012964993869431578,1.7280766086181991,False,0.06217370669197919,0.006722431138113,0.031559816727904116,1.7570214691658224,False,False,
2026-02-20,573.5,0.0009525162622915199,0.013091156164573979,1.8386324944371708,False,0.07146193367585241,0.006974299466145359,0.03192876334737863,2.019734792359301,True,True,trend
2026-02-23,569.5,0.0010381741854576395,0.013228471827196924,-0.605730649939446,False,0.07503539405379889,0.007126463544602548,0.03221107050844086,2.1082481717396173,True,True,trend
2026-02-24,567.5,0.0007079744677986962,0.0131132484729463,-0.32179875022572946,False,0.07328605200945626,0.007103326417936674,0.03216095347293808,2.057859560886751,True,True,trend
2026-02-25,565.75,0.0004955563915044806,0.0130498535012952,-0.2742756331845315,False,0.07098911500236627,0.006747806778229341,0.03125534697147415,2.0553701829887894,True,True,trend
2026-02-26,571.75,0.0003453990407875122,0.013025028195047065,0.7877136140795264,False,0.06421591437878083,0.0063444523810731335,0.030196696290731195,1.9164832285136835,False,False,
2026-02-27,591.25,0.0009494751278702992,0.012413973077204416,2.6708886949180983,True,0.07013574660633481,0.006615869251152785,0.030626870740899707,2.073991753599442,True,True,shock+trend
2026-03-02,574.5,0.0015971854095732244,0.012857819237598612,-2.327532731773033,True,0.04692482915717533,0.007154264571757574,0.031384698905977615,1.2671959895031188,False,True,shock
2026-03-03,572.25,0.0010173387124008911,0.013213646737457532,-0.37338578036724906,False,0.0641562064156207,0.007532780671546529,0.03169349742210566,1.7865944231380513,False,False,
2026-03-04,566.75,0.0009588975838170067,0.013225802424558135,-0.7992015280147133,False,0.036106032906764174,0.008211763234718889,0.032355814197510525,0.8621099596434043,False,False,
2026-03-05,582.75,0.0008307484648421992,0.013281664030478734,2.063024177642693,True,0.041554959785522705,0.008599236189523967,0.032515271842872395,1.0135459963322708,False,True,shock
2026-03-06,611.25,0.0012133826033687977,0.013652002448013028,3.493455739133821,True,0.06582388840453346,0.008860820997473363,0.03270239486857095,1.7418622592012423,False,True,shock
2026-03-09,598.0,0.0020770047082414853,0.014574538550461015,-1.6298215028586265,False,0.05004389815627741,0.009907012168709838,0.03325565352280203,1.2069191772174126,False,False,
2026-03-10,584.75,0.0013580758989026028,0.014395185346395504,-1.6335507996944443,False,0.03039647577092519,0.010555864880097432,0.033560379502039175,0.5911914938155636,False,False,
2026-03-11,588.5,0.0010075249632824645,0.014644630768289089,0.36910947974806546,False,0.040212107821475884,0.011052019011079146,0.033575161478816055,0.8685018187863379,False,False,
2026-03-12,592.25,0.0013309089916928836,0.014489764259476328,0.3479161881717215,False,0.03585483165719272,0.012020807758297742,0.03335057826254666,0.7146509937928437,False,False,
2026-03-13,618.5,0.001658069175292609,0.014319634233225402,2.979435722625991,True,0.04608879492600426,0.012710512392033857,0.0333007664823982,1.0023277557774286,False,True,shock
2026-03-16,597.25,0.0022490358278886412,0.01514129563244422,-2.4176499028760685,True,0.0395996518711923,0.013343978023417372,0.03347971313393973,0.7842263684499284,False,True,shock
2026-03-17,589.75,0.001911115383157173,0.015669636065692966,-0.9233571721152792,False,0.030581039755351647,0.014207950983193171,0.03330729490368692,0.49157665969283126,False,False,
2026-03-18,604.25,0.001616028525896991,0.015731646163598886,1.4601562042738323,False,0.0661667401852668,0.01483335987147348,0.03316631322680153,1.5477566035983485,False,False,
2026-03-19,608.0,0.0018995962684683237,0.015952881256732575,0.26994774225162177,False,0.043329043329043415,0.015889712427177537,0.033525650255570416,0.8184578283401596,False,False,
2026-03-20,595.25,0.0019319338979302907,0.015959202852931478,-1.4350546732079168,False,-0.026175869120654394,0.016585647346164252,0.03354655218281864,-1.274691844150815,False,False,
2026-03-23,587.75,0.0016711610264861425,0.016172945053582747,-0.8823939600514925,False,-0.017140468227424766,0.016160770418865624,0.03388648719116099,-0.9827291468257219,False,False,
2026-03-24,590.0,0.0013145740988187542,0.016189039926310742,0.15526455819262566,False,0.008978195810175338,0.016091471387592596,0.03394999207034546,-0.2095221572564237,False,False,
2026-03-25,597.75,0.0013656162085592897,0.016190873980756255,0.7269513076174237,False,0.01571792693288021,0.016424660384488258,0.03375272769956282,-0.020938558148507834,False,False,
2026-03-26,605.0,0.001460174776772208,0.016239201362221647,0.6569683680911098,False,0.0215280709159984,0.01652865907490834,0.033738176279136285,0.148182634405811,False,False,
2026-03-27,605.0,0.0017081523410259183,0.016258466026321288,-0.10506233111171388,False,-0.021827000808407382,0.01655004537149863,0.03374086596422892,-1.1374054898470074,False,False,
2026-03-30,607.0,0.0017453616433515003,0.01625122256947543,0.09601883636411919,False,0.01632482210129771,0.016031314709233458,0.03403046026295611,0.008624843443088802,False,False,
2026-03-31,616.25,0.0017832198728650894,0.01625151016731016,0.8279636615315531,False,0.04493429419245443,0.01589155120752362,0.034007123377746654,0.8540193965343037,False,False,
2026-04-01,597.5,0.002110725060337327,0.01627213539762135,-1.9995340349698278,False,-0.011170872983036872,0.01638952134472537,0.034156982217264785,-0.8068743940098938,False,False,
2026-04-02,598.25,0.0016234769197017614,0.01669223470580145,-0.022060964314783316,False,-0.016036184210526327,0.0161019500326138,0.03429861327362636,-0.9370097265084617,False,False,
2026-04-06,595.25,0.0016402133213754026,0.016691214180811972,-0.3987031285898762,False,0.0,0.015800249748475964,0.034482428300160683,-0.4582116320503547,False,False,
2026-04-07,598.0,0.0019163513296577965,0.016401163864660135,0.1648392939976444,False,0.01743938749468321,0.0160391307794362,0.03430731131579006,0.040815110877037465,False,False,
2026-04-08,580.25,0.0022659961850564174,0.016170888099202,-1.975665791300887,False,-0.016525423728813604,0.01697210534941025,0.03335554228438955,-1.0042567676646876,False,False,
2026-04-09,574.5,0.001955283231727088,0.016558472464491082,-0.7165398266678048,False,-0.038895859473023875,0.01753279844446261,0.03240841574783111,-1.74117298286211,False,False,
2026-04-10,571.0,0.0017836501021160744,0.016614505059932488,-0.4740378487192601,False,-0.056198347107437985,0.01783365710188945,0.031763505764381916,-2.330725227828705,True,True,trend
2026-04-13,582.25,0.0016499007625709306,0.016637280873479106,1.0850556699884937,False,-0.03760330578512394,0.017772717900146867,0.03190265013326265,-1.7357813051253108,False,False,
2026-04-14,592.0,0.0017621972622057507,0.01673131770643805,0.895517453304334,False,-0.02471169686985175,0.017781290738434766,0.0318874761404964,-1.3325917492203576,False,False,
2026-04-15,593.75,0.0019466717684836566,0.01682017932981883,0.060011804440634156,False,-0.0365111561866126,0.017930433925469225,0.03165835443023655,-1.7196595051095032,False,False,
2026-04-16,598.5,0.0018635845710347576,0.01679930573720827,0.365277918323368,False,0.0016736401673640433,0.01768204988219674,0.03201420882188645,-0.5000407726424456,False,False,
2026-04-17,591.25,0.0020405275513893334,0.01679303382824034,-0.8428581203928758,False,-0.011700793982448832,0.01809101927837899,0.03160309308761824,-0.9426866281167885,False,False,
2026-04-20,597.0,0.002033155234920576,0.016799205831435383,0.4578789857466779,False,0.0029399412011759107,0.01847133547710381,0.031058773783573936,-0.5000646317898743,False,False,
2026-04-21,605.0,0.002221303547915891,0.016805361215672124,0.6652062587047539,False,0.0117056856187292,0.01876657565967414,0.03079997267164,-0.22924988006390232,False,False,
2026-04-22,599.25,0.0024978699334411657,0.016816524530214077,-0.7137028904683781,False,0.03274450667815598,0.018988075085849935,0.030686951313213733,0.4482827717845845,False,False,
2026-04-23,610.75,0.0023842974142742404,0.016869054009099313,0.9962833459456985,False,0.06309834638816358,0.01941808414608543,0.030650232287379692,1.4251201045567152,False,False,
2026-04-24,608.25,0.0024822261210884376,0.016945867431816836,-0.3880328949290187,False,0.0652364273204904,0.02013466213075216,0.031037576833803412,1.4531342260139763,False,False,
2026-04-27,621.5,0.002479680936406137,0.016946853641937362,1.1390978804847334,False,0.06741090596822663,0.020984863702153047,0.031390767770410735,1.4789712250948908,False,False,
2026-04-28,649.0,0.0025742452971875837,0.017035473058157443,2.446280309983911,True,0.09628378378378377,0.021819013641412553,0.03178495935522174,2.342767511833797,True,True,shock+trend
2026-04-29,642.25,0.003164215798662511,0.017698410308815155,-0.766443533333948,False,0.0816842105263158,0.023077007612172486,0.03283700448387311,1.7847913911552573,False,False,
2026-04-30,623.75,0.003044845933529934,0.01776002207376694,-1.7933439657167698,False,0.04218880534670011,0.02428112802340661,0.0333111764559603,0.5375876576130146,False,False,
2026-05-01,624.5,0.002815443589349029,0.018060319066179754,-0.0893139691396894,False,0.05623678646934471,0.025042746262968263,0.033054504126706505,0.9437152675714506,False,False,
2026-05-04,629.5,0.002851035555677776,0.018054394859839895,0.2855465169807013,False,0.05443886097152428,0.02585754734051924,0.033060289743327476,0.8645209661773633,False,False,
2026-05-05,616.5,0.002905551254426785,0.018063829756151735,-1.304090114685897,False,0.01900826446281001,0.02653771436916877,0.03311726894902797,-0.22735721106555065,False,False,
2026-05-06,606.0,0.002682232967232793,0.018251686572112864,-1.0801118603291326,False,0.01126408010012514,0.026699113187910246,0.03304971479389723,-0.4670246985197964,False,False,
2026-05-07,601.75,0.00225925817906573,0.018337001794972597,-0.5056693347622395,False,-0.014735980352026168,0.026546569761012277,0.033094771927630814,-1.2474039767765148,False,False,
2026-05-08,607.5,0.0023652340276158353,0.018258934297401296,0.3937923806235903,False,-0.0012330456226880004,0.026408626608351114,0.03324667553434938,-0.8314116159518157,False,False,
2026-05-11,622.25,0.002557967657908177,0.018257504437409613,1.1897501001577364,False,0.0012067578439258764,0.02646401100821054,0.03319641468496588,-0.7608428019705171,False,False,
2026-05-12,665.0,0.002678186569308226,0.018371623904883783,3.593808791691859,True,0.024653312788905923,0.02654445117714628,0.033126805295453796,-0.057087858952094304,False,True,shock
2026-05-13,665.0,0.0032321091178850424,0.01969810310291158,-0.16408225203203977,False,0.03542234332425065,0.0265771517183214,0.03312366990906022,0.2670353747097888,False,False,
2026-05-14,647.0,0.0034083760363615933,0.019607835387315364,-1.5542789199979414,False,0.0372745490981965,0.026914118551496037,0.03308281993821547,0.31316648840846406,False,False,
2026-05-15,635.75,0.003028335024741633,0.019920327055694163,-1.024896796435064,False,0.01801441152922334,0.027098154104264166,0.033101798250013484,-0.27441840187752115,False,False,
2026-05-18,664.5,0.0024716032678217172,0.019899368475592313,2.148338290931713,True,0.05559968228752976,0.02667233254594013,0.03300913279069302,0.8763438265711041,False,True,shock
2026-05-19,667.25,0.0029377497278143226,0.020485168361000682,0.05861314944569005,False,0.08231954582319556,0.026659190098391742,0.03299725618589796,1.6868176981512601,False,False,
2026-05-20,660.5,0.0030791094238347004,0.020455976482727775,-0.6450563631197126,False,0.08993399339933994,0.02703853396108169,0.0334743794429739,1.87891338046775,False,False,
2026-05-21,647.5,0.003198254707027893,0.020351086777969634,-1.124279700776144,False,0.07602825093477361,0.027986688622107635,0.03423693890186869,1.4032084600309815,False,False,
2026-05-22,646.25,0.0029105627654742545,0.020521557750294843,-0.23590142399919067,False,0.06378600823045266,0.028516975475988898,0.03467200339111809,1.0172193500505544,False,False,
2026-05-26,635.5,0.0029352561518697687,0.020514508251659066,-0.9539436827921017,False,0.021293692245881957,0.02886852238369314,0.03489643184856485,-0.21706603616904477,False,False,
2026-05-27,622.5,0.0024983079300908394,0.020578429122352106,-1.1154710298441477,False,-0.06390977443609025,0.02864160737180183,0.03488952481957202,-2.6526982607677536,True,True,trend
2026-05-28,624.0,0.002362564444316796,0.020697065571985352,0.0022744340127067637,False,-0.06165413533834585,0.027783181798898843,0.036353299083480534,-2.4602256024099423,True,True,trend
2026-05-29,610.5,0.0024198620632967286,0.02069108768547662,-1.1625525836805737,False,-0.05641421947449765,0.02680163702788039,0.03775312266955639,-2.2042112179897155,True,True,trend
2026-06-01,608.75,0.0021440088778690745,0.02087366968076289,-0.24003981192581889,False,-0.0424695241840346,0.02592203861182609,0.0389111080129407,-1.7576359627979667,False,False,
2026-06-02,603.0,0.0018786236716414647,0.020808183375831422,-0.5442190066625544,False,-0.09255079006772005,0.025324683762009116,0.03961566334483421,-2.97547646252148,True,True,trend
2026-06-03,587.25,0.001374211928949752,0.02061458037394232,-1.3336975293844673,False,-0.11989509179467961,0.023819820657751303,0.04188712821050291,-3.4310041913161133,True,True,trend
2026-06-04,581.75,0.0011164509600386507,0.020837665160410412,-0.5030380518140184,False,-0.11922785768357302,0.021954800598630177,0.045054576801744135,-3.1335919301485435,True,True,trend
2026-06-05,580.0,0.001258849234171362,0.020727295366058503,-0.20586449790728203,False,-0.10424710424710426,0.02011245095346976,0.047913581744123426,-2.5954969483329564,True,True,trend
2026-06-08,583.25,0.000989389677645116,0.020648452988849805,0.22345783486581264,False,-0.09748549323017408,0.018262284677771568,0.04998428924829474,-2.3156831806284908,True,True,trend
2026-06-09,585.25,0.0007594100605067015,0.020497161876259357,0.13024492122766193,False,-0.0790715971675846,0.016133495345476187,0.05146675823107158,-1.8498365893887494,False,False,
2026-06-10,587.5,0.00047149965941659507,0.020302479545142003,0.16613789590894726,False,-0.05622489959839361,0.014126381600897027,0.05220979620229703,-1.3474728176815876,False,False,
2026-06-11,586.75,0.0006157560266821542,0.020287288099956467,-0.09327770976777713,False,-0.059695512820512775,0.01237624435220113,0.05234030022958606,-1.3769840229532038,False,False,
2026-06-12,584.5,0.0006455594501156743,0.020282783789327977,-0.22088891101679378,False,-0.04258804258804261,0.010603156821134876,0.05250123108463607,-1.0131419456322677,False,False,
2026-06-15,589.75,0.0006355463550094154,0.020284834975814153,0.4114645045466635,False,-0.031211498973305996,0.009088794719929424,0.05237377469970684,-0.769474683165447,False,False,
2026-06-16,596.0,0.0006139016197340534,0.020274916658305168,0.4924217170886931,False,-0.011608623548922004,0.007816429208568267,0.05217519917290238,-0.37230433358036574,False,False,
2026-06-17,612.75,0.00030046022527610165,0.019928909432909994,1.3951373864165169,False,0.04342273307790556,0.006726504273164843,0.05170748604546659,0.7096888982858996,False,False,
2026-06-18,605.75,0.0010529113795533836,0.019898671747607916,-0.6270177299539788,False,0.04125483455092405,0.006679809658774579,0.05167226355265862,0.6691215463575434,False,False,
2026-06-22,597.5,0.0009528119192524602,0.01994284168891152,-0.7307028822701029,False,0.030172413793103425,0.006374458033911957,0.051394945581691526,0.4630407813423007,False,False,
2026-06-23,586.75,0.0008993679717807135,0.019976876032905766,-0.94564333982084,False,0.0060008572653236225,0.00629534311239648,0.05135310967657463,-0.0057345280339895595,False,False,
2026-06-24,585.75,0.00028306431473790937,0.019834773360809334,-0.10019613759055099,False,0.0008543357539512186,0.005821288412127159,0.05118705629780743,-0.09703532528376117,False,False,
2026-06-25,591.0,-0.0003917403822227309,0.019001618790438678,0.4923058715780368,False,0.005957446808510625,0.0049550277101193954,0.05070537156932363,0.019769485310264154,False,False,
2026-06-26,578.25,1.6789747555131148e-05,0.018866703834480622,-1.1443649085650247,False,-0.014486578610992784,0.004367208358815839,0.05043039784444962,-0.3738575893841312,False,False,
2026-06-29,569.5,2.457090188230223e-05,0.018857553208403183,-0.8037328128030392,False,-0.02566295979469635,0.003768767633723599,0.050383627576252234,-0.5841526075881894,False,False,
2026-06-30,580.75,-0.00026269390329314746,0.018922908179768452,1.057811201004536,False,-0.015260703688003363,0.0028904333988413024,0.05031387749314056,-0.3607580649954729,False,False,
2026-07-01,592.0,-8.426673283328689e-05,0.019048985149590515,1.0213546258593984,False,-0.006711409395973145,0.0022088929275720214,0.05020740211123362,-0.17766906767616442,False,False,
2026-07-02,590.5,-0.0004169466871942795,0.01847210798193292,-0.11459640116114062,False,-0.0363117095063239,0.0015048902032789894,0.049953344893366926,-0.7570383883267121,False,False,
2026-07-06,606.0,7.367076852709727e-06,0.018042449339857648,1.4544352600793196,False,0.0004127115146512761,0.0004927387182454402,0.04994009436132718,-0.0016024640044760485,False,False,
2026-07-07,609.25,0.0005247870373523522,0.0182326860050591,0.26536130030076144,False,0.01966527196652712,9.049434170276853e-05,0.04981581336651895,0.39294304964576765,False,False,
2026-07-08,599.5,0.0002684716643992028,0.018023778693809726,-0.9027937296327985,False,0.02172986791648923,-0.000529525234547094,0.049268678605707224,0.45179602499949784,False,False,
2026-07-09,611.25,-2.765264587803647e-05,0.01810716105465843,1.0839534135300468,False,0.0435339308578746,-0.0008175142400478163,0.04907158111300563,0.9038112099095944,False,False,
2026-07-10,632.0,0.000513281502461956,0.018079036053711212,1.8492993024660553,False,0.0693739424703892,0.0001119497596659036,0.04924465908306741,1.406487403921104,False,False,
2026-07-13,627.0,0.0011339025460738053,0.018418548654853407,-0.4910970522508376,False,0.08430609597924765,0.0012654752356367565,0.04984468828249296,1.6659873620430967,False,False,
2026-07-14,631.25,0.0009773752042657588,0.018445206636982858,0.3144954849132255,False,0.1084284460052678,0.002269847237891054,0.050752856356755895,2.0916773239551,True,True,trend
2026-07-15,677.5,0.0008926114201264168,0.018403138557268148,3.9327376190385306,True,0.16659492036160128,0.003505987492189555,0.0521934128777852,3.124703365370966,True,True,shock+trend
2026-07-16,674.75,0.0017077915579645428,0.02017624903637111,-0.2858228076970451,False,0.13978040540540548,0.00544021215146426,0.05545632398753805,2.4224503824690884,True,True,trend
2026-07-17,682.75,0.0016536710167591314,0.02018633334397972,0.5054197739811986,False,0.15622353937341238,0.007594977567648432,0.057485068210068026,2.5855159684707987,True,True,trend
2026-07-20,674.0,0.00176767712247934,0.02021990729568674,-0.7212444295991145,False,0.11221122112211224,0.009460293797943295,0.05998746837798031,1.712873206729389,False,False,
2026-07-21,678.0,0.0013936144809066243,0.020226826915844095,0.22450894739334648,False,0.11284366023799763,0.010357319490338732,0.06101924043566486,1.6795741804704132,False,False,
2026-07-22,705.75,0.0018784235687697448,0.01988674796265054,1.9636584143568787,False,0.17723102585487904,0.012010846599952526,0.062098728674758345,2.660604859082801,True,True,trend
2026-07-23,696.25,0.00240740988096041,0.020391211392713538,-0.7781914874707896,False,0.1390593047034765,0.014587742734157931,0.06486740090294311,1.9188615581431618,False,False,
2026-07-24,678.0,0.002294793464272562,0.02045597621437876,-1.393560608284996,False,0.07278481012658222,0.016441866796870947,0.0664137555040107,0.848362555349076,False,False,
2026-07-27,660.0,0.0018837033736865813,0.020716758832720963,-1.3724336016863292,False,0.05263157894736836,0.01717980576529627,0.06673170594154264,0.5312583079043124,False,False,
2026-07-28,662.5,0.0019254847294348462,0.020655305344181144,0.09016540919685358,False,0.04950495049504955,0.018101899134312028,0.0667374787603358,0.47054596523657344,False,False,
2026-07-29,660.75,0.0021081167367114043,0.02060975261960552,-0.23045527320669776,False,-0.024723247232472323,0.019280576600553007,0.06649742429283137,-0.6617372672849386,False,False,
2026-07-30,663.5,0.0021541266660456354,0.020595044970483818,0.09748998020718978,False,-0.016672841793256787,0.019700244598885887,0.06611284475482886,-0.5501667115827141,False,False,
2026-07-31,639.25,0.0019469221391796854,0.020494036254289583,-1.8783770819690198,False,-0.06371292566825337,0.01997931745211078,0.06591155758055367,-1.269765822452001,False,False,
2026-08-03,651.0,0.0012363356036727395,0.02089402146192937,0.8205495319553386,False,-0.03412462908011871,0.01945930106813209,0.06642080193519087,-0.8067341644043162,False,False,
2026-08-04,638.5,0.0014420000577239733,0.020986886695234633,-0.983625119635281,False,-0.05825958702064893,0.01949112142955201,0.06639419202288398,-1.1710468352925016,False,False,
2026-08-05,642.25,0.0010793170060086627,0.021106719401046546,0.2271230822366612,False,-0.08997520368402412,0.01869201173371184,0.06696971715255805,-1.6226321393920533,False,False,
2026-08-06,631.25,0.0013191404399960493,0.021056917802635265,-0.8760269425443981,False,-0.09335727109515257,0.017648352937690834,0.06805094796862252,-1.6312134855788751,False,False,
2026-08-07,639.75,0.0009611078340704079,0.021140180697062486,0.5914915714188094,False,-0.05641592920353977,0.016364390107073117,0.06923044182660505,-1.051276250596506,False,False,
2026-08-10,640.5,0.000961974654420786,0.02114069896737654,0.009950394187984447,False,-0.02954545454545454,0.015456101909442866,0.06973740309384298,-0.6453001468141927,False,False,
2026-08-11,630.25,0.0011043275234069287,0.02110518776406585,-0.8105803310138785,False,-0.04867924528301881,0.014625569093128062,0.06989945638028623,-0.9056553177143272,False,False,
2026-08-12,652.75,0.0006350771561282883,0.021088865146843896,1.662727776013882,False,-0.012107453651153954,0.013135201204178963,0.07004346293729606,-0.3603855919849439,False,False,
2026-08-13,652.75,0.0011656564478077487,0.021465516979939866,-0.05430367453516669,False,-0.01620195930670687,0.012103949457890369,0.06983506714834109,-0.40532514566744615,False,False,
2026-08-14,674.75,0.0008752057011301225,0.02132971108990609,1.5390905209260497,False,0.055533828705514265,0.01098911125422459,0.06960724361220856,0.6399437061386077,False,False,
2026-08-17,674.75,0.0007346160243711397,0.021073175038848896,-0.03486024403142183,False,0.03648233486943164,0.010445778519847662,0.06908957843633579,0.37685215250771836,False,False,
2026-08-18,664.5,0.0008732909088087364,0.02103309111496015,-0.7637537551014927,False,0.040720438527799496,0.009843086844422541,0.06865553599333896,0.4497430722319714,False,False,
2026-08-19,680.25,0.0010548131897663727,0.02083127599643864,1.0871738445985848,False,0.05916699104709999,0.009823508620170533,0.06864639620281965,0.7188065966513575,False,False,
2026-08-20,682.75,0.0013548082136742323,0.02099479901998408,0.11051838245743284,False,0.08158415841584166,0.009862578014540603,0.0686739971125767,1.0443775434205247,False,False,
2026-08-21,681.5,0.0012970577379046648,0.02098220846231609,-0.14907338952836807,False,0.06525986713559995,0.010224515313798168,0.0689829432770611,0.7978110125101415,False,False,
2026-08-24,681.75,0.0015479974627923454,0.020828144075600536,-0.05670978656754843,False,0.06440281030444961,0.010841203349435367,0.06926867502754883,0.773244282985235,False,False,
2026-08-25,685.5,0.0017799770364987878,0.02071499451133574,0.17960772407981232,False,0.0876636255454184,0.011549719752159694,0.06954427604034749,1.0944668652399188,False,False,
2026-08-26,730.5,0.0019468270548339565,0.020693597580539746,3.0781833328131847,True,0.11911145155112979,0.012915047830792288,0.07002476858961858,1.5165548685023644,False,True,shock
2026-08-27,742.75,0.002694694401380029,0.0219478288238403,0.6412771751944665,False,0.13787820758330138,0.01451964112644319,0.07106725513008537,1.7358003518083815,False,False,
2026-08-28,767.0,0.0025945544104498614,0.021864990278557362,1.374543732130058,False,0.1367173027047055,0.0163419271229682,0.07245987708171871,1.6612693870013127,False,False,
2026-08-31,756.5,0.0021138430727777237,0.020760363514329236,-0.7612363431039085,False,0.12115598369766589,0.01783611365517886,0.07377703880208428,1.4004339523527765,False,False,
2026-09-01,764.0,0.0019313137377060159,0.020839231509686956,0.3830642338864659,False,0.14973664409330323,0.018979228860157727,0.0747114742326925,1.7501651061776025,False,False,
2026-09-02,754.75,0.0024244036998884067,0.02057970410597379,-0.7061196540042645,False,0.10951855935317889,0.020478723460092486,0.07619743831805906,1.1685410672393124,False,False,
2026-09-03,736.0,0.0024948118934303544,0.020519951631264785,-1.3322387653812071,False,0.07799340900768947,0.021698778764411893,0.07688689923579063,0.7321745421237197,False,False,
2026-09-04,716.0,0.001560614004593234,0.020139821371328546,-1.4267518325151858,False,0.0506236243580338,0.021997361787347357,0.07706360816313126,0.37146278578196407,False,False,
2026-09-08,730.25,0.00114311583118182,0.020408421987145074,0.9191851686282169,False,0.07114044737807124,0.0215747495011452,0.07681484231288971,0.6452619882369894,False,False,
2026-09-09,711.25,0.0015433609379424552,0.020478859141806745,-1.3458683204309159,False,0.03756382202771702,0.02132416888752828,0.0766192360689484,0.2119526893425946,False,False,
2026-09-10,723.25,0.001458875234297053,0.020580426731794655,0.7489071879670344,False,-0.009924709103353857,0.020811309835434198,0.07637646851415525,-0.40242786209854137,False,False,
2026-09-11,707.0,0.0017095713233059716,0.020652971504850515,-1.1706595144401042,False,-0.04813194210703464,0.01982850027098344,0.07629020343039712,-0.8908148008809723,False,False,
